Date et heure;Pont de la Reine Débit Aval Prise (m³/s);Pont de la Reine Débit Gave (m³/s)
01/01/2025 00:00;13,23;14,78
01/01/2025 01:00;11,1;14,78
01/01/2025 02:00;10,63;14,78
01/01/2025 03:00;9,92;14,78
01/01/2025 04:00;10,37;14,78
01/01/2025 05:00;10,6;14,78
01/01/2025 06:00;9,88;14,78
01/01/2025 07:00;10,64;14,78
01/01/2025 08:00;10,03;14,78
01/01/2025 09:00;10,65;14,78
01/01/2025 10:00;9,74;14,78
01/01/2025 11:00;11,13;14,22
01/01/2025 12:00;11,89;14,22
01/01/2025 13:00;9,7;14,22
01/01/2025 14:00;10,83;14,22
01/01/2025 15:00;11,62;14,22
01/01/2025 16:00;10,48;14,22
01/01/2025 17:00;10,86;14,22
01/01/2025 18:00;10,74;14,22
01/01/2025 19:00;13,32;14,22
01/01/2025 20:00;14,66;14,22
01/01/2025 21:00;10,78;14,22
01/01/2025 22:00;11,03;14,22
01/01/2025 23:00;11,46;14,22
02/01/2025 00:00;10,51;14,22
02/01/2025 01:00;10,89;14,22
02/01/2025 02:00;15,12;14,22
02/01/2025 03:00;10,73;14,22
02/01/2025 04:00;11,02;14,22
02/01/2025 05:00;10,8;14,22
02/01/2025 06:00;13,32;14,22
02/01/2025 07:00;15,27;14,22
02/01/2025 08:00;18,11;16,45
02/01/2025 09:00;16,44;17
02/01/2025 10:00;22,15;16,45
02/01/2025 11:00;16,75;15,33
02/01/2025 12:00;19,67;17,8
02/01/2025 13:00;17,78;17
02/01/2025 14:00;22,24;17,8
02/01/2025 15:00;18,06;17,8
02/01/2025 16:00;17,3;17,8
02/01/2025 17:00;17,32;17,8
02/01/2025 18:00;17,09;18,61
02/01/2025 19:00;18,61;21,84
02/01/2025 20:00;21,05;21,84
02/01/2025 21:00;18,96;19,41
02/01/2025 22:00;12,43;14,22
02/01/2025 23:00;17,48;14,22
03/01/2025 00:00;18,87;14,22
03/01/2025 01:00;10,2;14,22
03/01/2025 02:00;9,57;14,22
03/01/2025 03:00;10,7;14,22
03/01/2025 04:00;11,29;14,22
03/01/2025 05:00;15,26;14,78
03/01/2025 06:00;24,05;14,22
03/01/2025 07:00;20,75;14,22
03/01/2025 08:00;15,46;14,78
03/01/2025 09:00;18,36;17,8
03/01/2025 10:00;21,12;15,33
03/01/2025 11:00;22,24;14,22
03/01/2025 12:00;13,32;14,22
03/01/2025 13:00;15,61;14,78
03/01/2025 14:00;10,52;14,78
03/01/2025 15:00;10,92;14,78
03/01/2025 16:00;20,19;19,41
03/01/2025 17:00;19,09;20,22
03/01/2025 18:00;18,58;21,84
03/01/2025 19:00;18,63;22,64
03/01/2025 20:00;22,03;27,48
03/01/2025 21:00;20,65;25,87
03/01/2025 22:00;19,14;21,84
03/01/2025 23:00;19,28;22,64
04/01/2025 00:00;22,38;22,64
04/01/2025 01:00;22,13;19,41
04/01/2025 02:00;21,7;19,41
04/01/2025 03:00;19,28;19,41
04/01/2025 04:00;20,66;23,45
04/01/2025 05:00;19,12;23,45
04/01/2025 06:00;22,57;22,64
04/01/2025 07:00;16,81;19,41
04/01/2025 08:00;22,49;19,41
04/01/2025 09:00;24,39;19,41
04/01/2025 10:00;22,94;21,03
04/01/2025 11:00;22,85;21,03
04/01/2025 12:00;16,41;21,03
04/01/2025 13:00;23,52;20,22
04/01/2025 14:00;19,7;24,25
04/01/2025 15:00;21,33;26,68
04/01/2025 16:00;26,34;26,68
04/01/2025 17:00;19,29;21,03
04/01/2025 18:00;19,51;22,64
04/01/2025 19:00;21,28;26,68
04/01/2025 20:00;20,62;25,87
04/01/2025 21:00;20,7;22,64
04/01/2025 22:00;22,7;21,03
04/01/2025 23:00;17,46;18,61
05/01/2025 00:00;14,48;17,8
05/01/2025 01:00;13,02;18,61
05/01/2025 02:00;11,73;17,8
05/01/2025 03:00;12,24;17,8
05/01/2025 04:00;12,14;17,8
05/01/2025 05:00;12,47;17,8
05/01/2025 06:00;11,98;17,8
05/01/2025 07:00;12,48;17,8
05/01/2025 08:00;13,09;17,8
05/01/2025 09:00;12,31;17,8
05/01/2025 10:00;11,8;17,8
05/01/2025 11:00;11,57;17,8
05/01/2025 12:00;11,49;17,8
05/01/2025 13:00;13,45;17,8
05/01/2025 14:00;11;17,8
05/01/2025 15:00;11,08;17,8
05/01/2025 16:00;11,82;17,8
05/01/2025 17:00;12,63;17,8
05/01/2025 18:00;11,55;17,8
05/01/2025 19:00;11,56;17,8
05/01/2025 20:00;12,78;17,8
05/01/2025 21:00;13,17;17,8
05/01/2025 22:00;11,4;17,8
05/01/2025 23:00;11,46;17,8
06/01/2025 00:00;12,63;17,8
06/01/2025 01:00;11,65;17,8
06/01/2025 02:00;11,81;17,8
06/01/2025 03:00;12,69;17,8
06/01/2025 04:00;12,08;17,8
06/01/2025 05:00;11,88;17,8
06/01/2025 06:00;12,3;17,8
06/01/2025 07:00;11,44;17,8
06/01/2025 08:00;26,86;22,64
06/01/2025 09:00;14,38;18,61
06/01/2025 10:00;17,73;18,61
06/01/2025 11:00;15,63;17
06/01/2025 12:00;10,96;17
06/01/2025 13:00;10,58;17
06/01/2025 14:00;12,01;17
06/01/2025 15:00;10,77;17
06/01/2025 16:00;10,82;17,8
06/01/2025 17:00;12,39;17,8
06/01/2025 18:00;11,83;17,8
06/01/2025 19:00;11,05;17,8
06/01/2025 20:00;11,28;17
06/01/2025 21:00;10,65;17
06/01/2025 22:00;10,52;17
06/01/2025 23:00;11,66;17
07/01/2025 00:00;11,45;17
07/01/2025 01:00;10,82;17
07/01/2025 02:00;12,62;17
07/01/2025 03:00;11,32;17
07/01/2025 04:00;11,98;17
07/01/2025 05:00;11,38;17
07/01/2025 06:00;11,52;17
07/01/2025 07:00;14,17;17
07/01/2025 08:00;12,54;17
07/01/2025 09:00;13,1;17
07/01/2025 10:00;17,19;17
07/01/2025 11:00;19,92;16,45
07/01/2025 12:00;10,11;16,45
07/01/2025 13:00;11,18;16,45
07/01/2025 14:00;12,08;16,45
07/01/2025 15:00;11,53;16,45
07/01/2025 16:00;20,98;19,41
07/01/2025 17:00;18,89;17,8
07/01/2025 18:00;13,31;16,45
07/01/2025 19:00;12,36;16,45
07/01/2025 20:00;10,63;16,45
07/01/2025 21:00;10,7;16,45
07/01/2025 22:00;10,65;16,45
07/01/2025 23:00;12,16;16,45
08/01/2025 00:00;11,02;16,45
08/01/2025 01:00;11,3;16,45
08/01/2025 02:00;11,17;16,45
08/01/2025 03:00;10,69;16,45
08/01/2025 04:00;11,15;16,45
08/01/2025 05:00;11,2;16,45
08/01/2025 06:00;14,38;16,45
08/01/2025 07:00;24,72;17,8
08/01/2025 08:00;19,6;20,22
08/01/2025 09:00;17,52;20,22
08/01/2025 10:00;18,87;18,61
08/01/2025 11:00;21,04;17,8
08/01/2025 12:00;21,68;17,8
08/01/2025 13:00;14,42;16,45
08/01/2025 14:00;20,71;16,45
08/01/2025 15:00;19,09;22,64
08/01/2025 16:00;18,77;22,64
08/01/2025 17:00;18,49;17
08/01/2025 18:00;18,2;19,41
08/01/2025 19:00;20,46;18,61
08/01/2025 20:00;21,11;16,45
08/01/2025 21:00;20,02;17
08/01/2025 22:00;17,19;16,45
08/01/2025 23:00;21,95;19,41
09/01/2025 00:00;24,02;17
09/01/2025 01:00;20,29;16,45
09/01/2025 02:00;21,45;15,89
09/01/2025 03:00;10,81;15,89
09/01/2025 04:00;11,87;15,89
09/01/2025 05:00;11,61;15,89
09/01/2025 06:00;16,56;15,89
09/01/2025 07:00;20,67;15,89
09/01/2025 08:00;23,42;17,8
09/01/2025 09:00;13,6;17,8
09/01/2025 10:00;14,63;17
09/01/2025 11:00;11,69;15,89
09/01/2025 12:00;8,76;15,89
09/01/2025 13:00;14,95;15,89
09/01/2025 14:00;16,77;15,89
09/01/2025 15:00;9,68;15,89
09/01/2025 16:00;8,77;15,89
09/01/2025 17:00;22,58;20,22
09/01/2025 18:00;18,08;20,22
09/01/2025 19:00;17,24;21,03
09/01/2025 20:00;18,84;21,03
09/01/2025 21:00;11,9;16,45
09/01/2025 22:00;18,69;20,22
09/01/2025 23:00;16,89;19,41
10/01/2025 00:00;10,16;15,89
10/01/2025 01:00;9,4;15,89
10/01/2025 02:00;8,69;15,89
10/01/2025 03:00;16,26;18,61
10/01/2025 04:00;12,82;16,45
10/01/2025 05:00;11,67;17,8
10/01/2025 06:00;15,28;17,8
10/01/2025 07:00;17,99;19,41
10/01/2025 08:00;17,76;20,22
10/01/2025 09:00;19,53;23,45
10/01/2025 10:00;18,79;21,84
10/01/2025 11:00;19,82;19,41
10/01/2025 12:00;19,7;23,45
10/01/2025 13:00;17,69;19,41
10/01/2025 14:00;18,83;21,84
10/01/2025 15:00;17,82;21,03
10/01/2025 16:00;18,11;20,22
10/01/2025 17:00;17,73;20,22
10/01/2025 18:00;22,14;26,68
10/01/2025 19:00;21,57;26,68
10/01/2025 20:00;19,88;24,25
10/01/2025 21:00;19,49;24,25
10/01/2025 22:00;18,84;21,03
10/01/2025 23:00;18,6;20,22
11/01/2025 00:00;18,75;20,22
11/01/2025 01:00;15,34;18,61
11/01/2025 02:00;15,37;18,61
11/01/2025 03:00;14,69;18,61
11/01/2025 04:00;10,87;18,61
11/01/2025 05:00;12,63;18,61
11/01/2025 06:00;11,84;18,61
11/01/2025 07:00;20,03;24,25
11/01/2025 08:00;19,95;24,25
11/01/2025 09:00;20,24;25,06
11/01/2025 10:00;24,14;26,68
11/01/2025 11:00;22,39;26,68
11/01/2025 12:00;23,25;26,68
11/01/2025 13:00;23,77;26,68
11/01/2025 14:00;19,69;25,06
11/01/2025 15:00;18,36;23,45
11/01/2025 16:00;18,92;23,45
11/01/2025 17:00;20,24;24,25
11/01/2025 18:00;19,64;25,06
11/01/2025 19:00;24,1;25,06
11/01/2025 20:00;25,64;26,68
11/01/2025 21:00;18,17;25,87
11/01/2025 22:00;20;24,25
11/01/2025 23:00;20,05;24,25
12/01/2025 00:00;16,47;22,64
12/01/2025 01:00;20,88;24,25
12/01/2025 02:00;17,87;22,64
12/01/2025 03:00;19,87;24,25
12/01/2025 04:00;11,92;20,22
12/01/2025 05:00;18,75;21,84
12/01/2025 06:00;14,93;21,03
12/01/2025 07:00;19,78;23,45
12/01/2025 08:00;20,11;23,45
12/01/2025 09:00;18,78;23,45
12/01/2025 10:00;20,53;22,64
12/01/2025 11:00;18,18;21,84
12/01/2025 12:00;19,96;22,64
12/01/2025 13:00;17,49;21,84
12/01/2025 14:00;19,69;22,64
12/01/2025 15:00;18,15;22,64
12/01/2025 16:00;20,27;22,64
12/01/2025 17:00;18,38;22,64
12/01/2025 18:00;20,53;25,87
12/01/2025 19:00;20,26;25,87
12/01/2025 20:00;25,68;28,29
12/01/2025 21:00;23,09;27,48
12/01/2025 22:00;22,84;27,48
12/01/2025 23:00;14,36;21,03
13/01/2025 00:00;18,39;21,84
13/01/2025 01:00;19,38;22,64
13/01/2025 02:00;19,35;22,64
13/01/2025 03:00;19,15;22,64
13/01/2025 04:00;19,4;21,84
13/01/2025 05:00;19,15;22,64
13/01/2025 06:00;19,73;21,84
13/01/2025 07:00;20,17;25,06
13/01/2025 08:00;20,89;25,87
13/01/2025 09:00;23,17;28,29
13/01/2025 10:00;23,14;29,9
13/01/2025 11:00;22,57;29,09
13/01/2025 12:00;18,77;22,64
13/01/2025 13:00;19,2;21,84
13/01/2025 14:00;16,27;20,22
13/01/2025 15:00;19,42;21,84
13/01/2025 16:00;19,42;21,84
13/01/2025 17:00;18,77;21,84
13/01/2025 18:00;21,35;25,87
13/01/2025 19:00;23,16;28,29
13/01/2025 20:00;19,36;24,25
13/01/2025 21:00;19,16;23,45
13/01/2025 22:00;19,1;21,84
13/01/2025 23:00;19,33;21,84
14/01/2025 00:00;17,06;21,03
14/01/2025 01:00;16,76;20,22
14/01/2025 02:00;19,23;21,84
14/01/2025 03:00;18,85;21,84
14/01/2025 04:00;17,42;21,03
14/01/2025 05:00;18,85;21,03
14/01/2025 06:00;19,57;22,64
14/01/2025 07:00;18,36;21,84
14/01/2025 08:00;18,05;21,84
14/01/2025 09:00;18,25;21,84
14/01/2025 10:00;18,4;20,22
14/01/2025 11:00;18,79;21,03
14/01/2025 12:00;18,8;21,03
14/01/2025 13:00;17,7;20,22
14/01/2025 14:00;15,52;19,41
14/01/2025 15:00;15,56;18,61
14/01/2025 16:00;18,91;21,03
14/01/2025 17:00;19,11;21,03
14/01/2025 18:00;19,18;21,03
14/01/2025 19:00;18,32;21,84
14/01/2025 20:00;18,75;21,84
14/01/2025 21:00;18,01;21,84
14/01/2025 22:00;17,9;21,03
14/01/2025 23:00;17,86;21,03
15/01/2025 00:00;18,4;21,03
15/01/2025 01:00;18,82;20,22
15/01/2025 02:00;19,16;20,22
15/01/2025 03:00;18,46;21,03
15/01/2025 04:00;13,57;17
15/01/2025 05:00;18,46;20,22
15/01/2025 06:00;19,51;21,03
15/01/2025 07:00;18,65;21,84
15/01/2025 08:00;18,1;22,64
15/01/2025 09:00;16,04;20,22
15/01/2025 10:00;16,73;19,41
15/01/2025 11:00;16,54;19,41
15/01/2025 12:00;18,89;20,22
15/01/2025 13:00;15,66;18,61
15/01/2025 14:00;15,45;18,61
15/01/2025 15:00;15,43;18,61
15/01/2025 16:00;12,19;16,45
15/01/2025 17:00;16,47;18,61
15/01/2025 18:00;15,55;18,61
15/01/2025 19:00;15,44;18,61
15/01/2025 20:00;15,28;18,61
15/01/2025 21:00;16,7;19,41
15/01/2025 22:00;14,52;17,8
15/01/2025 23:00;15,43;18,61
16/01/2025 00:00;12,29;16,45
16/01/2025 01:00;12,1;16,45
16/01/2025 02:00;12,08;16,45
16/01/2025 03:00;11,84;16,45
16/01/2025 04:00;12,67;16,45
16/01/2025 05:00;11,51;16,45
16/01/2025 06:00;13,04;17
16/01/2025 07:00;12,3;16,45
16/01/2025 08:00;12,23;16,45
16/01/2025 09:00;11,89;16,45
16/01/2025 10:00;11,95;16,45
16/01/2025 11:00;11,67;15,89
16/01/2025 12:00;11,57;15,89
16/01/2025 13:00;14,02;17
16/01/2025 14:00;12,49;16,45
16/01/2025 15:00;19;17
16/01/2025 16:00;13,83;17,8
16/01/2025 17:00;18,6;19,41
16/01/2025 18:00;18,87;21,84
16/01/2025 19:00;17,7;20,22
16/01/2025 20:00;17,69;20,22
16/01/2025 21:00;17,16;19,41
16/01/2025 22:00;17,17;19,41
16/01/2025 23:00;16,91;19,41
17/01/2025 00:00;15,48;17,8
17/01/2025 01:00;14,07;17
17/01/2025 02:00;18;19,41
17/01/2025 03:00;18,5;19,41
17/01/2025 04:00;18,55;19,41
17/01/2025 05:00;14,32;17
17/01/2025 06:00;18,3;19,41
17/01/2025 07:00;17,28;19,41
17/01/2025 08:00;20,42;25,87
17/01/2025 09:00;21,85;26,68
17/01/2025 10:00;21,31;25,87
17/01/2025 11:00;20,47;25,87
17/01/2025 12:00;20,39;25,87
17/01/2025 13:00;18,63;20,22
17/01/2025 14:00;18,6;20,22
17/01/2025 15:00;15,26;17,8
17/01/2025 16:00;18,19;19,41
17/01/2025 17:00;17,99;19,41
17/01/2025 18:00;19,14;22,64
17/01/2025 19:00;20,83;25,87
17/01/2025 20:00;20,14;25,87
17/01/2025 21:00;20,05;25,06
17/01/2025 22:00;19,66;25,06
17/01/2025 23:00;20,37;24,25
18/01/2025 00:00;17,97;19,41
18/01/2025 01:00;18,06;19,41
18/01/2025 02:00;17,17;18,61
18/01/2025 03:00;18,11;19,41
18/01/2025 04:00;13,3;16,45
18/01/2025 05:00;13,85;17
18/01/2025 06:00;14,66;17
18/01/2025 07:00;18,19;19,41
18/01/2025 08:00;17,94;19,41
18/01/2025 09:00;18,51;21,84
18/01/2025 10:00;19;22,64
18/01/2025 11:00;17,05;19,41
18/01/2025 12:00;18,19;19,41
18/01/2025 13:00;17,99;20,22
18/01/2025 14:00;17,87;19,41
18/01/2025 15:00;14,18;17
18/01/2025 16:00;18,19;18,61
18/01/2025 17:00;18,62;21,03
18/01/2025 18:00;20,05;25,06
18/01/2025 19:00;20,12;25,87
18/01/2025 20:00;20,05;25,87
18/01/2025 21:00;19,39;25,06
18/01/2025 22:00;20,16;25,87
18/01/2025 23:00;19,96;25,87
19/01/2025 00:00;18,72;24,25
19/01/2025 01:00;16,19;21,03
19/01/2025 02:00;15,11;17
19/01/2025 03:00;16,42;17,8
19/01/2025 04:00;14,58;16,45
19/01/2025 05:00;10,92;15,33
19/01/2025 06:00;13,62;16,45
19/01/2025 07:00;18,77;19,41
19/01/2025 08:00;17,7;18,61
19/01/2025 09:00;18,12;18,61
19/01/2025 10:00;18,09;18,61
19/01/2025 11:00;15,32;17,8
19/01/2025 12:00;16,41;17,8
19/01/2025 13:00;17,92;18,61
19/01/2025 14:00;18,83;20,22
19/01/2025 15:00;18,52;21,84
19/01/2025 16:00;17,97;18,61
19/01/2025 17:00;18,23;18,61
19/01/2025 18:00;17,34;19,41
19/01/2025 19:00;19,99;24,25
19/01/2025 20:00;19,83;25,06
19/01/2025 21:00;19;24,25
19/01/2025 22:00;17,36;18,61
19/01/2025 23:00;17,09;18,61
20/01/2025 00:00;18,15;18,61
20/01/2025 01:00;13,89;16,45
20/01/2025 02:00;17,76;18,61
20/01/2025 03:00;13,96;17
20/01/2025 04:00;17,76;18,61
20/01/2025 05:00;19,86;17,8
20/01/2025 06:00;18,24;18,61
20/01/2025 07:00;16,93;18,61
20/01/2025 08:00;20,08;23,45
20/01/2025 09:00;20,26;25,06
20/01/2025 10:00;21,12;25,06
20/01/2025 11:00;19,8;25,06
20/01/2025 12:00;19,55;24,25
20/01/2025 13:00;20,4;24,25
20/01/2025 14:00;20,33;24,25
20/01/2025 15:00;19,56;24,25
20/01/2025 16:00;19,8;25,06
20/01/2025 17:00;19,33;24,25
20/01/2025 18:00;19,85;25,06
20/01/2025 19:00;19,77;25,06
20/01/2025 20:00;19,87;25,06
20/01/2025 21:00;19,23;24,25
20/01/2025 22:00;19,33;24,25
20/01/2025 23:00;17,7;22,64
21/01/2025 00:00;16,95;17,8
21/01/2025 01:00;15,88;17
21/01/2025 02:00;25,51;18,61
21/01/2025 03:00;25,75;19,41
21/01/2025 04:00;13,49;15,33
21/01/2025 05:00;16,23;16,45
21/01/2025 06:00;16,55;16,45
21/01/2025 07:00;17,2;17,8
21/01/2025 08:00;17,06;17,8
21/01/2025 09:00;19,29;22,64
21/01/2025 10:00;19,12;23,45
21/01/2025 11:00;19,04;23,45
21/01/2025 12:00;18,48;22,64
21/01/2025 13:00;16,09;17
21/01/2025 14:00;18,06;17,8
21/01/2025 15:00;17,93;18,61
21/01/2025 16:00;16,87;17,8
21/01/2025 17:00;19,19;21,84
21/01/2025 18:00;18,94;22,64
21/01/2025 19:00;19,17;23,45
21/01/2025 20:00;19;23,45
21/01/2025 21:00;18,41;22,64
21/01/2025 22:00;17,61;18,61
21/01/2025 23:00;12,49;15,89
22/01/2025 00:00;14,25;15,89
22/01/2025 01:00;15,05;16,45
22/01/2025 02:00;15,02;16,45
22/01/2025 03:00;10,81;14,22
22/01/2025 04:00;11,93;14,22
22/01/2025 05:00;14,71;15,33
22/01/2025 06:00;17,49;17
22/01/2025 07:00;18,66;21,03
22/01/2025 08:00;19,76;23,45
22/01/2025 09:00;19,57;23,45
22/01/2025 10:00;18,97;23,45
22/01/2025 11:00;18,97;23,45
22/01/2025 12:00;17,44;21,84
22/01/2025 13:00;19,65;23,45
22/01/2025 14:00;19,91;23,45
22/01/2025 15:00;18,35;21,03
22/01/2025 16:00;18,6;21,03
22/01/2025 17:00;17,04;19,41
22/01/2025 18:00;17,41;17,8
22/01/2025 19:00;19,32;21,84
22/01/2025 20:00;19,58;23,45
22/01/2025 21:00;18,68;21,03
22/01/2025 22:00;15,35;16,45
22/01/2025 23:00;16,21;16,45
23/01/2025 00:00;12,78;14,78
23/01/2025 01:00;21,47;17,8
23/01/2025 02:00;13,93;15,89
23/01/2025 03:00;12,01;14,78
23/01/2025 04:00;9,64;14,22
23/01/2025 05:00;13,61;14,78
23/01/2025 06:00;10,09;14,22
23/01/2025 07:00;17,39;17
23/01/2025 08:00;17,66;17,8
23/01/2025 09:00;18,87;21,03
23/01/2025 10:00;18,48;21,03
23/01/2025 11:00;14,65;14,78
23/01/2025 12:00;10,42;15,33
23/01/2025 13:00;10,74;14,78
23/01/2025 14:00;14,52;14,78
23/01/2025 15:00;14,08;14,78
23/01/2025 16:00;14,57;15,33
23/01/2025 17:00;10,32;14,78
23/01/2025 18:00;13,03;14,78
23/01/2025 19:00;15,44;15,89
23/01/2025 20:00;16,55;16,45
23/01/2025 21:00;9,39;14,22
23/01/2025 22:00;9,65;14,22
23/01/2025 23:00;8,24;14,22
24/01/2025 00:00;9,49;14,22
24/01/2025 01:00;8,78;14,22
24/01/2025 02:00;8,54;14,22
24/01/2025 03:00;10,45;14,22
24/01/2025 04:00;8,52;14,22
24/01/2025 05:00;9,84;14,22
24/01/2025 06:00;8,94;14,22
24/01/2025 07:00;10,38;14,22
24/01/2025 08:00;8,54;14,22
24/01/2025 09:00;11,01;14,22
24/01/2025 10:00;8,89;14,22
24/01/2025 11:00;9,96;13,67
24/01/2025 12:00;8,63;14,22
24/01/2025 13:00;9,23;14,22
24/01/2025 14:00;8,65;14,22
24/01/2025 15:00;9,72;13,67
24/01/2025 16:00;14,13;14,78
24/01/2025 17:00;10,13;13,67
24/01/2025 18:00;8,69;13,67
24/01/2025 19:00;8,69;13,67
24/01/2025 20:00;11,19;13,67
24/01/2025 21:00;8,99;13,67
24/01/2025 22:00;8,18;13,67
24/01/2025 23:00;8,12;13,67
25/01/2025 00:00;10,13;13,67
25/01/2025 01:00;8,18;13,67
25/01/2025 02:00;9,18;13,67
25/01/2025 03:00;8,12;13,67
25/01/2025 04:00;10,18;13,67
25/01/2025 05:00;8,14;13,67
25/01/2025 06:00;8,97;13,67
25/01/2025 07:00;8,06;13,67
25/01/2025 08:00;10,32;13,67
25/01/2025 09:00;10,13;13,67
25/01/2025 10:00;10,68;13,67
25/01/2025 11:00;9,03;13,67
25/01/2025 12:00;8,23;13,67
25/01/2025 13:00;9,34;13,67
25/01/2025 14:00;8,47;13,67
25/01/2025 15:00;9,8;13,67
25/01/2025 16:00;9,73;13,67
25/01/2025 17:00;10,18;13,67
25/01/2025 18:00;8,9;14,22
25/01/2025 19:00;8,39;14,22
25/01/2025 20:00;8,4;14,22
25/01/2025 21:00;9,93;14,22
25/01/2025 22:00;9,36;14,22
25/01/2025 23:00;8,55;14,22
26/01/2025 00:00;9,56;14,22
26/01/2025 01:00;8,86;14,22
26/01/2025 02:00;9,09;14,22
26/01/2025 03:00;9,08;13,67
26/01/2025 04:00;10,2;13,67
26/01/2025 05:00;9,63;13,67
26/01/2025 06:00;8,07;13,67
26/01/2025 07:00;9,11;13,67
26/01/2025 08:00;9,69;13,67
26/01/2025 09:00;8,6;13,67
26/01/2025 10:00;9,73;13,67
26/01/2025 11:00;9,59;13,67
26/01/2025 12:00;8,13;13,67
26/01/2025 13:00;11,98;13,67
26/01/2025 14:00;10,37;13,67
26/01/2025 15:00;10,3;13,67
26/01/2025 16:00;10,38;13,67
26/01/2025 17:00;10,27;13,67
26/01/2025 18:00;10,74;13,67
26/01/2025 19:00;15,18;15,33
26/01/2025 20:00;10,67;13,67
26/01/2025 21:00;10,1;14,78
26/01/2025 22:00;8,28;14,22
26/01/2025 23:00;8,69;13,67
27/01/2025 00:00;9,32;13,67
27/01/2025 01:00;8,84;14,22
27/01/2025 02:00;8,57;14,22
27/01/2025 03:00;9,51;14,22
27/01/2025 04:00;9,04;14,22
27/01/2025 05:00;8,43;14,22
27/01/2025 06:00;10,78;14,22
27/01/2025 07:00;10,25;14,22
27/01/2025 08:00;10,88;14,78
27/01/2025 09:00;11,4;14,78
27/01/2025 10:00;10,48;14,78
27/01/2025 11:00;10,13;14,22
27/01/2025 12:00;12,06;14,22
27/01/2025 13:00;13,19;14,22
27/01/2025 14:00;13,41;14,78
27/01/2025 15:00;12,66;14,78
27/01/2025 16:00;12,9;15,33
27/01/2025 17:00;13,08;15,89
27/01/2025 18:00;11,96;14,78
27/01/2025 19:00;11,21;14,78
27/01/2025 20:00;11,35;15,33
27/01/2025 21:00;11,18;15,33
27/01/2025 22:00;11,56;15,33
27/01/2025 23:00;10,54;15,33
28/01/2025 00:00;10,57;15,33
28/01/2025 01:00;11,07;15,33
28/01/2025 02:00;10,39;14,78
28/01/2025 03:00;9,68;14,78
28/01/2025 04:00;9,51;14,78
28/01/2025 05:00;9,86;14,78
28/01/2025 06:00;9,27;14,78
28/01/2025 07:00;9,29;14,78
28/01/2025 08:00;11,59;14,78
28/01/2025 09:00;10,79;14,78
28/01/2025 10:00;11,71;14,22
28/01/2025 11:00;10,62;14,22
28/01/2025 12:00;10,48;14,22
28/01/2025 13:00;10,4;14,22
28/01/2025 14:00;9,25;14,22
28/01/2025 15:00;11,61;14,22
28/01/2025 16:00;10,19;14,22
28/01/2025 17:00;9,48;14,22
28/01/2025 18:00;9,54;14,22
28/01/2025 19:00;18,52;17,8
28/01/2025 20:00;17,6;17,8
28/01/2025 21:00;10,16;14,78
28/01/2025 22:00;9,84;14,78
28/01/2025 23:00;8,21;14,78
29/01/2025 00:00;7,83;14,78
29/01/2025 01:00;7,91;14,22
29/01/2025 02:00;7,85;14,22
29/01/2025 03:00;10,68;14,22
29/01/2025 04:00;9,38;14,22
29/01/2025 05:00;11,06;14,22
29/01/2025 06:00;9,68;14,22
29/01/2025 07:00;9,48;14,22
29/01/2025 08:00;13,46;14,22
29/01/2025 09:00;20,68;15,33
29/01/2025 10:00;19,41;14,22
29/01/2025 11:00;11,91;13,67
29/01/2025 12:00;18,66;17
29/01/2025 13:00;18,66;15,89
29/01/2025 14:00;19,68;15,89
29/01/2025 15:00;13,96;15,33
29/01/2025 16:00;17,47;17
29/01/2025 17:00;17,7;18,61
29/01/2025 18:00;19,42;21,03
29/01/2025 19:00;16,62;17,8
29/01/2025 20:00;16,55;17,8
29/01/2025 21:00;14,69;15,89
29/01/2025 22:00;16,32;16,45
29/01/2025 23:00;13,47;15,33
30/01/2025 00:00;10,79;14,22
30/01/2025 01:00;9,38;14,22
30/01/2025 02:00;9,3;14,22
30/01/2025 03:00;9,31;14,22
30/01/2025 04:00;9,33;14,22
30/01/2025 05:00;9,27;14,22
30/01/2025 06:00;25,36;17,8
30/01/2025 07:00;17,83;17
30/01/2025 08:00;17,06;17,8
30/01/2025 09:00;17,62;16,45
30/01/2025 10:00;14,34;14,78
30/01/2025 11:00;16,3;15,89
30/01/2025 12:00;16,74;16,45
30/01/2025 13:00;14,92;15,33
30/01/2025 14:00;21,6;16,45
30/01/2025 15:00;17,87;15,89
30/01/2025 16:00;16;16,45
30/01/2025 17:00;16,96;17
30/01/2025 18:00;17,35;17,8
30/01/2025 19:00;15,8;17
30/01/2025 20:00;15,99;17
30/01/2025 21:00;16,94;17,8
30/01/2025 22:00;15,75;17
30/01/2025 23:00;12,7;15,33
31/01/2025 00:00;13,8;15,89
31/01/2025 01:00;9,75;15,33
31/01/2025 02:00;9,64;14,78
31/01/2025 03:00;9,8;14,78
31/01/2025 04:00;9,46;14,78
31/01/2025 05:00;9,01;14,22
31/01/2025 06:00;9,1;14,22
31/01/2025 07:00;21,66;17,8
31/01/2025 08:00;16;16,45
31/01/2025 09:00;15,05;15,89
31/01/2025 10:00;17,78;17,8
31/01/2025 11:00;15,65;16,45
31/01/2025 12:00;11,34;14,22
31/01/2025 13:00;10,85;13,67
31/01/2025 14:00;8,45;14,22
31/01/2025 15:00;8,94;14,22
31/01/2025 16:00;27,24;16,45
31/01/2025 17:00;15,59;15,33
31/01/2025 18:00;17,63;17,8
31/01/2025 19:00;18,19;18,61
31/01/2025 20:00;16,04;17,8
31/01/2025 21:00;14,41;15,33
31/01/2025 22:00;14,43;15,33
31/01/2025 23:00;13,65;14,78
01/02/2025 00:00;13,8;15,33
01/02/2025 01:00;14,85;15,33
01/02/2025 02:00;15,94;15,89
01/02/2025 03:00;17,44;17
01/02/2025 04:00;9,02;14,78
01/02/2025 05:00;8,1;13,67
01/02/2025 06:00;23,23;17,8
01/02/2025 07:00;17,12;17
01/02/2025 08:00;18,52;21,03
01/02/2025 09:00;17,4;20,22
01/02/2025 10:00;18,08;17,8
01/02/2025 11:00;10,83;14,78
01/02/2025 12:00;8,75;14,78
01/02/2025 13:00;23,06;17
01/02/2025 14:00;13,25;15,33
01/02/2025 15:00;14,6;16,45
01/02/2025 16:00;15,6;16,45
01/02/2025 17:00;16,89;17
01/02/2025 18:00;17,48;17
01/02/2025 19:00;15,74;17
01/02/2025 20:00;16,66;17
01/02/2025 21:00;17,17;15,89
01/02/2025 22:00;17,64;17
01/02/2025 23:00;15,47;17
02/02/2025 00:00;17,34;17,8
02/02/2025 01:00;13,7;15,33
02/02/2025 02:00;17,53;17
02/02/2025 03:00;15,03;16,45
02/02/2025 04:00;16,85;17
02/02/2025 05:00;19,3;21,84
02/02/2025 06:00;18,85;21,84
02/02/2025 07:00;18,82;20,22
02/02/2025 08:00;15,13;16,45
02/02/2025 09:00;15,93;17
02/02/2025 10:00;15,97;16,45
02/02/2025 11:00;13;14,78
02/02/2025 12:00;14,71;15,33
02/02/2025 13:00;13,31;14,78
02/02/2025 14:00;10,06;14,22
02/02/2025 15:00;17,39;15,89
02/02/2025 16:00;13,07;14,78
02/02/2025 17:00;17,54;17,8
02/02/2025 18:00;16,69;17,8
02/02/2025 19:00;17,53;17
02/02/2025 20:00;19,37;22,64
02/02/2025 21:00;18,19;21,84
02/02/2025 22:00;18,78;18,61
02/02/2025 23:00;17,56;17
03/02/2025 00:00;15,73;16,45
03/02/2025 01:00;17,46;17
03/02/2025 02:00;14,28;16,45
03/02/2025 03:00;17,47;17
03/02/2025 04:00;17,34;17
03/02/2025 05:00;17,04;17
03/02/2025 06:00;16,51;17
03/02/2025 07:00;19,88;22,64
03/02/2025 08:00;20,22;24,25
03/02/2025 09:00;20,18;24,25
03/02/2025 10:00;18,86;23,45
03/02/2025 11:00;18,66;22,64
03/02/2025 12:00;17,5;17
03/02/2025 13:00;17,45;16,45
03/02/2025 14:00;17,35;17
03/02/2025 15:00;15,46;15,33
03/02/2025 16:00;17,42;17
03/02/2025 17:00;16,4;17
03/02/2025 18:00;18,47;21,03
03/02/2025 19:00;19,53;24,25
03/02/2025 20:00;19;23,45
03/02/2025 21:00;19,06;23,45
03/02/2025 22:00;18,87;23,45
03/02/2025 23:00;15,8;19,41
04/02/2025 00:00;17,4;17
04/02/2025 01:00;19,74;21,03
04/02/2025 02:00;17,2;17
04/02/2025 03:00;16,17;15,89
04/02/2025 04:00;15,26;15,89
04/02/2025 05:00;13,02;14,22
04/02/2025 06:00;17,22;17,8
04/02/2025 07:00;16,46;17,8
04/02/2025 08:00;19,8;24,25
04/02/2025 09:00;18,25;22,64
04/02/2025 10:00;11,29;13,67
04/02/2025 11:00;10,75;16,45
04/02/2025 12:00;9;13,67
04/02/2025 13:00;20,07;17
04/02/2025 14:00;13,41;14,22
04/02/2025 15:00;12,35;14,78
04/02/2025 16:00;13,38;14,78
04/02/2025 17:00;16,53;16,45
04/02/2025 18:00;22,69;17
04/02/2025 19:00;19,59;22,64
04/02/2025 20:00;18,32;21,03
04/02/2025 21:00;21,52;26,68
04/02/2025 22:00;17,34;18,61
04/02/2025 23:00;19,53;21,84
05/02/2025 00:00;16,93;17
05/02/2025 01:00;19,62;21,03
05/02/2025 02:00;17,27;17
05/02/2025 03:00;12,53;14,22
05/02/2025 04:00;9,28;13,67
05/02/2025 05:00;15,5;15,33
05/02/2025 06:00;17,56;17
05/02/2025 07:00;17,31;17,8
05/02/2025 08:00;15,9;16,45
05/02/2025 09:00;16,68;17
05/02/2025 10:00;16,13;17
05/02/2025 11:00;16,09;21,03
05/02/2025 12:00;17,55;17
05/02/2025 13:00;13,58;14,78
05/02/2025 14:00;13,99;14,78
05/02/2025 15:00;17,44;17
05/02/2025 16:00;14,48;14,78
05/02/2025 17:00;16,78;15,89
05/02/2025 18:00;16,8;16,45
05/02/2025 19:00;16,23;17
05/02/2025 20:00;18,84;21,03
05/02/2025 21:00;15,95;16,45
05/02/2025 22:00;17,48;15,89
05/02/2025 23:00;15,16;15,33
06/02/2025 00:00;16,67;15,89
06/02/2025 01:00;13,96;14,22
06/02/2025 02:00;17,18;15,89
06/02/2025 03:00;17,24;15,89
06/02/2025 04:00;15,24;15,33
06/02/2025 05:00;11,49;13,11
06/02/2025 06:00;17,42;15,89
06/02/2025 07:00;16,26;15,89
06/02/2025 08:00;18,35;20,22
06/02/2025 09:00;18,08;20,22
06/02/2025 10:00;17,93;20,22
06/02/2025 11:00;9,35;13,11
06/02/2025 12:00;16,85;14,78
06/02/2025 13:00;17,49;17,8
06/02/2025 14:00;24,17;17,8
06/02/2025 15:00;15,38;14,78
06/02/2025 16:00;14,27;13,67
06/02/2025 17:00;16,33;16,45
06/02/2025 18:00;14,05;14,22
06/02/2025 19:00;16,81;15,33
06/02/2025 20:00;19,06;21,84
06/02/2025 21:00;18,02;21,03
06/02/2025 22:00;17,79;18,61
06/02/2025 23:00;13,54;13,67
07/02/2025 00:00;13,92;13,67
07/02/2025 01:00;11,81;12,55
07/02/2025 02:00;11,65;12,55
07/02/2025 03:00;22,5;15,89
07/02/2025 04:00;11,05;12,55
07/02/2025 05:00;9,46;14,78
07/02/2025 06:00;27,89;15,89
07/02/2025 07:00;15,96;15,89
07/02/2025 08:00;15,71;16,45
07/02/2025 09:00;16,21;15,89
07/02/2025 10:00;15,84;14,78
07/02/2025 11:00;15,77;14,78
07/02/2025 12:00;13,74;13,11
07/02/2025 13:00;16,53;14,78
07/02/2025 14:00;14,61;14,22
07/02/2025 15:00;16,89;14,78
07/02/2025 16:00;14,1;13,67
07/02/2025 17:00;14,78;14,22
07/02/2025 18:00;14,92;14,22
07/02/2025 19:00;14,57;14,22
07/02/2025 20:00;14,52;14,22
07/02/2025 21:00;12,34;12,55
07/02/2025 22:00;12,48;12,55
07/02/2025 23:00;13,3;13,11
08/02/2025 00:00;13,68;13,67
08/02/2025 01:00;11,4;12,55
08/02/2025 02:00;7,8;12,55
08/02/2025 03:00;7,74;12,55
08/02/2025 04:00;8,12;12,55
08/02/2025 05:00;8,53;12,55
08/02/2025 06:00;7,89;12,55
08/02/2025 07:00;13,76;13,11
08/02/2025 08:00;14,64;13,67
08/02/2025 09:00;12,66;13,11
08/02/2025 10:00;12,49;13,11
08/02/2025 11:00;13,89;13,67
08/02/2025 12:00;13,72;13,11
08/02/2025 13:00;13,42;13,11
08/02/2025 14:00;14,06;13,67
08/02/2025 15:00;10,77;12,55
08/02/2025 16:00;14,03;13,67
08/02/2025 17:00;16,5;15,33
08/02/2025 18:00;16,23;14,78
08/02/2025 19:00;16,09;14,78
08/02/2025 20:00;16,33;15,33
08/02/2025 21:00;15,24;14,78
08/02/2025 22:00;15,27;14,22
08/02/2025 23:00;11,73;12,55
09/02/2025 00:00;14,95;14,22
09/02/2025 01:00;11,07;12
09/02/2025 02:00;14,03;13,11
09/02/2025 03:00;13,81;13,11
09/02/2025 04:00;13,98;13,11
09/02/2025 05:00;11;12
09/02/2025 06:00;10,96;12
09/02/2025 07:00;11,49;12
09/02/2025 08:00;12,08;12
09/02/2025 09:00;11,55;12
09/02/2025 10:00;10,54;12
09/02/2025 11:00;11,03;12
09/02/2025 12:00;9,8;12
09/02/2025 13:00;7,69;12
09/02/2025 14:00;7,61;12
09/02/2025 15:00;20,12;14,78
09/02/2025 16:00;14,39;13,67
09/02/2025 17:00;17,03;17
09/02/2025 18:00;16,66;17
09/02/2025 19:00;18,46;21,03
09/02/2025 20:00;18,69;21,84
09/02/2025 21:00;18,02;21,03
09/02/2025 22:00;15,81;17
09/02/2025 23:00;14,47;14,78
10/02/2025 00:00;12,25;13,67
10/02/2025 01:00;8,14;13,11
10/02/2025 02:00;17,78;14,78
10/02/2025 03:00;9,47;12,55
10/02/2025 04:00;8,73;14,22
10/02/2025 05:00;7,82;13,11
10/02/2025 06:00;17,23;14,22
10/02/2025 07:00;14,07;14,22
10/02/2025 08:00;15,6;16,45
10/02/2025 09:00;10,77;16,45
10/02/2025 10:00;18,78;29,9
10/02/2025 11:00;18,65;32,32
10/02/2025 12:00;17,86;30,71
10/02/2025 13:00;21,32;31,52
10/02/2025 14:00;19,08;32,32
10/02/2025 15:00;18,43;31,52
10/02/2025 16:00;19,06;32,32
10/02/2025 17:00;36,12;31,52
10/02/2025 18:00;17,94;19,41
10/02/2025 19:00;16,79;17
10/02/2025 20:00;17,16;17
10/02/2025 21:00;18,75;19,41
10/02/2025 22:00;11,28;15,33
10/02/2025 23:00;9,53;13,67
11/02/2025 00:00;8,68;13,67
11/02/2025 01:00;10,8;13,67
11/02/2025 02:00;20,68;17
11/02/2025 03:00;15,68;15,33
11/02/2025 04:00;15,81;17
11/02/2025 05:00;16,36;15,89
11/02/2025 06:00;14,18;14,78
11/02/2025 07:00;16,31;15,89
11/02/2025 08:00;18,03;17
11/02/2025 09:00;17,45;30,71
11/02/2025 10:00;22,92;36,35
11/02/2025 11:00;26,7;33,13
11/02/2025 12:00;16,9;26,68
11/02/2025 13:00;11,75;13,67
11/02/2025 14:00;17,92;16,45
11/02/2025 15:00;15,97;17
11/02/2025 16:00;16,18;15,89
11/02/2025 17:00;16,19;16,45
11/02/2025 18:00;18,63;21,03
11/02/2025 19:00;19,41;22,64
11/02/2025 20:00;19,1;22,64
11/02/2025 21:00;18,55;22,64
11/02/2025 22:00;17,64;21,03
11/02/2025 23:00;16,39;16,45
12/02/2025 00:00;16,93;16,45
12/02/2025 01:00;14,58;14,78
12/02/2025 02:00;10,41;13,11
12/02/2025 03:00;8,99;13,11
12/02/2025 04:00;24,42;15,33
12/02/2025 05:00;11,92;13,67
12/02/2025 06:00;17,46;17,8
12/02/2025 07:00;17,39;16,45
12/02/2025 08:00;13,08;14,78
12/02/2025 09:00;18,46;25,87
12/02/2025 10:00;12,72;17,8
12/02/2025 11:00;16,9;16,45
12/02/2025 12:00;17,91;23,45
12/02/2025 13:00;15,41;20,22
12/02/2025 14:00;18,99;15,89
12/02/2025 15:00;13,99;14,78
12/02/2025 16:00;15,5;15,33
12/02/2025 17:00;16,42;16,45
12/02/2025 18:00;16,9;18,61
12/02/2025 19:00;20,92;25,87
12/02/2025 20:00;19,03;24,25
12/02/2025 21:00;18,56;22,64
12/02/2025 22:00;16,05;18,61
12/02/2025 23:00;15,14;15,89
13/02/2025 00:00;13,65;14,78
13/02/2025 01:00;14,96;15,33
13/02/2025 02:00;16,31;15,89
13/02/2025 03:00;8,27;13,67
13/02/2025 04:00;19,71;14,78
13/02/2025 05:00;12,33;13,67
13/02/2025 06:00;12,57;14,78
13/02/2025 07:00;16,22;16,45
13/02/2025 08:00;18,62;21,84
13/02/2025 09:00;18,47;21,84
13/02/2025 10:00;17,82;21,03
13/02/2025 11:00;15,25;16,45
13/02/2025 12:00;16,61;15,89
13/02/2025 13:00;16,48;13,67
13/02/2025 14:00;22,56;15,89
13/02/2025 15:00;16,91;15,89
13/02/2025 16:00;15,68;15,33
13/02/2025 17:00;17,42;15,89
13/02/2025 18:00;17,44;18,61
13/02/2025 19:00;20,86;25,06
13/02/2025 20:00;19,16;24,25
13/02/2025 21:00;18,7;21,03
13/02/2025 22:00;17,36;20,22
13/02/2025 23:00;15,3;15,33
14/02/2025 00:00;13,75;14,22
14/02/2025 01:00;14,33;14,22
14/02/2025 02:00;9,5;13,11
14/02/2025 03:00;15,07;14,22
14/02/2025 04:00;9,06;13,11
14/02/2025 05:00;9,1;13,11
14/02/2025 06:00;24,51;16,45
14/02/2025 07:00;15,9;15,33
14/02/2025 08:00;15,47;16,45
14/02/2025 09:00;14,29;14,22
14/02/2025 10:00;16,83;15,89
14/02/2025 11:00;9,47;13,11
14/02/2025 12:00;11,45;18,61
14/02/2025 13:00;11,82;20,22
14/02/2025 14:00;8,71;15,33
14/02/2025 15:00;8,33;13,11
14/02/2025 16:00;10,09;13,11
14/02/2025 17:00;14,37;20,22
14/02/2025 18:00;17,4;17,8
14/02/2025 19:00;19,29;22,64
14/02/2025 20:00;18,93;21,84
14/02/2025 21:00;15,35;16,45
14/02/2025 22:00;14,6;15,89
14/02/2025 23:00;15,36;15,89
15/02/2025 00:00;17,22;16,45
15/02/2025 01:00;12,5;14,22
15/02/2025 02:00;15,76;16,45
15/02/2025 03:00;11,71;14,22
15/02/2025 04:00;8,24;13,67
15/02/2025 05:00;8,89;13,11
15/02/2025 06:00;22,76;17
15/02/2025 07:00;15,65;15,33
15/02/2025 08:00;14,35;16,45
15/02/2025 09:00;17,36;16,45
15/02/2025 10:00;14,92;16,45
15/02/2025 11:00;12,14;13,67
15/02/2025 12:00;12,32;13,67
15/02/2025 13:00;12,26;13,67
15/02/2025 14:00;8,84;13,11
15/02/2025 15:00;8,55;13,11
15/02/2025 16:00;21,3;15,89
15/02/2025 17:00;16,76;16,45
15/02/2025 18:00;16,63;17,8
15/02/2025 19:00;17,57;20,22
15/02/2025 20:00;16,5;18,61
15/02/2025 21:00;17,2;18,61
15/02/2025 22:00;13,98;14,78
15/02/2025 23:00;14,97;14,78
16/02/2025 00:00;16,91;16,45
16/02/2025 01:00;13,23;14,22
16/02/2025 02:00;15,65;15,33
16/02/2025 03:00;14,68;14,78
16/02/2025 04:00;12,51;14,22
16/02/2025 05:00;11,27;13,67
16/02/2025 06:00;12,35;16,45
16/02/2025 07:00;11,54;16,45
16/02/2025 08:00;12,14;17
16/02/2025 09:00;11,57;16,45
16/02/2025 10:00;12,52;16,45
16/02/2025 11:00;13,31;17
16/02/2025 12:00;12,72;13,67
16/02/2025 13:00;12,94;13,67
16/02/2025 14:00;7,82;13,11
16/02/2025 15:00;8,45;13,11
16/02/2025 16:00;18,77;15,89
16/02/2025 17:00;11,84;13,11
16/02/2025 18:00;17,14;17
16/02/2025 19:00;16,11;16,45
16/02/2025 20:00;19,32;23,45
16/02/2025 21:00;18,92;23,45
16/02/2025 22:00;17,88;19,41
16/02/2025 23:00;14,25;14,78
17/02/2025 00:00;17,67;17,8
17/02/2025 01:00;16,57;15,89
17/02/2025 02:00;14,82;14,78
17/02/2025 03:00;13,9;14,78
17/02/2025 04:00;15,12;14,78
17/02/2025 05:00;13,11;14,22
17/02/2025 06:00;13,08;13,67
17/02/2025 07:00;17,22;15,89
17/02/2025 08:00;17,23;15,89
17/02/2025 09:00;19,15;19,41
17/02/2025 10:00;19,99;19,41
17/02/2025 11:00;12,7;13,67
17/02/2025 12:00;10,79;14,22
17/02/2025 13:00;22,75;13,67
17/02/2025 14:00;20,08;15,89
17/02/2025 15:00;10,4;14,22
17/02/2025 16:00;16,49;14,22
17/02/2025 17:00;15,1;14,78
17/02/2025 18:00;19,61;17
17/02/2025 19:00;17,19;17,8
17/02/2025 20:00;16,11;17
17/02/2025 21:00;16,94;17
17/02/2025 22:00;20,77;16,45
17/02/2025 23:00;17,47;16,45
18/02/2025 00:00;18,69;13,11
18/02/2025 01:00;18,12;13,11
18/02/2025 02:00;21,11;13,11
18/02/2025 03:00;10,12;12,55
18/02/2025 04:00;10,39;12,55
18/02/2025 05:00;10,23;12,55
18/02/2025 06:00;21,64;13,11
18/02/2025 07:00;17,39;16,45
18/02/2025 08:00;24,71;25,87
18/02/2025 09:00;24,48;25,87
18/02/2025 10:00;20,01;21,03
18/02/2025 11:00;16,26;14,22
18/02/2025 12:00;10,08;12,55
18/02/2025 13:00;18,88;12,55
18/02/2025 14:00;12,43;12,55
18/02/2025 15:00;9,03;13,11
18/02/2025 16:00;11,87;12,55
18/02/2025 17:00;15,81;14,22
18/02/2025 18:00;17,91;15,89
18/02/2025 19:00;18,22;15,89
18/02/2025 20:00;18,26;13,67
18/02/2025 21:00;18,53;13,11
18/02/2025 22:00;10,67;12,55
18/02/2025 23:00;10,35;12,55
19/02/2025 00:00;9,98;12,55
19/02/2025 01:00;11,05;12,55
19/02/2025 02:00;10,48;12,55
19/02/2025 03:00;10,2;12,55
19/02/2025 04:00;9,98;12,55
19/02/2025 05:00;10,33;12,55
19/02/2025 06:00;22,51;13,11
19/02/2025 07:00;12,85;13,11
19/02/2025 08:00;17,92;13,11
19/02/2025 09:00;22,6;14,78
19/02/2025 10:00;11,41;14,22
19/02/2025 11:00;11,35;14,78
19/02/2025 12:00;10,67;13,11
19/02/2025 13:00;18,62;29,9
19/02/2025 14:00;14,59;29,09
19/02/2025 15:00;11,67;15,89
19/02/2025 16:00;18,86;15,33
19/02/2025 17:00;17,58;16,45
19/02/2025 18:00;29,09;21,84
19/02/2025 19:00;30,47;25,06
19/02/2025 20:00;16,84;17
19/02/2025 21:00;21,6;20,22
19/02/2025 22:00;18,13;15,89
19/02/2025 23:00;21,88;13,11
20/02/2025 00:00;19,73;14,78
20/02/2025 01:00;11,8;13,11
20/02/2025 02:00;11,06;15,33
20/02/2025 03:00;13,6;13,11
20/02/2025 04:00;10,06;12,55
20/02/2025 05:00;10,01;13,11
20/02/2025 06:00;12,08;13,11
20/02/2025 07:00;12,2;17,8
20/02/2025 08:00;36,24;31,52
20/02/2025 09:00;24,69;27,48
20/02/2025 10:00;26,18;19,41
20/02/2025 11:00;38,23;17
20/02/2025 12:00;21,16;15,33
20/02/2025 13:00;22,29;17
20/02/2025 14:00;10,21;5,37
20/02/2025 15:00;15,29;12,55
20/02/2025 16:00;11,31;12,55
20/02/2025 17:00;12,69;12
20/02/2025 18:00;23,39;15,89
20/02/2025 19:00;17;16,45
20/02/2025 20:00;22,45;15,89
20/02/2025 21:00;17,61;15,89
20/02/2025 22:00;18,07;13,11
20/02/2025 23:00;16,48;12
21/02/2025 00:00;10,25;12
21/02/2025 01:00;9,42;12
21/02/2025 02:00;9,68;12,55
21/02/2025 03:00;9,29;12,55
21/02/2025 04:00;9,5;12
21/02/2025 05:00;9,19;12
21/02/2025 06:00;9,25;12
21/02/2025 07:00;9,1;12
21/02/2025 08:00;19,65;12,55
21/02/2025 09:00;10,59;12
21/02/2025 10:00;10,2;12,55
21/02/2025 11:00;9,79;12,55
21/02/2025 12:00;9,41;12,55
21/02/2025 13:00;10,27;12
21/02/2025 14:00;9,56;12
21/02/2025 15:00;9,54;12
21/02/2025 16:00;9,05;12
21/02/2025 17:00;9,3;12
21/02/2025 18:00;9,42;12
21/02/2025 19:00;9,08;12
21/02/2025 20:00;9,6;12,55
21/02/2025 21:00;9,46;12,55
21/02/2025 22:00;16,48;13,11
21/02/2025 23:00;11,15;12,55
22/02/2025 00:00;12,51;12,55
22/02/2025 01:00;10,23;12,55
22/02/2025 02:00;9,23;12
22/02/2025 03:00;10,8;12,55
22/02/2025 04:00;16,27;13,67
22/02/2025 05:00;21,3;13,11
22/02/2025 06:00;22,47;13,11
22/02/2025 07:00;20,97;13,11
22/02/2025 08:00;12,54;12,55
22/02/2025 09:00;11,62;13,11
22/02/2025 10:00;12,48;13,67
22/02/2025 11:00;11,55;13,67
22/02/2025 12:00;24,93;17
22/02/2025 13:00;16,77;17
22/02/2025 14:00;11,73;13,11
22/02/2025 15:00;11,22;13,67
22/02/2025 16:00;11,15;13,11
22/02/2025 17:00;11,39;13,11
22/02/2025 18:00;18,27;16,45
22/02/2025 19:00;17,4;16,45
22/02/2025 20:00;17,05;17,8
22/02/2025 21:00;16,43;17
22/02/2025 22:00;17,01;17,8
22/02/2025 23:00;29,15;16,45
23/02/2025 00:00;12,79;14,22
23/02/2025 01:00;18,28;14,22
23/02/2025 02:00;9,71;13,11
23/02/2025 03:00;11,53;12,55
23/02/2025 04:00;10,65;12,55
23/02/2025 05:00;10,69;12,55
23/02/2025 06:00;23,88;14,78
23/02/2025 07:00;13,96;13,11
23/02/2025 08:00;19,43;15,33
23/02/2025 09:00;14,74;13,11
23/02/2025 10:00;10,29;12,55
23/02/2025 11:00;11,17;12,55
23/02/2025 12:00;11,36;12,55
23/02/2025 13:00;10,33;12,55
23/02/2025 14:00;9,74;12,55
23/02/2025 15:00;10,84;12,55
23/02/2025 16:00;12,14;12,55
23/02/2025 17:00;10,37;12,55
23/02/2025 18:00;21,56;14,22
23/02/2025 19:00;12,7;12,55
23/02/2025 20:00;19,83;13,11
23/02/2025 21:00;10,53;12,55
23/02/2025 22:00;10,89;12,55
23/02/2025 23:00;10,47;12,55
24/02/2025 00:00;10,33;12,55
24/02/2025 01:00;10,32;12,55
24/02/2025 02:00;10,4;12,55
24/02/2025 03:00;10,44;12,55
24/02/2025 04:00;10,39;12,55
24/02/2025 05:00;10,21;12,55
24/02/2025 06:00;17,75;13,67
24/02/2025 07:00;19;13,11
24/02/2025 08:00;18,41;14,78
24/02/2025 09:00;21,69;13,11
24/02/2025 10:00;19,96;13,11
24/02/2025 11:00;12,46;12
24/02/2025 12:00;9,97;12
24/02/2025 13:00;10,36;12
24/02/2025 14:00;9,68;12
24/02/2025 15:00;9,43;12
24/02/2025 16:00;10,83;12
24/02/2025 17:00;20,74;13,67
24/02/2025 18:00;22,48;13,67
24/02/2025 19:00;13,49;13,11
24/02/2025 20:00;21,45;13,67
24/02/2025 21:00;19,56;13,67
24/02/2025 22:00;21,27;12,55
24/02/2025 23:00;12,95;12,55
25/02/2025 00:00;20,76;12,55
25/02/2025 01:00;10,77;12
25/02/2025 02:00;12,41;12
25/02/2025 03:00;10,59;12
25/02/2025 04:00;10,48;12
25/02/2025 05:00;10,36;12
25/02/2025 06:00;20,19;12,55
25/02/2025 07:00;18,29;12,55
25/02/2025 08:00;17,63;14,78
25/02/2025 09:00;13,8;14,22
25/02/2025 10:00;7,97;13,11
25/02/2025 11:00;7,57;12,55
25/02/2025 12:00;8,57;12,55
25/02/2025 13:00;8,68;13,11
25/02/2025 14:00;8,26;12,55
25/02/2025 15:00;8,25;12,55
25/02/2025 16:00;8,67;12,55
25/02/2025 17:00;9,32;12,55
25/02/2025 18:00;29,3;14,22
25/02/2025 19:00;27,08;15,89
25/02/2025 20:00;24,33;16,45
25/02/2025 21:00;17,68;17
25/02/2025 22:00;15,75;15,89
25/02/2025 23:00;14,78;14,22
26/02/2025 00:00;10,49;12,55
26/02/2025 01:00;11,51;13,11
26/02/2025 02:00;11,67;13,11
26/02/2025 03:00;11,38;13,67
26/02/2025 04:00;10,83;13,11
26/02/2025 05:00;11,34;12,55
26/02/2025 06:00;12,02;12,55
26/02/2025 07:00;16,08;15,33
26/02/2025 08:00;12,7;13,11
26/02/2025 09:00;13,81;13,67
26/02/2025 10:00;10,28;12,55
26/02/2025 11:00;20,08;12,55
26/02/2025 12:00;9,47;12,55
26/02/2025 13:00;10,78;12,55
26/02/2025 14:00;9,29;12
26/02/2025 15:00;7,36;12
26/02/2025 16:00;21,3;12,55
26/02/2025 17:00;11,06;13,11
26/02/2025 18:00;16,31;14,78
26/02/2025 19:00;13,77;13,67
26/02/2025 20:00;10,86;12,55
26/02/2025 21:00;14,32;13,67
26/02/2025 22:00;13,81;13,11
26/02/2025 23:00;23,77;13,11
27/02/2025 00:00;10,54;12,55
27/02/2025 01:00;10,56;13,11
27/02/2025 02:00;9,22;12,55
27/02/2025 03:00;9,59;12,55
27/02/2025 04:00;10,13;12,55
27/02/2025 05:00;9,06;12,55
27/02/2025 06:00;13;13,11
27/02/2025 07:00;11,32;12,55
27/02/2025 08:00;11,2;12,55
27/02/2025 09:00;11,31;12,55
27/02/2025 10:00;10,75;12
27/02/2025 11:00;9,61;12,55
27/02/2025 12:00;11,02;12,55
27/02/2025 13:00;10,91;13,67
27/02/2025 14:00;17,46;13,67
27/02/2025 15:00;20,46;13,11
27/02/2025 16:00;12,62;13,11
27/02/2025 17:00;20,7;13,11
27/02/2025 18:00;15,23;12
27/02/2025 19:00;11,81;12
27/02/2025 20:00;12,15;12
27/02/2025 21:00;16,86;12
27/02/2025 22:00;10,24;12
27/02/2025 23:00;10,41;12
28/02/2025 00:00;18,29;12
28/02/2025 01:00;12,27;12
28/02/2025 02:00;9,04;12
28/02/2025 03:00;9,1;12
28/02/2025 04:00;8,4;12
28/02/2025 05:00;15,43;12
28/02/2025 06:00;24,1;14,22
28/02/2025 07:00;29,02;15,33
28/02/2025 08:00;21,42;21,84
28/02/2025 09:00;21,14;17,8
28/02/2025 10:00;29,04;14,78
28/02/2025 11:00;10,97;12
28/02/2025 12:00;21,43;12
28/02/2025 13:00;18,99;12,55
28/02/2025 14:00;13,71;12,55
28/02/2025 15:00;11,99;12
28/02/2025 16:00;11,82;12,55
28/02/2025 17:00;28,57;14,22
28/02/2025 18:00;17,56;15,33
28/02/2025 19:00;16,52;17
28/02/2025 20:00;17,16;17,8
28/02/2025 21:00;17,82;17
28/02/2025 22:00;12,34;13,67
28/02/2025 23:00;10,7;12
01/03/2025 00:00;27,12;13,67
01/03/2025 01:00;11,95;12,55
01/03/2025 02:00;11,02;13,67
01/03/2025 03:00;10,67;12,55
01/03/2025 04:00;10,85;12
01/03/2025 05:00;19,67;12,55
01/03/2025 06:00;8,91;12
01/03/2025 07:00;10,85;12
01/03/2025 08:00;10,11;12
01/03/2025 09:00;10,46;12
01/03/2025 10:00;11,2;12
01/03/2025 11:00;9,29;12
01/03/2025 12:00;7,84;12
01/03/2025 13:00;7,48;12
03/03/2025 21:00;12,05;12
03/03/2025 22:00;11,22;12
03/03/2025 23:00;9,57;11
04/03/2025 00:00;22,28;12
04/03/2025 01:00;9,86;11
04/03/2025 02:00;7,91;12
04/03/2025 03:00;7,56;12
04/03/2025 04:00;8,39;11
04/03/2025 05:00;6,97;11
04/03/2025 06:00;22,32;12,55
04/03/2025 07:00;12,39;12
04/03/2025 08:00;12,36;12
04/03/2025 09:00;10,93;12,55
04/03/2025 10:00;9,04;11
04/03/2025 11:00;16,85;13,67
04/03/2025 12:00;15,19;12,55
04/03/2025 13:00;20,05;12
04/03/2025 14:00;15,06;11
04/03/2025 15:00;15,55;11
04/03/2025 16:00;19,33;11
04/03/2025 17:00;9,91;11
04/03/2025 18:00;14,73;13,67
04/03/2025 19:00;14,21;13,67
04/03/2025 20:00;13,92;13,11
04/03/2025 21:00;13,25;12,55
04/03/2025 22:00;12,6;12
04/03/2025 23:00;13,07;12,55
05/03/2025 00:00;10,41;11
05/03/2025 01:00;9,15;11
05/03/2025 02:00;7,04;11
05/03/2025 03:00;6,94;11
05/03/2025 04:00;8,61;11
05/03/2025 05:00;27,83;13,67
05/03/2025 06:00;13,01;12
05/03/2025 07:00;12,71;12
05/03/2025 08:00;10,28;11
05/03/2025 09:00;9,05;11
05/03/2025 10:00;12,71;11
05/03/2025 11:00;6,89;11
05/03/2025 12:00;8,41;10,5
05/03/2025 13:00;6,8;10,5
05/03/2025 14:00;6,47;10,5
05/03/2025 20:00;8,99;11
05/03/2025 21:00;12,04;12
05/03/2025 22:00;10,22;11
05/03/2025 23:00;10,26;11
06/03/2025 00:00;10,02;11
06/03/2025 01:00;8,66;11
06/03/2025 02:00;8,14;11
06/03/2025 03:00;7,67;11
06/03/2025 04:00;6,52;10,5
06/03/2025 05:00;9,87;10,5
06/03/2025 06:00;22,83;12
06/03/2025 07:00;9,81;11
06/03/2025 08:00;8,77;11
06/03/2025 09:00;9,13;11
06/03/2025 10:00;6,72;10,5
06/03/2025 11:00;9,22;10,5
06/03/2025 12:00;9,09;10,5
06/03/2025 13:00;8,77;13,11
06/03/2025 14:00;9,48;14,78
06/03/2025 15:00;9,58;15,89
06/03/2025 16:00;9,13;15,33
06/03/2025 17:00;12,23;14,22
06/03/2025 18:00;25,43;13,67
06/03/2025 19:00;16,42;14,78
06/03/2025 20:00;14,96;13,11
06/03/2025 21:00;18,48;11
06/03/2025 22:00;10,26;10,5
06/03/2025 23:00;10,02;10,5
07/03/2025 00:00;9,58;10
07/03/2025 01:00;8,4;10,5
07/03/2025 02:00;9,83;10
07/03/2025 03:00;8,93;10,5
07/03/2025 04:00;6,92;11
07/03/2025 05:00;8,73;10,5
07/03/2025 06:00;6,58;10,5
07/03/2025 07:00;18,05;11
07/03/2025 08:00;9,72;10,5
07/03/2025 09:00;19,85;10,5
07/03/2025 10:00;8,43;10,5
07/03/2025 11:00;9,06;10,5
07/03/2025 12:00;7,49;10,5
07/03/2025 13:00;6,64;10,5
07/03/2025 14:00;8,73;10,5
07/03/2025 15:00;6,6;10,5
07/03/2025 16:00;10,58;10,5
07/03/2025 17:00;7,08;10,5
07/03/2025 18:00;24,5;12
07/03/2025 19:00;10,91;10,5
07/03/2025 20:00;9,5;10,5
07/03/2025 21:00;9,84;10,5
07/03/2025 22:00;6,97;10,5
07/03/2025 23:00;6,76;10,5
08/03/2025 00:00;11,13;10,5
08/03/2025 01:00;8,02;10
08/03/2025 02:00;9,83;10
08/03/2025 03:00;8,94;11
08/03/2025 04:00;6,81;11
08/03/2025 05:00;6,97;11
08/03/2025 06:00;8,29;11
08/03/2025 07:00;6,92;11
08/03/2025 08:00;8,83;11
08/03/2025 09:00;8,23;11
08/03/2025 10:00;6,91;11
08/03/2025 11:00;6,89;11
08/03/2025 12:00;6,84;11
08/03/2025 13:00;7,13;11
08/03/2025 14:00;7,52;11
08/03/2025 15:00;7,31;11
08/03/2025 16:00;7,56;11
08/03/2025 17:00;8,25;12
08/03/2025 18:00;8,45;12
08/03/2025 19:00;8,62;12
08/03/2025 20:00;10,6;12
08/03/2025 21:00;11,1;11
08/03/2025 22:00;10,85;11
08/03/2025 23:00;10,54;11
09/03/2025 00:00;10,69;12
09/03/2025 01:00;11,45;12
09/03/2025 02:00;12,3;13,67
09/03/2025 03:00;11,06;14,22
09/03/2025 04:00;11,74;15,89
09/03/2025 05:00;12,06;16,45
09/03/2025 06:00;12,06;15,89
09/03/2025 07:00;11,99;15,33
09/03/2025 08:00;12,36;14,78
09/03/2025 09:00;11,98;14,22
09/03/2025 10:00;12,84;13,67
09/03/2025 11:00;12,36;13,67
09/03/2025 12:00;12,67;13,11
09/03/2025 13:00;14,06;13,11
09/03/2025 14:00;13,7;13,11
09/03/2025 15:00;20,37;16,45
09/03/2025 16:00;17,08;17,8
09/03/2025 17:00;17,94;18,61
09/03/2025 18:00;18,38;19,41
09/03/2025 19:00;19,18;20,22
09/03/2025 20:00;20,15;21,03
09/03/2025 21:00;13,53;17,8
09/03/2025 22:00;10,38;12,55
09/03/2025 23:00;11,35;15,33
10/03/2025 00:00;11,24;14,22
10/03/2025 01:00;11,01;14,78
10/03/2025 02:00;12,2;14,78
10/03/2025 03:00;11,61;14,78
10/03/2025 04:00;10,52;14,22
10/03/2025 05:00;10,52;12,55
10/03/2025 06:00;10,03;12,55
10/03/2025 07:00;15,33;13,67
10/03/2025 08:00;13,87;14,22
10/03/2025 09:00;17,69;13,67
10/03/2025 10:00;15,5;12
10/03/2025 11:00;10,07;12
10/03/2025 12:00;8,44;12
10/03/2025 13:00;8,1;12
10/03/2025 14:00;8,03;12
10/03/2025 15:00;7,99;12
10/03/2025 16:00;21,09;18,61
10/03/2025 17:00;11,17;15,89
10/03/2025 18:00;24,1;21,03
10/03/2025 19:00;18,63;24,25
10/03/2025 20:00;17,81;22,64
10/03/2025 21:00;22,9;24,25
10/03/2025 22:00;27,22;20,22
10/03/2025 23:00;27,3;29,09
11/03/2025 00:00;25,16;26,68
11/03/2025 01:00;15,36;28,29
11/03/2025 02:00;18,43;25,87
11/03/2025 03:00;18,04;22,64
11/03/2025 04:00;12,76;20,22
11/03/2025 05:00;13,4;20,22
11/03/2025 06:00;19,26;20,22
11/03/2025 07:00;15,29;23,45
11/03/2025 08:00;16,33;25,87
11/03/2025 09:00;14,76;25,87
11/03/2025 10:00;30,25;25,87
11/03/2025 11:00;15,1;22,64
11/03/2025 12:00;16,86;22,64
11/03/2025 13:00;14,99;18,61
11/03/2025 14:00;15,58;15,89
11/03/2025 15:00;13,15;14,22
11/03/2025 16:00;12,3;12,55
11/03/2025 17:00;22,79;12,55
11/03/2025 18:00;15,28;15,33
11/03/2025 19:00;39,99;26,68
11/03/2025 20:00;39,99;26,68
11/03/2025 21:00;39,99;28,29
11/03/2025 22:00;39,36;27,48
11/03/2025 23:00;39,21;27,48
12/03/2025 00:00;35,42;25,06
12/03/2025 01:00;16,68;15,89
12/03/2025 02:00;39,08;25,87
12/03/2025 03:00;14,28;13,11
12/03/2025 04:00;25,68;20,22
12/03/2025 05:00;15,34;14,22
12/03/2025 06:00;38,42;25,06
12/03/2025 07:00;24,69;18,61
12/03/2025 08:00;18,2;15,33
12/03/2025 09:00;18,59;16,45
12/03/2025 10:00;16,93;14,78
12/03/2025 11:00;36,9;25,06
12/03/2025 12:00;28,43;20,22
12/03/2025 13:00;29,81;21,03
12/03/2025 14:00;29,21;21,03
12/03/2025 15:00;31,32;21,84
12/03/2025 16:00;28,85;21,03
12/03/2025 17:00;13,89;13,67
12/03/2025 18:00;16,68;15,33
12/03/2025 19:00;18,5;18,61
12/03/2025 20:00;23,65;17
12/03/2025 21:00;20,08;17
12/03/2025 22:00;12,52;14,78
12/03/2025 23:00;17,89;13,11
13/03/2025 00:00;19,62;12,55
13/03/2025 01:00;21,35;12
13/03/2025 02:00;16,93;15,33
13/03/2025 03:00;13,6;13,11
13/03/2025 04:00;17,83;13,67
13/03/2025 05:00;10,26;13,11
13/03/2025 06:00;12,57;12
13/03/2025 07:00;17,89;11
13/03/2025 08:00;9,33;11
13/03/2025 09:00;8,72;11
13/03/2025 10:00;9;11
13/03/2025 11:00;8,84;11
13/03/2025 12:00;8,96;11
13/03/2025 13:00;12,68;11
13/03/2025 14:00;13,55;11
13/03/2025 15:00;11,68;11
13/03/2025 16:00;7,65;11
13/03/2025 17:00;8,23;12
13/03/2025 18:00;14,23;12
13/03/2025 19:00;10,75;11
13/03/2025 20:00;11,42;11
13/03/2025 21:00;17,35;14,78
13/03/2025 22:00;17,33;14,22
13/03/2025 23:00;9,45;12
14/03/2025 00:00;19,79;12,55
14/03/2025 01:00;9,24;11
14/03/2025 02:00;10,09;12
14/03/2025 03:00;9,27;12
14/03/2025 04:00;9,24;11
14/03/2025 05:00;22,62;12
14/03/2025 06:00;11,92;11
14/03/2025 07:00;17,69;11
14/03/2025 08:00;10,11;11
14/03/2025 09:00;9,62;11
14/03/2025 10:00;8,84;11
14/03/2025 11:00;9,45;11
14/03/2025 12:00;8,57;10,5
14/03/2025 13:00;8,67;11
14/03/2025 14:00;8,38;11
14/03/2025 15:00;8,36;10,5
14/03/2025 16:00;8,14;10,5
14/03/2025 17:00;8,42;10,5
14/03/2025 18:00;10,35;11
14/03/2025 19:00;16,56;14,78
14/03/2025 20:00;18,67;14,22
14/03/2025 21:00;17,51;11
14/03/2025 22:00;6,59;10,5
14/03/2025 23:00;7,98;10,5
15/03/2025 00:00;7,23;10,5
15/03/2025 01:00;19,54;11
15/03/2025 02:00;8,42;10,5
15/03/2025 03:00;9,25;10,5
15/03/2025 04:00;8,79;10,5
15/03/2025 05:00;8,55;10,5
15/03/2025 06:00;8,71;10,5
15/03/2025 07:00;8,52;10,5
15/03/2025 08:00;8,51;10,5
15/03/2025 09:00;7,06;10,5
15/03/2025 10:00;7,96;10,5
15/03/2025 11:00;8,3;10,5
15/03/2025 12:00;9,16;10,5
15/03/2025 13:00;9,3;10,5
15/03/2025 14:00;9,14;10,5
15/03/2025 15:00;9,36;10,5
15/03/2025 16:00;9,03;10,5
15/03/2025 17:00;9,38;10,5
15/03/2025 18:00;8,84;10,5
15/03/2025 19:00;9,76;10,5
15/03/2025 20:00;9,56;10,5
15/03/2025 21:00;7,82;10,5
15/03/2025 22:00;7,95;10,5
15/03/2025 23:00;8,07;10,5
16/03/2025 00:00;8,47;10,5
16/03/2025 01:00;8,16;10,5
16/03/2025 02:00;7,96;10,5
16/03/2025 03:00;7,86;10,5
16/03/2025 04:00;8,05;10,5
16/03/2025 05:00;7,68;10,5
16/03/2025 06:00;7,35;10,5
16/03/2025 07:00;9,09;10,5
16/03/2025 08:00;7,86;10,5
16/03/2025 09:00;7,7;10,5
16/03/2025 10:00;7,33;10,5
16/03/2025 11:00;8,02;10,5
16/03/2025 12:00;7,83;10,5
16/03/2025 13:00;8,07;10,5
16/03/2025 14:00;7,93;10,5
16/03/2025 15:00;8,74;10,5
16/03/2025 16:00;8,7;10,5
16/03/2025 17:00;9,28;10,5
16/03/2025 18:00;18,74;10,5
16/03/2025 19:00;17,4;10,5
16/03/2025 20:00;9,28;10,5
16/03/2025 21:00;9,2;11
16/03/2025 22:00;18,18;10,5
16/03/2025 23:00;7,99;10,5
17/03/2025 00:00;7,02;10,5
17/03/2025 01:00;7,63;10,5
17/03/2025 02:00;8,09;10,5
17/03/2025 03:00;7,52;10,5
17/03/2025 04:00;7,58;10,5
17/03/2025 05:00;7,35;10,5
17/03/2025 06:00;7,37;10,5
17/03/2025 07:00;7,58;10,5
17/03/2025 08:00;19,27;10,5
17/03/2025 09:00;7,72;10,5
17/03/2025 10:00;7,59;10,5
17/03/2025 11:00;8,05;10,5
17/03/2025 12:00;7,16;10,5
17/03/2025 13:00;7,33;10,5
17/03/2025 14:00;7,26;10,5
17/03/2025 15:00;7,58;10,5
17/03/2025 16:00;7,72;10,5
17/03/2025 17:00;7,92;10,5
17/03/2025 18:00;19,06;10,5
17/03/2025 19:00;9,59;10,5
17/03/2025 20:00;7,58;10,5
17/03/2025 21:00;8,5;11
17/03/2025 22:00;20,43;10,5
17/03/2025 23:00;13,63;10,5
18/03/2025 00:00;19,7;10,5
18/03/2025 01:00;8,23;10,5
18/03/2025 02:00;7,4;10
18/03/2025 03:00;7,13;10,5
18/03/2025 04:00;7,46;10,5
18/03/2025 05:00;7,46;10,5
18/03/2025 06:00;20,16;10,5
18/03/2025 07:00;8,74;10,5
18/03/2025 08:00;9,47;10,5
18/03/2025 09:00;8,35;10,5
18/03/2025 10:00;9,07;10
18/03/2025 11:00;8,53;10,5
18/03/2025 12:00;6,43;10,5
18/03/2025 13:00;6,45;10,5
18/03/2025 14:00;6,4;10,5
18/03/2025 15:00;6,37;10,5
18/03/2025 16:00;6,32;10,5
18/03/2025 17:00;6,32;10,5
18/03/2025 18:00;23,47;12
18/03/2025 19:00;10,62;10
18/03/2025 20:00;10;10,5
18/03/2025 21:00;11,31;10,5
18/03/2025 22:00;8,55;10
18/03/2025 23:00;10,01;10,5
19/03/2025 00:00;8,93;10,5
19/03/2025 01:00;6,5;10,5
19/03/2025 02:00;6,44;10,5
19/03/2025 03:00;6,44;10,5
19/03/2025 04:00;6,4;10,5
19/03/2025 05:00;6,43;10,5
19/03/2025 06:00;26,88;12,55
19/03/2025 07:00;17,1;10,5
19/03/2025 08:00;9,44;10
19/03/2025 09:00;10,54;10,5
19/03/2025 10:00;8,6;10
19/03/2025 11:00;9,83;10
19/03/2025 12:00;9,83;10,5
19/03/2025 13:00;6,52;10,5
19/03/2025 14:00;6,74;10,5
19/03/2025 15:00;6,52;10,5
19/03/2025 16:00;6,49;10,5
19/03/2025 17:00;6,44;10,5
19/03/2025 18:00;31,09;13,67
19/03/2025 19:00;11,98;10,5
19/03/2025 20:00;11,91;11
19/03/2025 21:00;18,21;11
19/03/2025 22:00;9,64;10
19/03/2025 23:00;8,25;10
20/03/2025 00:00;9,46;10
20/03/2025 01:00;8,81;10
20/03/2025 02:00;9,74;10
20/03/2025 03:00;10,25;10
20/03/2025 04:00;8,04;10
20/03/2025 05:00;8,25;10
20/03/2025 06:00;7,5;10
20/03/2025 07:00;18,96;10,5
20/03/2025 08:00;16,69;11
20/03/2025 09:00;18,14;10,5
20/03/2025 10:00;7,89;10,5
20/03/2025 11:00;9,83;10,5
20/03/2025 12:00;8,53;10,5
20/03/2025 13:00;6,65;10,5
20/03/2025 14:00;3,28;4
20/03/2025 15:00;4,97;4
20/03/2025 16:00;18,29;10,5
20/03/2025 17:00;9,4;10
20/03/2025 18:00;14,97;13,11
20/03/2025 19:00;12,06;11
20/03/2025 20:00;23,01;10,5
20/03/2025 21:00;23,41;11
20/03/2025 22:00;9,47;10,5
20/03/2025 23:00;8,28;10,5
21/03/2025 00:00;9,81;10,5
21/03/2025 01:00;10,32;10,5
21/03/2025 02:00;7,16;10,5
21/03/2025 03:00;7,34;11
21/03/2025 04:00;7,35;11
21/03/2025 05:00;7,95;12
21/03/2025 06:00;10,41;12,55
21/03/2025 07:00;10,79;13,67
21/03/2025 08:00;12,32;15,33
21/03/2025 09:00;25,54;17
21/03/2025 10:00;17,49;21,03
21/03/2025 11:00;21,3;21,84
21/03/2025 12:00;16,84;13,67
21/03/2025 13:00;17,1;13,67
21/03/2025 14:00;17,01;13,67
21/03/2025 15:00;17,4;13,11
21/03/2025 16:00;16,09;12,55
21/03/2025 17:00;25,8;26,68
21/03/2025 18:00;30,29;28,29
21/03/2025 19:00;27,12;28,29
21/03/2025 20:00;28,3;29,9
21/03/2025 21:00;27,99;29,9
21/03/2025 22:00;17,19;23,45
21/03/2025 23:00;18,6;22,64
22/03/2025 00:00;15,98;21,84
22/03/2025 01:00;15,74;21,84
22/03/2025 02:00;15,15;21,84
22/03/2025 03:00;15,54;21,03
22/03/2025 04:00;15,27;21,03
22/03/2025 05:00;15,94;21,03
22/03/2025 06:00;15,81;22,64
22/03/2025 07:00;16,12;23,45
22/03/2025 08:00;16,23;25,06
22/03/2025 09:00;16,42;25,06
22/03/2025 10:00;17,88;24,25
22/03/2025 11:00;17,82;25,06
22/03/2025 12:00;19,34;24,25
22/03/2025 13:00;17,37;22,64
22/03/2025 14:00;19,2;22,64
22/03/2025 15:00;18,2;21,84
22/03/2025 16:00;16,3;21,84
22/03/2025 17:00;16,82;21,84
22/03/2025 18:00;26,35;23,45
22/03/2025 19:00;29,67;29,09
22/03/2025 20:00;25,63;28,29
22/03/2025 21:00;18,13;27,48
22/03/2025 22:00;17,86;25,87
22/03/2025 23:00;17,47;25,87
23/03/2025 00:00;18,17;25,87
23/03/2025 01:00;17,91;25,87
23/03/2025 02:00;19,16;24,25
23/03/2025 03:00;15,9;19,41
23/03/2025 04:00;15,56;17,8
23/03/2025 05:00;15,02;17
23/03/2025 06:00;15,54;17
23/03/2025 07:00;14,91;17
23/03/2025 08:00;14,32;16,45
23/03/2025 09:00;14,65;17
23/03/2025 10:00;14,79;16,45
23/03/2025 11:00;14,96;16,45
23/03/2025 12:00;15,3;16,45
23/03/2025 13:00;13,81;16,45
23/03/2025 14:00;14,5;16,45
23/03/2025 15:00;14,68;15,33
23/03/2025 16:00;13,18;15,33
23/03/2025 17:00;13,87;15,33
23/03/2025 18:00;21,48;18,61
23/03/2025 19:00;19,19;18,61
23/03/2025 20:00;20,82;21,03
23/03/2025 21:00;21,22;21,84
23/03/2025 22:00;20,88;21,84
23/03/2025 23:00;23,76;25,06
24/03/2025 00:00;25,54;25,06
24/03/2025 01:00;17,57;20,22
24/03/2025 02:00;16,72;20,22
24/03/2025 03:00;15,63;18,61
24/03/2025 04:00;12,22;15,89
24/03/2025 05:00;12,07;15,33
24/03/2025 06:00;19,49;18,61
24/03/2025 07:00;17,72;17,8
24/03/2025 08:00;17,83;17,8
24/03/2025 09:00;15,09;15,89
24/03/2025 10:00;19,56;15,33
24/03/2025 11:00;24,37;15,89
24/03/2025 12:00;11,82;13,67
24/03/2025 13:00;11,25;13,67
24/03/2025 14:00;13,28;13,11
24/03/2025 15:00;10,27;13,11
24/03/2025 16:00;10,92;13,11
24/03/2025 17:00;17,65;15,33
24/03/2025 18:00;15,18;15,89
24/03/2025 19:00;14,91;15,89
24/03/2025 20:00;14,93;15,89
24/03/2025 21:00;17,51;16,45
24/03/2025 22:00;18,49;17
24/03/2025 23:00;15,98;17
25/03/2025 00:00;17,38;15,89
25/03/2025 01:00;13,41;13,67
25/03/2025 02:00;11,48;14,22
25/03/2025 03:00;10,33;13,67
25/03/2025 04:00;10,55;13,67
25/03/2025 05:00;10,82;13,67
25/03/2025 06:00;16,37;15,33
25/03/2025 07:00;19,83;13,67
25/03/2025 08:00;11;14,22
25/03/2025 09:00;23,35;14,78
25/03/2025 10:00;18,35;13,11
25/03/2025 11:00;11,61;13,11
25/03/2025 12:00;9,76;13,67
25/03/2025 13:00;11,32;13,67
25/03/2025 14:00;11,64;13,67
25/03/2025 15:00;11,14;13,67
25/03/2025 16:00;10,68;13,67
25/03/2025 17:00;11,34;14,78
25/03/2025 18:00;9,95;13,67
25/03/2025 19:00;16,23;14,78
25/03/2025 20:00;14,7;15,33
25/03/2025 21:00;14,41;15,89
25/03/2025 22:00;14,66;15,89
25/03/2025 23:00;17,34;15,89
26/03/2025 00:00;11,09;13,67
26/03/2025 01:00;10,22;13,67
26/03/2025 02:00;9,56;13,67
26/03/2025 03:00;9,69;13,67
26/03/2025 04:00;9,74;13,11
26/03/2025 05:00;8,72;13,11
26/03/2025 06:00;15,36;14,22
26/03/2025 07:00;15,86;15,89
26/03/2025 08:00;14,71;15,89
26/03/2025 09:00;16,55;15,89
26/03/2025 10:00;11,48;13,11
26/03/2025 11:00;10,46;13,11
26/03/2025 12:00;9,68;13,11
26/03/2025 13:00;10,39;13,11
26/03/2025 14:00;14,09;13,11
26/03/2025 15:00;16,78;13,11
26/03/2025 16:00;11,26;13,11
26/03/2025 17:00;16,15;14,22
26/03/2025 18:00;14,07;13,67
26/03/2025 19:00;15,01;15,33
26/03/2025 20:00;14,19;15,33
26/03/2025 21:00;15,55;15,89
26/03/2025 22:00;14,65;15,33
26/03/2025 23:00;22,08;15,33
27/03/2025 00:00;14,5;15,33
27/03/2025 01:00;14,82;15,33
27/03/2025 02:00;13,17;13,11
27/03/2025 03:00;12,87;13,11
27/03/2025 04:00;12,01;13,11
27/03/2025 05:00;12,8;13,11
27/03/2025 06:00;14,13;13,67
27/03/2025 07:00;14,36;15,33
27/03/2025 08:00;16,61;15,33
27/03/2025 09:00;11,09;13,11
27/03/2025 10:00;8,71;8
27/03/2025 11:00;18,18;13,11
27/03/2025 12:00;12,79;13,11
27/03/2025 13:00;14,39;13,11
27/03/2025 14:00;9,91;12,55
27/03/2025 15:00;7,28;8
27/03/2025 16:00;14,64;12,55
27/03/2025 17:00;11,58;14,22
27/03/2025 18:00;12,2;13,11
27/03/2025 19:00;14,53;13,67
27/03/2025 20:00;14,7;14,78
27/03/2025 21:00;14,59;15,89
27/03/2025 22:00;24,32;14,78
27/03/2025 23:00;14,28;14,78
28/03/2025 00:00;17,26;13,67
28/03/2025 01:00;10,61;12,55
28/03/2025 02:00;11,09;12,55
28/03/2025 03:00;11,54;12,55
28/03/2025 04:00;11,08;12,55
28/03/2025 05:00;11,34;12,55
28/03/2025 06:00;11,32;12,55
28/03/2025 07:00;11,5;12,55
28/03/2025 08:00;11,37;12,55
28/03/2025 09:00;10,23;12,55
28/03/2025 10:00;11;12,55
28/03/2025 11:00;10,73;12,55
28/03/2025 12:00;11,28;13,11
28/03/2025 13:00;11,63;12,55
28/03/2025 14:00;11,33;12,55
28/03/2025 15:00;12,31;12,55
28/03/2025 16:00;14,36;12,55
28/03/2025 17:00;9,28;13,11
28/03/2025 18:00;8,88;12,55
28/03/2025 19:00;8,91;12,55
28/03/2025 20:00;9,2;12,55
28/03/2025 21:00;9,63;12,55
28/03/2025 22:00;11,44;13,11
28/03/2025 23:00;9,48;13,11
29/03/2025 00:00;9,01;13,11
29/03/2025 01:00;9,25;13,11
29/03/2025 02:00;9,43;13,67
29/03/2025 03:00;9,7;13,67
29/03/2025 04:00;9,63;13,67
29/03/2025 05:00;9,87;13,67
29/03/2025 06:00;9,66;13,67
29/03/2025 07:00;9,79;13,67
29/03/2025 08:00;9,19;13,67
29/03/2025 09:00;9,45;13,67
29/03/2025 10:00;9,35;13,67
29/03/2025 11:00;9,72;13,67
29/03/2025 12:00;9,21;13,67
29/03/2025 13:00;9,71;13,11
29/03/2025 14:00;9,37;13,67
29/03/2025 15:00;8,79;13,11
29/03/2025 16:00;8,9;13,11
29/03/2025 17:00;9,21;13,11
29/03/2025 18:00;29,03;15,33
29/03/2025 19:00;15,01;13,11
29/03/2025 20:00;22,04;13,11
29/03/2025 21:00;10,47;13,67
29/03/2025 22:00;14,14;13,11
29/03/2025 23:00;9,69;13,11
30/03/2025 00:00;9,25;13,11
30/03/2025 01:00;9,08;13,11
30/03/2025 03:00;9,09;13,11
30/03/2025 04:00;8,8;13,11
30/03/2025 05:00;8,93;13,11
30/03/2025 06:00;9,14;13,11
30/03/2025 07:00;9,19;13,11
30/03/2025 08:00;9,1;13,11
30/03/2025 09:00;16,4;13,11
30/03/2025 10:00;10,4;13,11
30/03/2025 11:00;13,32;13,11
30/03/2025 12:00;9,35;13,11
30/03/2025 13:00;8,93;13,11
30/03/2025 14:00;8,85;13,11
30/03/2025 15:00;8,66;13,11
30/03/2025 16:00;9,17;13,11
30/03/2025 17:00;9,31;13,11
30/03/2025 18:00;8,79;13,11
30/03/2025 19:00;8,84;13,11
30/03/2025 20:00;9,2;13,11
30/03/2025 21:00;8,93;13,11
30/03/2025 22:00;9,19;13,11
30/03/2025 23:00;8,92;13,11
31/03/2025 00:00;8,94;13,11
31/03/2025 01:00;15,34;13,11
31/03/2025 02:00;9,64;12,55
31/03/2025 03:00;11,25;13,11
31/03/2025 04:00;9,3;13,11
31/03/2025 05:00;9,21;13,11
31/03/2025 06:00;16,73;15,89
31/03/2025 07:00;15,42;15,89
31/03/2025 08:00;14,81;14,78
31/03/2025 09:00;20,64;13,67
31/03/2025 10:00;10,19;12,55
31/03/2025 11:00;10,79;12,55
31/03/2025 12:00;10,45;12,55
31/03/2025 13:00;12,74;12
31/03/2025 14:00;20,53;12,55
31/03/2025 15:00;13,46;12
31/03/2025 16:00;13,69;12,55
31/03/2025 17:00;13,95;12,55
31/03/2025 18:00;13,07;12,55
31/03/2025 19:00;18,01;15,33
31/03/2025 20:00;15,62;15,33
31/03/2025 21:00;14,23;14,22
31/03/2025 22:00;14,21;13,67
31/03/2025 23:00;17,97;13,67
01/04/2025 00:00;12,7;12,55
01/04/2025 01:00;11,08;12,55
01/04/2025 02:00;10,73;12,55
01/04/2025 03:00;11,03;12,55
01/04/2025 04:00;10,29;12,55
01/04/2025 05:00;10,47;12,55
01/04/2025 06:00;17,83;15,89
01/04/2025 07:00;14,79;15,33
01/04/2025 08:00;24,9;13,67
01/04/2025 09:00;17,58;13,67
01/04/2025 10:00;10,93;17,8
01/04/2025 11:00;16,9;17,8
01/04/2025 12:00;31,63;25,87
01/04/2025 13:00;20,2;17,8
01/04/2025 14:00;22,91;18,61
01/04/2025 15:00;22,71;19,41
01/04/2025 16:00;16,03;19,41
01/04/2025 17:00;22,06;12,55
01/04/2025 18:00;11,94;12,55
01/04/2025 19:00;12,71;12,55
01/04/2025 20:00;21,51;14,22
01/04/2025 21:00;13,26;12,55
01/04/2025 22:00;10,36;12,55
01/04/2025 23:00;12,75;12,55
02/04/2025 00:00;11,45;12,55
02/04/2025 01:00;12,4;12,55
02/04/2025 02:00;11,38;12,55
02/04/2025 03:00;9,56;12,55
02/04/2025 04:00;9,6;12,55
02/04/2025 05:00;11,31;12,55
02/04/2025 06:00;11,29;12,55
02/04/2025 07:00;25,34;14,78
02/04/2025 08:00;18,88;14,78
02/04/2025 09:00;15,34;13,11
02/04/2025 10:00;30,01;21,03
02/04/2025 11:00;12,53;8
02/04/2025 12:00;11,25;6,88
02/04/2025 13:00;26,17;12,55
02/04/2025 14:00;31,23;14,78
02/04/2025 15:00;22,25;12
02/04/2025 16:00;30,19;23,45
02/04/2025 17:00;10,06;15,89
02/04/2025 18:00;8,95;12,55
02/04/2025 19:00;16,4;12,55
02/04/2025 20:00;14,29;12,55
02/04/2025 21:00;10,93;12,55
02/04/2025 22:00;12,18;12,55
02/04/2025 23:00;10,92;12,55
03/04/2025 00:00;10,81;12,55
03/04/2025 01:00;11,17;12,55
03/04/2025 02:00;10,34;12,55
03/04/2025 03:00;10,81;13,67
03/04/2025 04:00;10,77;13,67
03/04/2025 05:00;11,77;13,11
03/04/2025 06:00;12,75;13,11
03/04/2025 07:00;14,91;13,67
03/04/2025 08:00;14,62;15,33
03/04/2025 09:00;37,24;30,71
03/04/2025 10:00;29,75;26,68
03/04/2025 11:00;27,82;26,68
03/04/2025 12:00;27,93;26,68
03/04/2025 13:00;25,12;25,06
03/04/2025 14:00;15,93;20,22
03/04/2025 15:00;16,36;19,41
03/04/2025 16:00;13,05;12,55
03/04/2025 17:00;12,36;12,55
03/04/2025 18:00;22,59;13,11
03/04/2025 19:00;17,75;12,55
03/04/2025 20:00;14,59;14,78
03/04/2025 21:00;17,25;14,78
03/04/2025 22:00;18,09;15,33
03/04/2025 23:00;14,02;14,78
04/04/2025 00:00;18,41;13,67
04/04/2025 01:00;12,81;12,55
04/04/2025 02:00;9,72;12,55
04/04/2025 03:00;12,54;12,55
04/04/2025 04:00;11,14;12,55
04/04/2025 05:00;10,09;12,55
04/04/2025 06:00;11,24;12,55
04/04/2025 07:00;18,1;15,33
04/04/2025 08:00;14,47;14,78
04/04/2025 09:00;13,5;14,22
04/04/2025 10:00;21,57;13,11
04/04/2025 11:00;11,9;12,55
04/04/2025 12:00;11,16;12,55
04/04/2025 13:00;10,84;12,55
04/04/2025 14:00;11,77;12,55
04/04/2025 15:00;13,36;12,55
04/04/2025 16:00;12,8;12,55
04/04/2025 17:00;11,97;12,55
04/04/2025 18:00;14,68;13,67
04/04/2025 19:00;25,12;14,22
04/04/2025 20:00;18,47;13,67
04/04/2025 21:00;19,17;15,89
04/04/2025 22:00;17,42;15,89
04/04/2025 23:00;10,97;13,67
05/04/2025 00:00;10,89;13,11
05/04/2025 01:00;11,22;13,11
05/04/2025 02:00;10,05;13,11
05/04/2025 03:00;9,31;13,11
05/04/2025 04:00;10,42;13,11
05/04/2025 05:00;9,24;13,11
05/04/2025 06:00;10;13,11
05/04/2025 07:00;9,03;13,67
05/04/2025 08:00;8,88;13,67
05/04/2025 09:00;9,97;13,67
05/04/2025 10:00;27,26;22,64
05/04/2025 11:00;27,2;22,64
05/04/2025 12:00;27,94;22,64
05/04/2025 13:00;27,16;22,64
05/04/2025 14:00;27,12;22,64
05/04/2025 15:00;26,59;21,84
05/04/2025 16:00;27,14;22,64
05/04/2025 17:00;12,95;14,22
05/04/2025 18:00;13,95;13,67
05/04/2025 19:00;9,34;13,11
05/04/2025 20:00;10,18;13,11
05/04/2025 21:00;10,25;13,67
05/04/2025 22:00;10,94;13,67
05/04/2025 23:00;10,77;13,67
06/04/2025 00:00;11,15;13,67
06/04/2025 01:00;10,98;13,67
06/04/2025 02:00;10,76;13,67
06/04/2025 03:00;11,4;13,67
06/04/2025 04:00;10,58;13,67
06/04/2025 05:00;9,93;13,67
06/04/2025 06:00;10,43;13,67
06/04/2025 07:00;10,51;13,11
06/04/2025 08:00;14,78;15,33
06/04/2025 09:00;29,76;23,45
06/04/2025 10:00;37,06;27,48
06/04/2025 11:00;39,99;29,09
06/04/2025 12:00;39,42;29,09
06/04/2025 13:00;39,97;29,09
06/04/2025 14:00;39,94;29,9
06/04/2025 15:00;28,75;23,45
06/04/2025 16:00;28,78;23,45
06/04/2025 17:00;29;23,45
06/04/2025 18:00;12,77;13,67
06/04/2025 19:00;10,97;13,67
06/04/2025 20:00;11,31;13,67
06/04/2025 21:00;11,48;13,67
06/04/2025 22:00;11,34;13,67
06/04/2025 23:00;11,63;13,67
07/04/2025 00:00;10,8;13,67
07/04/2025 01:00;11,36;13,67
07/04/2025 02:00;12,1;13,67
07/04/2025 03:00;12,77;13,67
07/04/2025 04:00;11,7;13,67
07/04/2025 05:00;12,28;14,22
07/04/2025 06:00;12,33;14,22
07/04/2025 07:00;18,84;17
07/04/2025 08:00;14,81;16,45
07/04/2025 09:00;16,18;16,45
07/04/2025 10:00;16,71;16,45
07/04/2025 11:00;12,95;14,22
07/04/2025 12:00;13,99;13,67
07/04/2025 13:00;13,1;13,67
07/04/2025 14:00;11,06;13,11
07/04/2025 15:00;12,79;13,11
07/04/2025 16:00;13,55;13,11
07/04/2025 17:00;12,16;13,11
07/04/2025 18:00;12,17;13,67
07/04/2025 19:00;11,77;13,67
07/04/2025 20:00;12,36;13,67
07/04/2025 21:00;18,33;17,8
07/04/2025 22:00;16,79;17
07/04/2025 23:00;14,06;14,78
08/04/2025 00:00;13,33;15,89
08/04/2025 01:00;12,95;15,89
08/04/2025 02:00;12,58;14,78
08/04/2025 03:00;12,5;15,89
08/04/2025 04:00;12,52;16,45
08/04/2025 05:00;12,67;16,45
08/04/2025 06:00;12,99;16,45
08/04/2025 07:00;13,12;16,45
08/04/2025 08:00;24,55;21,03
08/04/2025 09:00;18,32;20,22
08/04/2025 10:00;19,06;17
08/04/2025 11:00;12,74;16,45
08/04/2025 12:00;12,5;15,89
08/04/2025 13:00;13,15;17
08/04/2025 14:00;13,35;17
08/04/2025 15:00;12,62;15,89
08/04/2025 16:00;14,38;17
08/04/2025 17:00;14,3;16,45
08/04/2025 18:00;16,76;17
08/04/2025 19:00;25,23;21,03
08/04/2025 20:00;20,66;21,84
08/04/2025 21:00;21,14;22,64
08/04/2025 22:00;21,05;22,64
08/04/2025 23:00;21,14;22,64
09/04/2025 00:00;27,01;22,64
09/04/2025 01:00;26,19;19,41
09/04/2025 02:00;20,88;18,61
09/04/2025 03:00;23,39;18,61
09/04/2025 04:00;15,11;17,8
09/04/2025 05:00;16,43;17,8
09/04/2025 06:00;15,18;17,8
09/04/2025 07:00;15,36;17,8
09/04/2025 08:00;15,51;17,8
09/04/2025 09:00;14,13;17,8
09/04/2025 10:00;21,81;17,8
09/04/2025 11:00;14,15;18,61
09/04/2025 12:00;13,3;18,61
09/04/2025 13:00;14,37;18,61
09/04/2025 14:00;14,43;16,45
09/04/2025 15:00;15,65;16,45
09/04/2025 16:00;12,89;16,45
09/04/2025 17:00;13,06;16,45
09/04/2025 18:00;13,16;16,45
09/04/2025 19:00;12,23;16,45
09/04/2025 20:00;13,56;17
09/04/2025 21:00;13,63;17
09/04/2025 22:00;13,67;17,8
09/04/2025 23:00;13,52;18,61
10/04/2025 00:00;13;18,61
10/04/2025 01:00;14,33;19,41
10/04/2025 02:00;14,45;19,41
10/04/2025 03:00;13,81;18,61
10/04/2025 04:00;13,75;18,61
10/04/2025 05:00;13,86;18,61
10/04/2025 06:00;13,8;18,61
10/04/2025 07:00;12,51;18,61
10/04/2025 08:00;12,66;18,61
10/04/2025 09:00;12,36;18,61
10/04/2025 10:00;13,72;17,8
10/04/2025 11:00;13,81;18,61
10/04/2025 12:00;13,25;17
10/04/2025 13:00;13,79;15,33
10/04/2025 14:00;18,65;15,33
10/04/2025 15:00;15,82;14,78
10/04/2025 16:00;12,05;14,22
10/04/2025 17:00;12,4;14,78
10/04/2025 18:00;12,49;14,78
10/04/2025 19:00;11,67;14,78
10/04/2025 20:00;12,5;14,78
10/04/2025 21:00;11,9;14,78
10/04/2025 22:00;13,41;14,78
10/04/2025 23:00;12,4;14,78
11/04/2025 00:00;12,75;14,78
11/04/2025 01:00;13,04;17,8
11/04/2025 02:00;13,22;18,61
11/04/2025 03:00;13,39;18,61
11/04/2025 04:00;13,49;18,61
11/04/2025 05:00;12,72;18,61
11/04/2025 06:00;19,36;20,22
11/04/2025 07:00;16,23;18,61
11/04/2025 08:00;24,01;22,64
11/04/2025 09:00;20,79;22,64
11/04/2025 10:00;29,85;21,84
11/04/2025 11:00;15,36;17,8
11/04/2025 12:00;13,29;17,8
11/04/2025 13:00;12,54;17
11/04/2025 14:00;13,62;17
11/04/2025 15:00;14,71;17
11/04/2025 16:00;14,14;17
11/04/2025 17:00;13,64;17
11/04/2025 18:00;13,13;17
11/04/2025 19:00;12,61;17
11/04/2025 20:00;12,5;17
11/04/2025 21:00;13,27;17
11/04/2025 22:00;12,65;17
11/04/2025 23:00;14,16;16,45
12/04/2025 00:00;12,9;14,78
12/04/2025 01:00;12,41;14,78
12/04/2025 02:00;12,13;14,78
12/04/2025 03:00;11,83;14,78
12/04/2025 04:00;11,82;14,78
12/04/2025 05:00;12,14;14,78
12/04/2025 06:00;11,78;14,78
12/04/2025 07:00;13,33;17
12/04/2025 08:00;12,75;17,8
12/04/2025 09:00;13,06;17,8
12/04/2025 10:00;13,16;17,8
12/04/2025 11:00;13,3;17,8
12/04/2025 12:00;12,88;17,8
12/04/2025 13:00;12,35;17
12/04/2025 14:00;15,04;17
12/04/2025 15:00;12,96;17
12/04/2025 16:00;13,2;17
12/04/2025 17:00;12,85;17
12/04/2025 18:00;13,41;15,33
12/04/2025 19:00;13,05;15,33
12/04/2025 20:00;12,66;15,33
12/04/2025 21:00;11,83;15,33
12/04/2025 22:00;12,12;15,33
12/04/2025 23:00;12,81;15,33
13/04/2025 00:00;14,54;15,89
13/04/2025 01:00;12,79;15,89
13/04/2025 02:00;12,48;16,45
13/04/2025 03:00;12,28;16,45
13/04/2025 04:00;15,65;20,22
13/04/2025 05:00;12,05;18,61
13/04/2025 06:00;12,93;16,45
13/04/2025 07:00;12,38;15,33
13/04/2025 08:00;12,25;15,33
13/04/2025 09:00;22,73;15,89
13/04/2025 10:00;31,29;25,06
13/04/2025 11:00;39,75;29,9
13/04/2025 12:00;39,78;29,9
13/04/2025 13:00;38,69;29,09
13/04/2025 14:00;38,68;29,09
13/04/2025 15:00;21,48;15,89
13/04/2025 16:00;12,55;15,33
13/04/2025 17:00;12,13;15,89
13/04/2025 18:00;11,95;15,89
13/04/2025 19:00;12,94;15,89
13/04/2025 20:00;13,06;15,89
13/04/2025 21:00;11,88;15,89
13/04/2025 22:00;12,75;15,89
13/04/2025 23:00;12,75;15,89
14/04/2025 00:00;12,95;15,89
14/04/2025 01:00;13;15,89
14/04/2025 02:00;13,48;20,22
14/04/2025 03:00;14,51;21,03
14/04/2025 04:00;14,16;21,84
14/04/2025 05:00;14,14;21,84
14/04/2025 06:00;13,92;21,84
14/04/2025 07:00;13,42;21,84
14/04/2025 08:00;15,01;21,84
14/04/2025 09:00;14,47;21,84
14/04/2025 10:00;13,62;21,84
14/04/2025 11:00;16,88;21,84
14/04/2025 12:00;15,09;21,03
14/04/2025 13:00;14,9;20,22
14/04/2025 14:00;13,52;20,22
14/04/2025 15:00;15,35;21,03
14/04/2025 16:00;14,06;20,22
14/04/2025 17:00;14,92;21,03
14/04/2025 18:00;15,99;21,84
14/04/2025 19:00;15,31;22,64
14/04/2025 20:00;14,19;23,45
14/04/2025 21:00;14,26;24,25
14/04/2025 22:00;14,37;24,25
14/04/2025 23:00;15,1;23,45
15/04/2025 00:00;15,12;23,45
15/04/2025 01:00;15,48;23,45
15/04/2025 02:00;14,05;23,45
15/04/2025 03:00;15,35;22,64
15/04/2025 04:00;15,75;22,64
15/04/2025 05:00;15,52;22,64
15/04/2025 06:00;15,17;22,64
15/04/2025 07:00;16,29;22,64
15/04/2025 08:00;14,16;22,64
15/04/2025 09:00;14,74;22,64
15/04/2025 10:00;26,51;22,64
15/04/2025 11:00;14,47;21,84
15/04/2025 12:00;14,85;21,84
15/04/2025 13:00;14,43;22,64
15/04/2025 14:00;15,65;22,64
15/04/2025 15:00;14,05;22,64
15/04/2025 16:00;15,07;22,64
15/04/2025 17:00;13,71;22,64
15/04/2025 18:00;14,97;23,45
15/04/2025 19:00;14,36;22,64
15/04/2025 20:00;16,16;23,45
15/04/2025 21:00;13,79;22,64
15/04/2025 22:00;14,4;22,64
15/04/2025 23:00;14,4;22,64
16/04/2025 00:00;14,69;21,84
16/04/2025 01:00;13,52;21,84
16/04/2025 02:00;14,89;21,84
16/04/2025 03:00;12,81;19,41
16/04/2025 04:00;13,69;21,03
16/04/2025 05:00;13,78;21,03
16/04/2025 06:00;13,64;21,03
16/04/2025 07:00;13,86;20,22
16/04/2025 08:00;13,52;20,22
16/04/2025 09:00;15,08;21,84
16/04/2025 10:00;16,86;21,84
16/04/2025 11:00;17,16;21,84
16/04/2025 12:00;14;19,41
16/04/2025 13:00;13,8;18,61
16/04/2025 14:00;13,81;16,45
16/04/2025 15:00;13,88;16,45
16/04/2025 16:00;12,85;16,45
16/04/2025 17:00;14,17;16,45
16/04/2025 18:00;12,56;16,45
16/04/2025 19:00;13,19;15,89
16/04/2025 20:00;13,77;15,89
16/04/2025 21:00;12,75;15,89
16/04/2025 22:00;12,74;16,45
16/04/2025 23:00;12,59;16,45
17/04/2025 00:00;12,63;16,45
17/04/2025 01:00;12,61;15,89
17/04/2025 02:00;12,36;15,89
17/04/2025 03:00;11,51;15,89
17/04/2025 04:00;11,74;15,33
17/04/2025 05:00;11,91;15,89
17/04/2025 06:00;12,09;15,33
17/04/2025 07:00;10,97;15,33
17/04/2025 08:00;11,97;15,33
17/04/2025 09:00;12,1;15,33
17/04/2025 10:00;11,31;15,33
17/04/2025 11:00;11,64;15,33
17/04/2025 12:00;11,29;15,33
17/04/2025 13:00;20,73;15,33
17/04/2025 14:00;20,2;15,33
17/04/2025 15:00;12,18;14,78
17/04/2025 16:00;13,9;15,33
17/04/2025 17:00;12,92;14,78
17/04/2025 18:00;12,75;14,78
17/04/2025 19:00;13,61;15,33
17/04/2025 20:00;12,25;14,78
17/04/2025 21:00;12,36;15,33
17/04/2025 22:00;12,97;14,78
17/04/2025 23:00;11,99;14,78
18/04/2025 00:00;13,09;14,78
18/04/2025 01:00;12,24;14,78
18/04/2025 02:00;11,04;15,33
18/04/2025 03:00;11,4;14,78
18/04/2025 04:00;11,11;14,78
18/04/2025 05:00;11,66;14,78
18/04/2025 06:00;10,9;14,78
18/04/2025 07:00;12,13;14,78
18/04/2025 08:00;10,85;14,78
18/04/2025 09:00;10,82;14,78
18/04/2025 10:00;12,21;14,78
18/04/2025 11:00;20;14,78
18/04/2025 12:00;11,16;14,78
18/04/2025 13:00;13,17;14,78
18/04/2025 14:00;18,58;14,78
18/04/2025 15:00;13,01;14,78
18/04/2025 16:00;12,25;14,78
18/04/2025 17:00;13,06;15,89
18/04/2025 18:00;13,62;15,89
18/04/2025 19:00;12,18;14,78
18/04/2025 20:00;20,34;14,78
18/04/2025 21:00;11,35;14,78
18/04/2025 22:00;10,9;14,78
18/04/2025 23:00;10,79;14,78
19/04/2025 00:00;12,39;14,78
19/04/2025 01:00;12,11;15,33
19/04/2025 02:00;12;15,89
19/04/2025 03:00;12,12;16,45
19/04/2025 04:00;12,91;16,45
19/04/2025 05:00;11,87;17
19/04/2025 06:00;13,23;17
19/04/2025 07:00;12,64;17
19/04/2025 08:00;11,63;16,45
19/04/2025 09:00;12,05;16,45
19/04/2025 10:00;12,75;16,45
19/04/2025 11:00;12,08;16,45
19/04/2025 12:00;12,37;16,45
19/04/2025 13:00;13,19;16,45
19/04/2025 14:00;13,36;17,8
19/04/2025 15:00;13,28;18,61
19/04/2025 16:00;13,2;18,61
19/04/2025 17:00;12,67;18,61
19/04/2025 18:00;13,56;17,8
19/04/2025 19:00;13,62;17,8
19/04/2025 20:00;12,15;17,8
19/04/2025 21:00;12,53;17,8
19/04/2025 22:00;13,86;17
19/04/2025 23:00;11,64;17
20/04/2025 00:00;13,02;17
20/04/2025 01:00;15,63;23,45
20/04/2025 02:00;14,79;24,25
20/04/2025 03:00;15,1;23,45
20/04/2025 04:00;13,59;22,64
20/04/2025 05:00;14,84;21,03
20/04/2025 06:00;12,38;18,61
20/04/2025 07:00;12,27;17
20/04/2025 08:00;13;17
20/04/2025 09:00;13,22;17
20/04/2025 10:00;12,6;17
20/04/2025 11:00;13,5;17
20/04/2025 12:00;13,26;16,45
20/04/2025 13:00;14,1;15,89
20/04/2025 14:00;15,6;15,89
20/04/2025 15:00;12,33;15,89
20/04/2025 16:00;14,97;15,89
20/04/2025 17:00;13,4;15,89
20/04/2025 18:00;12,13;15,89
20/04/2025 19:00;12,3;15,89
20/04/2025 20:00;13,11;15,89
20/04/2025 21:00;12,7;16,45
20/04/2025 22:00;13,13;16,45
20/04/2025 23:00;13,03;16,45
21/04/2025 00:00;13,22;16,45
21/04/2025 01:00;13,48;16,45
21/04/2025 02:00;13,18;16,45
21/04/2025 03:00;13,97;19,41
21/04/2025 04:00;13,19;18,61
21/04/2025 05:00;13,31;17
21/04/2025 06:00;13,11;17
21/04/2025 07:00;12,61;16,45
21/04/2025 08:00;12,17;15,89
21/04/2025 09:00;12,91;15,89
21/04/2025 10:00;13,08;15,89
21/04/2025 11:00;12,48;15,89
21/04/2025 12:00;13,27;15,89
21/04/2025 13:00;11,79;15,89
21/04/2025 14:00;11,8;15,89
21/04/2025 15:00;13,5;15,89
21/04/2025 16:00;12,46;15,33
21/04/2025 17:00;12,69;15,89
21/04/2025 18:00;11,93;15,33
21/04/2025 19:00;11,56;15,89
21/04/2025 20:00;12,06;15,33
21/04/2025 21:00;13,96;15,33
21/04/2025 22:00;22,25;15,89
21/04/2025 23:00;14,47;15,33
22/04/2025 00:00;27,97;17
22/04/2025 01:00;27,1;17
22/04/2025 02:00;26,28;17
22/04/2025 03:00;28,41;17
22/04/2025 04:00;26,55;18,61
22/04/2025 05:00;26,24;18,61
22/04/2025 06:00;28,2;19,41
22/04/2025 07:00;14,4;18,61
22/04/2025 08:00;14,11;18,61
22/04/2025 09:00;19,87;18,61
22/04/2025 10:00;30,34;19,41
22/04/2025 11:00;23,11;19,41
22/04/2025 12:00;13,61;20,22
22/04/2025 13:00;12,23;18,61
22/04/2025 14:00;11,7;17,8
22/04/2025 15:00;11,7;17,8
22/04/2025 16:00;11,42;16,45
22/04/2025 17:00;11,55;16,45
22/04/2025 18:00;17,13;18,61
22/04/2025 19:00;13,17;16,45
22/04/2025 20:00;13,19;16,45
22/04/2025 21:00;12,97;16,45
22/04/2025 22:00;12,93;15,89
22/04/2025 23:00;13,29;16,45
23/04/2025 00:00;13,25;16,45
23/04/2025 01:00;13,32;16,45
23/04/2025 02:00;11,41;15,89
23/04/2025 03:00;10,86;15,33
23/04/2025 04:00;11,01;15,33
23/04/2025 05:00;11,02;15,33
23/04/2025 06:00;10,91;15,33
23/04/2025 07:00;14,4;16,45
23/04/2025 08:00;13,03;15,89
23/04/2025 09:00;12,84;15,89
23/04/2025 10:00;12,87;15,89
23/04/2025 11:00;11,02;15,33
23/04/2025 12:00;10,99;15,33
23/04/2025 13:00;10,86;15,33
23/04/2025 14:00;10,51;14,78
23/04/2025 15:00;10,54;14,78
23/04/2025 16:00;11,02;15,33
23/04/2025 17:00;10,88;15,33
23/04/2025 18:00;13,7;15,89
23/04/2025 19:00;12,3;15,33
23/04/2025 20:00;12,38;15,33
23/04/2025 21:00;12,41;15,33
23/04/2025 22:00;12,73;15,33
23/04/2025 23:00;12,84;15,33
24/04/2025 00:00;13,37;15,89
24/04/2025 01:00;11,18;14,78
24/04/2025 02:00;11,42;15,33
24/04/2025 03:00;11,34;15,33
24/04/2025 04:00;11,35;15,33
24/04/2025 05:00;11,37;15,33
24/04/2025 06:00;15,92;17
24/04/2025 07:00;13,27;15,89
24/04/2025 08:00;13,33;16,45
24/04/2025 09:00;13,25;15,89
24/04/2025 10:00;13,26;15,89
24/04/2025 11:00;13,12;15,89
24/04/2025 12:00;13,23;16,45
24/04/2025 13:00;12,24;15,89
24/04/2025 14:00;10,24;10
24/04/2025 15:00;6,36;4
24/04/2025 16:00;13,78;15,33
24/04/2025 17:00;10,88;15,33
24/04/2025 18:00;14,38;16,45
24/04/2025 19:00;12,34;15,33
24/04/2025 20:00;12,63;15,89
24/04/2025 21:00;17,94;17,8
24/04/2025 22:00;14,89;17
24/04/2025 23:00;18,76;18,61
25/04/2025 00:00;15,26;17
25/04/2025 01:00;14,78;17
25/04/2025 02:00;16,99;17,8
25/04/2025 03:00;13,51;16,45
25/04/2025 04:00;12,99;15,89
25/04/2025 05:00;13,19;17
25/04/2025 06:00;13,78;17,8
25/04/2025 07:00;13,68;17,8
25/04/2025 08:00;13,66;17,8
25/04/2025 09:00;22,11;18,61
25/04/2025 10:00;13,78;17,8
25/04/2025 11:00;13,94;17,8
25/04/2025 12:00;13,38;17
25/04/2025 13:00;13,51;17
25/04/2025 14:00;13,11;17
25/04/2025 15:00;13,18;17
25/04/2025 16:00;13,53;17
25/04/2025 17:00;13,11;17
25/04/2025 18:00;13,09;17
25/04/2025 19:00;15,6;18,61
25/04/2025 20:00;15,54;18,61
25/04/2025 21:00;15,38;18,61
25/04/2025 22:00;15,84;19,41
25/04/2025 23:00;15,81;19,41
26/04/2025 00:00;16,06;19,41
26/04/2025 01:00;16,73;20,22
26/04/2025 02:00;16,83;20,22
26/04/2025 03:00;12,82;17
26/04/2025 04:00;12,41;15,89
26/04/2025 05:00;12,97;16,45
26/04/2025 06:00;12,86;17
26/04/2025 07:00;14,42;17,8
26/04/2025 08:00;14,27;17,8
26/04/2025 09:00;10,19;16,45
26/04/2025 10:00;10,06;15,89
26/04/2025 11:00;10,03;15,89
26/04/2025 12:00;10,1;15,89
26/04/2025 13:00;10,05;15,89
26/04/2025 14:00;10,03;15,89
26/04/2025 15:00;9,93;15,89
26/04/2025 16:00;10,3;16,45
26/04/2025 17:00;10,35;16,45
26/04/2025 18:00;10,34;16,45
26/04/2025 19:00;11,31;16,45
26/04/2025 20:00;10,76;16,45
26/04/2025 21:00;10,46;16,45
26/04/2025 22:00;10,62;16,45
26/04/2025 23:00;11,26;16,45
27/04/2025 00:00;11,3;16,45
27/04/2025 01:00;12,19;17,8
27/04/2025 02:00;12,1;17,8
27/04/2025 03:00;13,75;20,22
27/04/2025 04:00;13,59;20,22
27/04/2025 05:00;12,49;18,61
27/04/2025 06:00;12,43;18,61
27/04/2025 07:00;15,58;18,61
27/04/2025 08:00;39,03;33,13
27/04/2025 09:00;39,93;33,13
27/04/2025 10:00;39,17;29,9
27/04/2025 11:00;38,41;29,9
27/04/2025 12:00;38,12;29,09
27/04/2025 13:00;37,9;29,09
27/04/2025 14:00;36,95;29,09
27/04/2025 15:00;36,92;29,09
27/04/2025 16:00;35,35;28,29
27/04/2025 17:00;16,34;17
27/04/2025 18:00;10,4;17
27/04/2025 19:00;10,61;17
27/04/2025 20:00;10,59;17
27/04/2025 21:00;11,43;17
27/04/2025 22:00;11,65;17
27/04/2025 23:00;11,38;16,45
28/04/2025 00:00;11,77;17
28/04/2025 01:00;11,78;17
28/04/2025 02:00;11,63;17
28/04/2025 03:00;11,6;17
28/04/2025 04:00;12,14;17,8
28/04/2025 05:00;13,38;19,41
28/04/2025 06:00;12,77;19,41
28/04/2025 07:00;12,79;19,41
28/04/2025 08:00;12,78;19,41
28/04/2025 09:00;12,82;19,41
28/04/2025 10:00;14,17;19,41
28/04/2025 11:00;14,05;19,41
28/04/2025 12:00;14,69;19,41
28/04/2025 13:00;13,63;19,41
28/04/2025 14:00;15,43;21,03
28/04/2025 15:00;13,45;20,22
28/04/2025 16:00;12,67;18,61
28/04/2025 17:00;15,33;21,84
28/04/2025 18:00;14,65;20,22
28/04/2025 19:00;13,59;18,61
28/04/2025 20:00;12,66;17,8
28/04/2025 21:00;12,23;17,8
28/04/2025 22:00;12,31;17,8
28/04/2025 23:00;13,99;17,8
29/04/2025 00:00;13,4;17,8
29/04/2025 01:00;12,88;17,8
29/04/2025 02:00;13,08;17,8
29/04/2025 03:00;12,99;17,8
29/04/2025 04:00;13,96;18,61
29/04/2025 05:00;13,98;17,8
29/04/2025 06:00;13,45;17,8
29/04/2025 07:00;13,1;17,8
29/04/2025 08:00;13,59;17,8
29/04/2025 09:00;23,57;18,61
29/04/2025 10:00;31,54;26,68
29/04/2025 11:00;39,91;29,9
29/04/2025 12:00;39,86;30,71
29/04/2025 13:00;33,67;26,68
29/04/2025 14:00;39,69;29,9
29/04/2025 15:00;39,67;29,9
29/04/2025 16:00;39,65;29,9
29/04/2025 17:00;24,05;22,64
29/04/2025 18:00;13,75;15,89
29/04/2025 19:00;12,41;15,89
29/04/2025 20:00;13,27;15,89
29/04/2025 21:00;12,04;15,89
29/04/2025 22:00;13,56;15,89
29/04/2025 23:00;14,11;15,89
30/04/2025 00:00;13,85;15,89
30/04/2025 01:00;12,6;16,45
30/04/2025 02:00;13,22;16,45
30/04/2025 03:00;13,21;16,45
30/04/2025 04:00;13,81;16,45
30/04/2025 05:00;12,68;16,45
30/04/2025 06:00;12,83;17
30/04/2025 07:00;12,49;17
30/04/2025 08:00;13,1;17,8
30/04/2025 09:00;12,63;17,8
30/04/2025 10:00;12,53;17,8
30/04/2025 11:00;13,89;17,8
30/04/2025 12:00;12,4;17
30/04/2025 13:00;13,99;17
30/04/2025 14:00;14,3;17
30/04/2025 15:00;13,99;17
30/04/2025 16:00;12,79;16,45
30/04/2025 17:00;14,72;16,45
30/04/2025 18:00;13,52;16,45
30/04/2025 19:00;13,89;17
30/04/2025 20:00;13,82;17
30/04/2025 21:00;12,69;17
30/04/2025 22:00;13,15;17,8
30/04/2025 23:00;12,54;17,8
01/05/2025 00:00;13,13;18,61
01/05/2025 01:00;13,15;19,41
01/05/2025 02:00;13,83;19,41
01/05/2025 03:00;14,5;19,41
01/05/2025 04:00;13,09;19,41
01/05/2025 05:00;12,9;18,61
01/05/2025 06:00;12,79;17
01/05/2025 07:00;13,09;16,45
01/05/2025 08:00;13,22;16,45
01/05/2025 09:00;22,13;17
01/05/2025 10:00;32,28;26,68
01/05/2025 11:00;37,94;32,32
01/05/2025 12:00;NULL;31,52
01/05/2025 13:00;NULL;31,52
01/05/2025 14:00;39,96;30,71
01/05/2025 15:00;39,91;31,52
01/05/2025 16:00;39,86;30,71
01/05/2025 17:00;23,38;15,89
01/05/2025 18:00;12,38;15,89
01/05/2025 19:00;13,87;16,45
01/05/2025 20:00;13,25;16,45
01/05/2025 21:00;13,52;16,45
01/05/2025 22:00;13;16,45
01/05/2025 23:00;12,45;16,45
02/05/2025 00:00;12,84;17
02/05/2025 01:00;12,72;17
02/05/2025 02:00;13,03;19,41
02/05/2025 03:00;14,63;21,03
02/05/2025 04:00;26,04;21,84
02/05/2025 05:00;16,88;21,84
02/05/2025 06:00;17,95;21,84
02/05/2025 07:00;15,23;21,84
02/05/2025 08:00;27,61;21,84
02/05/2025 09:00;20,42;21,84
02/05/2025 10:00;19,93;21,84
02/05/2025 11:00;15,81;21,84
02/05/2025 12:00;16,7;21,84
02/05/2025 13:00;15,08;21,84
02/05/2025 14:00;17,44;21,84
02/05/2025 15:00;14,44;21,84
02/05/2025 16:00;13,93;22,64
02/05/2025 17:00;15,55;23,45
02/05/2025 18:00;24,02;25,06
02/05/2025 19:00;21,46;27,48
02/05/2025 20:00;26,64;30,71
02/05/2025 21:00;29,15;33,93
02/05/2025 22:00;32,98;38,77
02/05/2025 23:00;39,92;43,52
03/05/2025 00:00;NULL;48,06
03/05/2025 01:00;NULL;48,06
03/05/2025 02:00;NULL;49,58
03/05/2025 03:00;NULL;48,06
03/05/2025 04:00;NULL;48,06
03/05/2025 05:00;NULL;46,55
03/05/2025 06:00;NULL;46,55
03/05/2025 07:00;NULL;45,02
03/05/2025 08:00;39,15;42
03/05/2025 09:00;NULL;42
03/05/2025 10:00;NULL;41,19
03/05/2025 11:00;39,91;40,38
03/05/2025 12:00;39,9;38,77
03/05/2025 13:00;38,85;39,58
03/05/2025 14:00;27,77;33,13
03/05/2025 15:00;26,67;32,32
03/05/2025 16:00;27,93;32,32
03/05/2025 17:00;27,94;32,32
03/05/2025 18:00;28,77;33,13
03/05/2025 19:00;29,91;33,93
03/05/2025 20:00;29,76;33,93
03/05/2025 21:00;29,48;33,93
03/05/2025 22:00;30,56;35,55
03/05/2025 23:00;33,84;39,58
04/05/2025 00:00;36,21;40,38
04/05/2025 01:00;34,95;39,58
04/05/2025 02:00;33,44;38,77
04/05/2025 03:00;33,34;38,77
04/05/2025 04:00;32,23;37,97
04/05/2025 05:00;31,87;37,97
04/05/2025 06:00;31,7;37,97
04/05/2025 07:00;30,49;37,16
04/05/2025 08:00;30,36;36,35
04/05/2025 09:00;29,72;36,35
04/05/2025 10:00;29,05;35,55
04/05/2025 11:00;23,61;30,71
04/05/2025 12:00;22,13;29,09
04/05/2025 13:00;22,17;29,09
04/05/2025 14:00;21,33;28,29
04/05/2025 15:00;20,16;28,29
04/05/2025 16:00;20,91;28,29
04/05/2025 17:00;17,43;27,48
04/05/2025 18:00;18,69;27,48
04/05/2025 19:00;19,34;27,48
04/05/2025 20:00;25,81;29,09
04/05/2025 21:00;23,02;27,48
04/05/2025 22:00;20,93;27,48
04/05/2025 23:00;20,59;27,48
05/05/2025 00:00;25,56;32,32
05/05/2025 01:00;25,38;32,32
05/05/2025 02:00;24,41;31,52
05/05/2025 03:00;25,25;32,32
05/05/2025 04:00;24,05;31,52
05/05/2025 05:00;24,17;31,52
05/05/2025 06:00;22,09;30,71
05/05/2025 07:00;20,94;30,71
05/05/2025 08:00;20,26;29,9
05/05/2025 09:00;19,76;29,9
05/05/2025 10:00;27,45;29,9
05/05/2025 11:00;31,14;29,9
05/05/2025 12:00;22,56;29,9
05/05/2025 13:00;39,12;30,71
05/05/2025 14:00;24,65;29,9
05/05/2025 15:00;21,93;29,09
05/05/2025 16:00;18,08;28,29
05/05/2025 17:00;18,35;28,29
05/05/2025 18:00;19,12;28,29
05/05/2025 19:00;25,37;29,9
05/05/2025 20:00;21,2;28,29
05/05/2025 21:00;20,74;28,29
05/05/2025 22:00;19,91;27,48
05/05/2025 23:00;16,36;27,48
06/05/2025 00:00;16,53;27,48
06/05/2025 01:00;17,26;26,68
06/05/2025 02:00;17,65;26,68
06/05/2025 03:00;15,96;26,68
06/05/2025 04:00;17,52;26,68
06/05/2025 05:00;17,05;26,68
06/05/2025 06:00;16,45;26,68
06/05/2025 07:00;15,87;25,87
06/05/2025 08:00;16,15;25,87
06/05/2025 09:00;17,23;25,87
06/05/2025 10:00;25,01;36,35
06/05/2025 11:00;23,93;35,55
06/05/2025 12:00;24,12;26,68
06/05/2025 13:00;24,76;26,68
06/05/2025 14:00;33,91;29,09
06/05/2025 15:00;37,81;33,93
06/05/2025 16:00;27,52;26,68
06/05/2025 17:00;19,25;25,06
06/05/2025 18:00;15,47;23,45
06/05/2025 19:00;14,71;23,45
06/05/2025 20:00;14,65;23,45
06/05/2025 21:00;15,05;23,45
06/05/2025 22:00;15,67;23,45
06/05/2025 23:00;14,33;23,45
07/05/2025 00:00;14,27;23,45
07/05/2025 01:00;14,13;22,64
07/05/2025 02:00;15,69;23,45
07/05/2025 03:00;13,71;22,64
07/05/2025 04:00;13,51;22,64
07/05/2025 05:00;14,23;22,64
07/05/2025 06:00;22,57;33,93
07/05/2025 07:00;29,57;36,35
07/05/2025 08:00;20,43;24,25
07/05/2025 09:00;21,52;22,64
07/05/2025 10:00;26,27;23,45
07/05/2025 11:00;17,83;22,64
07/05/2025 12:00;15,42;21,84
07/05/2025 13:00;22,28;21,84
07/05/2025 14:00;9,79;9
07/05/2025 15:00;25,37;21,03
07/05/2025 16:00;14,49;21,03
07/05/2025 17:00;14,12;21,03
07/05/2025 18:00;14,25;20,22
07/05/2025 19:00;12,89;19,41
07/05/2025 20:00;13,94;19,41
07/05/2025 21:00;13,51;18,61
07/05/2025 22:00;15,29;19,41
07/05/2025 23:00;13,72;18,61
08/05/2025 00:00;14,35;18,61
08/05/2025 01:00;14,07;18,61
08/05/2025 02:00;13,42;18,61
08/05/2025 03:00;13,47;18,61
08/05/2025 04:00;13,69;18,61
08/05/2025 05:00;13,69;18,61
08/05/2025 06:00;14,06;18,61
08/05/2025 07:00;13,66;18,61
08/05/2025 08:00;13,24;18,61
08/05/2025 09:00;13,66;17,8
08/05/2025 10:00;13,3;17,8
08/05/2025 11:00;14,17;17,8
08/05/2025 12:00;13,9;17,8
08/05/2025 13:00;13,14;17
08/05/2025 14:00;12,72;15,89
08/05/2025 15:00;13,16;15,89
08/05/2025 16:00;13,51;15,89
08/05/2025 17:00;12,25;15,33
08/05/2025 18:00;11,78;15,89
08/05/2025 19:00;12,81;15,89
08/05/2025 20:00;12,66;15,89
08/05/2025 21:00;12,04;15,89
08/05/2025 22:00;11,75;15,89
08/05/2025 23:00;12,88;15,89
09/05/2025 00:00;11,79;15,89
09/05/2025 01:00;13,44;15,89
09/05/2025 02:00;11,82;15,89
09/05/2025 03:00;12,92;15,89
09/05/2025 04:00;12,41;15,89
09/05/2025 05:00;13,13;15,89
09/05/2025 06:00;12,11;15,33
09/05/2025 07:00;11,89;16,45
09/05/2025 08:00;13,55;16,45
09/05/2025 09:00;12,19;16,45
09/05/2025 10:00;12,97;16,45
09/05/2025 11:00;12,73;16,45
09/05/2025 12:00;12,91;16,45
09/05/2025 13:00;11,82;15,33
09/05/2025 14:00;13,47;15,33
09/05/2025 15:00;13,41;15,33
09/05/2025 16:00;11,55;15,33
09/05/2025 17:00;11,35;14,78
09/05/2025 18:00;11,41;15,33
09/05/2025 19:00;13,05;14,78
09/05/2025 20:00;13,07;15,33
09/05/2025 21:00;11,38;15,33
09/05/2025 22:00;12,07;15,33
09/05/2025 23:00;12,7;15,33
10/05/2025 00:00;12,52;15,33
10/05/2025 01:00;12,88;15,33
10/05/2025 02:00;11,99;15,33
10/05/2025 03:00;12,5;15,33
10/05/2025 04:00;12,87;15,33
10/05/2025 05:00;13,25;15,33
10/05/2025 06:00;12,79;15,33
10/05/2025 07:00;12,12;15,33
10/05/2025 08:00;13,87;15,33
10/05/2025 09:00;12,61;15,89
10/05/2025 10:00;32,69;21,84
10/05/2025 11:00;39,3;30,71
10/05/2025 12:00;33,76;26,68
10/05/2025 13:00;32,48;25,87
10/05/2025 14:00;32,49;25,87
10/05/2025 15:00;32,13;25,87
10/05/2025 16:00;33,63;26,68
10/05/2025 17:00;33,64;26,68
10/05/2025 18:00;26,07;27,48
10/05/2025 19:00;13,45;16,45
10/05/2025 20:00;14,12;20,22
10/05/2025 21:00;14,53;22,64
10/05/2025 22:00;23,05;33,13
10/05/2025 23:00;23,51;34,74
11/05/2025 00:00;39,84;52,62
11/05/2025 01:00;36,36;24,25
11/05/2025 02:00;36,39;23,45
11/05/2025 03:00;35,5;22,64
11/05/2025 04:00;34,91;22,64
11/05/2025 05:00;35,44;23,45
11/05/2025 06:00;35,31;22,64
11/05/2025 07:00;35,32;22,64
11/05/2025 08:00;33,76;21,84
11/05/2025 09:00;34,07;21,84
11/05/2025 10:00;34,2;21,84
11/05/2025 11:00;33,68;21,84
11/05/2025 12:00;31,32;20,22
11/05/2025 13:00;29,53;17
11/05/2025 14:00;28,32;16,45
11/05/2025 15:00;28,3;16,45
11/05/2025 16:00;28,26;16,45
11/05/2025 17:00;29,07;16,45
11/05/2025 18:00;20,5;21,03
11/05/2025 19:00;14,55;21,03
11/05/2025 20:00;16,28;23,45
11/05/2025 21:00;15,43;23,45
11/05/2025 22:00;15,08;23,45
11/05/2025 23:00;14,78;23,45
12/05/2025 00:00;15,97;25,87
12/05/2025 01:00;16,1;25,87
12/05/2025 02:00;15,96;25,87
12/05/2025 03:00;16,84;25,87
12/05/2025 04:00;15,48;25,06
12/05/2025 05:00;16,02;25,06
12/05/2025 06:00;15,58;25,06
12/05/2025 07:00;15,63;25,06
12/05/2025 08:00;16,06;24,25
12/05/2025 09:00;27,09;24,25
12/05/2025 10:00;18,42;24,25
12/05/2025 11:00;14,35;24,25
12/05/2025 12:00;14,7;23,45
12/05/2025 13:00;15,67;23,45
12/05/2025 14:00;15,17;23,45
12/05/2025 15:00;16,7;23,45
12/05/2025 16:00;15,08;22,64
12/05/2025 17:00;16,1;22,64
12/05/2025 18:00;16,03;22,64
12/05/2025 19:00;28,79;25,06
12/05/2025 20:00;25,57;27,48
12/05/2025 21:00;25,49;27,48
12/05/2025 22:00;24,68;26,68
12/05/2025 23:00;24,02;25,87
13/05/2025 00:00;22,35;24,25
13/05/2025 01:00;14,9;21,84
13/05/2025 02:00;14,03;21,84
13/05/2025 03:00;14,29;21,84
13/05/2025 04:00;13,92;21,84
13/05/2025 05:00;14,17;21,03
13/05/2025 06:00;14,22;21,03
13/05/2025 07:00;14,05;21,03
13/05/2025 08:00;14,49;21,03
13/05/2025 09:00;14,19;21,03
13/05/2025 10:00;14,59;21,03
13/05/2025 11:00;15,42;21,03
13/05/2025 12:00;14,36;21,03
13/05/2025 13:00;14,92;20,22
13/05/2025 14:00;25,24;20,22
13/05/2025 15:00;15,67;20,22
13/05/2025 16:00;14,91;20,22
13/05/2025 17:00;18,65;21,03
13/05/2025 18:00;21,44;20,22
13/05/2025 19:00;22,85;20,22
13/05/2025 20:00;23,31;19,41
13/05/2025 21:00;29,1;20,22
13/05/2025 22:00;19,88;19,41
13/05/2025 23:00;30,43;21,03
14/05/2025 00:00;29,83;26,68
14/05/2025 01:00;24,86;26,68
14/05/2025 02:00;29,75;21,84
14/05/2025 03:00;29,32;20,22
14/05/2025 04:00;14,57;19,41
14/05/2025 05:00;34,99;25,06
14/05/2025 06:00;23,35;25,06
14/05/2025 07:00;22,91;25,06
14/05/2025 08:00;22,44;24,25
14/05/2025 09:00;29,07;24,25
14/05/2025 10:00;26,68;20,22
14/05/2025 11:00;13,69;17,8
14/05/2025 12:00;14,21;17,8
14/05/2025 13:00;15,19;17,8
14/05/2025 14:00;14,67;17,8
14/05/2025 15:00;13,9;17,8
14/05/2025 16:00;14,19;17,8
14/05/2025 17:00;13,55;17,8
14/05/2025 18:00;13,72;18,61
14/05/2025 19:00;13,89;18,61
14/05/2025 20:00;20,41;21,03
14/05/2025 21:00;28,24;25,87
14/05/2025 22:00;23,52;25,06
14/05/2025 23:00;23,07;25,06
15/05/2025 00:00;26,77;20,22
15/05/2025 01:00;13,25;19,41
15/05/2025 02:00;13,54;19,41
15/05/2025 03:00;13,18;18,61
15/05/2025 04:00;13,32;18,61
15/05/2025 05:00;13,5;18,61
15/05/2025 06:00;12,99;18,61
15/05/2025 07:00;13,54;18,61
15/05/2025 08:00;13,27;17,8
15/05/2025 09:00;12,89;17,8
15/05/2025 10:00;13,72;17,8
15/05/2025 11:00;14,34;17,8
15/05/2025 12:00;14,14;17
15/05/2025 13:00;20,5;17
15/05/2025 14:00;19,67;17
15/05/2025 15:00;19,81;17
15/05/2025 16:00;15,11;17
15/05/2025 17:00;13,45;16,45
15/05/2025 18:00;11,84;15,89
15/05/2025 19:00;11,77;15,89
15/05/2025 20:00;13,2;15,89
15/05/2025 21:00;12,17;15,89
15/05/2025 22:00;12,45;15,89
15/05/2025 23:00;12,4;15,89
16/05/2025 00:00;12,16;15,89
16/05/2025 01:00;12,19;16,45
16/05/2025 02:00;13,12;16,45
16/05/2025 03:00;12,61;16,45
16/05/2025 04:00;12,72;15,89
16/05/2025 05:00;12,46;15,89
16/05/2025 06:00;12,34;17
16/05/2025 07:00;12,69;17
16/05/2025 08:00;13,41;17
16/05/2025 09:00;23,86;17,8
16/05/2025 10:00;13,45;17
16/05/2025 11:00;13,5;17
16/05/2025 12:00;14,37;17
16/05/2025 13:00;14,19;15,89
16/05/2025 14:00;13,68;15,89
16/05/2025 15:00;14,98;15,33
16/05/2025 16:00;13,92;15,33
16/05/2025 17:00;13,82;15,33
16/05/2025 18:00;11,7;15,33
16/05/2025 19:00;12,8;15,33
16/05/2025 20:00;12,26;15,33
16/05/2025 21:00;13,15;15,33
16/05/2025 22:00;11,78;15,33
16/05/2025 23:00;11,18;15,33
17/05/2025 00:00;11,9;15,33
17/05/2025 01:00;11,95;15,33
17/05/2025 02:00;11,97;15,33
17/05/2025 03:00;13,26;15,33
17/05/2025 04:00;12,57;15,33
17/05/2025 05:00;12,55;15,33
17/05/2025 06:00;12,49;15,89
17/05/2025 07:00;12,28;15,89
17/05/2025 08:00;11,72;17
17/05/2025 09:00;13,62;17
17/05/2025 10:00;13,6;17
17/05/2025 11:00;12,76;16,45
17/05/2025 12:00;12,82;15,33
17/05/2025 13:00;13,72;14,78
17/05/2025 14:00;12,57;14,78
17/05/2025 15:00;16,14;14,78
17/05/2025 16:00;15,61;14,78
17/05/2025 17:00;12,86;14,78
17/05/2025 18:00;12,03;14,78
17/05/2025 19:00;11,85;14,78
17/05/2025 20:00;12,35;15,33
17/05/2025 21:00;11,75;15,33
17/05/2025 22:00;12,95;15,33
17/05/2025 23:00;12,68;15,33
18/05/2025 00:00;12,33;15,33
18/05/2025 01:00;12,55;15,33
18/05/2025 02:00;12,48;15,33
18/05/2025 03:00;11,6;15,33
18/05/2025 04:00;12,99;15,33
18/05/2025 05:00;11,51;15,33
18/05/2025 06:00;11,62;15,33
18/05/2025 07:00;11,76;15,33
18/05/2025 08:00;12;15,33
18/05/2025 09:00;12,86;15,33
18/05/2025 10:00;11,83;15,33
18/05/2025 11:00;13,69;15,33
18/05/2025 12:00;13,84;15,33
18/05/2025 13:00;13,43;14,78
18/05/2025 14:00;16,43;14,78
18/05/2025 15:00;12,69;14,78
18/05/2025 16:00;14,75;14,78
18/05/2025 17:00;14,24;14,78
18/05/2025 18:00;13,63;14,78
18/05/2025 19:00;12,96;14,78
18/05/2025 20:00;16,26;15,33
18/05/2025 21:00;13,38;15,33
18/05/2025 22:00;14,54;15,33
18/05/2025 23:00;26,87;15,89
19/05/2025 00:00;27,4;17
19/05/2025 01:00;27,04;16,45
19/05/2025 02:00;26,62;20,22
19/05/2025 03:00;15,24;21,84
19/05/2025 04:00;16,02;22,64
19/05/2025 05:00;14,92;24,25
19/05/2025 06:00;15,53;25,06
19/05/2025 07:00;23,01;25,87
19/05/2025 08:00;19,81;25,87
19/05/2025 09:00;25,71;25,87
19/05/2025 10:00;27,77;25,87
19/05/2025 11:00;23,66;27,48
19/05/2025 12:00;21,26;28,29
19/05/2025 13:00;19,92;25,87
19/05/2025 14:00;19,86;25,87
19/05/2025 15:00;19,12;25,87
19/05/2025 16:00;18,87;25,87
19/05/2025 17:00;20,61;25,87
19/05/2025 18:00;21,47;26,68
19/05/2025 19:00;22,05;27,48
19/05/2025 20:00;21,76;27,48
19/05/2025 21:00;21,59;27,48
19/05/2025 22:00;21,63;27,48
19/05/2025 23:00;21,42;27,48
20/05/2025 00:00;22,03;27,48
20/05/2025 01:00;21,44;27,48
20/05/2025 02:00;20,49;27,48
20/05/2025 03:00;20,34;27,48
20/05/2025 04:00;20,71;27,48
20/05/2025 05:00;21,93;28,29
20/05/2025 06:00;21,14;28,29
20/05/2025 07:00;22,99;27,48
20/05/2025 08:00;20,83;27,48
20/05/2025 09:00;30,4;32,32
20/05/2025 10:00;39,34;45,02
20/05/2025 11:00;NULL;49,58
20/05/2025 12:00;NULL;25,87
20/05/2025 13:00;NULL;27,48
20/05/2025 14:00;39,07;26,68
20/05/2025 15:00;NULL;24,25
20/05/2025 16:00;39,92;42
20/05/2025 17:00;17,76;23,45
20/05/2025 18:00;19,18;25,06
20/05/2025 19:00;16,41;22,64
20/05/2025 20:00;15,58;22,64
20/05/2025 21:00;16,33;21,84
20/05/2025 22:00;16,09;21,84
20/05/2025 23:00;16,13;21,84
21/05/2025 00:00;27,15;21,84
21/05/2025 01:00;14;21,84
21/05/2025 02:00;14,29;21,03
21/05/2025 03:00;13,19;21,03
21/05/2025 04:00;21,11;22,64
21/05/2025 05:00;16,16;21,03
21/05/2025 06:00;15,93;21,03
21/05/2025 07:00;14,99;21,03
21/05/2025 08:00;23,96;25,87
21/05/2025 09:00;24,07;25,87
21/05/2025 10:00;21,74;23,45
21/05/2025 11:00;21,82;23,45
21/05/2025 12:00;27,49;20,22
21/05/2025 13:00;29,77;21,03
21/05/2025 14:00;16,04;20,22
21/05/2025 15:00;19,19;24,25
21/05/2025 16:00;15,92;22,64
21/05/2025 17:00;17,33;21,84
21/05/2025 18:00;15,64;21,84
21/05/2025 19:00;15,17;21,84
21/05/2025 20:00;14,72;22,64
21/05/2025 21:00;24,81;23,45
21/05/2025 22:00;16,78;22,64
21/05/2025 23:00;17,94;22,64
22/05/2025 00:00;16,57;22,64
22/05/2025 01:00;15,54;22,64
22/05/2025 02:00;26,69;22,64
22/05/2025 03:00;14,74;22,64
22/05/2025 04:00;13,4;22,64
22/05/2025 05:00;14,97;23,45
22/05/2025 06:00;14,68;23,45
22/05/2025 07:00;14,89;24,25
22/05/2025 08:00;14,37;24,25
22/05/2025 09:00;28,46;25,87
22/05/2025 10:00;25,52;26,68
22/05/2025 11:00;26,5;28,29
22/05/2025 12:00;25,81;27,48
22/05/2025 13:00;24,7;26,68
22/05/2025 14:00;32,57;25,87
22/05/2025 15:00;18,55;13,11
22/05/2025 16:00;37,51;26,68
22/05/2025 17:00;17,75;22,64
22/05/2025 18:00;18,8;21,84
22/05/2025 19:00;15,85;21,84
22/05/2025 20:00;15,23;21,84
22/05/2025 21:00;16,17;21,84
22/05/2025 22:00;15,04;21,84
22/05/2025 23:00;16,78;21,84
23/05/2025 00:00;15,17;21,03
23/05/2025 01:00;15,59;21,03
23/05/2025 02:00;13,4;21,03
23/05/2025 03:00;13,96;21,03
23/05/2025 04:00;20,2;21,84
23/05/2025 05:00;16,91;21,03
23/05/2025 06:00;15,47;21,03
23/05/2025 07:00;17,08;21,03
23/05/2025 08:00;29,68;21,03
23/05/2025 09:00;19,6;22,64
23/05/2025 10:00;16,35;21,03
23/05/2025 11:00;30,34;21,84
23/05/2025 12:00;22,96;23,45
23/05/2025 13:00;22,97;25,06
23/05/2025 14:00;26,21;20,22
23/05/2025 15:00;20,07;19,41
23/05/2025 16:00;25,84;19,41
23/05/2025 17:00;22,94;19,41
23/05/2025 18:00;20,99;18,61
23/05/2025 19:00;14,83;18,61
23/05/2025 20:00;12,54;19,41
23/05/2025 21:00;13,05;19,41
23/05/2025 22:00;13,15;19,41
23/05/2025 23:00;14,11;19,41
24/05/2025 00:00;14,01;19,41
24/05/2025 01:00;14,22;19,41
24/05/2025 02:00;13,57;19,41
24/05/2025 03:00;13,81;19,41
24/05/2025 04:00;13,55;19,41
24/05/2025 05:00;12,89;19,41
24/05/2025 06:00;16,28;19,41
24/05/2025 07:00;13,72;19,41
24/05/2025 08:00;13,42;19,41
24/05/2025 09:00;12,82;19,41
24/05/2025 10:00;13,51;19,41
24/05/2025 11:00;13,71;18,61
24/05/2025 12:00;13,08;18,61
24/05/2025 13:00;13,42;18,61
24/05/2025 14:00;13,79;18,61
24/05/2025 15:00;13,38;18,61
24/05/2025 16:00;16,49;17,8
24/05/2025 17:00;15,84;17,8
24/05/2025 18:00;13,22;17,8
24/05/2025 19:00;14;17,8
24/05/2025 20:00;12,27;17,8
24/05/2025 21:00;13,22;17,8
24/05/2025 22:00;12,89;17,8
24/05/2025 23:00;13,81;17,8
25/05/2025 00:00;13,63;18,61
25/05/2025 01:00;13,05;18,61
25/05/2025 02:00;14,04;18,61
25/05/2025 03:00;13,77;18,61
25/05/2025 04:00;14,46;18,61
25/05/2025 05:00;13,3;18,61
25/05/2025 06:00;13,21;18,61
25/05/2025 07:00;22,98;19,41
25/05/2025 08:00;34,11;28,29
25/05/2025 09:00;35,65;32,32
25/05/2025 10:00;27,17;15,33
25/05/2025 11:00;26,77;14,78
25/05/2025 12:00;25,13;14,22
25/05/2025 13:00;25,34;14,22
25/05/2025 14:00;22,85;13,11
25/05/2025 15:00;23,33;13,67
25/05/2025 16:00;22,55;13,11
25/05/2025 17:00;37,65;28,29
25/05/2025 18:00;19,96;23,45
25/05/2025 19:00;11,8;15,33
25/05/2025 20:00;12,81;15,33
25/05/2025 21:00;12,23;15,33
25/05/2025 22:00;12,53;15,89
25/05/2025 23:00;12,35;15,89
26/05/2025 00:00;25,38;16,45
26/05/2025 01:00;13,66;15,89
26/05/2025 02:00;14,58;15,89
26/05/2025 03:00;14,39;19,41
26/05/2025 04:00;15,12;19,41
26/05/2025 05:00;16,87;19,41
26/05/2025 06:00;12,81;19,41
26/05/2025 07:00;13,38;19,41
26/05/2025 08:00;13,16;19,41
26/05/2025 09:00;14,49;20,22
26/05/2025 10:00;22,25;20,22
26/05/2025 11:00;14,36;18,61
26/05/2025 12:00;15,39;18,61
26/05/2025 13:00;14,22;18,61
26/05/2025 14:00;14,35;17,8
26/05/2025 15:00;13,19;17,8
26/05/2025 16:00;12,55;17,8
26/05/2025 17:00;12,79;17,8
26/05/2025 18:00;13,76;17,8
26/05/2025 19:00;26,14;18,61
26/05/2025 20:00;14,8;18,61
26/05/2025 21:00;14,24;19,41
26/05/2025 22:00;14,6;20,22
26/05/2025 23:00;14,89;21,03
27/05/2025 00:00;15,41;21,03
27/05/2025 01:00;16,24;21,03
27/05/2025 02:00;14,03;21,03
27/05/2025 03:00;16,32;21,03
27/05/2025 04:00;26,71;21,03
27/05/2025 05:00;13,44;21,03
27/05/2025 06:00;14,16;21,03
27/05/2025 07:00;13,84;21,03
27/05/2025 08:00;13,85;20,22
27/05/2025 09:00;13,82;20,22
27/05/2025 10:00;17,61;20,22
27/05/2025 11:00;26,43;20,22
27/05/2025 12:00;29,37;20,22
27/05/2025 13:00;26,88;19,41
27/05/2025 14:00;18,89;20,22
27/05/2025 15:00;39,93;36,35
27/05/2025 16:00;37,3;35,55
27/05/2025 17:00;14,54;18,61
27/05/2025 18:00;15,54;17,8
27/05/2025 19:00;13,58;18,61
27/05/2025 20:00;13,37;17,8
27/05/2025 21:00;16,71;18,61
27/05/2025 22:00;16,56;19,41
27/05/2025 23:00;14,05;20,22
28/05/2025 00:00;30,64;21,03
28/05/2025 01:00;15,78;20,22
28/05/2025 02:00;16,86;20,22
28/05/2025 03:00;14,2;20,22
28/05/2025 04:00;13,81;20,22
28/05/2025 05:00;18,27;21,03
28/05/2025 06:00;28,17;20,22
28/05/2025 07:00;15,17;21,03
28/05/2025 08:00;26,81;20,22
28/05/2025 09:00;28,07;20,22
28/05/2025 10:00;24,08;19,41
28/05/2025 11:00;13,51;19,41
28/05/2025 12:00;15,32;18,61
28/05/2025 13:00;15,48;18,61
28/05/2025 14:00;18,19;18,61
28/05/2025 15:00;15,88;17,8
28/05/2025 16:00;14,96;18,61
28/05/2025 17:00;13,7;17,8
28/05/2025 18:00;26,56;18,61
28/05/2025 19:00;28,47;19,41
28/05/2025 20:00;19,13;18,61
28/05/2025 21:00;15,37;19,41
28/05/2025 22:00;27,62;19,41
28/05/2025 23:00;16,8;21,03
29/05/2025 00:00;15,07;21,03
29/05/2025 01:00;21,83;21,84
29/05/2025 02:00;15,94;21,84
29/05/2025 03:00;15,99;21,84
29/05/2025 04:00;15,8;21,84
29/05/2025 05:00;16,68;21,84
29/05/2025 06:00;16,02;21,03
29/05/2025 07:00;21,64;21,03
29/05/2025 08:00;14,51;21,03
29/05/2025 09:00;13,98;21,03
29/05/2025 10:00;15;21,03
29/05/2025 11:00;15,05;20,22
29/05/2025 12:00;13,75;20,22
29/05/2025 13:00;14,6;19,41
29/05/2025 14:00;14,98;19,41
29/05/2025 15:00;15,6;18,61
29/05/2025 16:00;16,97;19,41
29/05/2025 17:00;28,87;20,22
29/05/2025 18:00;20,2;19,41
29/05/2025 19:00;15,26;19,41
29/05/2025 20:00;20,66;20,22
29/05/2025 21:00;28,3;21,84
29/05/2025 22:00;16,85;22,64
29/05/2025 23:00;17,01;23,45
30/05/2025 00:00;18,03;24,25
30/05/2025 01:00;18,57;24,25
30/05/2025 02:00;18,48;24,25
30/05/2025 03:00;17,87;24,25
30/05/2025 04:00;17,56;24,25
30/05/2025 05:00;17,95;24,25
30/05/2025 06:00;17,97;24,25
30/05/2025 07:00;17,55;23,45
30/05/2025 08:00;17,93;23,45
30/05/2025 09:00;16,93;23,45
30/05/2025 10:00;16,42;22,64
30/05/2025 11:00;19,24;22,64
30/05/2025 12:00;16,28;22,64
30/05/2025 13:00;27,14;21,84
30/05/2025 14:00;16,41;21,03
30/05/2025 15:00;16,61;21,03
30/05/2025 16:00;17,72;21,84
30/05/2025 17:00;17,3;21,84
30/05/2025 18:00;20,66;22,64
30/05/2025 19:00;19,08;23,45
30/05/2025 20:00;17,77;23,45
30/05/2025 21:00;19,87;25,87
30/05/2025 22:00;18,7;25,06
30/05/2025 23:00;20,1;25,87
31/05/2025 00:00;19,61;25,87
31/05/2025 01:00;20,35;25,87
31/05/2025 02:00;20,32;25,87
31/05/2025 03:00;18,29;25,06
31/05/2025 04:00;19,11;25,87
31/05/2025 05:00;18,79;25,06
31/05/2025 06:00;18,83;25,06
31/05/2025 07:00;18,72;25,06
31/05/2025 08:00;19,28;25,06
31/05/2025 09:00;18,32;25,06
31/05/2025 10:00;18,09;24,25
31/05/2025 11:00;17,87;24,25
31/05/2025 12:00;17,05;23,45
31/05/2025 13:00;16,73;23,45
31/05/2025 14:00;16,2;23,45
31/05/2025 15:00;16,11;22,64
31/05/2025 16:00;17,11;22,64
31/05/2025 17:00;17,64;22,64
31/05/2025 18:00;17,75;23,45
31/05/2025 19:00;17,73;23,45
31/05/2025 20:00;19,41;25,06
31/05/2025 21:00;20,25;25,87
31/05/2025 22:00;21,07;26,68
31/05/2025 23:00;21,72;27,48
01/06/2025 00:00;21,69;27,48
01/06/2025 01:00;20,93;27,48
01/06/2025 02:00;20,27;26,68
01/06/2025 03:00;21,31;26,68
01/06/2025 04:00;20,33;26,68
01/06/2025 05:00;20,32;26,68
01/06/2025 06:00;26,68;26,68
01/06/2025 07:00;18,57;25,87
01/06/2025 08:00;20,07;25,87
01/06/2025 09:00;16,18;22,64
01/06/2025 10:00;18,51;25,87
01/06/2025 11:00;17,56;24,25
01/06/2025 12:00;17,59;24,25
01/06/2025 13:00;17,38;24,25
01/06/2025 14:00;17,34;24,25
01/06/2025 15:00;16,63;23,45
01/06/2025 16:00;17,32;24,25
01/06/2025 17:00;17,65;24,25
01/06/2025 18:00;17,6;24,25
01/06/2025 19:00;18,72;25,06
01/06/2025 20:00;38,59;51,1
01/06/2025 21:00;NULL;52,62
01/06/2025 22:00;NULL;25,06
01/06/2025 23:00;NULL;26,68
02/06/2025 00:00;NULL;26,68
02/06/2025 01:00;NULL;27,48
02/06/2025 02:00;NULL;26,68
02/06/2025 03:00;NULL;27,48
02/06/2025 04:00;NULL;27,48
02/06/2025 05:00;NULL;26,68
02/06/2025 06:00;NULL;25,87
02/06/2025 07:00;NULL;26,68
02/06/2025 08:00;NULL;29,09
02/06/2025 09:00;NULL;31,52
02/06/2025 10:00;39,49;34,74
02/06/2025 11:00;39,22;41,19
02/06/2025 12:00;NULL;40,38
02/06/2025 13:00;NULL;41,19
02/06/2025 14:00;39,73;40,38
02/06/2025 15:00;35,79;33,93
02/06/2025 16:00;37,59;36,35
02/06/2025 17:00;37,77;36,35
02/06/2025 18:00;38,23;37,16
02/06/2025 19:00;37,01;36,35
02/06/2025 20:00;38,89;70,83
02/06/2025 21:00;NULL;76,89
02/06/2025 22:00;NULL;84,48
02/06/2025 23:00;NULL;84,48
03/06/2025 00:00;NULL;79,93
03/06/2025 01:00;NULL;78,41
03/06/2025 02:00;NULL;79,93
03/06/2025 03:00;NULL;69,3
03/06/2025 04:00;NULL;61,72
03/06/2025 05:00;NULL;55,65
03/06/2025 06:00;NULL;49,58
03/06/2025 07:00;NULL;49,58
03/06/2025 08:00;NULL;46,55
03/06/2025 09:00;NULL;42
03/06/2025 10:00;39,6;40,38
03/06/2025 11:00;39,7;39,58
03/06/2025 12:00;NULL;39,58
03/06/2025 13:00;NULL;37,97
03/06/2025 14:00;NULL;37,97
03/06/2025 15:00;NULL;37,16
03/06/2025 16:00;NULL;38,77
03/06/2025 17:00;NULL;39,58
03/06/2025 18:00;NULL;38,77
03/06/2025 19:00;NULL;37,97
03/06/2025 20:00;NULL;37,97
03/06/2025 21:00;NULL;38,77
03/06/2025 22:00;NULL;37,97
03/06/2025 23:00;NULL;37,97
04/06/2025 00:00;NULL;37,97
04/06/2025 01:00;NULL;39,58
04/06/2025 02:00;NULL;57,16
04/06/2025 03:00;NULL;51,1
04/06/2025 04:00;NULL;46,55
04/06/2025 05:00;NULL;46,55
04/06/2025 06:00;NULL;45,02
04/06/2025 07:00;NULL;42
04/06/2025 08:00;NULL;42
04/06/2025 09:00;NULL;38,77
04/06/2025 10:00;NULL;33,93
04/06/2025 11:00;39,99;39,58
04/06/2025 12:00;31,23;28,29
04/06/2025 13:00;31,36;28,29
04/06/2025 14:00;30,17;27,48
04/06/2025 15:00;29,53;26,68
04/06/2025 16:00;27,79;25,06
04/06/2025 17:00;27,58;24,25
04/06/2025 18:00;26,7;23,45
04/06/2025 19:00;26,71;23,45
04/06/2025 20:00;26,08;22,64
04/06/2025 21:00;26,86;23,45
04/06/2025 22:00;26,12;22,64
04/06/2025 23:00;26,14;22,64
05/06/2025 00:00;26,08;22,64
05/06/2025 01:00;25,29;21,84
05/06/2025 02:00;24,55;21,03
05/06/2025 03:00;23,85;20,22
05/06/2025 04:00;23,06;19,41
05/06/2025 05:00;23,06;19,41
05/06/2025 06:00;23,15;19,41
05/06/2025 07:00;22,42;18,61
05/06/2025 08:00;22,34;18,61
05/06/2025 09:00;21,63;17,8
05/06/2025 10:00;21,68;17,8
05/06/2025 11:00;20,99;17
05/06/2025 12:00;20,19;16,45
05/06/2025 13:00;20,35;16,45
05/06/2025 14:00;39,98;25,06
05/06/2025 15:00;31,24;21,03
05/06/2025 16:00;27,57;19,41
05/06/2025 17:00;38,72;38,77
05/06/2025 18:00;26,71;32,32
05/06/2025 19:00;26,68;32,32
05/06/2025 20:00;27,12;33,13
05/06/2025 21:00;27,25;33,13
05/06/2025 22:00;26,84;33,13
05/06/2025 23:00;28,19;33,93
06/06/2025 00:00;27,88;33,93
06/06/2025 01:00;26,8;33,13
06/06/2025 02:00;26,94;33,13
06/06/2025 03:00;27,31;33,13
06/06/2025 04:00;27,26;33,13
06/06/2025 05:00;26;32,32
06/06/2025 06:00;26,08;32,32
06/06/2025 07:00;26;32,32
06/06/2025 08:00;25;31,52
06/06/2025 09:00;23,81;30,71
06/06/2025 10:00;33,84;30,71
06/06/2025 11:00;25,86;30,71
06/06/2025 12:00;22,46;29,09
06/06/2025 13:00;23,14;29,09
06/06/2025 14:00;22,99;29,09
06/06/2025 15:00;20,27;28,29
06/06/2025 16:00;20,26;28,29
06/06/2025 17:00;19,5;28,29
06/06/2025 18:00;22,51;28,29
06/06/2025 19:00;22,66;27,48
06/06/2025 20:00;22,93;28,29
06/06/2025 21:00;22,52;28,29
06/06/2025 22:00;23,58;29,09
06/06/2025 23:00;24,35;29,9
07/06/2025 00:00;24,02;29,9
07/06/2025 01:00;23,59;29,9
07/06/2025 02:00;23,89;29,9
07/06/2025 03:00;24,09;29,9
07/06/2025 04:00;24,22;29,9
07/06/2025 05:00;24,99;30,71
07/06/2025 06:00;25,45;30,71
07/06/2025 07:00;24,13;29,9
07/06/2025 08:00;24,04;29,9
07/06/2025 09:00;23,99;29,9
07/06/2025 10:00;23,82;29,9
07/06/2025 11:00;23,12;29,09
07/06/2025 12:00;23,2;29,09
07/06/2025 13:00;22,08;28,29
07/06/2025 14:00;21,89;28,29
07/06/2025 15:00;21,97;28,29
07/06/2025 16:00;23,01;29,09
07/06/2025 17:00;23,39;29,09
07/06/2025 18:00;23,97;29,9
07/06/2025 19:00;24,02;29,9
07/06/2025 20:00;25,8;31,52
07/06/2025 21:00;25,89;31,52
07/06/2025 22:00;26,62;32,32
07/06/2025 23:00;26,68;32,32
08/06/2025 00:00;26,71;32,32
08/06/2025 01:00;26,56;32,32
08/06/2025 02:00;26,5;32,32
08/06/2025 03:00;24,5;30,71
08/06/2025 04:00;24,3;30,71
08/06/2025 05:00;23,5;29,9
08/06/2025 06:00;22,56;29,09
08/06/2025 07:00;23,33;29,9
08/06/2025 08:00;22,62;29,09
08/06/2025 09:00;21,76;28,29
08/06/2025 10:00;21,57;28,29
08/06/2025 11:00;21,28;28,29
08/06/2025 12:00;21;27,48
08/06/2025 13:00;20,09;27,48
08/06/2025 14:00;19,45;26,68
08/06/2025 15:00;18,69;26,68
08/06/2025 16:00;18,63;25,87
08/06/2025 17:00;18,01;25,87
08/06/2025 18:00;17,44;25,87
08/06/2025 19:00;22,63;26,68
08/06/2025 20:00;21,81;27,48
08/06/2025 21:00;21,21;27,48
08/06/2025 22:00;21,23;27,48
08/06/2025 23:00;21,35;28,29
09/06/2025 00:00;21,5;28,29
09/06/2025 01:00;21,48;28,29
09/06/2025 02:00;21,49;28,29
09/06/2025 03:00;21,24;28,29
09/06/2025 04:00;20,61;27,48
09/06/2025 05:00;20,66;27,48
09/06/2025 06:00;32,15;29,9
09/06/2025 07:00;34,61;48,06
09/06/2025 08:00;NULL;48,06
09/06/2025 09:00;39,87;41,19
09/06/2025 10:00;39,99;40,38
09/06/2025 11:00;39,87;40,38
09/06/2025 12:00;39,94;40,38
09/06/2025 13:00;39,93;38,77
09/06/2025 14:00;39,96;46,55
09/06/2025 15:00;NULL;45,02
09/06/2025 16:00;NULL;43,52
09/06/2025 17:00;NULL;42
09/06/2025 18:00;NULL;42
09/06/2025 19:00;40;39,58
09/06/2025 20:00;39,94;38,77
09/06/2025 21:00;39,97;38,77
09/06/2025 22:00;39,99;39,58
09/06/2025 23:00;NULL;40,38
10/06/2025 00:00;NULL;40,38
10/06/2025 01:00;NULL;40,38
10/06/2025 02:00;NULL;40,38
10/06/2025 03:00;NULL;41,19
10/06/2025 04:00;NULL;48,06
10/06/2025 05:00;NULL;46,55
10/06/2025 06:00;NULL;46,55
10/06/2025 07:00;NULL;45,02
10/06/2025 08:00;NULL;45,02
10/06/2025 09:00;39,61;42
10/06/2025 10:00;39,75;41,19
10/06/2025 11:00;37,31;37,97
10/06/2025 12:00;39,36;37,16
10/06/2025 13:00;38,38;35,55
10/06/2025 14:00;40;38,77
10/06/2025 15:00;40;39,58
10/06/2025 16:00;NULL;39,58
10/06/2025 17:00;NULL;39,58
10/06/2025 18:00;NULL;45,02
10/06/2025 19:00;NULL;46,55
10/06/2025 20:00;NULL;57,16
10/06/2025 21:00;39,98;41,19
10/06/2025 22:00;33,07;22,64
10/06/2025 23:00;30,2;21,03
11/06/2025 00:00;29,4;20,22
11/06/2025 01:00;29,17;20,22
11/06/2025 02:00;30,05;21,03
11/06/2025 03:00;29,29;20,22
11/06/2025 04:00;29,57;20,22
11/06/2025 05:00;28,26;18,61
11/06/2025 06:00;27,78;18,61
11/06/2025 07:00;26,59;17
11/06/2025 08:00;26,43;17
11/06/2025 09:00;26,48;17
11/06/2025 10:00;25,93;17
11/06/2025 11:00;24,63;15,89
11/06/2025 12:00;23,61;15,33
11/06/2025 13:00;23,87;15,33
11/06/2025 14:00;24,36;15,33
11/06/2025 15:00;24,55;14,78
11/06/2025 16:00;22,37;14,22
11/06/2025 17:00;22,09;14,22
11/06/2025 18:00;22,7;14,78
11/06/2025 19:00;23,36;15,33
11/06/2025 20:00;23,95;15,89
11/06/2025 21:00;23,5;15,33
11/06/2025 22:00;24,52;15,89
11/06/2025 23:00;23,16;15,33
12/06/2025 00:00;24,1;15,89
12/06/2025 01:00;23,97;15,89
12/06/2025 02:00;23,87;15,89
12/06/2025 03:00;23,92;15,89
12/06/2025 04:00;23,79;15,89
12/06/2025 05:00;23,96;15,89
12/06/2025 06:00;23,6;15,89
12/06/2025 07:00;22,88;15,33
12/06/2025 08:00;23,14;15,33
12/06/2025 09:00;23,31;15,33
12/06/2025 10:00;22,49;14,78
12/06/2025 11:00;22,52;14,78
12/06/2025 12:00;21,26;14,22
12/06/2025 13:00;21,68;14,22
12/06/2025 14:00;27,04;14,22
12/06/2025 15:00;25,63;14,22
12/06/2025 16:00;21,89;13,67
12/06/2025 17:00;22,2;14,22
12/06/2025 18:00;22,16;14,22
12/06/2025 19:00;22,7;14,78
12/06/2025 20:00;23,65;15,33
12/06/2025 21:00;24,14;15,89
12/06/2025 22:00;23,44;15,33
12/06/2025 23:00;25,08;16,45
13/06/2025 00:00;24,59;16,45
13/06/2025 01:00;23,52;15,89
13/06/2025 02:00;23,49;15,89
13/06/2025 03:00;23,25;15,89
13/06/2025 04:00;22,96;15,33
13/06/2025 05:00;21,9;14,78
13/06/2025 06:00;20,98;14,22
13/06/2025 07:00;17,53;13,11
13/06/2025 08:00;16,83;12,55
13/06/2025 09:00;16,71;12,55
13/06/2025 10:00;32,52;28,29
13/06/2025 11:00;32,64;28,29
13/06/2025 12:00;32,68;28,29
13/06/2025 13:00;33,31;29,09
13/06/2025 14:00;31,74;27,48
13/06/2025 15:00;31,69;27,48
13/06/2025 16:00;39,9;32,32
13/06/2025 17:00;37,86;29,9
13/06/2025 18:00;38,45;30,71
13/06/2025 19:00;39,54;31,52
13/06/2025 20:00;39,26;31,52
13/06/2025 21:00;39,88;33,13
13/06/2025 22:00;39,79;33,13
13/06/2025 23:00;39,97;33,93
14/06/2025 00:00;39,9;33,93
14/06/2025 01:00;39,89;34,74
14/06/2025 02:00;39,98;33,93
14/06/2025 03:00;39,85;34,74
14/06/2025 04:00;39,93;33,93
14/06/2025 05:00;39,99;33,93
14/06/2025 06:00;39,99;33,93
14/06/2025 07:00;39,97;33,13
14/06/2025 08:00;39,33;31,52
14/06/2025 09:00;38,32;30,71
14/06/2025 10:00;38,43;30,71
14/06/2025 11:00;37,3;29,9
14/06/2025 12:00;37,46;29,9
14/06/2025 13:00;36,6;29,09
14/06/2025 14:00;36,58;29,09
14/06/2025 15:00;36,24;29,09
14/06/2025 16:00;36,9;29,09
14/06/2025 17:00;39,93;30,71
14/06/2025 18:00;39,94;31,52
14/06/2025 19:00;39,75;31,52
14/06/2025 20:00;39,98;33,13
14/06/2025 21:00;NULL;34,74
14/06/2025 22:00;NULL;35,55
14/06/2025 23:00;NULL;39,58
15/06/2025 00:00;NULL;40,38
15/06/2025 01:00;NULL;38,77
15/06/2025 02:00;NULL;38,77
15/06/2025 03:00;NULL;40,38
15/06/2025 04:00;32,07;39,58
15/06/2025 05:00;31,7;21,03
15/06/2025 06:00;32,32;21,84
15/06/2025 07:00;32,87;21,03
15/06/2025 08:00;32,55;20,22
15/06/2025 09:00;19,34;14,22
15/06/2025 10:00;18,79;13,67
15/06/2025 11:00;19,37;14,22
15/06/2025 12:00;20,81;15,33
15/06/2025 13:00;20,7;15,33
15/06/2025 14:00;20,04;14,78
15/06/2025 15:00;19,48;14,22
15/06/2025 16:00;19,41;14,22
15/06/2025 17:00;19,61;14,22
15/06/2025 18:00;30,17;17,8
15/06/2025 19:00;29,39;17,8
15/06/2025 20:00;29,39;17,8
15/06/2025 21:00;29,62;17,8
15/06/2025 22:00;30,23;18,61
15/06/2025 23:00;29,96;18,61
16/06/2025 00:00;30,09;18,61
16/06/2025 01:00;29,29;17,8
16/06/2025 02:00;29,05;17,8
16/06/2025 03:00;28,47;17
16/06/2025 04:00;28,18;17
16/06/2025 05:00;28,1;17
16/06/2025 06:00;28,24;17
16/06/2025 07:00;27,94;17
16/06/2025 08:00;27,33;16,45
16/06/2025 09:00;19,54;13,67
16/06/2025 10:00;17,93;12,55
16/06/2025 11:00;28,88;15,89
16/06/2025 12:00;26,16;15,33
16/06/2025 13:00;25,22;14,78
16/06/2025 14:00;24,6;14,78
16/06/2025 15:00;24,38;14,78
16/06/2025 16:00;22,9;13,67
16/06/2025 17:00;22,48;13,67
16/06/2025 18:00;23,15;13,67
16/06/2025 19:00;23,47;13,67
16/06/2025 20:00;23,08;13,67
16/06/2025 21:00;24,06;14,78
16/06/2025 22:00;24,31;14,78
16/06/2025 23:00;23,93;14,78
17/06/2025 00:00;23,99;14,78
17/06/2025 01:00;23,25;14,78
17/06/2025 02:00;24,14;14,78
17/06/2025 03:00;23,64;14,78
17/06/2025 04:00;23,53;14,78
17/06/2025 05:00;23,08;14,22
17/06/2025 06:00;22,9;14,22
17/06/2025 07:00;21,75;13,67
17/06/2025 08:00;20,76;13,11
17/06/2025 09:00;35,04;39,58
17/06/2025 10:00;NULL;39,58
17/06/2025 11:00;NULL;39,58
17/06/2025 12:00;NULL;39,58
17/06/2025 13:00;NULL;39,58
17/06/2025 14:00;NULL;38,77
17/06/2025 15:00;39,9;37,16
17/06/2025 16:00;36,12;33,93
17/06/2025 17:00;35,81;33,13
17/06/2025 18:00;38,49;35,55
17/06/2025 19:00;37,77;34,74
17/06/2025 20:00;37,72;34,74
17/06/2025 21:00;37,45;34,74
17/06/2025 22:00;37,63;34,74
17/06/2025 23:00;37,49;34,74
18/06/2025 00:00;38,31;35,55
18/06/2025 01:00;38,42;35,55
18/06/2025 02:00;38,25;35,55
18/06/2025 03:00;38,24;35,55
18/06/2025 04:00;38,46;35,55
18/06/2025 05:00;38,29;35,55
18/06/2025 06:00;37,43;34,74
18/06/2025 07:00;37,44;34,74
18/06/2025 08:00;37,44;34,74
18/06/2025 09:00;39,73;34,74
18/06/2025 10:00;39,36;34,74
18/06/2025 11:00;36,63;33,93
18/06/2025 12:00;36,56;33,93
18/06/2025 13:00;39,83;41,19
18/06/2025 14:00;NULL;37,16
18/06/2025 15:00;NULL;36,35
18/06/2025 16:00;39,74;36,35
18/06/2025 17:00;39,85;35,55
18/06/2025 18:00;39,99;35,55
18/06/2025 19:00;NULL;35,55
18/06/2025 20:00;40;36,35
18/06/2025 21:00;39,97;36,35
18/06/2025 22:00;39,81;36,35
18/06/2025 23:00;39,99;37,16
19/06/2025 00:00;38,79;35,55
19/06/2025 01:00;36,52;33,93
19/06/2025 02:00;36,87;33,93
19/06/2025 03:00;36,09;33,13
19/06/2025 04:00;34,46;31,52
19/06/2025 05:00;35,11;32,32
19/06/2025 06:00;34,51;31,52
19/06/2025 07:00;34,54;31,52
19/06/2025 08:00;34,58;31,52
19/06/2025 09:00;34,65;31,52
19/06/2025 10:00;34,69;31,52
19/06/2025 11:00;33,34;30,71
19/06/2025 12:00;32,22;29,9
19/06/2025 13:00;30,64;29,09
19/06/2025 14:00;23,67;25,06
19/06/2025 15:00;39,75;30,71
19/06/2025 16:00;39,74;33,13
19/06/2025 17:00;39,6;33,13
19/06/2025 18:00;39,79;33,93
19/06/2025 19:00;39,9;33,93
19/06/2025 20:00;39,92;33,93
19/06/2025 21:00;39,95;33,93
19/06/2025 22:00;39,99;34,74
19/06/2025 23:00;40;33,93
20/06/2025 00:00;38,2;32,32
20/06/2025 01:00;33,73;30,71
20/06/2025 02:00;33,72;30,71
20/06/2025 03:00;36,2;33,13
20/06/2025 04:00;36,18;33,13
20/06/2025 05:00;36,07;33,13
20/06/2025 06:00;36,15;33,13
20/06/2025 07:00;36,17;33,13
20/06/2025 08:00;36,15;33,13
20/06/2025 09:00;36,22;33,13
20/06/2025 10:00;35,34;32,32
20/06/2025 11:00;35,32;32,32
20/06/2025 12:00;36,1;33,13
20/06/2025 13:00;35,15;32,32
20/06/2025 14:00;34,47;31,52
20/06/2025 15:00;34,51;31,52
20/06/2025 16:00;39,94;39,58
20/06/2025 17:00;39,97;34,74
20/06/2025 18:00;39,94;35,55
20/06/2025 19:00;39,91;34,74
20/06/2025 20:00;39,97;35,55
20/06/2025 21:00;39,97;35,55
20/06/2025 22:00;40;36,35
20/06/2025 23:00;NULL;36,35
21/06/2025 00:00;40;37,16
21/06/2025 01:00;NULL;37,97
21/06/2025 02:00;NULL;37,16
21/06/2025 03:00;NULL;37,16
21/06/2025 04:00;NULL;37,16
21/06/2025 05:00;NULL;37,16
21/06/2025 06:00;39,63;36,35
21/06/2025 07:00;35,38;32,32
21/06/2025 08:00;35,19;32,32
21/06/2025 09:00;34,58;31,52
21/06/2025 10:00;34,62;31,52
21/06/2025 11:00;32,76;30,71
21/06/2025 12:00;25,21;26,68
21/06/2025 13:00;29,82;28,29
21/06/2025 14:00;29,69;28,29
21/06/2025 15:00;28,66;27,48
21/06/2025 16:00;28,15;27,48
21/06/2025 17:00;27,72;26,68
21/06/2025 18:00;38,91;36,35
21/06/2025 19:00;35,44;30,71
21/06/2025 20:00;36,63;31,52
21/06/2025 21:00;37,02;31,52
21/06/2025 22:00;36,78;31,52
21/06/2025 23:00;39,89;33,13
22/06/2025 00:00;37,83;32,32
22/06/2025 01:00;33,04;29,9
22/06/2025 02:00;32,96;29,9
22/06/2025 03:00;32,82;29,9
22/06/2025 04:00;32,99;29,9
22/06/2025 05:00;32,94;29,9
22/06/2025 06:00;32,83;29,9
22/06/2025 07:00;30,49;28,29
22/06/2025 08:00;29,35;24,25
22/06/2025 09:00;15,98;9
22/06/2025 10:00;15;9
22/06/2025 11:00;14,17;8,5
22/06/2025 12:00;14,66;9
22/06/2025 13:00;13,88;8,5
22/06/2025 14:00;13,6;8,5
22/06/2025 15:00;13,65;8,5
22/06/2025 16:00;13,77;8,5
22/06/2025 17:00;28,12;23,45
22/06/2025 18:00;39,67;31,52
22/06/2025 19:00;29,9;28,29
22/06/2025 20:00;30,12;28,29
22/06/2025 21:00;31,67;29,09
22/06/2025 22:00;33,06;29,9
22/06/2025 23:00;39,61;33,13
23/06/2025 00:00;38,95;33,93
23/06/2025 01:00;39,97;33,13
23/06/2025 02:00;39,99;33,13
23/06/2025 03:00;38,04;32,32
23/06/2025 04:00;26,86;26,68
23/06/2025 05:00;24,55;25,87
23/06/2025 06:00;23,62;25,06
23/06/2025 07:00;23,44;25,06
23/06/2025 08:00;22,43;24,25
23/06/2025 09:00;22,15;24,25
23/06/2025 10:00;21,67;24,25
23/06/2025 11:00;21,25;24,25
23/06/2025 12:00;20,44;23,45
23/06/2025 13:00;20,53;23,45
23/06/2025 14:00;19,93;23,45
23/06/2025 15:00;20,13;23,45
23/06/2025 16:00;20,67;23,45
23/06/2025 17:00;20,8;23,45
23/06/2025 18:00;20,85;23,45
23/06/2025 19:00;28,76;27,48
23/06/2025 20:00;28,81;27,48
23/06/2025 21:00;29,24;27,48
23/06/2025 22:00;30,06;28,29
23/06/2025 23:00;31,6;29,09
24/06/2025 00:00;39,88;36,35
24/06/2025 01:00;39,96;33,93
24/06/2025 02:00;40;33,93
24/06/2025 03:00;39,97;33,93
24/06/2025 04:00;39,89;33,93
24/06/2025 05:00;35,29;31,52
24/06/2025 06:00;33,56;30,71
24/06/2025 07:00;33,48;30,71
24/06/2025 08:00;33,39;30,71
24/06/2025 09:00;33,5;30,71
24/06/2025 10:00;33,15;30,71
24/06/2025 11:00;33,08;30,71
24/06/2025 12:00;30,63;29,09
24/06/2025 13:00;29,51;28,29
24/06/2025 14:00;26,37;26,68
24/06/2025 15:00;30,17;28,29
24/06/2025 16:00;27,34;26,68
24/06/2025 17:00;28,39;28,29
24/06/2025 18:00;37,89;32,32
24/06/2025 19:00;38,03;32,32
24/06/2025 20:00;38,04;32,32
24/06/2025 21:00;36,92;31,52
24/06/2025 22:00;36,89;31,52
24/06/2025 23:00;39,87;33,13
25/06/2025 00:00;36,55;31,52
25/06/2025 01:00;31,58;29,09
25/06/2025 02:00;31,67;29,09
25/06/2025 03:00;31,62;29,09
25/06/2025 04:00;32,39;29,9
25/06/2025 05:00;33,28;30,71
25/06/2025 06:00;33,22;30,71
25/06/2025 07:00;33,18;30,71
25/06/2025 08:00;32,44;29,9
25/06/2025 09:00;39,96;37,97
25/06/2025 10:00;39,98;33,93
25/06/2025 11:00;33,42;29,9
25/06/2025 12:00;39,71;35,55
25/06/2025 13:00;31,54;29,09
25/06/2025 14:00;37,07;31,52
25/06/2025 15:00;33,71;29,9
25/06/2025 16:00;25,91;25,87
25/06/2025 17:00;34,24;29,9
25/06/2025 18:00;35,37;30,71
25/06/2025 19:00;33,59;29,9
25/06/2025 20:00;33,15;29,9
25/06/2025 21:00;34,54;30,71
25/06/2025 22:00;34,53;30,71
25/06/2025 23:00;36,39;31,52
26/06/2025 00:00;37,27;32,32
26/06/2025 01:00;36,54;31,52
26/06/2025 02:00;36,48;31,52
26/06/2025 03:00;35,19;30,71
26/06/2025 04:00;34,87;30,71
26/06/2025 05:00;34,62;30,71
26/06/2025 06:00;33,69;29,9
26/06/2025 07:00;33,52;29,9
26/06/2025 08:00;25,33;25,87
26/06/2025 09:00;36,76;31,52
26/06/2025 10:00;32,83;29,9
26/06/2025 11:00;39,83;32,32
26/06/2025 12:00;39,31;34,74
26/06/2025 13:00;32,09;29,09
26/06/2025 14:00;32,08;29,09
26/06/2025 15:00;24,42;25,06
26/06/2025 16:00;23,73;25,06
26/06/2025 17:00;36,25;30,71
26/06/2025 18:00;32,07;29,9
26/06/2025 19:00;30,8;28,29
26/06/2025 20:00;32,04;29,09
26/06/2025 21:00;32,18;29,09
26/06/2025 22:00;32,39;29,09
26/06/2025 23:00;33,89;29,9
27/06/2025 00:00;33,49;29,9
27/06/2025 01:00;32,58;29,09
27/06/2025 02:00;29,45;27,48
27/06/2025 03:00;24,32;25,06
27/06/2025 04:00;24,3;25,06
27/06/2025 05:00;24,28;25,06
27/06/2025 06:00;23,87;25,06
27/06/2025 07:00;38,36;32,32
27/06/2025 08:00;33,48;29,9
27/06/2025 09:00;32,07;29,09
27/06/2025 10:00;32,03;29,09
27/06/2025 11:00;30,64;28,29
27/06/2025 12:00;21,36;23,45
27/06/2025 13:00;15,25;20,22
27/06/2025 14:00;23,37;21,84
27/06/2025 15:00;19,78;21,84
27/06/2025 16:00;18,71;21,03
27/06/2025 17:00;15,8;18,61
27/06/2025 18:00;16,75;19,41
27/06/2025 19:00;17,84;20,22
27/06/2025 20:00;37,84;31,52
27/06/2025 21:00;38,54;32,32
27/06/2025 22:00;39,2;32,32
27/06/2025 23:00;37,76;31,52
28/06/2025 00:00;27,83;26,68
28/06/2025 01:00;29,43;25,87
28/06/2025 02:00;35,21;28,29
28/06/2025 03:00;30,5;28,29
28/06/2025 04:00;19,51;22,64
28/06/2025 05:00;21,18;21,84
28/06/2025 06:00;18,47;21,03
28/06/2025 07:00;17,47;20,22
28/06/2025 08:00;17,32;20,22
28/06/2025 09:00;24,91;25,06
28/06/2025 10:00;24,77;25,06
28/06/2025 11:00;23,67;24,25
28/06/2025 12:00;23,59;24,25
28/06/2025 13:00;22,55;23,45
28/06/2025 14:00;22,41;23,45
28/06/2025 15:00;22,5;23,45
28/06/2025 16:00;22,36;23,45
28/06/2025 17:00;22,3;23,45
28/06/2025 18:00;22,29;23,45
28/06/2025 19:00;32,84;29,09
28/06/2025 20:00;37,38;31,52
28/06/2025 21:00;37,24;31,52
28/06/2025 22:00;38,6;32,32
28/06/2025 23:00;38,83;32,32
29/06/2025 00:00;38,7;32,32
29/06/2025 01:00;35,86;30,71
29/06/2025 02:00;29,37;27,48
29/06/2025 03:00;24,73;25,06
29/06/2025 04:00;24,68;25,06
29/06/2025 05:00;24,29;25,06
29/06/2025 06:00;39,21;32,32
29/06/2025 07:00;31,67;29,09
29/06/2025 08:00;30,72;28,29
29/06/2025 09:00;27,76;26,68
29/06/2025 10:00;21,24;23,45
29/06/2025 11:00;20,08;21,03
29/06/2025 12:00;16,65;19,41
29/06/2025 13:00;15,96;18,61
29/06/2025 14:00;15,73;18,61
29/06/2025 15:00;16,76;19,41
29/06/2025 16:00;15,92;18,61
29/06/2025 17:00;23,99;23,45
29/06/2025 18:00;38,73;31,52
29/06/2025 19:00;32,67;29,09
29/06/2025 20:00;36,88;30,71
29/06/2025 21:00;35,48;30,71
29/06/2025 22:00;38,44;36,35
29/06/2025 23:00;38,33;32,32
30/06/2025 00:00;38,68;31,52
30/06/2025 01:00;37,13;31,52
30/06/2025 02:00;38,85;32,32
30/06/2025 03:00;37,55;31,52
30/06/2025 04:00;35,85;30,71
30/06/2025 05:00;29,21;27,48
30/06/2025 06:00;29,09;27,48
30/06/2025 07:00;29,02;27,48
30/06/2025 08:00;29,11;27,48
30/06/2025 09:00;36,97;27,48
30/06/2025 10:00;39,67;33,13
30/06/2025 11:00;39,75;34,74
30/06/2025 12:00;39,84;29,9
30/06/2025 13:00;39,96;29,9
30/06/2025 14:00;37,19;27,48
30/06/2025 15:00;24,91;13,11
30/06/2025 16:00;35,1;17
30/06/2025 17:00;35,1;17
30/06/2025 18:00;35;17
30/06/2025 19:00;36,31;17
30/06/2025 20:00;36,41;17
30/06/2025 21:00;36,17;17
30/06/2025 22:00;35,13;17
30/06/2025 23:00;35,77;17
01/07/2025 00:00;37,62;17,8
01/07/2025 01:00;37,34;17,8
01/07/2025 02:00;29,2;14,22
01/07/2025 03:00;23,51;12
01/07/2025 04:00;20,35;10,5
01/07/2025 05:00;20,25;10,5
01/07/2025 06:00;20,28;10,5
01/07/2025 07:00;26,06;13,11
01/07/2025 08:00;23,81;12,55
01/07/2025 09:00;24,43;12,55
01/07/2025 10:00;24,47;12,55
01/07/2025 11:00;28,27;14,22
01/07/2025 12:00;19,66;10
01/07/2025 13:00;17,14;9
01/07/2025 14:00;13,48;7,63
01/07/2025 15:00;14,84;8
01/07/2025 16:00;37,03;17
01/07/2025 17:00;21,57;11
01/07/2025 18:00;38,78;18,61
01/07/2025 19:00;39,39;21,03
01/07/2025 20:00;NULL;26,68
01/07/2025 21:00;NULL;26,68
01/07/2025 22:00;NULL;26,68
01/07/2025 23:00;NULL;26,68
02/07/2025 00:00;NULL;26,68
02/07/2025 01:00;NULL;26,68
02/07/2025 02:00;NULL;26,68
02/07/2025 03:00;NULL;26,68
02/07/2025 04:00;NULL;26,68
02/07/2025 05:00;NULL;26,68
02/07/2025 06:00;NULL;25,87
02/07/2025 07:00;NULL;25,06
02/07/2025 08:00;39,53;21,03
02/07/2025 09:00;38,74;18,61
02/07/2025 10:00;38,64;18,61
02/07/2025 11:00;39,67;21,03
02/07/2025 12:00;37,97;17,8
02/07/2025 13:00;20,97;11
02/07/2025 14:00;37,94;17,8
02/07/2025 15:00;37,82;17,8
02/07/2025 16:00;39,45;19,41
02/07/2025 17:00;39,48;21,03
02/07/2025 18:00;39,44;21,84
02/07/2025 19:00;39,4;21,84
02/07/2025 20:00;NULL;24,25
02/07/2025 21:00;NULL;25,06
02/07/2025 22:00;NULL;26,68
02/07/2025 23:00;NULL;26,68
03/07/2025 00:00;NULL;27,48
03/07/2025 01:00;NULL;27,48
03/07/2025 02:00;NULL;25,06
03/07/2025 03:00;NULL;25,06
03/07/2025 04:00;NULL;25,06
03/07/2025 05:00;39,43;24,25
03/07/2025 06:00;39,44;22,64
03/07/2025 07:00;NULL;21,84
03/07/2025 08:00;NULL;21,84
03/07/2025 09:00;NULL;21,84
03/07/2025 10:00;NULL;22,64
03/07/2025 11:00;NULL;21,84
03/07/2025 12:00;39,41;21,84
03/07/2025 13:00;39,39;20,22
03/07/2025 14:00;37,81;17,8
03/07/2025 15:00;37,7;17,8
03/07/2025 16:00;37,62;17
03/07/2025 17:00;37,05;17
03/07/2025 18:00;37,82;17,8
03/07/2025 19:00;39,39;21,03
03/07/2025 20:00;40;21,03
03/07/2025 21:00;38,63;23,45
03/07/2025 22:00;NULL;25,87
03/07/2025 23:00;NULL;25,87
04/07/2025 00:00;NULL;26,68
04/07/2025 01:00;NULL;25,87
04/07/2025 02:00;NULL;25,87
04/07/2025 03:00;NULL;25,87
04/07/2025 04:00;NULL;25,06
04/07/2025 05:00;NULL;25,06
04/07/2025 06:00;NULL;21,84
04/07/2025 07:00;NULL;25,87
04/07/2025 08:00;NULL;26,68
04/07/2025 09:00;NULL;24,25
04/07/2025 10:00;37,19;21,84
04/07/2025 11:00;18,63;10,5
04/07/2025 12:00;13,14;7,63
04/07/2025 13:00;10,85;6,88
04/07/2025 14:00;9,62;6,5
04/07/2025 15:00;12,46;6,88
04/07/2025 16:00;15,73;8
04/07/2025 17:00;12,04;6,88
04/07/2025 18:00;37,71;17,8
04/07/2025 19:00;39,42;21,84
04/07/2025 20:00;NULL;25,06
04/07/2025 21:00;NULL;26,68
04/07/2025 22:00;NULL;26,68
04/07/2025 23:00;NULL;26,68
05/07/2025 00:00;37,85;24,25
05/07/2025 01:00;26,26;13,11
05/07/2025 02:00;19,57;10
05/07/2025 03:00;15,77;8,5
05/07/2025 04:00;13,35;7,63
05/07/2025 05:00;13,18;7,63
05/07/2025 06:00;13,16;7,63
05/07/2025 07:00;11,44;6,88
05/07/2025 08:00;10,6;6,5
05/07/2025 09:00;15,38;8
05/07/2025 10:00;12,94;7,25
05/07/2025 11:00;12,93;7,25
05/07/2025 12:00;12,91;7,25
05/07/2025 13:00;15,64;8
05/07/2025 14:00;12,23;6,88
05/07/2025 15:00;11,72;6,5
05/07/2025 16:00;11,72;6,5
05/07/2025 17:00;15,11;8
05/07/2025 18:00;11,59;6,5
05/07/2025 19:00;12,78;6,88
05/07/2025 20:00;37,01;17
05/07/2025 21:00;39,41;19,41
05/07/2025 22:00;39,41;24,25
05/07/2025 23:00;38,54;23,45
06/07/2025 00:00;39,15;19,41
06/07/2025 01:00;27,7;13,11
06/07/2025 02:00;18,16;9,5
06/07/2025 03:00;16,12;8,5
06/07/2025 04:00;13,34;7,63
06/07/2025 05:00;10,86;6,88
06/07/2025 06:00;10,31;6,5
06/07/2025 07:00;10,22;6,5
06/07/2025 08:00;15,9;8
06/07/2025 09:00;11,59;6,5
06/07/2025 10:00;11,56;6,5
06/07/2025 11:00;11,04;6,13
06/07/2025 12:00;15,56;8
06/07/2025 13:00;11,54;6,5
06/07/2025 14:00;11,09;6,13
06/07/2025 15:00;11,08;6,13
06/07/2025 16:00;14,29;7,25
06/07/2025 17:00;11;6,13
06/07/2025 18:00;10,96;6,13
06/07/2025 19:00;10,96;6,13
06/07/2025 20:00;15,66;8
06/07/2025 21:00;10,95;6,13
06/07/2025 22:00;37,06;17
06/07/2025 23:00;37,74;17,8
07/07/2025 00:00;15,74;8
07/07/2025 01:00;12,29;6,5
07/07/2025 02:00;11,89;6,5
07/07/2025 03:00;10,87;6,13
07/07/2025 04:00;16,68;8
07/07/2025 05:00;12,53;6,5
07/07/2025 06:00;38,78;17,8
07/07/2025 07:00;38,35;17,8
07/07/2025 08:00;37,24;17
07/07/2025 09:00;8,8;5
07/07/2025 10:00;13,93;7,25
07/07/2025 11:00;21,77;17
07/07/2025 12:00;21,81;17
07/07/2025 13:00;19,67;15,33
07/07/2025 14:00;26,38;19,41
07/07/2025 15:00;21,92;17
07/07/2025 16:00;21,05;16,45
07/07/2025 17:00;25,88;19,41
07/07/2025 18:00;21,49;17
07/07/2025 19:00;20,86;16,45
07/07/2025 20:00;20,93;16,45
07/07/2025 21:00;25,84;19,41
07/07/2025 22:00;21,11;16,45
07/07/2025 23:00;21,01;16,45
08/07/2025 00:00;21,01;16,45
08/07/2025 01:00;26,91;19,41
08/07/2025 02:00;21,79;17
08/07/2025 03:00;22,68;17
08/07/2025 04:00;21,92;17
08/07/2025 05:00;26,37;19,41
08/07/2025 06:00;22,4;17
08/07/2025 07:00;22,4;17
08/07/2025 08:00;39,45;27,48
08/07/2025 09:00;35,8;25,06
08/07/2025 10:00;20,72;17
08/07/2025 11:00;17,95;14,78
08/07/2025 12:00;25,59;19,41
08/07/2025 13:00;20,77;16,45
08/07/2025 14:00;20,69;16,45
08/07/2025 15:00;17,69;14,78
08/07/2025 16:00;26,31;19,41
08/07/2025 17:00;21,12;16,45
08/07/2025 18:00;24,12;18,61
08/07/2025 19:00;30,48;21,84
08/07/2025 20:00;37,93;35,55
08/07/2025 21:00;NULL;36,35
08/07/2025 22:00;NULL;41,19
08/07/2025 23:00;NULL;46,55
09/07/2025 00:00;NULL;46,55
09/07/2025 01:00;NULL;48,06
09/07/2025 02:00;39,78;46,55
09/07/2025 03:00;39,51;32,32
09/07/2025 04:00;20,97;17,8
09/07/2025 05:00;30,58;22,64
09/07/2025 06:00;23,59;17,8
09/07/2025 07:00;24,57;18,61
09/07/2025 08:00;33,77;24,25
09/07/2025 09:00;31,56;22,64
09/07/2025 10:00;27,34;20,22
09/07/2025 11:00;23,06;17,8
09/07/2025 12:00;24,74;18,61
09/07/2025 13:00;19,97;15,89
09/07/2025 14:00;19,96;15,89
09/07/2025 15:00;16,76;14,22
09/07/2025 16:00;27,29;20,22
09/07/2025 17:00;24,34;18,61
09/07/2025 18:00;36,44;34,74
09/07/2025 19:00;NULL;35,55
09/07/2025 20:00;NULL;41,19
09/07/2025 21:00;NULL;46,55
09/07/2025 22:00;NULL;48,06
09/07/2025 23:00;NULL;48,06
10/07/2025 00:00;NULL;48,06
10/07/2025 01:00;NULL;48,06
10/07/2025 02:00;NULL;48,06
10/07/2025 03:00;NULL;46,55
10/07/2025 04:00;NULL;45,02
10/07/2025 05:00;NULL;41,19
10/07/2025 06:00;NULL;41,19
10/07/2025 07:00;NULL;40,38
10/07/2025 08:00;NULL;38,77
10/07/2025 09:00;38,16;36,35
10/07/2025 10:00;28,89;22,64
10/07/2025 11:00;28,61;21,84
10/07/2025 12:00;22,78;18,61
10/07/2025 13:00;20,08;17
10/07/2025 14:00;16,74;14,22
10/07/2025 15:00;16,72;14,22
10/07/2025 16:00;19,27;15,33
10/07/2025 17:00;19,64;15,89
10/07/2025 18:00;19,78;15,89
10/07/2025 19:00;39,12;30,71
10/07/2025 20:00;NULL;35,55
10/07/2025 21:00;NULL;37,97
10/07/2025 22:00;NULL;42
10/07/2025 23:00;NULL;46,55
11/07/2025 00:00;40;43,52
11/07/2025 01:00;39,31;27,48
11/07/2025 02:00;34,17;24,25
11/07/2025 03:00;33,44;24,25
11/07/2025 04:00;33,42;24,25
11/07/2025 05:00;36,33;25,87
11/07/2025 06:00;34,23;24,25
11/07/2025 07:00;34,38;24,25
11/07/2025 08:00;34,35;24,25
11/07/2025 09:00;35,84;25,06
11/07/2025 10:00;35,1;25,06
11/07/2025 11:00;33,77;24,25
11/07/2025 12:00;32,2;23,45
11/07/2025 13:00;27,57;21,03
11/07/2025 14:00;27,66;20,22
11/07/2025 15:00;24,43;18,61
11/07/2025 16:00;24,77;18,61
11/07/2025 17:00;24,97;18,61
11/07/2025 18:00;35,94;25,06
11/07/2025 19:00;31,67;22,64
11/07/2025 20:00;38,77;35,55
11/07/2025 21:00;NULL;35,55
11/07/2025 22:00;NULL;35,55
11/07/2025 23:00;NULL;45,02
12/07/2025 00:00;NULL;45,02
12/07/2025 01:00;NULL;43,52
12/07/2025 02:00;NULL;45,02
12/07/2025 03:00;39,27;45,02
12/07/2025 04:00;39,14;32,32
12/07/2025 05:00;36,61;33,93
12/07/2025 06:00;39,89;29,9
12/07/2025 07:00;36,76;29,09
12/07/2025 08:00;26,15;20,22
12/07/2025 09:00;22,97;17,8
12/07/2025 10:00;20,74;15,89
12/07/2025 11:00;19,6;15,33
12/07/2025 12:00;21,6;17
12/07/2025 13:00;27,01;20,22
12/07/2025 14:00;23,9;18,61
12/07/2025 15:00;24,91;19,41
12/07/2025 16:00;23,31;17,8
12/07/2025 17:00;27,16;20,22
12/07/2025 18:00;38,44;35,55
12/07/2025 19:00;NULL;36,35
12/07/2025 20:00;NULL;36,35
12/07/2025 21:00;NULL;42
12/07/2025 22:00;NULL;45,02
12/07/2025 23:00;NULL;49,58
13/07/2025 00:00;39,49;51,1
13/07/2025 01:00;NULL;43,52
13/07/2025 02:00;NULL;38,77
13/07/2025 03:00;NULL;45,02
13/07/2025 04:00;39,83;43,52
13/07/2025 05:00;36,09;25,87
13/07/2025 06:00;36,14;25,87
13/07/2025 07:00;34,18;24,25
13/07/2025 08:00;32,9;24,25
13/07/2025 09:00;28,72;21,84
13/07/2025 10:00;25,72;20,22
13/07/2025 11:00;21,13;17,8
13/07/2025 12:00;20,04;17
13/07/2025 13:00;17,99;16,45
13/07/2025 14:00;27,06;20,22
13/07/2025 15:00;21,01;16,45
13/07/2025 16:00;20,71;16,45
13/07/2025 17:00;23,39;17,8
13/07/2025 18:00;20,04;15,89
13/07/2025 19:00;37,4;35,55
13/07/2025 20:00;NULL;36,35
13/07/2025 21:00;NULL;40,38
13/07/2025 22:00;NULL;43,52
13/07/2025 23:00;NULL;45,02
14/07/2025 00:00;NULL;48,06
14/07/2025 01:00;38,62;45,02
14/07/2025 02:00;36,98;27,48
14/07/2025 03:00;35,08;25,06
14/07/2025 04:00;35,03;25,06
14/07/2025 05:00;26,15;20,22
14/07/2025 06:00;21,28;17,8
14/07/2025 07:00;26,02;19,41
14/07/2025 08:00;20,53;16,45
14/07/2025 09:00;19,99;15,89
14/07/2025 10:00;19,93;15,89
14/07/2025 11:00;22,12;17
14/07/2025 12:00;19,8;15,89
14/07/2025 13:00;19,06;15,33
14/07/2025 14:00;15,96;13,67
14/07/2025 15:00;22,02;17
14/07/2025 16:00;19,16;15,33
14/07/2025 17:00;19,02;15,33
14/07/2025 18:00;29,88;21,84
14/07/2025 19:00;36,65;35,55
14/07/2025 20:00;NULL;38,77
14/07/2025 21:00;NULL;39,58
14/07/2025 22:00;NULL;39,58
14/07/2025 23:00;NULL;40,38
15/07/2025 00:00;35,61;40,38
15/07/2025 01:00;38,73;29,09
15/07/2025 02:00;33,6;24,25
15/07/2025 03:00;29,14;21,84
15/07/2025 04:00;29,09;21,84
15/07/2025 05:00;29,19;21,84
15/07/2025 06:00;34,82;35,55
15/07/2025 07:00;NULL;37,97
15/07/2025 08:00;37,96;38,77
15/07/2025 09:00;36,89;28,29
15/07/2025 10:00;33,86;24,25
15/07/2025 11:00;34,69;25,06
15/07/2025 12:00;36,87;26,68
15/07/2025 13:00;39,99;28,29
15/07/2025 14:00;20,85;16,45
15/07/2025 15:00;23,29;17,8
15/07/2025 16:00;23,35;17,8
15/07/2025 17:00;19,98;15,89
15/07/2025 18:00;19,8;15,89
15/07/2025 19:00;23,32;17,8
15/07/2025 20:00;33,79;24,25
15/07/2025 21:00;33,83;24,25
15/07/2025 22:00;37,84;28,29
15/07/2025 23:00;39,47;29,9
16/07/2025 00:00;39,47;29,9
16/07/2025 01:00;39,47;30,71
16/07/2025 02:00;39,46;29,9
16/07/2025 03:00;20,16;17
16/07/2025 04:00;27,34;20,22
16/07/2025 05:00;20,89;16,45
16/07/2025 06:00;21,59;16,45
16/07/2025 07:00;23,82;17,8
16/07/2025 08:00;23,47;17,8
16/07/2025 09:00;20,07;15,89
16/07/2025 10:00;19,71;15,89
16/07/2025 11:00;13,42;12,55
16/07/2025 12:00;16,2;15,33
16/07/2025 13:00;32,37;24,25
16/07/2025 14:00;24,34;19,41
16/07/2025 15:00;12,2;12
16/07/2025 16:00;13,89;14,78
16/07/2025 17:00;32,71;25,87
16/07/2025 18:00;18,55;16,45
16/07/2025 19:00;34,64;24,25
16/07/2025 20:00;34,45;24,25
16/07/2025 21:00;39,44;30,71
16/07/2025 22:00;39,43;29,9
16/07/2025 23:00;39,43;29,9
17/07/2025 00:00;39,38;29,9
17/07/2025 01:00;39,35;29,9
17/07/2025 02:00;39,38;29,9
17/07/2025 03:00;39,39;29,9
17/07/2025 04:00;20,87;16,45
17/07/2025 05:00;35,27;25,06
17/07/2025 06:00;38,55;27,48
17/07/2025 07:00;39,37;30,71
17/07/2025 08:00;38,5;27,48
17/07/2025 09:00;36,1;25,06
17/07/2025 10:00;19,9;15,89
17/07/2025 11:00;23,15;17,8
17/07/2025 12:00;19,22;15,33
17/07/2025 13:00;19,06;15,33
17/07/2025 14:00;19,47;15,33
17/07/2025 15:00;18,42;14,78
17/07/2025 16:00;18,41;14,78
17/07/2025 17:00;34,49;24,25
17/07/2025 18:00;36,94;26,68
17/07/2025 19:00;38,54;32,32
17/07/2025 20:00;NULL;37,97
17/07/2025 21:00;NULL;37,97
17/07/2025 22:00;NULL;38,77
17/07/2025 23:00;NULL;38,77
18/07/2025 00:00;NULL;38,77
18/07/2025 01:00;39,31;38,77
18/07/2025 02:00;38,49;28,29
18/07/2025 03:00;19,92;15,89
18/07/2025 04:00;19,22;15,33
18/07/2025 05:00;19,21;15,33
18/07/2025 06:00;22,34;17
18/07/2025 07:00;34,45;24,25
18/07/2025 08:00;36,14;25,87
18/07/2025 09:00;38,51;33,13
18/07/2025 10:00;NULL;33,13
18/07/2025 11:00;38,68;33,13
18/07/2025 12:00;34,06;25,06
18/07/2025 13:00;26,31;19,41
18/07/2025 14:00;26,19;19,41
18/07/2025 15:00;26,26;19,41
18/07/2025 16:00;25,45;18,61
18/07/2025 17:00;34,46;24,25
18/07/2025 18:00;36,88;26,68
18/07/2025 19:00;39,61;29,9
18/07/2025 20:00;36,24;25,87
18/07/2025 21:00;37,73;27,48
18/07/2025 22:00;38,53;37,97
18/07/2025 23:00;NULL;37,97
19/07/2025 00:00;39,36;38,77
19/07/2025 01:00;29,32;27,48
19/07/2025 02:00;20,25;15,89
19/07/2025 03:00;20,13;15,89
19/07/2025 04:00;19,5;15,33
19/07/2025 05:00;19,48;15,33
19/07/2025 06:00;19,45;15,33
19/07/2025 07:00;19,15;15,33
19/07/2025 08:00;21,23;16,45
19/07/2025 09:00;19,38;15,33
19/07/2025 10:00;19,44;15,33
19/07/2025 11:00;19,44;15,33
19/07/2025 12:00;19,44;15,33
19/07/2025 13:00;19,25;15,33
19/07/2025 14:00;19,25;15,33
19/07/2025 15:00;19,32;15,33
19/07/2025 16:00;18,37;14,78
19/07/2025 17:00;19,73;15,33
19/07/2025 18:00;18,53;14,78
19/07/2025 19:00;18,52;14,78
19/07/2025 20:00;34,53;24,25
19/07/2025 21:00;34,56;24,25
19/07/2025 22:00;21,62;17,8
19/07/2025 23:00;18,54;14,78
20/07/2025 00:00;19,14;14,78
20/07/2025 01:00;18,57;14,78
20/07/2025 02:00;20,17;15,89
20/07/2025 03:00;19,24;14,78
20/07/2025 04:00;18,42;14,78
20/07/2025 05:00;18,4;14,78
20/07/2025 06:00;18,43;14,78
20/07/2025 07:00;18,37;14,78
20/07/2025 08:00;18,36;14,78
20/07/2025 09:00;18,32;14,78
20/07/2025 10:00;18,34;14,78
20/07/2025 11:00;18,23;14,78
20/07/2025 12:00;18,3;14,78
20/07/2025 13:00;17,7;14,22
20/07/2025 14:00;18,49;14,78
20/07/2025 15:00;17,74;14,22
20/07/2025 16:00;18,29;14,78
20/07/2025 17:00;17,56;14,22
20/07/2025 18:00;17,56;14,22
20/07/2025 19:00;17,55;14,22
20/07/2025 20:00;34,51;24,25
20/07/2025 21:00;34,47;24,25
20/07/2025 22:00;39,36;33,13
20/07/2025 23:00;NULL;37,97
21/07/2025 00:00;38,46;37,97
21/07/2025 01:00;20,81;17,8
21/07/2025 02:00;20;15,89
21/07/2025 03:00;20,04;15,89
21/07/2025 04:00;19,41;15,33
21/07/2025 05:00;19,49;15,33
21/07/2025 06:00;19,4;15,33
21/07/2025 07:00;25,9;22,64
21/07/2025 08:00;21,92;19,41
21/07/2025 09:00;21,56;17
21/07/2025 10:00;20,41;15,89
21/07/2025 11:00;19,44;15,33
21/07/2025 12:00;18,47;14,78
21/07/2025 13:00;18,41;14,78
21/07/2025 14:00;17,84;14,22
21/07/2025 15:00;18,01;14,22
21/07/2025 16:00;17,75;14,22
21/07/2025 17:00;17,73;14,22
21/07/2025 18:00;17,09;13,67
21/07/2025 19:00;17,64;14,22
21/07/2025 20:00;17,08;13,67
21/07/2025 21:00;33,77;23,45
21/07/2025 22:00;37,71;27,48
21/07/2025 23:00;39,32;37,97
22/07/2025 00:00;39,9;33,93
22/07/2025 01:00;37,8;32,32
22/07/2025 02:00;25,87;19,41
22/07/2025 03:00;17,72;14,22
22/07/2025 04:00;17,49;14,22
22/07/2025 05:00;17,74;14,22
22/07/2025 06:00;34,47;24,25
22/07/2025 07:00;34,48;24,25
22/07/2025 08:00;38,53;32,32
22/07/2025 09:00;39,39;32,32
22/07/2025 10:00;19,81;15,89
22/07/2025 11:00;21,9;16,45
22/07/2025 12:00;16,85;13,67
22/07/2025 13:00;16,84;13,67
22/07/2025 14:00;16,68;13,67
22/07/2025 15:00;13;12,55
22/07/2025 16:00;24,87;18,61
22/07/2025 17:00;17,88;15,89
22/07/2025 18:00;15,87;13,11
22/07/2025 19:00;14,51;12,55
22/07/2025 20:00;33,69;23,45
22/07/2025 21:00;34,52;24,25
22/07/2025 22:00;39,35;31,52
22/07/2025 23:00;NULL;36,35
23/07/2025 00:00;NULL;35,55
23/07/2025 01:00;NULL;35,55
23/07/2025 02:00;39,37;35,55
23/07/2025 03:00;38,56;29,09
23/07/2025 04:00;34,88;29,9
23/07/2025 05:00;34,54;24,25
23/07/2025 06:00;37,74;27,48
23/07/2025 07:00;39,37;34,74
23/07/2025 08:00;NULL;35,55
23/07/2025 09:00;NULL;35,55
23/07/2025 10:00;NULL;35,55
23/07/2025 11:00;NULL;35,55
23/07/2025 12:00;39,31;35,55
23/07/2025 13:00;38,51;28,29
23/07/2025 14:00;37,74;27,48
23/07/2025 15:00;35,24;25,87
23/07/2025 16:00;37,72;27,48
23/07/2025 17:00;39,98;30,71
23/07/2025 18:00;35,36;25,06
23/07/2025 19:00;39,34;32,32
23/07/2025 20:00;NULL;37,16
23/07/2025 21:00;NULL;37,16
23/07/2025 22:00;NULL;37,16
23/07/2025 23:00;NULL;37,97
24/07/2025 00:00;39,42;35,55
24/07/2025 01:00;38,68;29,9
24/07/2025 02:00;36,16;25,87
24/07/2025 03:00;38,54;31,52
24/07/2025 04:00;39,83;32,32
24/07/2025 05:00;39,27;30,71
24/07/2025 06:00;37,7;27,48
24/07/2025 07:00;39,28;36,35
24/07/2025 08:00;NULL;36,35
24/07/2025 09:00;NULL;36,35
24/07/2025 10:00;38,59;35,55
24/07/2025 11:00;23,56;21,03
24/07/2025 12:00;34,45;24,25
24/07/2025 13:00;34,59;24,25
24/07/2025 14:00;23,02;21,03
24/07/2025 15:00;18,67;14,78
24/07/2025 16:00;14,61;12,55
24/07/2025 17:00;16,13;13,11
24/07/2025 18:00;33,64;23,45
24/07/2025 19:00;36,92;26,68
24/07/2025 20:00;38,52;34,74
24/07/2025 21:00;NULL;34,74
24/07/2025 22:00;NULL;37,16
24/07/2025 23:00;NULL;37,16
25/07/2025 00:00;NULL;34,74
25/07/2025 01:00;38,56;33,93
25/07/2025 02:00;21,37;19,41
25/07/2025 03:00;20,6;15,89
25/07/2025 04:00;15,77;13,11
25/07/2025 05:00;15,77;13,11
25/07/2025 06:00;14,78;12,55
25/07/2025 07:00;15,57;13,11
25/07/2025 08:00;14,44;12,55
25/07/2025 09:00;14,38;12,55
25/07/2025 10:00;15,49;13,11
25/07/2025 11:00;15,66;13,11
25/07/2025 12:00;14,52;12,55
25/07/2025 13:00;14,57;12,55
25/07/2025 14:00;14,4;12,55
25/07/2025 15:00;15,81;13,11
25/07/2025 16:00;15,19;12,55
25/07/2025 17:00;13,97;12
25/07/2025 18:00;14,06;12
25/07/2025 19:00;33,84;23,45
25/07/2025 20:00;36,71;26,68
25/07/2025 21:00;36,73;26,68
25/07/2025 22:00;38,47;28,29
25/07/2025 23:00;39,3;32,32
26/07/2025 00:00;39,91;33,13
26/07/2025 01:00;25,47;23,45
26/07/2025 02:00;17,87;15,89
26/07/2025 03:00;15,56;13,67
26/07/2025 04:00;14,61;12,55
26/07/2025 05:00;15,76;13,11
26/07/2025 06:00;14,56;12,55
26/07/2025 07:00;14,42;12,55
26/07/2025 08:00;14,98;12,55
26/07/2025 09:00;15,64;13,11
26/07/2025 10:00;14,83;12,55
26/07/2025 11:00;15,21;12,55
26/07/2025 12:00;14,44;12,55
26/07/2025 13:00;14,38;12,55
26/07/2025 14:00;13,81;12
26/07/2025 15:00;14,96;12,55
26/07/2025 16:00;14,94;12,55
26/07/2025 17:00;17,05;13,67
26/07/2025 18:00;13,99;12
26/07/2025 19:00;13,94;12
26/07/2025 20:00;13,87;12
26/07/2025 21:00;13,86;12
26/07/2025 22:00;31,01;21,84
26/07/2025 23:00;32,22;22,64
27/07/2025 00:00;32,43;22,64
27/07/2025 01:00;19,09;14,78
27/07/2025 02:00;20,77;15,89
27/07/2025 03:00;20,97;15,89
27/07/2025 04:00;21,6;16,45
27/07/2025 05:00;21,78;16,45
27/07/2025 06:00;21,78;16,45
27/07/2025 07:00;21,78;16,45
27/07/2025 08:00;21,71;16,45
27/07/2025 09:00;20,91;15,89
27/07/2025 10:00;16,9;13,67
27/07/2025 11:00;14,53;12,55
27/07/2025 12:00;15,15;12,55
27/07/2025 13:00;13,85;12
27/07/2025 14:00;13,82;12
27/07/2025 15:00;13,79;12
27/07/2025 16:00;13,77;12
27/07/2025 17:00;13,76;12
27/07/2025 18:00;13,92;12
27/07/2025 19:00;13,84;12
27/07/2025 20:00;13,78;12
27/07/2025 21:00;20,04;15,33
27/07/2025 22:00;20,81;15,89
27/07/2025 23:00;20,1;15,33
28/07/2025 00:00;24,62;17,8
28/07/2025 01:00;21,03;15,89
28/07/2025 02:00;21,86;16,45
28/07/2025 03:00;20,68;15,89
28/07/2025 04:00;16,82;13,67
28/07/2025 05:00;16,42;13,11
28/07/2025 06:00;20,62;15,89
28/07/2025 07:00;24,24;17,8
28/07/2025 08:00;21,65;16,45
28/07/2025 09:00;21,66;16,45
28/07/2025 10:00;21,58;16,45
28/07/2025 11:00;17,01;13,67
28/07/2025 12:00;14,87;12,55
28/07/2025 13:00;14,67;12,55
28/07/2025 14:00;14,57;12,55
28/07/2025 15:00;17,3;13,67
28/07/2025 16:00;13,95;12
28/07/2025 17:00;13,88;12
28/07/2025 18:00;13,8;12
28/07/2025 19:00;33,67;23,45
28/07/2025 20:00;33,71;23,45
28/07/2025 21:00;35,3;25,06
28/07/2025 22:00;36,08;25,87
28/07/2025 23:00;36,06;25,87
29/07/2025 00:00;36,03;25,87
29/07/2025 01:00;22,73;17,8
29/07/2025 02:00;19,06;14,78
29/07/2025 03:00;14,87;12,55
29/07/2025 04:00;14,51;12,55
29/07/2025 05:00;14,43;12,55
29/07/2025 06:00;15,08;12,55
29/07/2025 07:00;20,6;15,89
29/07/2025 08:00;20,82;15,89
29/07/2025 09:00;21,54;16,45
29/07/2025 10:00;20,96;15,89
29/07/2025 11:00;15,57;13,11
29/07/2025 12:00;15,09;13,11
29/07/2025 13:00;14,49;12,55
29/07/2025 14:00;14,52;12,55
29/07/2025 15:00;14,46;12,55
29/07/2025 16:00;13,85;12
29/07/2025 17:00;13,8;12
29/07/2025 18:00;28,3;20,22
29/07/2025 19:00;33,67;23,45
29/07/2025 20:00;36,93;26,68
29/07/2025 21:00;36,91;26,68
29/07/2025 22:00;36,89;26,68
29/07/2025 23:00;39,29;30,71
30/07/2025 00:00;NULL;38,77
30/07/2025 01:00;NULL;38,77
30/07/2025 02:00;NULL;37,97
30/07/2025 03:00;NULL;37,16
30/07/2025 04:00;38,85;36,35
30/07/2025 05:00;29,39;27,48
30/07/2025 06:00;22,1;20,22
30/07/2025 07:00;16,58;14,78
30/07/2025 08:00;21,22;16,45
30/07/2025 09:00;21,82;16,45
30/07/2025 10:00;16,01;14,78
30/07/2025 11:00;25,13;20,22
30/07/2025 12:00;22,87;19,41
30/07/2025 13:00;15,01;13,11
30/07/2025 14:00;14,39;12,55
30/07/2025 15:00;14,35;12,55
30/07/2025 16:00;14,31;12,55
30/07/2025 17:00;33,69;23,45
30/07/2025 18:00;29,35;21,03
30/07/2025 19:00;18,93;14,78
30/07/2025 20:00;33,64;23,45
30/07/2025 21:00;33,65;23,45
30/07/2025 22:00;36,93;26,68
30/07/2025 23:00;36,92;26,68
31/07/2025 00:00;36,9;26,68
31/07/2025 01:00;20,52;16,45
31/07/2025 02:00;18,45;15,33
31/07/2025 03:00;33,69;23,45
31/07/2025 04:00;33,67;23,45
31/07/2025 05:00;33,67;23,45
31/07/2025 06:00;39,3;29,9
31/07/2025 07:00;NULL;30,71
31/07/2025 08:00;39,97;30,71
31/07/2025 09:00;22,18;20,22
31/07/2025 10:00;21,3;19,41
31/07/2025 11:00;16,2;14,22
31/07/2025 12:00;15,02;13,11
31/07/2025 13:00;14,39;12,55
31/07/2025 14:00;24,14;17,8
31/07/2025 15:00;16,76;13,67
31/07/2025 16:00;14,52;12,55
31/07/2025 17:00;14,42;12,55
31/07/2025 18:00;14,37;12,55
31/07/2025 19:00;33,66;23,45
31/07/2025 20:00;33,67;23,45
31/07/2025 21:00;34,49;24,25
31/07/2025 22:00;39,31;30,71
31/07/2025 23:00;NULL;31,52
01/08/2025 00:00;38,71;33,13
01/08/2025 01:00;32,35;27,48
01/08/2025 02:00;26,62;22,64
01/08/2025 03:00;18,41;16,45
01/08/2025 04:00;15,58;13,67
01/08/2025 05:00;14,94;13,11
01/08/2025 06:00;15,68;13,11
01/08/2025 07:00;33,7;23,45
01/08/2025 08:00;34,46;24,25
01/08/2025 09:00;34,45;24,25
01/08/2025 10:00;15,05;13,11
01/08/2025 11:00;18,28;16,45
01/08/2025 12:00;17,87;15,89
01/08/2025 13:00;15,56;13,67
01/08/2025 14:00;14,4;12,55
01/08/2025 15:00;17,05;13,67
01/08/2025 16:00;16,28;13,67
01/08/2025 17:00;14,51;12,55
01/08/2025 18:00;14,42;12,55
01/08/2025 19:00;18,07;14,22
01/08/2025 20:00;32,68;22,64
01/08/2025 21:00;33,69;23,45
01/08/2025 22:00;33,71;23,45
01/08/2025 23:00;35,29;25,06
02/08/2025 00:00;36,08;25,87
02/08/2025 01:00;22,49;17,8
02/08/2025 02:00;18,5;14,78
02/08/2025 03:00;14,49;12,55
02/08/2025 04:00;18,74;14,78
02/08/2025 05:00;14,47;12,55
02/08/2025 06:00;14,39;12,55
02/08/2025 07:00;14,3;12,55
02/08/2025 08:00;20,47;15,89
02/08/2025 09:00;15,53;13,11
02/08/2025 10:00;14,43;12,55
02/08/2025 11:00;14,85;12,55
02/08/2025 12:00;14,49;12,55
02/08/2025 13:00;14,38;12,55
02/08/2025 14:00;15,78;13,11
02/08/2025 15:00;14,46;12,55
02/08/2025 16:00;14,4;12,55
02/08/2025 17:00;14,86;12,55
02/08/2025 18:00;14,46;12,55
02/08/2025 19:00;13,48;12
02/08/2025 20:00;13,46;12
02/08/2025 21:00;29,15;21,03
02/08/2025 22:00;33,7;23,45
02/08/2025 23:00;33,64;23,45
03/08/2025 00:00;34,46;24,25
03/08/2025 01:00;34,46;24,25
03/08/2025 02:00;33,7;23,45
03/08/2025 03:00;15,62;13,67
03/08/2025 04:00;14,44;12,55
03/08/2025 05:00;17,03;13,67
03/08/2025 06:00;14,54;12,55
03/08/2025 07:00;14,45;12,55
03/08/2025 08:00;14,36;12,55
03/08/2025 09:00;33,62;23,45
03/08/2025 10:00;30,8;21,84
03/08/2025 11:00;16,91;13,67
03/08/2025 12:00;14,47;12,55
03/08/2025 13:00;14,39;12,55
03/08/2025 14:00;16,73;13,67
03/08/2025 15:00;14,48;12,55
03/08/2025 16:00;14,4;12,55
03/08/2025 17:00;14,92;12,55
03/08/2025 18:00;14,48;12,55
03/08/2025 19:00;13,81;12
03/08/2025 20:00;13,83;12
03/08/2025 21:00;28,32;20,22
03/08/2025 22:00;31,23;21,84
03/08/2025 23:00;23,57;17,8
04/08/2025 00:00;26,9;19,41
04/08/2025 01:00;15,27;12,55
04/08/2025 02:00;14,5;12
04/08/2025 03:00;14,46;12
04/08/2025 04:00;14,42;12,55
04/08/2025 05:00;14,37;12,55
04/08/2025 06:00;14,35;12
04/08/2025 07:00;13,2;12
04/08/2025 08:00;18,03;14,22
04/08/2025 09:00;21,55;18,61
04/08/2025 10:00;14,01;12
04/08/2025 11:00;13,94;12
04/08/2025 12:00;15,28;12,55
04/08/2025 13:00;15,36;12,55
04/08/2025 14:00;12,98;11
04/08/2025 15:00;14,27;12
04/08/2025 16:00;12,92;11
04/08/2025 17:00;14,71;12
04/08/2025 18:00;13,02;11
04/08/2025 19:00;32,93;22,64
04/08/2025 20:00;29,79;21,03
04/08/2025 21:00;13,94;12
04/08/2025 22:00;20,5;15,33
04/08/2025 23:00;13,05;11
05/08/2025 00:00;12,9;11
05/08/2025 01:00;16,66;13,11
05/08/2025 02:00;19,54;14,78
05/08/2025 03:00;17,49;13,67
05/08/2025 04:00;14,71;12
05/08/2025 05:00;13,89;12
05/08/2025 06:00;14,87;12
05/08/2025 07:00;14,83;12
05/08/2025 08:00;30,09;21,03
05/08/2025 09:00;28,9;20,22
05/08/2025 10:00;19,52;14,78
05/08/2025 11:00;16,58;13,11
05/08/2025 12:00;14,12;12
05/08/2025 13:00;14,07;12
05/08/2025 14:00;13,12;11
05/08/2025 15:00;13,02;11
05/08/2025 16:00;12,89;11
05/08/2025 17:00;12,82;11
05/08/2025 18:00;12,79;11
05/08/2025 19:00;32,6;22,64
05/08/2025 20:00;29,12;20,22
05/08/2025 21:00;17,74;13,67
05/08/2025 22:00;32,88;22,64
05/08/2025 23:00;32,87;22,64
06/08/2025 00:00;19,26;14,78
06/08/2025 01:00;19,33;14,78
06/08/2025 02:00;16,63;13,11
06/08/2025 03:00;13,94;12
06/08/2025 04:00;12,73;11
06/08/2025 05:00;12,72;11
06/08/2025 06:00;12,69;11
06/08/2025 07:00;27,28;19,41
06/08/2025 08:00;28,73;20,22
06/08/2025 09:00;17,74;13,67
06/08/2025 10:00;32,96;22,64
06/08/2025 11:00;13,99;12
06/08/2025 12:00;14,24;12
06/08/2025 13:00;13,97;12
06/08/2025 14:00;13,89;12
06/08/2025 15:00;14,2;12
06/08/2025 16:00;13,96;12
06/08/2025 17:00;15,76;12,55
06/08/2025 18:00;15,65;12,55
06/08/2025 19:00;32,93;22,64
06/08/2025 20:00;32,91;22,64
06/08/2025 21:00;32,94;22,64
06/08/2025 22:00;34,51;24,25
06/08/2025 23:00;34,49;24,25
07/08/2025 00:00;34,47;24,25
07/08/2025 01:00;20,98;16,45
07/08/2025 02:00;13,99;12
07/08/2025 03:00;13,92;12
07/08/2025 04:00;14,22;12
07/08/2025 05:00;13,94;12
07/08/2025 06:00;13,87;12
07/08/2025 07:00;14,29;12
07/08/2025 08:00;13,93;12
07/08/2025 09:00;17,43;13,67
07/08/2025 10:00;13,99;12
07/08/2025 11:00;14,32;12
07/08/2025 12:00;13,93;12
07/08/2025 13:00;12,85;11
07/08/2025 14:00;18,42;14,22
07/08/2025 15:00;12,97;11
07/08/2025 16:00;18,09;13,67
07/08/2025 17:00;17,7;13,67
07/08/2025 18:00;12,9;11
07/08/2025 19:00;32,05;21,84
07/08/2025 20:00;31,16;21,84
07/08/2025 21:00;28,96;20,22
07/08/2025 22:00;32,91;22,64
07/08/2025 23:00;32,77;23,45
08/08/2025 00:00;33,45;24,25
08/08/2025 01:00;13,93;12
08/08/2025 02:00;19,06;14,78
08/08/2025 03:00;16,63;13,11
08/08/2025 04:00;13,89;12
08/08/2025 05:00;32,95;22,64
08/08/2025 06:00;28,78;20,22
08/08/2025 07:00;33,7;23,45
08/08/2025 08:00;33,66;22,64
08/08/2025 09:00;20,85;15,89
08/08/2025 10:00;17,34;13,67
08/08/2025 11:00;13,94;12
08/08/2025 12:00;13,14;11
08/08/2025 13:00;17,67;13,67
08/08/2025 14:00;12,99;11
08/08/2025 15:00;12,92;11
08/08/2025 16:00;12,84;11
08/08/2025 17:00;15,68;12,55
08/08/2025 18:00;12,98;11
08/08/2025 19:00;27,75;19,41
08/08/2025 20:00;32,93;22,64
08/08/2025 21:00;32,94;22,64
08/08/2025 22:00;34,51;24,25
08/08/2025 23:00;34,48;24,25
09/08/2025 00:00;34,47;24,25
09/08/2025 01:00;34,44;24,25
09/08/2025 02:00;20,26;15,89
09/08/2025 03:00;14,28;12
09/08/2025 04:00;13,92;12
09/08/2025 05:00;16,79;13,11
09/08/2025 06:00;14,6;12
09/08/2025 07:00;13,88;12
09/08/2025 08:00;12,8;11
09/08/2025 09:00;32,68;22,64
09/08/2025 10:00;28,84;20,22
09/08/2025 11:00;17,47;13,67
09/08/2025 12:00;13,99;12
09/08/2025 13:00;12,89;11
09/08/2025 14:00;16,81;13,11
09/08/2025 15:00;12,96;11
09/08/2025 16:00;12,88;11
09/08/2025 17:00;11,02;10
09/08/2025 18:00;15,67;12,55
09/08/2025 19:00;13,03;11
09/08/2025 20:00;29,32;20,22
09/08/2025 21:00;32,91;22,64
09/08/2025 22:00;33,69;23,45
09/08/2025 23:00;35,27;25,06
10/08/2025 00:00;36,07;25,87
10/08/2025 01:00;26,25;20,22
10/08/2025 02:00;20,12;15,33
10/08/2025 03:00;15,14;12,55
10/08/2025 04:00;13,97;12
10/08/2025 05:00;13,89;12
10/08/2025 06:00;13,85;12
10/08/2025 07:00;13,81;12
10/08/2025 08:00;13,71;12
10/08/2025 09:00;16,5;13,11
10/08/2025 10:00;15,51;12,55
10/08/2025 11:00;13,94;12
10/08/2025 12:00;13,87;12
10/08/2025 13:00;12,77;11
10/08/2025 14:00;15,67;12,55
10/08/2025 15:00;12,94;11
10/08/2025 16:00;12,87;11
10/08/2025 17:00;12,89;11
10/08/2025 18:00;12,83;11
10/08/2025 19:00;28,1;19,41
10/08/2025 20:00;31,34;21,84
10/08/2025 21:00;32,97;22,64
10/08/2025 22:00;32,83;22,64
10/08/2025 23:00;27,64;21,03
11/08/2025 00:00;19,89;15,33
11/08/2025 01:00;32,92;22,64
11/08/2025 02:00;31,71;21,84
11/08/2025 03:00;32,94;22,64
11/08/2025 04:00;32,93;22,64
11/08/2025 05:00;20,98;15,89
11/08/2025 06:00;32,91;22,64
11/08/2025 07:00;33,65;23,45
11/08/2025 08:00;33,35;22,64
11/08/2025 09:00;20,82;15,33
11/08/2025 10:00;20,15;15,33
11/08/2025 11:00;20,87;15,89
11/08/2025 12:00;17,32;13,67
11/08/2025 13:00;15,53;12,55
11/08/2025 14:00;13,95;12
11/08/2025 15:00;12,9;11
11/08/2025 16:00;12,81;11
11/08/2025 17:00;30,47;21,03
11/08/2025 18:00;32,9;22,64
11/08/2025 19:00;32,89;22,64
11/08/2025 20:00;32,89;22,64
11/08/2025 21:00;33,69;23,45
11/08/2025 22:00;33,66;23,45
11/08/2025 23:00;34,52;24,25
12/08/2025 00:00;34,47;24,25
12/08/2025 01:00;34,47;24,25
12/08/2025 02:00;35,31;25,06
12/08/2025 03:00;35,33;25,06
12/08/2025 04:00;34,53;24,25
12/08/2025 05:00;35,32;25,06
12/08/2025 06:00;35,24;24,25
12/08/2025 07:00;35,28;25,06
12/08/2025 08:00;35,21;25,06
12/08/2025 09:00;35,12;24,25
12/08/2025 10:00;33,53;23,45
12/08/2025 11:00;32,84;22,64
12/08/2025 12:00;17,1;13,67
12/08/2025 13:00;12,5;11
12/08/2025 14:00;11,55;10,5
12/08/2025 15:00;14,47;12
12/08/2025 16:00;11,72;10,5
12/08/2025 17:00;11,84;10,5
12/08/2025 18:00;21,42;15,89
12/08/2025 19:00;19,44;14,78
12/08/2025 20:00;20,13;15,33
12/08/2025 21:00;32,81;22,64
12/08/2025 22:00;34,43;24,25
12/08/2025 23:00;34,44;24,25
13/08/2025 00:00;34,45;24,25
13/08/2025 01:00;34,44;24,25
13/08/2025 02:00;34,5;24,25
13/08/2025 03:00;34,52;24,25
13/08/2025 04:00;34,51;24,25
13/08/2025 05:00;34,46;24,25
13/08/2025 06:00;34,44;24,25
13/08/2025 07:00;34,43;24,25
13/08/2025 08:00;34,4;24,25
13/08/2025 09:00;31,74;23,45
13/08/2025 10:00;38,52;28,29
13/08/2025 11:00;26,11;21,03
13/08/2025 12:00;13,78;12
13/08/2025 13:00;12,03;11
13/08/2025 14:00;15,05;12
13/08/2025 15:00;14,89;12
13/08/2025 16:00;31,95;21,84
13/08/2025 17:00;32,04;21,84
13/08/2025 18:00;32,87;22,64
13/08/2025 19:00;33,67;23,45
13/08/2025 20:00;34,46;24,25
13/08/2025 21:00;34,43;24,25
13/08/2025 22:00;34,41;24,25
13/08/2025 23:00;34,5;24,25
14/08/2025 00:00;34,5;24,25
14/08/2025 01:00;32,88;22,64
14/08/2025 02:00;14,02;12
14/08/2025 03:00;11,04;10
14/08/2025 04:00;11,69;10
14/08/2025 05:00;10,92;10
14/08/2025 06:00;11,59;10
14/08/2025 07:00;10,77;10
14/08/2025 08:00;13,13;11
14/08/2025 09:00;11,78;10,5
14/08/2025 10:00;11,01;10
14/08/2025 11:00;10,93;10
14/08/2025 12:00;12,2;10,5
14/08/2025 13:00;13,19;11
14/08/2025 14:00;12,11;10,5
14/08/2025 15:00;11,37;10
14/08/2025 16:00;11,03;10
14/08/2025 17:00;23,37;16,45
14/08/2025 18:00;31,72;21,84
14/08/2025 19:00;30,35;21,03
14/08/2025 20:00;32,07;21,84
14/08/2025 21:00;30,79;21,03
14/08/2025 22:00;31,99;21,84
14/08/2025 23:00;31,67;21,84
15/08/2025 00:00;26,4;18,61
15/08/2025 01:00;13,19;11
15/08/2025 02:00;12,17;10,5
15/08/2025 03:00;15,2;12
15/08/2025 04:00;13,43;11
15/08/2025 05:00;15,34;12
15/08/2025 06:00;14,95;12
15/08/2025 07:00;15,47;12,55
15/08/2025 08:00;15,79;12,55
15/08/2025 09:00;11,99;10,5
15/08/2025 10:00;15,22;12,55
15/08/2025 11:00;13,15;11
15/08/2025 12:00;17,07;13,11
15/08/2025 13:00;11,54;10,5
15/08/2025 14:00;13,48;11
15/08/2025 15:00;11,04;10
15/08/2025 16:00;13,41;11
15/08/2025 17:00;11,02;10
15/08/2025 18:00;13,28;11
15/08/2025 19:00;32,96;22,64
15/08/2025 20:00;32,87;22,64
15/08/2025 21:00;32,91;22,64
15/08/2025 22:00;32,94;22,64
15/08/2025 23:00;32,91;22,64
16/08/2025 00:00;33,68;23,45
16/08/2025 01:00;34,4;23,45
16/08/2025 02:00;29,72;21,03
16/08/2025 03:00;11,78;10
16/08/2025 04:00;14,44;12
16/08/2025 05:00;12,79;11
16/08/2025 06:00;13,69;11
16/08/2025 07:00;12,23;10,5
16/08/2025 08:00;14,14;12
16/08/2025 09:00;11,83;10,5
16/08/2025 10:00;14,46;12
16/08/2025 11:00;11,55;10,5
16/08/2025 12:00;13,33;11
16/08/2025 13:00;11,03;10
16/08/2025 14:00;13,46;11
16/08/2025 15:00;11,06;10
16/08/2025 16:00;13,25;11
16/08/2025 17:00;11,06;10
16/08/2025 18:00;32,92;22,64
16/08/2025 19:00;32,86;22,64
16/08/2025 20:00;31,47;21,84
16/08/2025 21:00;32,87;22,64
16/08/2025 22:00;32,91;22,64
16/08/2025 23:00;32,88;22,64
17/08/2025 00:00;30,95;21,84
17/08/2025 01:00;11,5;10,5
17/08/2025 02:00;15,46;12,55
17/08/2025 03:00;11,55;10,5
17/08/2025 04:00;15,02;12,55
17/08/2025 05:00;11,55;10,5
17/08/2025 06:00;14,28;12
17/08/2025 07:00;11,57;10,5
17/08/2025 08:00;14,28;12
17/08/2025 09:00;33,46;22,64
17/08/2025 10:00;31,21;21,84
17/08/2025 11:00;11,5;10,5
17/08/2025 12:00;15,61;12,55
17/08/2025 13:00;11,55;10,5
17/08/2025 14:00;14,17;12
17/08/2025 15:00;11,05;10
17/08/2025 16:00;14,34;12
17/08/2025 17:00;11,08;10
17/08/2025 18:00;27,71;19,41
17/08/2025 19:00;26,36;18,61
17/08/2025 20:00;26,16;18,61
17/08/2025 21:00;28,67;20,22
17/08/2025 22:00;31,46;21,84
17/08/2025 23:00;30,35;21,03
18/08/2025 00:00;27,35;19,41
18/08/2025 01:00;11,51;10,5
18/08/2025 02:00;10,7;10
18/08/2025 03:00;10,62;10
18/08/2025 04:00;12,24;10,5
18/08/2025 05:00;11,59;10,5
18/08/2025 06:00;10,97;10
18/08/2025 07:00;13,1;11
18/08/2025 08:00;5,99;6,88
18/08/2025 09:00;5,24;6,13
18/08/2025 10:00;5,61;6,5
18/08/2025 11:00;8,61;9,5
18/08/2025 12:00;8,61;9,5
18/08/2025 13:00;8,61;9,5
18/08/2025 14:00;16,63;14,78
18/08/2025 15:00;32,49;24,25
18/08/2025 16:00;31,6;23,45
18/08/2025 17:00;9,11;10
18/08/2025 18:00;9,37;9,5
18/08/2025 19:00;11,66;12,55
18/08/2025 20:00;12,22;13,11
18/08/2025 21:00;11,11;12
18/08/2025 22:00;13,33;14,22
18/08/2025 23:00;16,11;17
19/08/2025 00:00;20,14;21,03
19/08/2025 01:00;16,91;17,8
19/08/2025 02:00;17,72;18,61
19/08/2025 03:00;18,52;19,41
19/08/2025 04:00;16,11;17
19/08/2025 05:00;16,11;17
19/08/2025 06:00;15;15,89
19/08/2025 07:00;12,78;13,67
19/08/2025 08:00;12,78;13,67
19/08/2025 09:00;12,22;13,11
19/08/2025 10:00;12,22;13,11
19/08/2025 11:00;12,22;13,11
19/08/2025 12:00;12,22;13,11
19/08/2025 13:00;12,22;13,11
19/08/2025 14:00;11,66;12,55
19/08/2025 15:00;11,11;12
19/08/2025 16:00;11,11;12
19/08/2025 17:00;11,11;12
19/08/2025 18:00;11,11;12
19/08/2025 19:00;11,11;12
19/08/2025 20:00;11,11;12
19/08/2025 21:00;11,11;12
19/08/2025 22:00;11,11;12
19/08/2025 23:00;11,66;12,55
20/08/2025 00:00;12,22;13,11
20/08/2025 01:00;14,44;15,33
20/08/2025 02:00;14,44;15,33
20/08/2025 03:00;14,44;15,33
20/08/2025 04:00;13,89;14,78
20/08/2025 05:00;12,22;13,11
20/08/2025 06:00;12,22;13,11
20/08/2025 07:00;11,66;12,55
20/08/2025 08:00;11,66;12,55
20/08/2025 09:00;11,66;12,55
20/08/2025 10:00;11,66;12,55
20/08/2025 11:00;11,66;12,55
20/08/2025 12:00;11,66;12,55
20/08/2025 13:00;11,66;12,55
20/08/2025 14:00;11,66;12,55
20/08/2025 15:00;11,66;12,55
20/08/2025 16:00;11,11;12
20/08/2025 17:00;11,11;12
20/08/2025 18:00;11,11;12
20/08/2025 19:00;11,11;12
20/08/2025 20:00;11,11;12
20/08/2025 21:00;11,11;12
20/08/2025 22:00;11,11;12
20/08/2025 23:00;11,11;12
21/08/2025 00:00;10,87;11
21/08/2025 01:00;10,11;11
21/08/2025 02:00;11,11;12
21/08/2025 03:00;11,87;12,55
21/08/2025 04:00;12,42;13,11
21/08/2025 05:00;12,78;13,67
21/08/2025 06:00;13,54;13,67
21/08/2025 07:00;12,78;13,67
21/08/2025 08:00;12,22;13,11
21/08/2025 09:00;11,66;12,55
21/08/2025 10:00;9,61;10,5
21/08/2025 11:00;9,61;10,5
21/08/2025 12:00;10,11;11
21/08/2025 13:00;10,11;11
21/08/2025 14:00;10,11;11
21/08/2025 15:00;10,11;11
21/08/2025 16:00;10,11;11
21/08/2025 17:00;9,61;10,5
21/08/2025 18:00;9,61;10,5
21/08/2025 19:00;9,61;10,5
21/08/2025 20:00;9,61;10,5
21/08/2025 21:00;9,61;10,5
21/08/2025 22:00;9,61;10,5
21/08/2025 23:00;9,61;10,5
22/08/2025 00:00;9,61;10,5
22/08/2025 01:00;13,33;14,22
22/08/2025 02:00;13,33;14,22
22/08/2025 03:00;12,78;13,67
22/08/2025 04:00;10,11;11
22/08/2025 05:00;10,11;11
22/08/2025 06:00;9,61;10,5
22/08/2025 07:00;9,61;10,5
22/08/2025 08:00;9,61;10,5
22/08/2025 09:00;9,61;10,5
22/08/2025 10:00;9,61;10,5
22/08/2025 11:00;9,61;10,5
22/08/2025 12:00;10,11;11
22/08/2025 13:00;9,61;10,5
22/08/2025 14:00;11,11;12
22/08/2025 15:00;12,22;13,11
22/08/2025 16:00;16,11;17
22/08/2025 17:00;16,91;17,8
22/08/2025 18:00;12,78;13,67
22/08/2025 19:00;11,66;12,55
22/08/2025 20:00;11,66;12,55
22/08/2025 21:00;11,66;12,55
22/08/2025 22:00;10,11;11
22/08/2025 23:00;11,66;12,55
23/08/2025 00:00;12,22;13,11
23/08/2025 01:00;13,89;14,78
23/08/2025 02:00;12,22;13,11
23/08/2025 03:00;11,66;12,55
23/08/2025 04:00;13,89;14,78
23/08/2025 05:00;13,89;14,78
23/08/2025 06:00;13,89;14,78
23/08/2025 07:00;13,89;14,78
23/08/2025 08:00;13,89;14,78
23/08/2025 09:00;12,78;13,67
23/08/2025 10:00;11,66;12,55
23/08/2025 11:00;11,11;12
23/08/2025 12:00;11,66;12,55
23/08/2025 13:00;10,11;11
23/08/2025 14:00;11,66;12,55
23/08/2025 15:00;9,61;10,5
23/08/2025 16:00;11,11;12
23/08/2025 17:00;9,61;10,5
23/08/2025 18:00;11,11;12
23/08/2025 19:00;9,11;10
23/08/2025 20:00;11,11;12
23/08/2025 21:00;9,61;10,5
23/08/2025 22:00;11,11;12
23/08/2025 23:00;10,11;11
24/08/2025 00:00;11,66;12,55
24/08/2025 01:00;13,33;14,22
24/08/2025 02:00;13,54;14,22
24/08/2025 03:00;14,65;14,78
24/08/2025 04:00;14,09;14,22
24/08/2025 05:00;12,42;12,55
24/08/2025 06:00;12,42;12,55
24/08/2025 07:00;12,42;12,55
24/08/2025 08:00;12,42;12,55
24/08/2025 09:00;11,66;12,55
24/08/2025 10:00;11,66;12,55
24/08/2025 11:00;11,11;12
24/08/2025 12:00;11,11;12
24/08/2025 13:00;11,11;12
24/08/2025 14:00;11,11;12
24/08/2025 15:00;10,11;11
24/08/2025 16:00;11,11;12
24/08/2025 17:00;8,61;9,5
24/08/2025 18:00;11,11;12
24/08/2025 19:00;8,61;9,5
24/08/2025 20:00;11,11;12
24/08/2025 21:00;9,61;10,5
24/08/2025 22:00;11,11;12
24/08/2025 23:00;12,78;13,67
25/08/2025 00:00;20,95;21,84
25/08/2025 01:00;21,75;22,64
25/08/2025 02:00;14,09;14,22
25/08/2025 03:00;12,98;13,11
25/08/2025 04:00;12,42;12,55
25/08/2025 05:00;9,37;10
25/08/2025 06:00;12,42;12,55
25/08/2025 07:00;9,37;10
25/08/2025 08:00;11,87;12
25/08/2025 09:00;10,87;11
25/08/2025 10:00;13,33;14,22
25/08/2025 11:00;11,66;12,55
25/08/2025 12:00;9,61;10,5
25/08/2025 13:00;9,61;10,5
25/08/2025 14:00;7,11;8
25/08/2025 15:00;6,74;7,63
25/08/2025 16:00;9,11;10
25/08/2025 17:00;7,11;8
25/08/2025 18:00;6,74;7,63
25/08/2025 19:00;8,11;9
25/08/2025 20:00;18,52;19,41
25/08/2025 21:00;20,14;21,03
25/08/2025 22:00;18,52;19,41
25/08/2025 23:00;18,52;19,41
26/08/2025 00:00;18,52;19,41
26/08/2025 01:00;18,52;19,41
26/08/2025 02:00;10,11;11
26/08/2025 03:00;9,61;10,5
26/08/2025 04:00;8,11;9
26/08/2025 05:00;8,11;9
26/08/2025 06:00;12,22;13,11
26/08/2025 07:00;20,95;21,84
26/08/2025 08:00;18,52;19,41
26/08/2025 09:00;18,52;19,41
26/08/2025 10:00;19,33;20,22
26/08/2025 11:00;12,78;13,67
26/08/2025 12:00;11,1;12
26/08/2025 13:00;11,11;12
26/08/2025 14:00;11,66;12,55
26/08/2025 15:00;15;15,89
26/08/2025 16:00;20,95;21,84
26/08/2025 17:00;13,33;14,22
26/08/2025 18:00;8,11;9
26/08/2025 19:00;9,37;9,5
26/08/2025 20:00;22,51;22,64
26/08/2025 21:00;23,32;23,45
26/08/2025 22:00;20,9;21,03
26/08/2025 23:00;20,14;21,03
27/08/2025 00:00;20,95;21,84
27/08/2025 01:00;21,75;22,64
27/08/2025 02:00;21,75;22,64
27/08/2025 03:00;22,56;23,45
27/08/2025 04:00;23,36;24,25
27/08/2025 05:00;22,56;23,45
27/08/2025 06:00;22,56;23,45
27/08/2025 07:00;22,56;23,45
27/08/2025 08:00;23,31;23,45
27/08/2025 09:00;23,32;23,45
27/08/2025 10:00;21,75;22,64
27/08/2025 11:00;19,33;20,22
27/08/2025 12:00;11,66;12,55
27/08/2025 13:00;16,11;17
27/08/2025 14:00;19,33;20,22
27/08/2025 15:00;19,33;20,22
27/08/2025 16:00;17,72;18,61
27/08/2025 17:00;18,52;19,41
27/08/2025 18:00;18,52;19,41
27/08/2025 19:00;23,35;24,25
27/08/2025 20:00;24,93;25,06
27/08/2025 21:00;24,98;25,87
27/08/2025 22:00;24,98;25,87
27/08/2025 23:00;28,2;29,09
28/08/2025 00:00;23,32;23,45
28/08/2025 01:00;22,56;23,45
28/08/2025 02:00;24,12;24,25
28/08/2025 03:00;28,2;29,09
28/08/2025 04:00;30,63;31,52
28/08/2025 05:00;26,59;27,48
28/08/2025 06:00;37,08;37,97
28/08/2025 07:00;37,08;37,97
28/08/2025 08:00;34,66;35,55
28/08/2025 09:00;34,66;35,55
28/08/2025 10:00;37,88;38,77
28/08/2025 11:00;34,66;35,55
28/08/2025 12:00;26,59;27,48
28/08/2025 13:00;24,17;25,06
28/08/2025 14:00;23,36;24,25
28/08/2025 15:00;21,75;22,64
28/08/2025 16:00;20,95;21,84
28/08/2025 17:00;20,14;21,03
28/08/2025 18:00;24,17;25,06
28/08/2025 19:00;24,17;25,06
28/08/2025 20:00;23,36;24,25
28/08/2025 21:00;28,19;29,09
28/08/2025 22:00;27,4;28,29
28/08/2025 23:00;27,4;28,29
29/08/2025 00:00;28,16;28,29
29/08/2025 01:00;28,16;28,29
29/08/2025 02:00;17,67;17,8
29/08/2025 03:00;16,87;17
29/08/2025 04:00;16,87;17
29/08/2025 05:00;16,32;16,45
29/08/2025 06:00;16,32;16,45
29/08/2025 07:00;16,32;16,45
29/08/2025 08:00;15,76;16,45
29/08/2025 09:00;15,76;15,89
29/08/2025 10:00;15,76;15,89
29/08/2025 11:00;15,19;15,89
29/08/2025 12:00;15;15,89
29/08/2025 13:00;14,44;15,33
29/08/2025 14:00;14,44;15,33
29/08/2025 15:00;14,44;15,33
29/08/2025 16:00;17,68;17,8
29/08/2025 17:00;32,29;25,87
29/08/2025 18:00;21,05;17
29/08/2025 19:00;23,52;18,61
29/08/2025 20:00;23,75;18,61
29/08/2025 21:00;24,54;18,61
29/08/2025 22:00;24,66;18,61
29/08/2025 23:00;24,52;18,61
30/08/2025 00:00;36,94;26,68
30/08/2025 01:00;38,51;28,29
30/08/2025 02:00;39,3;29,09
30/08/2025 03:00;25,4;19,41
30/08/2025 04:00;25,24;19,41
30/08/2025 05:00;24,55;19,41
30/08/2025 06:00;24,32;18,61
30/08/2025 07:00;24,35;18,61
30/08/2025 08:00;24,19;18,61
30/08/2025 09:00;24,47;18,61
30/08/2025 10:00;24,7;19,41
30/08/2025 11:00;22,34;17,8
30/08/2025 12:00;17,82;14,78
30/08/2025 13:00;16,12;14,22
30/08/2025 14:00;15,1;13,67
30/08/2025 15:00;14,8;13,67
30/08/2025 16:00;15;13,67
30/08/2025 17:00;14,22;13,11
30/08/2025 18:00;14,13;13,11
30/08/2025 19:00;19,73;15,89
30/08/2025 20:00;21,52;17
30/08/2025 21:00;21,52;17
30/08/2025 22:00;22,35;17
30/08/2025 23:00;22,31;17
31/08/2025 00:00;22,47;17
31/08/2025 01:00;22,47;17
31/08/2025 02:00;22,3;17
31/08/2025 03:00;21,61;16,45
31/08/2025 04:00;20,96;16,45
31/08/2025 05:00;17,13;14,22
31/08/2025 06:00;15,05;13,67
31/08/2025 07:00;14,79;13,11
31/08/2025 08:00;19,7;15,89
31/08/2025 09:00;20,6;15,89
31/08/2025 10:00;18,59;15,33
31/08/2025 11:00;14,55;13,11
31/08/2025 12:00;14,17;13,11
31/08/2025 13:00;14,11;13,11
31/08/2025 14:00;13,53;12,55
31/08/2025 15:00;13,5;12,55
31/08/2025 16:00;13,48;12,55
31/08/2025 17:00;13,46;12,55
31/08/2025 18:00;13,44;12,55
31/08/2025 19:00;13,41;12,55
31/08/2025 20:00;24,17;25,06
31/08/2025 21:00;26,59;27,48
31/08/2025 22:00;26,59;27,48
31/08/2025 23:00;27,4;28,29
01/09/2025 00:00;27,4;28,29
01/09/2025 01:00;18,52;19,41
01/09/2025 02:00;20,95;21,84
01/09/2025 03:00;20,95;21,84
01/09/2025 04:00;20,95;21,84
01/09/2025 05:00;25,79;26,68
01/09/2025 06:00;25,79;26,68
01/09/2025 07:00;24,98;25,87
01/09/2025 08:00;24,98;25,87
01/09/2025 09:00;20,14;21,03
01/09/2025 10:00;18,51;19,41
01/09/2025 11:00;20,95;21,84
01/09/2025 12:00;14,44;15,33
01/09/2025 13:00;11,11;12
01/09/2025 14:00;16,11;17
01/09/2025 15:00;18,52;19,41
01/09/2025 16:00;15;15,89
01/09/2025 17:00;14,44;15,33
01/09/2025 18:00;13,33;14,22
01/09/2025 19:00;13,33;14,22
01/09/2025 20:00;13,33;14,22
01/09/2025 21:00;12,78;13,67
01/09/2025 22:00;12,78;13,67
01/09/2025 23:00;13,54;13,67
02/09/2025 00:00;13,54;13,67
02/09/2025 01:00;13,54;13,67
02/09/2025 02:00;13,54;13,67
02/09/2025 03:00;13,54;13,67
02/09/2025 04:00;13,54;13,67
02/09/2025 05:00;13,54;13,67
02/09/2025 06:00;13,54;13,67
02/09/2025 07:00;13,54;13,67
02/09/2025 08:00;13,54;13,67
02/09/2025 09:00;13,54;13,67
02/09/2025 10:00;12,98;13,67
02/09/2025 11:00;12,77;13,67
02/09/2025 12:00;12,78;13,67
02/09/2025 13:00;12,22;13,11
02/09/2025 14:00;12,22;13,11
02/09/2025 15:00;12,22;13,11
02/09/2025 16:00;12,22;13,11
02/09/2025 17:00;11,66;12,55
02/09/2025 18:00;11,66;12,55
02/09/2025 19:00;11,66;12,55
02/09/2025 20:00;11,66;12,55
02/09/2025 21:00;11,66;12,55
02/09/2025 22:00;12,41;12,55
02/09/2025 23:00;11,66;12,55
03/09/2025 00:00;12,42;12,55
03/09/2025 01:00;12,42;12,55
03/09/2025 02:00;12,42;12,55
03/09/2025 03:00;12,42;12,55
03/09/2025 04:00;12,42;12,55
03/09/2025 05:00;12,42;12,55
03/09/2025 06:00;12,42;12,55
03/09/2025 07:00;12,42;12,55
03/09/2025 08:00;12,42;12,55
03/09/2025 09:00;12,42;12,55
03/09/2025 10:00;12,42;12,55
03/09/2025 11:00;11,66;12,55
03/09/2025 12:00;11,66;12,55
03/09/2025 13:00;11,66;12,55
03/09/2025 14:00;11,11;12
03/09/2025 15:00;11,11;12
03/09/2025 16:00;11,11;12
03/09/2025 17:00;11,11;12
03/09/2025 18:00;11,11;12
03/09/2025 19:00;11,11;12
03/09/2025 20:00;11,11;12
03/09/2025 21:00;11,11;12
03/09/2025 22:00;11,11;12
03/09/2025 23:00;11,11;12
04/09/2025 00:00;11,11;12
04/09/2025 01:00;11,11;12
04/09/2025 02:00;11,11;12
04/09/2025 03:00;11,11;12
04/09/2025 04:00;11,11;12
04/09/2025 05:00;11,11;12
04/09/2025 06:00;11,11;12
04/09/2025 07:00;11,66;12,55
04/09/2025 08:00;16,91;17,8
04/09/2025 09:00;21,75;22,64
04/09/2025 10:00;13,89;14,78
04/09/2025 11:00;12,78;13,67
04/09/2025 12:00;11,66;12,55
04/09/2025 13:00;11,11;12
04/09/2025 14:00;11,11;12
04/09/2025 15:00;11,11;12
04/09/2025 16:00;11,11;12
04/09/2025 17:00;11,11;12
04/09/2025 18:00;11,11;12
04/09/2025 19:00;11,11;12
04/09/2025 20:00;16,11;17
04/09/2025 21:00;21,75;22,64
04/09/2025 22:00;22,56;23,45
04/09/2025 23:00;22,56;23,45
05/09/2025 00:00;21,75;22,64
05/09/2025 01:00;21,75;22,64
05/09/2025 02:00;11,66;12,55
05/09/2025 03:00;11,11;12
05/09/2025 04:00;11,11;12
05/09/2025 05:00;11,87;12
05/09/2025 06:00;11,87;12
05/09/2025 07:00;25,74;25,87
05/09/2025 08:00;28,16;28,29
05/09/2025 09:00;27,35;27,48
05/09/2025 10:00;25,79;26,68
05/09/2025 11:00;21,75;22,64
05/09/2025 12:00;9,11;10
05/09/2025 13:00;9,6;10,5
05/09/2025 14:00;9,11;10
05/09/2025 15:00;9,11;10
05/09/2025 16:00;9,11;10
05/09/2025 17:00;9,11;10
05/09/2025 18:00;9,11;10
05/09/2025 19:00;24,17;25,06
05/09/2025 20:00;25,79;26,68
05/09/2025 21:00;25,79;26,68
05/09/2025 22:00;25,79;26,68
05/09/2025 23:00;25,74;25,87
06/09/2025 00:00;25,74;25,87
06/09/2025 01:00;25,74;25,87
06/09/2025 02:00;14,09;14,22
06/09/2025 03:00;9,87;10
06/09/2025 04:00;10,36;10,5
06/09/2025 05:00;9,87;10
06/09/2025 06:00;9,87;10
06/09/2025 07:00;9,87;10
06/09/2025 08:00;9,87;10
06/09/2025 09:00;9,87;10
06/09/2025 10:00;9,87;10
06/09/2025 11:00;9,86;10
06/09/2025 12:00;9,87;10
06/09/2025 13:00;9,11;10
06/09/2025 14:00;9,37;10
06/09/2025 15:00;9,12;10
06/09/2025 16:00;8,62;9,5
06/09/2025 17:00;8,62;9,5
06/09/2025 18:00;9,12;10
06/09/2025 19:00;9,11;10
06/09/2025 20:00;8,61;9,5
06/09/2025 21:00;9,11;10
06/09/2025 22:00;9,11;10
06/09/2025 23:00;9,11;10
07/09/2025 00:00;9,37;10
07/09/2025 01:00;9,11;10
07/09/2025 02:00;9,11;10
07/09/2025 03:00;9,39;10
07/09/2025 04:00;9,87;10
07/09/2025 05:00;9,87;10
07/09/2025 06:00;9,87;10
07/09/2025 07:00;9,87;10
07/09/2025 08:00;9,87;10
07/09/2025 09:00;9,87;10
07/09/2025 10:00;9,87;10
07/09/2025 11:00;9,37;10
07/09/2025 12:00;9,11;10
07/09/2025 13:00;9,12;10
07/09/2025 14:00;9,12;10
07/09/2025 15:00;9,12;10
07/09/2025 16:00;9,11;10
07/09/2025 17:00;9,11;10
07/09/2025 18:00;8,61;9,5
07/09/2025 19:00;24,98;25,87
07/09/2025 20:00;24,98;25,87
07/09/2025 21:00;24,98;25,87
07/09/2025 22:00;24,98;25,87
07/09/2025 23:00;20,95;21,84
08/09/2025 00:00;10,11;11
08/09/2025 01:00;9,61;10,5
08/09/2025 02:00;9,61;10,5
08/09/2025 03:00;9,61;10,5
08/09/2025 04:00;9,61;10,5
08/09/2025 05:00;9,61;10,5
08/09/2025 06:00;9,61;10,5
08/09/2025 07:00;18,52;19,41
08/09/2025 08:00;25,79;26,68
08/09/2025 09:00;26,59;27,48
08/09/2025 10:00;24,98;25,87
08/09/2025 11:00;20,95;21,84
08/09/2025 12:00;13,33;14,22
08/09/2025 13:00;9,61;10,5
08/09/2025 14:00;10,11;11
08/09/2025 15:00;9,61;10,5
08/09/2025 16:00;9,61;10,5
08/09/2025 17:00;11,66;12,55
08/09/2025 18:00;11,66;12,55
08/09/2025 19:00;17,72;18,61
08/09/2025 20:00;24,98;25,87
08/09/2025 21:00;25,79;26,68
08/09/2025 22:00;22,56;23,45
08/09/2025 23:00;21,75;22,64
09/09/2025 00:00;14,44;15,33
09/09/2025 01:00;15,56;16,45
09/09/2025 02:00;15,56;16,45
09/09/2025 03:00;18,52;19,41
09/09/2025 04:00;17,72;18,61
09/09/2025 05:00;14,44;15,33
09/09/2025 06:00;13,89;14,78
09/09/2025 07:00;27,4;28,29
09/09/2025 08:00;29,01;29,9
09/09/2025 09:00;27,4;28,29
09/09/2025 10:00;13,89;14,78
09/09/2025 11:00;12,78;13,67
09/09/2025 12:00;12,22;13,11
09/09/2025 13:00;12,22;13,11
09/09/2025 14:00;11,66;12,55
09/09/2025 15:00;11,66;12,55
09/09/2025 16:00;11,66;12,55
09/09/2025 17:00;11,66;12,55
09/09/2025 18:00;11,11;12
09/09/2025 19:00;17,72;18,61
09/09/2025 20:00;21,75;22,64
09/09/2025 21:00;22,56;23,45
09/09/2025 22:00;21,75;22,64
09/09/2025 23:00;21,75;22,64
10/09/2025 00:00;21,75;22,64
10/09/2025 01:00;11,87;12,55
10/09/2025 02:00;11,87;12
10/09/2025 03:00;11,87;12
10/09/2025 04:00;11,87;12
10/09/2025 05:00;11,87;12
10/09/2025 06:00;11,87;12
10/09/2025 07:00;10,87;11
10/09/2025 08:00;11,87;12
10/09/2025 09:00;10,87;11
10/09/2025 10:00;10,87;11
10/09/2025 11:00;10,86;11
10/09/2025 12:00;10,11;11
10/09/2025 13:00;10,11;11
10/09/2025 14:00;10,11;11
10/09/2025 15:00;10,11;11
10/09/2025 16:00;10,11;11
10/09/2025 17:00;10,87;11
12/09/2025 11:00;9,61;10,5
12/09/2025 12:00;9,61;10,5
12/09/2025 13:00;9,61;10,5
12/09/2025 14:00;9,61;10,5
12/09/2025 15:00;9,61;10,5
12/09/2025 16:00;9,61;10,5
12/09/2025 17:00;10,11;11
12/09/2025 18:00;9,61;10,5
12/09/2025 19:00;11,11;12
12/09/2025 20:00;25,79;26,68
12/09/2025 21:00;24,98;25,87
12/09/2025 22:00;13,89;14,78
12/09/2025 23:00;9,61;10,5
13/09/2025 00:00;10,1;11
13/09/2025 01:00;10,37;10,5
13/09/2025 02:00;9,61;10,5
13/09/2025 03:00;9,61;10,5
13/09/2025 04:00;10,37;10,5
13/09/2025 05:00;10,11;11
13/09/2025 06:00;10,11;11
13/09/2025 07:00;10,37;10,5
13/09/2025 08:00;10,11;11
13/09/2025 09:00;10,11;11
13/09/2025 10:00;11,11;12
13/09/2025 11:00;11,66;12,55
13/09/2025 12:00;11,11;12
13/09/2025 13:00;11,11;12
13/09/2025 14:00;10,1;11
13/09/2025 15:00;10,11;11
13/09/2025 16:00;9,61;10,5
13/09/2025 17:00;10,11;11
13/09/2025 18:00;10,11;11
13/09/2025 19:00;10,11;11
13/09/2025 20:00;23,35;24,25
13/09/2025 21:00;25,79;26,68
13/09/2025 22:00;26,55;26,68
13/09/2025 23:00;26,55;26,68
14/09/2025 00:00;26,54;26,68
14/09/2025 01:00;10,11;11
14/09/2025 02:00;10,87;11
14/09/2025 03:00;10,87;11
14/09/2025 04:00;10,87;11
14/09/2025 05:00;10,87;11
14/09/2025 06:00;10,87;11
14/09/2025 07:00;10,87;11
14/09/2025 08:00;10,37;10,5
14/09/2025 09:00;10,87;11
14/09/2025 10:00;10,37;10,5
14/09/2025 11:00;10,37;11
14/09/2025 12:00;10,37;11
14/09/2025 13:00;9,61;10,5
14/09/2025 14:00;9,61;10,5
14/09/2025 15:00;9,61;10,5
14/09/2025 16:00;9,61;10,5
14/09/2025 17:00;9,61;10,5
14/09/2025 18:00;9,61;10,5
14/09/2025 19:00;9,61;10,5
14/09/2025 20:00;9,61;10,5
14/09/2025 21:00;9,61;10,5
14/09/2025 22:00;9,61;10,5
14/09/2025 23:00;9,61;10,5
15/09/2025 00:00;9,87;10,5
15/09/2025 01:00;9,61;10,5
15/09/2025 02:00;10,37;10,5
15/09/2025 03:00;10,29;10,5
15/09/2025 04:00;10,37;10,5
15/09/2025 05:00;9,87;10,5
15/09/2025 06:00;10,37;10,5
15/09/2025 07:00;9,87;10,5
15/09/2025 08:00;10,37;10,5
15/09/2025 09:00;9,87;10,5
15/09/2025 10:00;10,37;10,5
15/09/2025 11:00;11,11;12
15/09/2025 12:00;12,22;13,11
15/09/2025 13:00;9,61;10,5
15/09/2025 14:00;9,61;10,5
15/09/2025 15:00;12,78;13,67
15/09/2025 16:00;10,11;11
15/09/2025 17:00;9,61;10,5
15/09/2025 18:00;9,61;10,5
15/09/2025 19:00;9,11;10
15/09/2025 20:00;9,61;10,5
15/09/2025 21:00;9,61;10,5
15/09/2025 22:00;9,11;10
15/09/2025 23:00;9,61;10,5
16/09/2025 00:00;9,11;10
16/09/2025 01:00;9,61;10,5
16/09/2025 02:00;9,11;10
16/09/2025 03:00;9,61;10,5
16/09/2025 04:00;9,6;10,5
16/09/2025 05:00;9,61;10,5
16/09/2025 06:00;9,61;10,5
16/09/2025 07:00;9,61;10,5
16/09/2025 08:00;9,6;10,5
16/09/2025 09:00;9,61;10,5
16/09/2025 10:00;9,61;10,5
16/09/2025 11:00;8,61;9,5
16/09/2025 12:00;8,61;9,5
16/09/2025 13:00;8,61;9,5
16/09/2025 14:00;8,61;9,5
16/09/2025 15:00;8,61;9,5
16/09/2025 16:00;8,61;9,5
16/09/2025 17:00;8,61;9,5
16/09/2025 18:00;8,61;9,5
16/09/2025 19:00;8,61;9,5
16/09/2025 20:00;8,61;9,5
16/09/2025 21:00;13,89;14,78
16/09/2025 22:00;14,09;14,22
16/09/2025 23:00;11,86;12
17/09/2025 00:00;9,37;9,5
17/09/2025 01:00;9,37;9,5
17/09/2025 02:00;9,37;9,5
17/09/2025 03:00;9,37;9,5
17/09/2025 04:00;9,37;9,5
17/09/2025 05:00;9,37;9,5
17/09/2025 06:00;9,37;9,5
17/09/2025 07:00;9,37;9,5
17/09/2025 08:00;9,37;9,5
17/09/2025 09:00;9,37;9,5
17/09/2025 10:00;9,37;9,5
17/09/2025 11:00;9,37;9,5
17/09/2025 12:00;8,61;9,5
17/09/2025 13:00;8,61;9,5
17/09/2025 14:00;8,61;9,5
17/09/2025 15:00;8,61;9,5
17/09/2025 16:00;8,61;9,5
17/09/2025 17:00;8,11;9
17/09/2025 18:00;8,61;9,5
17/09/2025 19:00;8,61;9,5
17/09/2025 20:00;9,37;9,5
17/09/2025 21:00;8,87;9,5
17/09/2025 22:00;8,87;9,5
17/09/2025 23:00;8,87;9
18/09/2025 00:00;8,87;9,5
18/09/2025 01:00;9,37;9,5
18/09/2025 02:00;8,87;9
18/09/2025 03:00;9,37;9,5
18/09/2025 04:00;9,37;9,5
18/09/2025 05:00;9,37;9,5
18/09/2025 06:00;9,37;9,5
18/09/2025 07:00;9,37;9,5
18/09/2025 08:00;8,87;9
18/09/2025 09:00;9,37;9,5
18/09/2025 10:00;9,37;9,5
18/09/2025 11:00;8,87;9,5
18/09/2025 12:00;8,6;9,5
18/09/2025 13:00;8,6;9,5
18/09/2025 14:00;8,61;9,5
18/09/2025 15:00;13,21;13,11
18/09/2025 16:00;11,96;12
18/09/2025 17:00;9,44;9,5
18/09/2025 18:00;9,42;9,5
18/09/2025 19:00;11,64;10,5
18/09/2025 20:00;11,51;10,5
18/09/2025 21:00;12,19;10,5
18/09/2025 22:00;12,12;10,5
18/09/2025 23:00;13,12;11
19/09/2025 00:00;12,3;10,5
19/09/2025 01:00;12,2;10,5
19/09/2025 02:00;11,4;10
19/09/2025 03:00;11,34;10
19/09/2025 04:00;14,97;12
19/09/2025 05:00;12,27;10,5
19/09/2025 06:00;12,93;11
19/09/2025 07:00;12,27;10,5
19/09/2025 08:00;12,44;10,5
19/09/2025 09:00;12,23;10,5
19/09/2025 10:00;12;10,5
19/09/2025 11:00;12,26;10,5
19/09/2025 12:00;10,75;10
19/09/2025 13:00;11,52;10,5
19/09/2025 14:00;11,21;10,5
19/09/2025 15:00;10,47;10
19/09/2025 16:00;10,46;10
19/09/2025 17:00;22,42;16,45
19/09/2025 18:00;22,2;16,45
19/09/2025 19:00;22,19;16,45
19/09/2025 20:00;21,27;15,89
19/09/2025 21:00;22,14;16,45
19/09/2025 22:00;22,17;16,45
19/09/2025 23:00;23,7;17
20/09/2025 00:00;21,23;15,89
20/09/2025 01:00;9,59;9,5
20/09/2025 02:00;9,52;9,5
20/09/2025 03:00;10,45;9,5
20/09/2025 04:00;22,2;16,45
20/09/2025 05:00;22,14;16,45
20/09/2025 06:00;22,11;15,89
20/09/2025 07:00;10,35;10
20/09/2025 08:00;10,69;9,5
20/09/2025 09:00;10,4;10
20/09/2025 10:00;10,05;10
20/09/2025 11:00;9,49;9,5
20/09/2025 12:00;11,44;10,5
20/09/2025 13:00;9,58;9,5
20/09/2025 14:00;9,52;9,5
20/09/2025 15:00;10,54;10
20/09/2025 16:00;9,59;9,5
20/09/2025 17:00;9,5;9,5
20/09/2025 18:00;10,52;10
20/09/2025 19:00;9,57;9,5
20/09/2025 20:00;4,86;5,75
20/09/2025 21:00;4,86;5,75
20/09/2025 22:00;9,11;10
20/09/2025 23:00;9,37;9,5
21/09/2025 00:00;9,37;9,5
21/09/2025 01:00;8,61;9,5
21/09/2025 02:00;9,11;10
21/09/2025 03:00;9,11;10
21/09/2025 04:00;9,87;10
21/09/2025 05:00;9,61;10,5
21/09/2025 06:00;10,11;11
21/09/2025 07:00;15,9;15,89
21/09/2025 08:00;19,51;20,22
21/09/2025 09:00;22,57;22,64
21/09/2025 10:00;23,21;22,64
21/09/2025 11:00;26,67;24,25
21/09/2025 12:00;24,08;23,45
21/09/2025 13:00;23,54;23,45
21/09/2025 14:00;34,98;29,09
21/09/2025 15:00;32,52;27,48
21/09/2025 16:00;31,7;26,68
21/09/2025 17:00;25,67;21,03
21/09/2025 18:00;23,28;18,61
21/09/2025 19:00;36,11;25,87
21/09/2025 20:00;29,4;21,84
21/09/2025 21:00;25,64;19,41
21/09/2025 22:00;28,75;23,45
21/09/2025 23:00;28,74;23,45
22/09/2025 00:00;37,76;27,48
22/09/2025 01:00;31,46;23,45
22/09/2025 02:00;28,32;21,03
22/09/2025 03:00;28,58;21,03
22/09/2025 04:00;28,32;21,03
22/09/2025 05:00;27,4;20,22
22/09/2025 06:00;18,9;14,78
22/09/2025 07:00;19,81;15,33
22/09/2025 08:00;19,73;15,33
22/09/2025 09:00;22,8;17
22/09/2025 10:00;18,67;14,78
22/09/2025 11:00;18,32;14,78
22/09/2025 12:00;32,56;23,45
22/09/2025 13:00;34,5;24,25
22/09/2025 14:00;26,39;19,41
22/09/2025 15:00;17,37;14,22
22/09/2025 16:00;16,32;13,67
22/09/2025 17:00;16,31;13,67
22/09/2025 18:00;16,28;13,67
22/09/2025 19:00;16,16;13,67
22/09/2025 20:00;17,47;14,22
22/09/2025 21:00;16,82;14,22
22/09/2025 22:00;15,72;13,67
22/09/2025 23:00;16,02;13,67
23/09/2025 00:00;16,61;14,22
23/09/2025 01:00;16,61;14,22
23/09/2025 02:00;16,78;14,22
23/09/2025 03:00;16,76;14,22
23/09/2025 04:00;16,79;14,22
23/09/2025 05:00;16,17;13,67
23/09/2025 06:00;30,32;21,84
23/09/2025 07:00;24,77;18,61
23/09/2025 08:00;26,12;19,41
23/09/2025 09:00;24,75;18,61
23/09/2025 10:00;27,8;20,22
23/09/2025 11:00;25,56;18,61
23/09/2025 12:00;24,56;18,61
23/09/2025 13:00;16,2;13,67
23/09/2025 14:00;15,79;13,67
23/09/2025 15:00;15,15;13,11
23/09/2025 16:00;34,32;24,25
23/09/2025 17:00;28,75;21,03
23/09/2025 18:00;34,17;24,25
23/09/2025 19:00;27,43;20,22
23/09/2025 20:00;28,66;21,03
23/09/2025 21:00;27,49;20,22
23/09/2025 22:00;28,28;20,22
23/09/2025 23:00;26,35;19,41
24/09/2025 00:00;17,21;13,67
24/09/2025 01:00;29,22;21,03
24/09/2025 02:00;24,01;17,8
24/09/2025 03:00;24,39;17,8
24/09/2025 04:00;23,05;17
24/09/2025 05:00;15,22;13,11
24/09/2025 06:00;14,94;12,55
24/09/2025 07:00;19,36;14,78
24/09/2025 08:00;8,87;9,5
24/09/2025 09:00;38,65;33,13
24/09/2025 10:00;37,9;29,9
24/09/2025 11:00;14,73;12,55
24/09/2025 12:00;14,64;12,55
24/09/2025 13:00;14,76;12,55
24/09/2025 14:00;17,67;14,22
24/09/2025 15:00;24,83;18,61
24/09/2025 16:00;18,69;15,89
24/09/2025 17:00;16,7;14,22
24/09/2025 18:00;14,34;12,55
24/09/2025 19:00;33,02;23,45
24/09/2025 20:00;27,24;19,41
24/09/2025 21:00;27,47;19,41
24/09/2025 22:00;27,47;19,41
24/09/2025 23:00;27,31;19,41
25/09/2025 00:00;27,32;19,41
25/09/2025 01:00;25,58;18,61
25/09/2025 02:00;15,29;12,55
25/09/2025 03:00;13,91;12
25/09/2025 04:00;14,06;12
25/09/2025 05:00;14,06;12
25/09/2025 06:00;34,11;23,45
25/09/2025 07:00;27,26;19,41
25/09/2025 08:00;27,16;19,41
25/09/2025 09:00;28,39;20,22
25/09/2025 10:00;35,41;24,25
25/09/2025 11:00;28,78;21,84
25/09/2025 12:00;14,51;12,55
25/09/2025 13:00;11,97;11
25/09/2025 14:00;11,97;11
25/09/2025 15:00;15,11;12,55
25/09/2025 16:00;13,42;12
25/09/2025 17:00;34,55;24,25
25/09/2025 18:00;33,62;23,45
25/09/2025 19:00;34,64;24,25
25/09/2025 20:00;34,47;24,25
25/09/2025 21:00;35,12;24,25
25/09/2025 22:00;34,35;24,25
25/09/2025 23:00;25,89;18,61
26/09/2025 00:00;26,2;19,41
26/09/2025 01:00;25,66;18,61
26/09/2025 02:00;25,42;18,61
26/09/2025 03:00;26,09;18,61
26/09/2025 04:00;16,29;13,11
26/09/2025 05:00;11,41;10,5
26/09/2025 06:00;11,33;10,5
26/09/2025 07:00;33,26;23,45
26/09/2025 08:00;26,29;19,41
26/09/2025 09:00;27,46;19,41
26/09/2025 10:00;26,23;18,61
26/09/2025 11:00;23,84;17
26/09/2025 12:00;23,91;17
26/09/2025 13:00;24,64;17
26/09/2025 14:00;12,48;10,5
26/09/2025 15:00;9,53;9
26/09/2025 16:00;28,98;20,22
26/09/2025 17:00;23,83;17
26/09/2025 18:00;24,93;17,8
26/09/2025 19:00;33,64;22,64
26/09/2025 20:00;33,61;22,64
26/09/2025 21:00;32,49;21,84
26/09/2025 22:00;32,45;21,84
26/09/2025 23:00;31,83;21,84
27/09/2025 00:00;23,5;16,45
27/09/2025 01:00;24,45;17
27/09/2025 02:00;23,8;16,45
27/09/2025 03:00;24,36;17
27/09/2025 04:00;23,57;16,45
27/09/2025 05:00;24,15;17
27/09/2025 06:00;23,46;16,45
27/09/2025 07:00;23,5;16,45
27/09/2025 08:00;24,15;17
27/09/2025 09:00;24,15;17
27/09/2025 10:00;23,65;17
27/09/2025 11:00;17,88;13,67
27/09/2025 12:00;9,2;9
27/09/2025 13:00;9,15;9
27/09/2025 14:00;9,07;9
27/09/2025 15:00;9,05;9
27/09/2025 16:00;9,12;9
27/09/2025 17:00;8,91;9
27/09/2025 18:00;24,24;17
27/09/2025 19:00;32,89;22,64
27/09/2025 20:00;33,5;22,64
27/09/2025 21:00;32,47;21,84
27/09/2025 22:00;24,19;17
27/09/2025 23:00;23,61;16,45
28/09/2025 00:00;23,62;16,45
28/09/2025 01:00;23,65;16,45
28/09/2025 02:00;10,86;9,5
28/09/2025 03:00;9,9;9
28/09/2025 04:00;9,88;9
28/09/2025 05:00;9,8;9
28/09/2025 06:00;10,95;9,5
28/09/2025 07:00;9,91;9
28/09/2025 08:00;9,87;9
28/09/2025 09:00;9,94;9
28/09/2025 10:00;9,77;9
28/09/2025 11:00;26,27;18,61
28/09/2025 12:00;22,78;16,45
28/09/2025 13:00;21,66;15,89
28/09/2025 14:00;9,14;9
28/09/2025 15:00;9,18;9
28/09/2025 16:00;9,13;9
28/09/2025 17:00;9,08;9
28/09/2025 18:00;27,99;19,41
28/09/2025 19:00;22,6;16,45
28/09/2025 20:00;33;22,64
28/09/2025 21:00;32,84;22,64
28/09/2025 22:00;22,92;16,45
28/09/2025 23:00;22,93;16,45
29/09/2025 00:00;22,98;16,45
29/09/2025 01:00;21,81;15,89
29/09/2025 02:00;9,96;9
29/09/2025 03:00;10,91;9,5
29/09/2025 04:00;9,95;9
29/09/2025 05:00;26,56;18,61
29/09/2025 06:00;24,29;17
29/09/2025 07:00;23,59;17
29/09/2025 08:00;24,23;17
29/09/2025 09:00;23,26;16,45
29/09/2025 10:00;23,26;16,45
29/09/2025 11:00;21,84;15,89
29/09/2025 12:00;9,89;9
29/09/2025 13:00;9,11;9
29/09/2025 14:00;10,7;9,5
29/09/2025 15:00;9,03;9
29/09/2025 16:00;9,01;9
29/09/2025 17:00;20,81;15,33
29/09/2025 18:00;22,81;16,45
29/09/2025 19:00;32,21;21,84
29/09/2025 20:00;32,62;22,64
29/09/2025 21:00;30,21;21,03
29/09/2025 22:00;24,05;17
29/09/2025 23:00;21,91;15,89
30/09/2025 00:00;21,79;15,89
30/09/2025 01:00;9,07;9
30/09/2025 02:00;10,42;9,5
30/09/2025 03:00;9,81;9
30/09/2025 04:00;9,8;9
30/09/2025 05:00;9,71;9
30/09/2025 06:00;12,26;10
30/09/2025 07:00;28,71;20,22
30/09/2025 08:00;22,45;15,89
30/09/2025 09:00;23,49;16,45
30/09/2025 10:00;21,59;15,89
30/09/2025 11:00;9,82;9
30/09/2025 12:00;9,78;9
30/09/2025 13:00;10,37;9,5
30/09/2025 14:00;9,1;9
30/09/2025 15:00;9,03;9
30/09/2025 16:00;8,97;9
30/09/2025 17:00;8,91;9
30/09/2025 18:00;29,39;20,22
30/09/2025 19:00;32,95;22,64
30/09/2025 20:00;31,65;21,84
30/09/2025 21:00;22,53;15,89
30/09/2025 22:00;26,79;18,61
30/09/2025 23:00;18,04;13,67
01/10/2025 00:00;9,83;9
01/10/2025 01:00;10,25;9,5
01/10/2025 02:00;9,85;9
01/10/2025 03:00;9,75;9
01/10/2025 04:00;8,97;9
01/10/2025 05:00;11,2;10
01/10/2025 06:00;23,61;16,45
01/10/2025 07:00;22,4;15,89
01/10/2025 08:00;22,3;15,89
01/10/2025 09:00;23,25;16,45
01/10/2025 10:00;10,91;9,5
01/10/2025 11:00;15,53;12
01/10/2025 12:00;9,88;9
01/10/2025 13:00;12,02;10,5
01/10/2025 14:00;9,14;9
01/10/2025 15:00;9,02;9
01/10/2025 16:00;8,97;9
01/10/2025 17:00;9,3;9
01/10/2025 18:00;22,79;16,45
01/10/2025 19:00;22,5;16,45
01/10/2025 20:00;22,32;15,89
01/10/2025 21:00;22,29;15,89
01/10/2025 22:00;21,27;15,33
01/10/2025 23:00;9,83;9
02/10/2025 00:00;24,51;17
02/10/2025 01:00;22,43;15,89
02/10/2025 02:00;22,98;16,45
02/10/2025 03:00;22,99;16,45
02/10/2025 04:00;22,4;15,89
02/10/2025 05:00;23,26;16,45
02/10/2025 06:00;22,2;15,89
02/10/2025 07:00;23,3;16,45
02/10/2025 08:00;23,23;16,45
02/10/2025 09:00;23,52;16,45
02/10/2025 10:00;22,23;15,89
02/10/2025 11:00;21,54;15,89
02/10/2025 12:00;19,75;14,78
02/10/2025 13:00;9,1;9
02/10/2025 14:00;11,16;10
02/10/2025 15:00;9,08;9
02/10/2025 16:00;28,03;19,41
02/10/2025 17:00;20,78;15,33
02/10/2025 18:00;33,47;22,64
02/10/2025 19:00;30,85;21,03
02/10/2025 20:00;30,69;21,03
02/10/2025 21:00;29,52;20,22
02/10/2025 22:00;22,93;16,45
02/10/2025 23:00;22,76;16,45
03/10/2025 00:00;22,14;15,89
03/10/2025 01:00;21,95;15,89
03/10/2025 02:00;10,41;9,5
03/10/2025 03:00;25,88;17,8
03/10/2025 04:00;10,35;9,5
03/10/2025 05:00;10,28;9,5
03/10/2025 06:00;28,3;19,41
03/10/2025 07:00;22,06;15,89
03/10/2025 08:00;21,86;15,89
03/10/2025 09:00;22,92;16,45
03/10/2025 10:00;23,42;16,45
03/10/2025 11:00;21,45;15,33
03/10/2025 12:00;21,62;15,89
03/10/2025 13:00;21,44;15,89
03/10/2025 14:00;9,18;9
03/10/2025 15:00;24,29;17
03/10/2025 16:00;22,82;16,45
03/10/2025 17:00;22,82;16,45
03/10/2025 18:00;21,54;15,89
03/10/2025 19:00;32,14;21,84
03/10/2025 20:00;30,91;21,03
03/10/2025 21:00;30,91;21,03
03/10/2025 22:00;22,68;15,89
03/10/2025 23:00;21,55;15,33
04/10/2025 00:00;9,88;9
04/10/2025 01:00;9,87;9
04/10/2025 02:00;9,32;8,5
04/10/2025 03:00;9,21;8,5
04/10/2025 04:00;9,24;9
04/10/2025 05:00;9,69;9
04/10/2025 06:00;9,16;8,5
04/10/2025 07:00;9,91;9
04/10/2025 08:00;9,85;9
04/10/2025 09:00;9,8;9
04/10/2025 10:00;10,13;9
04/10/2025 11:00;9,8;9
04/10/2025 12:00;9,01;9
04/10/2025 13:00;8,99;9
04/10/2025 14:00;8,97;9
04/10/2025 15:00;8,94;9
04/10/2025 16:00;8,96;9
04/10/2025 17:00;8,91;9
04/10/2025 18:00;8,86;9
04/10/2025 19:00;9,66;9,5
04/10/2025 20:00;9,07;9
04/10/2025 21:00;8,99;9
04/10/2025 22:00;9,01;9
04/10/2025 23:00;8,9;9
05/10/2025 00:00;9,74;9,5
05/10/2025 01:00;9,63;9,5
05/10/2025 02:00;9,53;9,5
05/10/2025 03:00;9,61;9,5
05/10/2025 04:00;9,51;9,5
05/10/2025 05:00;9,46;9,5
05/10/2025 06:00;10,08;9,5
05/10/2025 07:00;10,33;9,5
05/10/2025 08:00;10,7;9,5
05/10/2025 09:00;10,38;9,5
05/10/2025 10:00;10,28;9,5
05/10/2025 11:00;26,49;18,61
05/10/2025 12:00;21,37;15,89
05/10/2025 13:00;20,38;15,33
05/10/2025 14:00;9,58;9,5
05/10/2025 15:00;10,53;10
05/10/2025 16:00;19,66;14,22
05/10/2025 17:00;22,65;16,45
05/10/2025 18:00;22,27;16,45
05/10/2025 19:00;33,52;22,64
05/10/2025 20:00;31,04;21,84
05/10/2025 21:00;29,78;21,03
05/10/2025 22:00;22,14;15,89
05/10/2025 23:00;22;16,45
06/10/2025 00:00;10,37;9,5
06/10/2025 01:00;10,41;9,5
06/10/2025 02:00;10,34;9,5
06/10/2025 03:00;10,28;9,5
06/10/2025 04:00;11,85;10
06/10/2025 05:00;10,35;9,5
06/10/2025 06:00;23,79;17
06/10/2025 07:00;19,08;14,22
06/10/2025 08:00;10,36;9,5
06/10/2025 09:00;11,73;10
06/10/2025 10:00;10,35;9,5
06/10/2025 11:00;10,28;9,5
06/10/2025 12:00;9,51;9,5
06/10/2025 13:00;10,18;9,5
06/10/2025 14:00;9,38;9,5
06/10/2025 15:00;7,88;8,5
06/10/2025 16:00;5,24;6,13
06/10/2025 17:00;5,24;6,13
06/10/2025 18:00;13,25;13,11
06/10/2025 19:00;13,39;12,55
06/10/2025 20:00;13,31;12,55
06/10/2025 21:00;12,5;11
06/10/2025 22:00;11,37;10,5
06/10/2025 23:00;12,13;10,5
07/10/2025 00:00;11,42;10,5
07/10/2025 01:00;10,86;10
07/10/2025 02:00;11,13;10
07/10/2025 03:00;10,86;10
07/10/2025 04:00;10,8;10
07/10/2025 05:00;11,69;10,5
07/10/2025 06:00;10,81;10
07/10/2025 07:00;11,89;10,5
07/10/2025 08:00;10,86;10
07/10/2025 09:00;10,8;10
07/10/2025 10:00;6,37;6,5
07/10/2025 11:00;13,65;12
07/10/2025 12:00;12,14;12
07/10/2025 13:00;12,14;12
07/10/2025 14:00;17,03;14,22
07/10/2025 15:00;5,61;6,5
07/10/2025 16:00;4,48;5,37
07/10/2025 17:00;7,6;8,5
07/10/2025 18:00;7,61;8,5
07/10/2025 19:00;7,87;8,5
07/10/2025 20:00;7,86;8
07/10/2025 21:00;7,87;8
07/10/2025 22:00;7,5;7,63
07/10/2025 23:00;7,5;7,63
08/10/2025 00:00;7,87;8
08/10/2025 01:00;7,87;8
08/10/2025 02:00;7,86;8
08/10/2025 03:00;7,87;8
08/10/2025 04:00;7,87;8
08/10/2025 05:00;7,87;8
08/10/2025 06:00;7,87;8
08/10/2025 07:00;7,87;8
08/10/2025 08:00;7,87;8
08/10/2025 09:00;7,87;8
08/10/2025 10:00;7,87;8
08/10/2025 11:00;7,86;8
08/10/2025 12:00;7,11;8
08/10/2025 13:00;7,11;8
08/10/2025 14:00;7,61;8,5
08/10/2025 15:00;7,61;8,5
08/10/2025 16:00;11,11;12
08/10/2025 17:00;12,21;13,11
08/10/2025 18:00;11,65;12,55
08/10/2025 19:00;8,61;9,5
08/10/2025 20:00;8,37;9
08/10/2025 21:00;8,37;8,5
08/10/2025 22:00;8,37;8,5
08/10/2025 23:00;8,37;8,5
09/10/2025 00:00;8,37;8,5
09/10/2025 01:00;8,37;8,5
09/10/2025 02:00;8,36;8,5
09/10/2025 03:00;8,37;8,5
09/10/2025 04:00;8,37;8,5
09/10/2025 05:00;8,37;8,5
09/10/2025 06:00;8,37;8,5
09/10/2025 07:00;8,37;8,5
09/10/2025 08:00;8,37;8,5
09/10/2025 09:00;8,37;8,5
09/10/2025 10:00;8,37;8,5
09/10/2025 11:00;8,37;8,5
09/10/2025 12:00;8,36;8,5
09/10/2025 13:00;7,61;8,5
09/10/2025 14:00;7,61;8,5
09/10/2025 15:00;8,61;9,5
09/10/2025 16:00;11,11;12
09/10/2025 17:00;8,11;9
09/10/2025 18:00;8,11;9
09/10/2025 19:00;8,11;9
09/10/2025 20:00;8,11;9
09/10/2025 21:00;8,11;9
09/10/2025 22:00;8,83;9
09/10/2025 23:00;8,87;9
10/10/2025 00:00;8,86;9
10/10/2025 01:00;8,11;9
10/10/2025 02:00;8,87;9
10/10/2025 03:00;8,87;9
10/10/2025 04:00;8,87;9
10/10/2025 05:00;8,87;9
10/10/2025 06:00;8,86;9
10/10/2025 07:00;8,87;9
10/10/2025 08:00;8,87;9
10/10/2025 09:00;8,86;9
10/10/2025 10:00;8,87;9
10/10/2025 11:00;8,11;9
10/10/2025 12:00;8,1;9
10/10/2025 13:00;8,11;9
10/10/2025 14:00;8,11;9
10/10/2025 15:00;8,11;9
10/10/2025 16:00;8,11;9
10/10/2025 17:00;25,08;19,41
10/10/2025 18:00;15,88;14,22
10/10/2025 19:00;19,51;15,89
10/10/2025 20:00;16,05;14,22
10/10/2025 21:00;16,04;14,22
10/10/2025 22:00;19,25;16,45
10/10/2025 23:00;19,64;17
11/10/2025 00:00;17,87;15,89
11/10/2025 01:00;17,31;14,78
11/10/2025 02:00;14,09;13,11
11/10/2025 03:00;8,87;9
11/10/2025 04:00;8,87;9
11/10/2025 05:00;8,87;9
11/10/2025 06:00;8,87;9
11/10/2025 07:00;8,87;9
11/10/2025 08:00;17,44;14,78
11/10/2025 09:00;16,74;14,22
11/10/2025 10:00;16,71;14,22
11/10/2025 11:00;8,87;9
11/10/2025 12:00;8,86;9
11/10/2025 13:00;8,87;9
11/10/2025 14:00;8,11;9
11/10/2025 15:00;8,11;9
11/10/2025 16:00;8,11;9
11/10/2025 17:00;8,11;9
11/10/2025 18:00;17,4;14,78
11/10/2025 19:00;16;14,22
11/10/2025 20:00;15,99;14,22
11/10/2025 21:00;22,08;17
11/10/2025 22:00;16,65;14,22
11/10/2025 23:00;17,2;15,33
12/10/2025 00:00;20,39;17,8
12/10/2025 01:00;19,62;17
12/10/2025 02:00;17,36;14,78
12/10/2025 03:00;13,95;13,11
12/10/2025 04:00;8,87;9
12/10/2025 05:00;8,87;9
12/10/2025 06:00;8,87;9
12/10/2025 07:00;8,87;9
12/10/2025 08:00;8,87;9
12/10/2025 09:00;8,87;9
12/10/2025 10:00;8,87;9
12/10/2025 11:00;8,87;9
12/10/2025 12:00;8,86;9
12/10/2025 13:00;8,11;9
12/10/2025 14:00;8,11;9
12/10/2025 15:00;8,11;9
12/10/2025 16:00;8,11;9
12/10/2025 17:00;8,11;9
12/10/2025 18:00;16,06;14,22
12/10/2025 19:00;21,35;17
12/10/2025 20:00;21,34;17
12/10/2025 21:00;16,49;14,22
12/10/2025 22:00;19,05;17
12/10/2025 23:00;19,32;17
13/10/2025 00:00;19,38;17
13/10/2025 01:00;10,37;10,5
13/10/2025 02:00;9,37;9,5
13/10/2025 03:00;16,9;14,22
13/10/2025 04:00;20,18;15,89
13/10/2025 05:00;17,52;14,78
13/10/2025 06:00;19,22;17
13/10/2025 07:00;20,7;17,8
13/10/2025 08:00;20,2;17,8
13/10/2025 09:00;17,54;16,45
13/10/2025 10:00;13,53;13,67
13/10/2025 11:00;13,5;13,67
13/10/2025 12:00;12,78;13,67
13/10/2025 13:00;10,1;11
13/10/2025 14:00;7,11;8
13/10/2025 15:00;7,03;8
13/10/2025 16:00;12,78;13,67
13/10/2025 17:00;11,66;12,55
13/10/2025 18:00;11,11;12
13/10/2025 19:00;9,1;10
13/10/2025 20:00;9,37;9,5
13/10/2025 21:00;9,37;9,5
13/10/2025 22:00;13,54;13,67
13/10/2025 23:00;13,54;13,67
14/10/2025 00:00;12,42;12,55
14/10/2025 01:00;11,86;12
14/10/2025 02:00;9,37;9,5
14/10/2025 03:00;9,37;9,5
14/10/2025 04:00;9,37;9,5
14/10/2025 05:00;9,37;9,5
14/10/2025 06:00;9,37;9,5
14/10/2025 07:00;9,37;9,5
14/10/2025 08:00;9,37;9,5
14/10/2025 09:00;13,53;13,67
14/10/2025 10:00;13,54;13,67
14/10/2025 11:00;13,54;13,67
14/10/2025 12:00;12,78;13,67
14/10/2025 13:00;12,78;13,67
14/10/2025 14:00;12,22;13,11
14/10/2025 15:00;9,11;10
14/10/2025 16:00;9,11;10
14/10/2025 17:00;8,61;9,5
14/10/2025 18:00;8,61;9,5
14/10/2025 19:00;8,11;9
14/10/2025 20:00;16,11;17
14/10/2025 21:00;16,91;17,8
14/10/2025 22:00;16,91;17,8
14/10/2025 23:00;16,32;17
15/10/2025 00:00;14,09;14,78
15/10/2025 01:00;12,98;13,67
15/10/2025 02:00;9,87;10,5
15/10/2025 03:00;9,37;9,5
15/10/2025 04:00;9,37;9,5
15/10/2025 05:00;9,37;9,5
15/10/2025 06:00;9,37;9,5
15/10/2025 07:00;9,37;9,5
15/10/2025 08:00;8,87;9
15/10/2025 09:00;9,37;9,5
15/10/2025 10:00;9,36;9,5
15/10/2025 11:00;30,42;25,06
15/10/2025 12:00;30,13;25,06
15/10/2025 13:00;27,19;22,64
15/10/2025 14:00;29,27;21,84
15/10/2025 15:00;31,48;23,45
15/10/2025 16:00;36,09;25,87
15/10/2025 17:00;31,54;23,45
15/10/2025 18:00;17,4;15,33
15/10/2025 19:00;8,86;9
15/10/2025 20:00;8,11;9
15/10/2025 21:00;14,44;15,33
15/10/2025 22:00;15,16;15,33
15/10/2025 23:00;12,21;13,11
16/10/2025 00:00;9,87;10
16/10/2025 01:00;9,37;9,5
16/10/2025 02:00;9,36;9,5
16/10/2025 03:00;8,87;9
16/10/2025 04:00;8,87;9
16/10/2025 05:00;8,87;9
16/10/2025 06:00;8,87;9
16/10/2025 07:00;8,87;9
16/10/2025 08:00;8,87;9
16/10/2025 09:00;8,87;9
16/10/2025 10:00;37,5;26,68
16/10/2025 11:00;33,04;25,06
16/10/2025 12:00;39,39;29,09
16/10/2025 13:00;38,56;28,29
16/10/2025 14:00;39,98;29,9
16/10/2025 15:00;21,75;22,64
16/10/2025 16:00;37,74;27,48
16/10/2025 17:00;20,14;21,03
16/10/2025 18:00;19,33;20,22
16/10/2025 19:00;11,66;12,55
16/10/2025 20:00;9,37;10
16/10/2025 21:00;9,37;9,5
16/10/2025 22:00;16,31;16,45
16/10/2025 23:00;15,75;15,89
17/10/2025 00:00;11,87;12
17/10/2025 01:00;9,37;9,5
17/10/2025 02:00;9,37;9,5
17/10/2025 03:00;9,37;9,5
17/10/2025 04:00;8,87;9
17/10/2025 05:00;8,87;9
17/10/2025 06:00;8,87;9
17/10/2025 07:00;9,37;9,5
17/10/2025 08:00;9,37;9,5
17/10/2025 09:00;24,37;18,61
17/10/2025 10:00;39,66;30,71
17/10/2025 11:00;37,78;29,09
17/10/2025 12:00;14,62;13,11
17/10/2025 13:00;11,11;11
17/10/2025 14:00;6,74;7,63
17/10/2025 15:00;6,74;7,63
17/10/2025 16:00;6,74;7,63
17/10/2025 17:00;34,24;24,25
17/10/2025 18:00;34,52;24,25
17/10/2025 19:00;39,25;34,74
17/10/2025 20:00;NULL;37,16
17/10/2025 21:00;40;37,97
17/10/2025 22:00;39,94;30,71
17/10/2025 23:00;37,43;28,29
18/10/2025 00:00;16,2;13,67
18/10/2025 01:00;16,21;13,67
18/10/2025 02:00;16,08;13,67
18/10/2025 03:00;12,88;12
18/10/2025 04:00;12,86;12
18/10/2025 05:00;12,8;12
18/10/2025 06:00;35,84;25,06
18/10/2025 07:00;36,04;25,06
18/10/2025 08:00;39,32;29,09
18/10/2025 09:00;39,05;29,09
18/10/2025 10:00;10,86;11
18/10/2025 11:00;7,5;7,63
18/10/2025 12:00;7,5;7,63
18/10/2025 13:00;7,5;7,63
18/10/2025 14:00;6,74;7,63
18/10/2025 15:00;6,74;7,63
18/10/2025 16:00;6,74;7,63
18/10/2025 17:00;34,47;24,25
18/10/2025 18:00;35,34;25,06
18/10/2025 19:00;37,69;35,55
18/10/2025 20:00;38,84;35,55
18/10/2025 21:00;39,9;31,52
18/10/2025 22:00;39,87;31,52
18/10/2025 23:00;39,65;30,71
19/10/2025 00:00;34,23;24,25
19/10/2025 01:00;13,36;12,55
19/10/2025 02:00;7,87;8
19/10/2025 03:00;7,87;8
19/10/2025 04:00;6,76;7,63
19/10/2025 05:00;34,31;24,25
19/10/2025 06:00;35,35;25,06
19/10/2025 07:00;35,29;25,06
19/10/2025 08:00;9,12;10
19/10/2025 09:00;7,13;8
19/10/2025 10:00;7,5;7,63
19/10/2025 11:00;36,13;25,06
19/10/2025 12:00;17,99;14,78
19/10/2025 13:00;38,49;27,48
19/10/2025 14:00;38,17;27,48
19/10/2025 15:00;21,04;16,45
19/10/2025 16:00;12,84;12
19/10/2025 17:00;19,83;15,89
19/10/2025 18:00;18,01;14,78
19/10/2025 19:00;40;29,9
19/10/2025 20:00;39,29;36,35
19/10/2025 21:00;39,43;28,29
19/10/2025 22:00;39,29;34,74
19/10/2025 23:00;NULL;41,19
20/10/2025 00:00;40;35,55
20/10/2025 01:00;40;34,74
20/10/2025 02:00;39,06;34,74
20/10/2025 03:00;29,44;24,25
20/10/2025 04:00;22,27;17
20/10/2025 05:00;13,46;12,55
20/10/2025 06:00;13,42;12,55
20/10/2025 07:00;36,07;25,87
20/10/2025 08:00;36,04;25,87
20/10/2025 09:00;36,1;25,87
20/10/2025 10:00;16,61;16,45
20/10/2025 11:00;12,13;12
20/10/2025 12:00;12,12;12
20/10/2025 13:00;12,02;12
20/10/2025 14:00;13,61;12,55
20/10/2025 15:00;13,31;13,11
20/10/2025 16:00;13,07;13,67
20/10/2025 17:00;11,64;12,55
20/10/2025 18:00;8,37;10,5
20/10/2025 19:00;32,49;24,25
20/10/2025 20:00;21,21;21,03
20/10/2025 21:00;8,87;12
20/10/2025 22:00;6,1;8,5
20/10/2025 23:00;5,95;8
21/10/2025 00:00;5,97;8
21/10/2025 01:00;8,01;11
21/10/2025 02:00;8,9;12
21/10/2025 03:00;5,95;8
21/10/2025 04:00;5,96;8
21/10/2025 05:00;5,96;8
21/10/2025 06:00;8,6;11
21/10/2025 07:00;9,36;12
21/10/2025 08:00;5,87;8,5
21/10/2025 09:00;6,36;8
21/10/2025 10:00;5,43;6,88
21/10/2025 11:00;5,42;6,88
21/10/2025 12:00;5,4;6,88
21/10/2025 13:00;9,92;11
21/10/2025 14:00;7,54;10,5
21/10/2025 15:00;5,33;6,88
21/10/2025 16:00;5,35;6,88
21/10/2025 17:00;5,37;6,88
21/10/2025 18:00;15,27;17
21/10/2025 19:00;15,58;19,41
21/10/2025 20:00;21,51;18,61
21/10/2025 21:00;8,02;10,5
21/10/2025 22:00;5,56;7,25
21/10/2025 23:00;28,36;21,84
22/10/2025 00:00;20,18;20,22
22/10/2025 01:00;7,86;10,5
22/10/2025 02:00;5,57;7,25
22/10/2025 03:00;5,62;7,25
22/10/2025 04:00;5,63;7,25
22/10/2025 05:00;5,64;7,25
22/10/2025 06:00;5,64;7,25
22/10/2025 07:00;5,62;7,25
22/10/2025 08:00;5,61;7,25
22/10/2025 09:00;7,64;9,5
22/10/2025 10:00;8,35;9
22/10/2025 11:00;5,3;7,25
22/10/2025 12:00;5,39;6,88
22/10/2025 13:00;12,31;16,45
22/10/2025 14:00;9,79;14,78
22/10/2025 15:00;10,51;11
22/10/2025 16:00;9,71;14,22
22/10/2025 17:00;9,97;13,67
22/10/2025 18:00;10,29;15,33
22/10/2025 19:00;11,38;15,89
22/10/2025 20:00;10,39;12,55
22/10/2025 21:00;9,45;12,55
22/10/2025 22:00;8,93;12
22/10/2025 23:00;8,89;12
23/10/2025 00:00;5,98;8
23/10/2025 01:00;5,98;8
23/10/2025 02:00;5,77;7,63
23/10/2025 03:00;5,79;7,63
23/10/2025 04:00;5,8;7,63
23/10/2025 05:00;5,78;7,63
23/10/2025 06:00;6;8
23/10/2025 07:00;5,99;8
23/10/2025 08:00;16,75;16,45
23/10/2025 09:00;9,25;12,55
23/10/2025 10:00;15,18;9
23/10/2025 11:00;19,05;12,55
23/10/2025 12:00;22,57;21,84
23/10/2025 13:00;21,98;21,84
23/10/2025 14:00;18,59;20,22
23/10/2025 15:00;15,61;11
23/10/2025 16:00;14,95;10,5
23/10/2025 17:00;NULL;2
23/10/2025 18:00;NULL;2
23/10/2025 19:00;NULL;2
23/10/2025 20:00;NULL;2
23/10/2025 21:00;NULL;2
23/10/2025 22:00;NULL;2
23/10/2025 23:00;NULL;2
24/10/2025 00:00;NULL;2
24/10/2025 01:00;NULL;2
24/10/2025 02:00;NULL;2
24/10/2025 03:00;NULL;2
24/10/2025 04:00;NULL;2
24/10/2025 05:00;NULL;2
24/10/2025 06:00;NULL;2
24/10/2025 07:00;NULL;2
24/10/2025 08:00;1,11;2
24/10/2025 09:00;NULL;2
24/10/2025 10:00;0,37;2
24/10/2025 11:00;NULL;2
24/10/2025 12:00;NULL;2
24/10/2025 13:00;NULL;2
24/10/2025 14:00;NULL;2
24/10/2025 15:00;NULL;2
24/10/2025 16:00;NULL;2
24/10/2025 17:00;0,41;2
24/10/2025 18:00;11,9;2
24/10/2025 19:00;11,89;2
24/10/2025 20:00;2,52;2
24/10/2025 21:00;0,8;2
24/10/2025 22:00;1,07;2
24/10/2025 23:00;0,37;2
25/10/2025 00:00;0,6;2
25/10/2025 01:00;1,76;2
25/10/2025 02:00;1,35;2
25/10/2025 03:00;1,25;2
25/10/2025 04:00;0,92;2
25/10/2025 05:00;0,98;2
25/10/2025 06:00;1,41;2
25/10/2025 07:00;NULL;2
25/10/2025 08:00;1,24;2
25/10/2025 09:00;0,2;NULL
25/10/2025 10:00;0,96;2
25/10/2025 11:00;1,39;2
25/10/2025 12:00;0,37;2
25/10/2025 13:00;1,61;2
25/10/2025 14:00;2,06;2
25/10/2025 15:00;1,37;2
25/10/2025 16:00;1,29;2
25/10/2025 17:00;0,99;2
25/10/2025 18:00;11,09;2
25/10/2025 19:00;4,79;2
25/10/2025 20:00;4,51;2
25/10/2025 21:00;1,01;2
25/10/2025 22:00;3,7;2
25/10/2025 23:00;1,78;2
26/10/2025 00:00;0,83;2
26/10/2025 01:00;0,94;2
26/10/2025 02:00;0,81;2
26/10/2025 03:00;1,1;2
26/10/2025 04:00;0,77;2
26/10/2025 05:00;0,21;2
26/10/2025 06:00;0,91;2
26/10/2025 07:00;1,13;2
26/10/2025 08:00;0,92;2
26/10/2025 09:00;0,97;2
26/10/2025 10:00;0,84;2
26/10/2025 11:00;0,18;2
26/10/2025 12:00;0,99;2
26/10/2025 13:00;0,25;2
26/10/2025 14:00;NULL;2
28/10/2025 11:00;0,57;2
28/10/2025 12:00;3,98;2
28/10/2025 13:00;1,09;2
28/10/2025 14:00;4,43;2
28/10/2025 15:00;3,62;2
28/10/2025 16:00;3,41;2
28/10/2025 17:00;0,38;2
28/10/2025 18:00;1,86;2
28/10/2025 19:00;2,51;2
28/10/2025 20:00;0,13;2
28/10/2025 21:00;1,86;2
28/10/2025 22:00;2,35;2
28/10/2025 23:00;1,57;2
29/10/2025 00:00;0,98;2
29/10/2025 01:00;0,3;2
29/10/2025 02:00;0,96;2
29/10/2025 03:00;0,87;2
29/10/2025 04:00;0,77;2
29/10/2025 05:00;0,34;2
29/10/2025 06:00;1,03;2
29/10/2025 07:00;1,18;2
29/10/2025 08:00;2,79;2
29/10/2025 09:00;0,65;2
29/10/2025 10:00;1,6;2
29/10/2025 11:00;1,87;2
29/10/2025 12:00;NULL;2
29/10/2025 13:00;NULL;2
29/10/2025 14:00;2,89;2
29/10/2025 15:00;0,77;2
29/10/2025 16:00;0,85;2
29/10/2025 17:00;NULL;2
29/10/2025 18:00;11,26;2
29/10/2025 19:00;6,53;2
29/10/2025 20:00;3,33;2
29/10/2025 21:00;NULL;2
29/10/2025 22:00;0,44;2
29/10/2025 23:00;0,22;2
30/10/2025 00:00;0,86;2
30/10/2025 01:00;0,55;2
30/10/2025 02:00;0,46;2
30/10/2025 03:00;0,56;2
30/10/2025 04:00;0,51;2
30/10/2025 05:00;0,42;2
30/10/2025 06:00;2,06;2
30/10/2025 07:00;2,26;2
30/10/2025 08:00;0,76;2
30/10/2025 09:00;0,63;2
30/10/2025 10:00;0,83;2
30/10/2025 11:00;1,36;2
30/10/2025 12:00;2,77;2
30/10/2025 13:00;2,73;2
30/10/2025 14:00;3,22;2
30/10/2025 15:00;3,7;2
30/10/2025 16:00;4,11;2
30/10/2025 17:00;1,93;2
30/10/2025 18:00;NULL;2
30/10/2025 19:00;NULL;2
30/10/2025 20:00;0,15;2
30/10/2025 21:00;NULL;2
30/10/2025 22:00;1,05;2
30/10/2025 23:00;NULL;2
31/10/2025 00:00;0,63;2
31/10/2025 01:00;0,68;2
31/10/2025 02:00;0,61;2
31/10/2025 03:00;0,76;2
31/10/2025 04:00;0,17;2
31/10/2025 05:00;1,17;2
31/10/2025 06:00;0,06;2
31/10/2025 07:00;3,2;2
31/10/2025 08:00;3,97;2
31/10/2025 09:00;0,29;2
31/10/2025 10:00;1,87;2
31/10/2025 11:00;1,11;2
31/10/2025 12:00;1,87;2
31/10/2025 13:00;0,73;2
31/10/2025 14:00;4,66;2
31/10/2025 15:00;2,42;2
31/10/2025 16:00;1,68;2
31/10/2025 17:00;0,98;2
31/10/2025 18:00;0,02;2
31/10/2025 19:00;0,03;2
31/10/2025 20:00;0,04;2
31/10/2025 21:00;0,53;2
31/10/2025 22:00;0,44;2
31/10/2025 23:00;0,54;2
01/11/2025 00:00;0,11;2
01/11/2025 01:00;1,06;2
01/11/2025 02:00;1,07;2
01/11/2025 03:00;1,45;2
01/11/2025 04:00;0,91;2
01/11/2025 05:00;1,05;2
01/11/2025 06:00;1,69;2
01/11/2025 07:00;0,42;2
01/11/2025 08:00;0,1;2
01/11/2025 09:00;0,6;2
01/11/2025 10:00;1,28;2
01/11/2025 11:00;0,08;2
01/11/2025 12:00;0,79;2
01/11/2025 13:00;0,72;2
01/11/2025 14:00;0,81;2
01/11/2025 15:00;0,53;2
01/11/2025 16:00;0,41;2
01/11/2025 17:00;11,73;2
01/11/2025 18:00;11,84;2
01/11/2025 19:00;3,48;2
01/11/2025 20:00;3,63;2
01/11/2025 21:00;3,3;2
01/11/2025 22:00;3,07;2
01/11/2025 23:00;3,08;2
02/11/2025 00:00;2,66;2
02/11/2025 01:00;NULL;2
02/11/2025 02:00;1,02;2
02/11/2025 03:00;NULL;2
02/11/2025 04:00;0,42;2
02/11/2025 05:00;0,33;2
02/11/2025 06:00;0,28;2
02/11/2025 07:00;0,17;2
02/11/2025 08:00;0,46;2
02/11/2025 09:00;1,01;2
02/11/2025 10:00;0,63;2
02/11/2025 11:00;1,87;2
02/11/2025 12:00;1,24;2
02/11/2025 13:00;0,34;2
02/11/2025 14:00;1,87;2
02/11/2025 15:00;1,34;2
02/11/2025 16:00;1,76;2
02/11/2025 17:00;1,32;2
02/11/2025 18:00;0,36;2
02/11/2025 19:00;0,3;2
02/11/2025 20:00;0,31;2
02/11/2025 21:00;3,17;2
02/11/2025 22:00;1,15;2
02/11/2025 23:00;0,66;2
03/11/2025 00:00;0,92;2
03/11/2025 01:00;0,96;2
03/11/2025 02:00;0,83;2
03/11/2025 03:00;0,86;2
03/11/2025 04:00;0,85;2
03/11/2025 05:00;1,37;2
03/11/2025 06:00;0,29;2
03/11/2025 07:00;1,86;2
03/11/2025 08:00;12,15;2
03/11/2025 09:00;0,95;2
03/11/2025 10:00;1,86;2
03/11/2025 11:00;1,58;2
03/11/2025 12:00;0,79;2
03/11/2025 13:00;1,87;2
03/11/2025 14:00;4,22;2
03/11/2025 15:00;0,98;2
03/11/2025 16:00;0,58;2
03/11/2025 17:00;5,21;2
03/11/2025 18:00;5,98;2
03/11/2025 19:00;3,59;2
03/11/2025 20:00;3,17;2
03/11/2025 21:00;0,65;2
03/11/2025 22:00;0,45;2
03/11/2025 23:00;0,46;2
04/11/2025 00:00;1,09;2
04/11/2025 01:00;1,86;2
04/11/2025 02:00;1,86;2
04/11/2025 03:00;2,2;2
04/11/2025 04:00;0,26;2
04/11/2025 05:00;1,86;2
04/11/2025 06:00;9,76;2
04/11/2025 07:00;4,78;2
04/11/2025 08:00;3,45;2
04/11/2025 09:00;5,04;2
04/11/2025 10:00;0,59;2
04/11/2025 11:00;1,97;2
04/11/2025 12:00;0,64;2
04/11/2025 13:00;0,96;2
04/11/2025 14:00;0,27;2
04/11/2025 15:00;0,79;2
04/11/2025 16:00;1,51;2
04/11/2025 17:00;3;2
04/11/2025 18:00;1,02;2
04/11/2025 19:00;1,87;2
04/11/2025 20:00;1,86;2
04/11/2025 21:00;1,99;2
04/11/2025 22:00;1,28;2
04/11/2025 23:00;1,86;2
05/11/2025 00:00;1,96;2
05/11/2025 01:00;1,15;2
05/11/2025 02:00;1,86;2
05/11/2025 03:00;1,89;2
05/11/2025 04:00;2,77;2
05/11/2025 05:00;1,17;2
05/11/2025 06:00;1,05;2
05/11/2025 07:00;8,29;2
05/11/2025 08:00;6,73;2
05/11/2025 09:00;11,84;2
05/11/2025 10:00;0,18;2
05/11/2025 11:00;4,53;2
05/11/2025 12:00;1,87;2
05/11/2025 13:00;1,05;2
05/11/2025 14:00;3,85;4,87
05/11/2025 15:00;4,2;5,13
05/11/2025 16:00;5,67;5,13
05/11/2025 17:00;5,41;5,13
05/11/2025 18:00;3,97;4,87
05/11/2025 19:00;3,96;4,87
05/11/2025 20:00;8,16;5,39
05/11/2025 21:00;3,93;5,64
05/11/2025 22:00;3,36;5,39
05/11/2025 23:00;3,53;5,64
06/11/2025 00:00;3,36;5,39
06/11/2025 01:00;3,37;5,39
06/11/2025 02:00;3,97;5,64
06/11/2025 03:00;3,99;5,64
06/11/2025 04:00;4,02;5,64
06/11/2025 05:00;5,51;5,9
06/11/2025 06:00;9,82;6,28
06/11/2025 07:00;7,93;7,04
06/11/2025 08:00;17,19;8,96
06/11/2025 09:00;12,11;15,93
06/11/2025 10:00;17,88;14,78
06/11/2025 11:00;11,18;13,26
06/11/2025 12:00;18,67;12,75
06/11/2025 13:00;14,6;20
06/11/2025 14:00;23,31;23,88
06/11/2025 15:00;30,27;23,88
06/11/2025 16:00;21,93;22,56
06/11/2025 17:00;13,68;14,78
06/11/2025 18:00;21,8;14,78
06/11/2025 19:00;12,32;21,9
06/11/2025 20:00;11,48;21,24
06/11/2025 21:00;11,07;20
06/11/2025 22:00;20,18;18,26
06/11/2025 23:00;7,92;11,24
07/11/2025 00:00;7,11;7,43
07/11/2025 01:00;6,93;7,04
07/11/2025 02:00;6,85;7,04
07/11/2025 03:00;6,79;6,66
07/11/2025 04:00;6,63;6,28
07/11/2025 05:00;8,53;6,28
07/11/2025 06:00;8,82;6,28
07/11/2025 07:00;9,02;5,9
07/11/2025 08:00;16,21;8,58
07/11/2025 09:00;8,51;10,23
07/11/2025 10:00;12;7,81
07/11/2025 11:00;9,01;5,39
07/11/2025 12:00;4,73;5,39
07/11/2025 13:00;4,61;5,39
07/11/2025 14:00;4,67;5,39
07/11/2025 15:00;4,37;5,39
07/11/2025 16:00;4,43;5,13
07/11/2025 17:00;13,15;5,39
07/11/2025 18:00;7,79;10,73
07/11/2025 19:00;12,66;17,1
07/11/2025 20:00;11,02;17,1
07/11/2025 21:00;9,41;13,26
07/11/2025 22:00;6,86;6,28
07/11/2025 23:00;8,13;9,34
08/11/2025 00:00;10,62;8,58
08/11/2025 01:00;9,32;5,9
08/11/2025 02:00;7,55;5,64
08/11/2025 03:00;8,16;6,28
08/11/2025 04:00;5,12;6,66
08/11/2025 05:00;5,71;7,04
08/11/2025 06:00;10,27;7,81
08/11/2025 07:00;10,3;7,81
08/11/2025 08:00;5,99;7,81
08/11/2025 09:00;6,6;7,81
08/11/2025 10:00;5,91;7,04
08/11/2025 11:00;5,58;7,04
08/11/2025 12:00;5,38;7,04
08/11/2025 13:00;5,5;7,04
08/11/2025 14:00;9,25;7,04
08/11/2025 15:00;6,49;7,04
08/11/2025 16:00;5,43;6,66
08/11/2025 17:00;7,91;7,04
08/11/2025 18:00;7,73;6,28
08/11/2025 19:00;6,34;6,28
08/11/2025 20:00;6,49;6,28
08/11/2025 21:00;6,58;6,28
08/11/2025 22:00;6,89;6,28
08/11/2025 23:00;20,37;24,54
09/11/2025 00:00;15,12;24,54
09/11/2025 01:00;8,25;7,81
09/11/2025 02:00;8,84;7,04
09/11/2025 03:00;5,71;7,04
09/11/2025 04:00;5,23;6,66
09/11/2025 05:00;5,18;6,66
09/11/2025 06:00;5,2;6,66
09/11/2025 07:00;5,17;6,66
09/11/2025 08:00;5,07;6,28
09/11/2025 09:00;5,29;6,28
09/11/2025 10:00;5,5;5,64
09/11/2025 11:00;4,94;5,64
09/11/2025 12:00;4,87;5,64
09/11/2025 13:00;4,64;5,64
09/11/2025 14:00;4,43;5,64
09/11/2025 15:00;4,66;5,64
09/11/2025 16:00;4,71;5,64
09/11/2025 17:00;4,77;5,64
09/11/2025 18:00;9,11;5,64
09/11/2025 19:00;19,98;15,36
09/11/2025 20:00;11,26;20
09/11/2025 21:00;9,79;18,84
09/11/2025 22:00;7,56;6,66
09/11/2025 23:00;7,59;5,9
10/11/2025 00:00;4,85;5,9
10/11/2025 01:00;4,66;5,9
10/11/2025 02:00;4,67;5,9
10/11/2025 03:00;4,56;5,64
10/11/2025 04:00;4,38;5,64
10/11/2025 05:00;4,52;5,64
10/11/2025 06:00;4,56;5,64
10/11/2025 07:00;4,45;5,64
10/11/2025 08:00;4,5;5,64
10/11/2025 09:00;5,09;5,64
10/11/2025 10:00;5,16;5,64
10/11/2025 11:00;4,55;5,64
10/11/2025 12:00;4,47;5,64
10/11/2025 13:00;4,45;5,64
10/11/2025 14:00;4,62;5,64
10/11/2025 15:00;5,1;7,04
10/11/2025 16:00;4,25;6,28
10/11/2025 17:00;4,26;5,64
10/11/2025 18:00;8,34;5,9
10/11/2025 19:00;7,51;5,64
10/11/2025 20:00;4,19;5,64
10/11/2025 21:00;4,12;5,64
10/11/2025 22:00;4,32;5,64
10/11/2025 23:00;4,14;5,64
11/11/2025 00:00;4,19;5,64
11/11/2025 01:00;4,34;5,64
11/11/2025 02:00;4,3;5,64
11/11/2025 03:00;4,18;5,64
11/11/2025 04:00;4,39;5,64
11/11/2025 05:00;4,24;5,64
11/11/2025 06:00;4,19;5,64
11/11/2025 07:00;4,26;5,64
11/11/2025 08:00;4,47;5,64
11/11/2025 09:00;4,23;5,64
11/11/2025 10:00;4,27;5,64
11/11/2025 11:00;4,38;5,64
11/11/2025 12:00;4,34;5,64
11/11/2025 13:00;4,37;5,64
11/11/2025 14:00;4,23;5,64
11/11/2025 15:00;4,31;5,64
11/11/2025 16:00;4,27;5,64
11/11/2025 17:00;7,18;5,9
11/11/2025 18:00;13,72;17,1
11/11/2025 19:00;14,44;18,84
11/11/2025 20:00;13,18;17,68
11/11/2025 21:00;11,23;13,77
11/11/2025 22:00;6,73;6,28
11/11/2025 23:00;6,46;5,64
12/11/2025 00:00;8,23;5,9
12/11/2025 01:00;4,05;5,9
12/11/2025 02:00;4;5,9
12/11/2025 03:00;4,01;5,9
12/11/2025 04:00;4,07;5,9
12/11/2025 05:00;3,84;5,9
12/11/2025 06:00;4,02;5,9
12/11/2025 07:00;3,98;5,9
12/11/2025 08:00;4,02;5,9
12/11/2025 09:00;4,06;5,9
12/11/2025 10:00;5,68;5,13
12/11/2025 11:00;5,72;5,13
12/11/2025 12:00;5,71;5,13
12/11/2025 13:00;8,37;5,64
12/11/2025 14:00;5;6,28
12/11/2025 15:00;3,7;5,39
12/11/2025 16:00;3,87;5,39
12/11/2025 17:00;4,12;5,64
12/11/2025 18:00;8,24;5,64
12/11/2025 19:00;6,07;5,9
12/11/2025 20:00;5,46;5,64
12/11/2025 21:00;5,17;5,64
12/11/2025 22:00;5,12;5,64
12/11/2025 23:00;4,94;5,64
13/11/2025 00:00;4,21;5,64
13/11/2025 01:00;5,31;5,64
13/11/2025 02:00;5;5,64
13/11/2025 03:00;4,93;5,64
13/11/2025 04:00;4,89;5,64
13/11/2025 05:00;4,79;5,64
13/11/2025 06:00;4,7;5,64
13/11/2025 07:00;4,73;5,64
13/11/2025 08:00;4,64;5,64
13/11/2025 09:00;4,67;5,64
13/11/2025 10:00;4,92;5,13
13/11/2025 11:00;4,65;5,13
13/11/2025 12:00;4,6;5,13
13/11/2025 13:00;4,65;5,13
13/11/2025 14:00;4,58;5,13
13/11/2025 15:00;4,83;5,39
13/11/2025 16:00;4,69;5,39
13/11/2025 17:00;4,98;5,39
13/11/2025 18:00;6,08;5,9
13/11/2025 19:00;4,88;5,9
13/11/2025 20:00;5,02;5,9
13/11/2025 21:00;4,89;5,9
13/11/2025 22:00;5,66;5,9
13/11/2025 23:00;5,05;6,28
14/11/2025 00:00;4,96;5,9
14/11/2025 01:00;5,61;6,28
14/11/2025 02:00;6,72;6,66
14/11/2025 03:00;10,01;6,66
14/11/2025 04:00;6,75;7,04
14/11/2025 05:00;7,38;7,43
14/11/2025 06:00;9,53;7,81
14/11/2025 07:00;10,33;8,19
14/11/2025 08:00;18,11;14,27
14/11/2025 09:00;16,47;17,1
14/11/2025 10:00;16,12;17,68
14/11/2025 11:00;19,68;18,84
14/11/2025 12:00;20,72;22,56
14/11/2025 13:00;39,53;74,23
14/11/2025 14:00;NULL;91,1
14/11/2025 15:00;NULL;95,5
14/11/2025 16:00;NULL;84,68
14/11/2025 17:00;NULL;73,2
14/11/2025 18:00;39,7;65,14
14/11/2025 19:00;NULL;69,1
14/11/2025 20:00;NULL;63,16
14/11/2025 21:00;NULL;65,14
14/11/2025 22:00;NULL;59,2
14/11/2025 23:00;NULL;55,75
15/11/2025 00:00;NULL;53,16
15/11/2025 01:00;NULL;51,43
15/11/2025 02:00;NULL;51,43
15/11/2025 03:00;NULL;50,57
15/11/2025 04:00;NULL;47,2
15/11/2025 05:00;39,7;43,84
15/11/2025 06:00;39,97;42,16
15/11/2025 07:00;39,68;40,6
15/11/2025 08:00;39,69;39,82
15/11/2025 09:00;39,7;41,38
15/11/2025 10:00;39,7;44,68
15/11/2025 11:00;39,68;40,6
15/11/2025 12:00;39,69;39,82
15/11/2025 13:00;38,91;39,04
15/11/2025 14:00;37,34;37,48
15/11/2025 15:00;35,81;36,7
15/11/2025 16:00;33,51;33,64
15/11/2025 17:00;39,7;40,6
15/11/2025 18:00;36,59;37,48
15/11/2025 19:00;31,35;32,2
15/11/2025 20:00;30,58;31,48
15/11/2025 21:00;31,35;32,2
15/11/2025 22:00;32,75;33,64
15/11/2025 23:00;35,03;35,92
16/11/2025 00:00;35,81;36,7
16/11/2025 01:00;36,58;37,48
16/11/2025 02:00;32,75;33,64
16/11/2025 03:00;35,02;35,92
16/11/2025 04:00;37,36;38,26
16/11/2025 05:00;36,58;37,48
16/11/2025 06:00;34,25;35,14
16/11/2025 07:00;33,51;33,64
16/11/2025 08:00;32,07;32,2
16/11/2025 09:00;31,31;32,2
16/11/2025 10:00;30,64;30,77
16/11/2025 11:00;23,45;13,26
16/11/2025 12:00;23,43;13,26
16/11/2025 13:00;21,47;11,75
16/11/2025 14:00;20,45;10,73
16/11/2025 15:00;20,43;10,73
16/11/2025 16:00;19,4;9,72
16/11/2025 17:00;14,74;6,66
16/11/2025 18:00;8,59;7,43
16/11/2025 19:00;10,4;9,34
16/11/2025 20:00;10,33;9,34
16/11/2025 21:00;10,9;9,72
16/11/2025 22:00;11,69;10,73
16/11/2025 23:00;9,8;8,96
17/11/2025 00:00;9,78;8,96
17/11/2025 01:00;10,17;9,34
17/11/2025 02:00;9,95;9,34
17/11/2025 03:00;7,4;6,28
17/11/2025 04:00;5,4;4,36
17/11/2025 05:00;5,21;4,1
17/11/2025 06:00;6,24;5,13
17/11/2025 07:00;5,83;4,87
17/11/2025 08:00;5,68;4,62
17/11/2025 09:00;5,56;4,1
17/11/2025 10:00;9,11;8,19
17/11/2025 11:00;11,85;10,23
17/11/2025 12:00;7,05;9,72
17/11/2025 13:00;7,12;9,34
17/11/2025 14:00;7,12;9,34
17/11/2025 15:00;7,24;9,34
17/11/2025 16:00;7,3;8,96
17/11/2025 17:00;11,43;15,93
17/11/2025 18:00;8,95;16,52
17/11/2025 19:00;15,65;23,88
17/11/2025 20:00;15,68;23,88
17/11/2025 21:00;16,23;24,54
17/11/2025 22:00;15,61;23,88
17/11/2025 23:00;14,93;23,21
18/11/2025 00:00;14,38;22,56
18/11/2025 01:00;14,23;22,56
18/11/2025 02:00;14,4;22,56
18/11/2025 03:00;14,46;22,56
18/11/2025 04:00;13,97;21,9
18/11/2025 05:00;13,81;21,9
18/11/2025 06:00;14,57;22,56
18/11/2025 07:00;13,29;21,24
18/11/2025 08:00;33,17;32,2
18/11/2025 09:00;34,61;33,64
18/11/2025 10:00;33,92;32,92
18/11/2025 11:00;24,62;23,21
18/11/2025 12:00;15,05;14,27
18/11/2025 13:00;17,96;17,1
18/11/2025 14:00;15,07;14,27
18/11/2025 15:00;18,54;17,68
18/11/2025 16:00;18,54;17,68
18/11/2025 17:00;24,2;23,21
18/11/2025 18:00;30,41;30,05
18/11/2025 19:00;27,8;26,52
18/11/2025 20:00;26,11;25,2
18/11/2025 21:00;25,87;24,54
18/11/2025 22:00;25,15;24,54
18/11/2025 23:00;24,01;23,21
19/11/2025 00:00;24,52;23,88
19/11/2025 01:00;22,74;21,9
19/11/2025 02:00;18,83;18,26
19/11/2025 03:00;22,34;21,24
19/11/2025 04:00;23,03;21,9
19/11/2025 05:00;23,47;22,56
19/11/2025 06:00;24,87;23,88
19/11/2025 07:00;22,35;21,24
19/11/2025 08:00;22,55;21,9
19/11/2025 09:00;22,18;21,24
19/11/2025 10:00;17,74;17,1
19/11/2025 11:00;22,39;21,24
19/11/2025 12:00;22,48;21,24
19/11/2025 13:00;23,05;21,9
19/11/2025 14:00;22,29;21,24
19/11/2025 15:00;17,42;16,52
19/11/2025 16:00;17,37;19,41
19/11/2025 17:00;16,3;27,89
19/11/2025 18:00;14,51;27,89
19/11/2025 19:00;11;23,88
19/11/2025 20:00;11,1;23,21
19/11/2025 21:00;10,88;23,21
19/11/2025 22:00;11,02;20,58
19/11/2025 23:00;11,25;17,68
20/11/2025 00:00;11,63;17,68
20/11/2025 01:00;11,24;16,52
20/11/2025 02:00;9,2;13,77
20/11/2025 03:00;9,24;10,23
20/11/2025 04:00;17,66;18,26
20/11/2025 05:00;19,93;20
20/11/2025 06:00;11,22;19,41
20/11/2025 07:00;31,56;23,21
20/11/2025 08:00;23,27;23,21
20/11/2025 09:00;19,06;19,41
20/11/2025 10:00;21,63;20,58
20/11/2025 11:00;20,12;19,41
20/11/2025 12:00;17,74;17,68
20/11/2025 13:00;16,53;16,52
20/11/2025 14:00;31,56;23,21
20/11/2025 15:00;34,86;25,2
20/11/2025 16:00;17,74;14,78
20/11/2025 17:00;12,99;25,86
20/11/2025 18:00;11,57;24,54
20/11/2025 19:00;10,45;22,56
20/11/2025 20:00;10,68;22,56
20/11/2025 21:00;10,54;22,56
20/11/2025 22:00;10,45;21,9
20/11/2025 23:00;10,34;21,9
21/11/2025 00:00;9,95;21,24
21/11/2025 01:00;11,82;18,84
21/11/2025 02:00;11,46;18,84
21/11/2025 03:00;8,94;14,78
21/11/2025 04:00;15,76;6,66
21/11/2025 05:00;7,66;5,9
21/11/2025 06:00;19,41;18,84
21/11/2025 07:00;11,93;18,84
21/11/2025 08:00;10,78;17,68
21/11/2025 09:00;20,19;14,78
21/11/2025 10:00;13,41;20
21/11/2025 11:00;10,92;17,1
21/11/2025 12:00;12,2;23,21
21/11/2025 13:00;12,06;20,58
21/11/2025 14:00;10,59;18,84
21/11/2025 15:00;9,88;18,26
21/11/2025 16:00;12,11;25,2
21/11/2025 17:00;12,05;25,86
21/11/2025 18:00;10,37;23,88
21/11/2025 19:00;8,49;8,96
21/11/2025 20:00;27,8;23,88
21/11/2025 21:00;10,89;23,88
21/11/2025 22:00;10,24;22,56
21/11/2025 23:00;16,39;7,81
22/11/2025 00:00;7,57;7,43
22/11/2025 01:00;17,4;17,68
22/11/2025 02:00;10,9;15,36
22/11/2025 03:00;10,45;12,25
22/11/2025 04:00;8,14;8,58
22/11/2025 05:00;19,18;10,23
22/11/2025 06:00;8,59;10,23
22/11/2025 07:00;6,46;5,9
22/11/2025 08:00;11,39;14,27
22/11/2025 09:00;11,7;13,77
22/11/2025 10:00;11,46;13,77
22/11/2025 11:00;15,53;8,96
22/11/2025 12:00;6,78;5,9
22/11/2025 13:00;6,39;5,39
22/11/2025 14:00;6,77;5,39
22/11/2025 15:00;6,77;5,39
22/11/2025 16:00;13,33;13,77
22/11/2025 17:00;10,9;17,68
22/11/2025 18:00;11,36;17,68
22/11/2025 19:00;12,57;21,24
22/11/2025 20:00;11,54;22,56
22/11/2025 21:00;10,49;22,56
22/11/2025 22:00;10,79;23,21
22/11/2025 23:00;11,14;23,21
23/11/2025 00:00;12,3;22,56
23/11/2025 01:00;11,68;21,9
23/11/2025 02:00;11,66;16,52
23/11/2025 03:00;11,6;17,1
23/11/2025 04:00;20,8;14,78
23/11/2025 05:00;8,73;10,23
23/11/2025 06:00;7,04;8,58
23/11/2025 07:00;6,15;9,34
23/11/2025 08:00;6,7;10,73
23/11/2025 09:00;6,72;10,73
23/11/2025 10:00;10,99;10,73
23/11/2025 11:00;9,99;10,73
23/11/2025 12:00;14,93;10,73
23/11/2025 13:00;9,41;10,23
23/11/2025 14:00;9,01;10,23
23/11/2025 15:00;9,42;9,72
23/11/2025 16:00;18,16;18,26
23/11/2025 17:00;16,06;20
23/11/2025 18:00;17,7;21,24
23/11/2025 19:00;20,86;25,86
23/11/2025 20:00;22,74;25,86
23/11/2025 21:00;18,89;24,54
23/11/2025 22:00;17,98;18,84
23/11/2025 23:00;17,04;18,84
24/11/2025 00:00;16,57;18,84
24/11/2025 01:00;18,77;18,26
24/11/2025 02:00;10,26;10,73
24/11/2025 03:00;7,48;8,19
24/11/2025 04:00;7,54;8,19
24/11/2025 05:00;7,55;7,81
24/11/2025 06:00;8,84;7,81
24/11/2025 07:00;24,85;15,36
24/11/2025 08:00;26,21;24,54
24/11/2025 09:00;19,58;24,54
24/11/2025 10:00;17,68;20
24/11/2025 11:00;16,8;18,84
24/11/2025 12:00;8,28;15,36
24/11/2025 13:00;11,59;7,43
24/11/2025 14:00;10,87;15,36
24/11/2025 15:00;11,28;15,93
24/11/2025 16:00;9,7;11,24
24/11/2025 17:00;8,65;10,73
24/11/2025 18:00;12,89;17,68
24/11/2025 19:00;11,28;21,9
24/11/2025 20:00;11,02;21,9
24/11/2025 21:00;12,05;20
24/11/2025 22:00;9,56;18,26
24/11/2025 23:00;10,51;13,77
25/11/2025 00:00;9,03;11,24
25/11/2025 01:00;11,23;14,27
25/11/2025 02:00;8,75;10,73
25/11/2025 03:00;9,99;12,75
25/11/2025 04:00;7,24;9,34
25/11/2025 05:00;7,14;8,19
25/11/2025 06:00;7,47;8,58
25/11/2025 07:00;6,64;8,19
25/11/2025 08:00;7,4;8,19
25/11/2025 09:00;9,17;8,19
25/11/2025 10:00;9,91;9,34
25/11/2025 11:00;7,13;7,81
25/11/2025 12:00;7,05;7,43
25/11/2025 13:00;7,89;7,43
25/11/2025 14:00;8,28;3,84
25/11/2025 15:00;5,18;3,84
25/11/2025 16:00;9,23;7,81
25/11/2025 17:00;7,7;7,81
25/11/2025 18:00;13,93;17,1
25/11/2025 19:00;9,1;16,52
25/11/2025 20:00;6,42;8,96
25/11/2025 21:00;6,25;7,43
25/11/2025 22:00;6,1;7,43
25/11/2025 23:00;6,37;7,43
26/11/2025 00:00;6,01;7,04
26/11/2025 01:00;6,1;7,04
26/11/2025 02:00;6,13;7,04
26/11/2025 03:00;6,22;7,04
26/11/2025 04:00;6,18;7,04
26/11/2025 05:00;6,17;7,04
26/11/2025 06:00;7,23;7,04
26/11/2025 07:00;6,77;7,04
26/11/2025 08:00;7;7,04
26/11/2025 09:00;7,6;6,66
26/11/2025 10:00;6,82;6,66
26/11/2025 11:00;6,71;6,66
26/11/2025 12:00;6,72;6,66
26/11/2025 13:00;7,43;6,28
26/11/2025 14:00;6,47;6,66
26/11/2025 15:00;6,32;6,28
26/11/2025 16:00;6,7;6,66
26/11/2025 17:00;6,58;6,28
26/11/2025 18:00;6,63;6,28
26/11/2025 19:00;6,63;6,28
26/11/2025 20:00;6,65;6,28
26/11/2025 21:00;7,49;6,28
26/11/2025 22:00;15,27;20
26/11/2025 23:00;12,07;20,58
27/11/2025 00:00;13,1;21,9
27/11/2025 01:00;17,22;21,9
27/11/2025 02:00;16,22;20,58
27/11/2025 03:00;10,3;18,84
27/11/2025 04:00;8,99;14,78
27/11/2025 05:00;10,01;11,75
27/11/2025 06:00;11,06;14,27
27/11/2025 07:00;10,42;17,68
27/11/2025 08:00;12,47;21,9
27/11/2025 09:00;18,37;21,9
27/11/2025 10:00;13,45;23,21
27/11/2025 11:00;13,37;23,21
27/11/2025 12:00;11,08;18,84
27/11/2025 13:00;13,32;17,68
27/11/2025 14:00;9,7;12,75
27/11/2025 15:00;10,18;7,04
27/11/2025 16:00;13,56;7,04
27/11/2025 17:00;12,09;21,24
27/11/2025 18:00;14,29;23,88
27/11/2025 19:00;11,72;24,54
27/11/2025 20:00;11,05;23,21
27/11/2025 21:00;11,79;21,24
27/11/2025 22:00;10,64;21,24
27/11/2025 23:00;10,99;14,27
28/11/2025 00:00;19,49;15,36
28/11/2025 01:00;11,23;15,93
28/11/2025 02:00;9,22;7,04
28/11/2025 03:00;5,24;6,66
28/11/2025 04:00;5,19;6,66
28/11/2025 05:00;5,4;6,66
28/11/2025 06:00;9,76;6,66
28/11/2025 07:00;10,44;13,77
28/11/2025 08:00;13,12;21,24
28/11/2025 09:00;11,9;23,21
28/11/2025 10:00;11,4;21,9
28/11/2025 11:00;12,64;20
28/11/2025 12:00;10,93;20,58
28/11/2025 13:00;10,71;14,27
28/11/2025 14:00;9,93;11,24
28/11/2025 15:00;10,99;13,77
28/11/2025 16:00;12,06;15,36
28/11/2025 17:00;17,71;19,41
28/11/2025 18:00;9,83;18,84
28/11/2025 19:00;14,01;24,54
28/11/2025 20:00;11,92;23,88
28/11/2025 21:00;11,12;19,41
28/11/2025 22:00;10,88;14,27
28/11/2025 23:00;10,99;14,27
29/11/2025 00:00;9,2;11,75
29/11/2025 01:00;10,41;14,78
29/11/2025 02:00;9,63;13,77
29/11/2025 03:00;10,35;14,27
29/11/2025 04:00;9,28;13,77
29/11/2025 05:00;10,4;13,26
29/11/2025 06:00;7,98;9,72
29/11/2025 07:00;8,28;10,23
29/11/2025 08:00;8,41;10,23
29/11/2025 09:00;11,71;16,52
29/11/2025 10:00;10,24;17,1
29/11/2025 11:00;9,41;10,73
29/11/2025 12:00;7,69;6,28
29/11/2025 13:00;10,65;12,75
29/11/2025 14:00;10,7;12,25
29/11/2025 15:00;10;13,26
29/11/2025 16:00;10,61;14,27
29/11/2025 17:00;16,98;18,84
29/11/2025 18:00;12,42;18,26
29/11/2025 19:00;19,1;17,68
29/11/2025 20:00;8,8;15,93
29/11/2025 21:00;8,06;6,66
29/11/2025 22:00;10,62;11,24
29/11/2025 23:00;13,67;17,1
30/11/2025 00:00;18,13;18,84
30/11/2025 01:00;15,33;18,84
30/11/2025 02:00;20,09;11,75
30/11/2025 03:00;10,24;12,75
30/11/2025 04:00;16,88;11,75
30/11/2025 05:00;6,65;8,19
30/11/2025 06:00;6,66;6,66
30/11/2025 07:00;7;6,66
30/11/2025 08:00;4,81;6,66
30/11/2025 09:00;17,12;6,66
30/11/2025 10:00;19,93;11,24
30/11/2025 11:00;9,26;9,72
30/11/2025 12:00;9,28;6,66
30/11/2025 13:00;5,07;6,28
30/11/2025 14:00;5,27;6,28
30/11/2025 15:00;8,24;6,28
30/11/2025 16:00;14,85;6,66
30/11/2025 17:00;18,03;8,58
30/11/2025 18:00;16,54;18,26
30/11/2025 19:00;11,56;23,21
30/11/2025 20:00;10,58;21,9
30/11/2025 21:00;10,99;23,21
30/11/2025 22:00;10,05;21,24
30/11/2025 23:00;19,33;20
01/12/2025 00:00;17,14;10,73
01/12/2025 01:00;9,33;9,34
01/12/2025 02:00;5,08;8,19
01/12/2025 03:00;4,84;6,28
01/12/2025 04:00;6,07;6,28
01/12/2025 05:00;4,84;6,28
01/12/2025 06:00;16,96;6,66
01/12/2025 07:00;21,35;11,75
01/12/2025 08:00;12,35;17,1
01/12/2025 09:00;11,79;17,1
01/12/2025 10:00;17,97;11,24
01/12/2025 11:00;9,12;7,43
01/12/2025 12:00;7,26;7,04
01/12/2025 13:00;5,61;6,28
01/12/2025 14:00;4,99;6,28
01/12/2025 15:00;4,83;6,28
01/12/2025 16:00;16,91;6,66
01/12/2025 17:00;13,46;5,64
01/12/2025 18:00;14;6,28
01/12/2025 19:00;7,89;6,28
01/12/2025 20:00;7,16;6,28
01/12/2025 21:00;8,49;6,66
01/12/2025 22:00;13,09;7,04
01/12/2025 23:00;9,38;6,66
02/12/2025 00:00;5,11;6,66
02/12/2025 01:00;4,06;6,66
02/12/2025 02:00;4,07;6,66
02/12/2025 03:00;7,03;6,66
02/12/2025 04:00;5;6,66
02/12/2025 05:00;4,04;6,66
02/12/2025 06:00;6,4;6,66
02/12/2025 07:00;5,61;6,66
02/12/2025 08:00;5,67;6,66
02/12/2025 09:00;5,31;6,66
02/12/2025 10:00;7,43;6,66
02/12/2025 11:00;14,13;7,04
02/12/2025 12:00;18,41;8,58
02/12/2025 13:00;7,03;8,19
02/12/2025 14:00;8,13;7,81
02/12/2025 15:00;9,89;10,73
02/12/2025 16:00;9,12;10,23
02/12/2025 17:00;8,85;10,73
02/12/2025 18:00;8,3;9,72
02/12/2025 19:00;10,07;11,75
02/12/2025 20:00;8,27;11,24
02/12/2025 21:00;9,94;11,75
02/12/2025 22:00;8,78;11,75
02/12/2025 23:00;9,03;10,23
03/12/2025 00:00;13,7;9,72
03/12/2025 01:00;12,6;10,23
03/12/2025 02:00;6,47;6,66
03/12/2025 03:00;10,89;6,66
03/12/2025 04:00;6,18;6,28
03/12/2025 05:00;8,2;6,66
03/12/2025 06:00;6,07;6,66
03/12/2025 07:00;17,28;7,04
03/12/2025 08:00;7,38;8,19
03/12/2025 09:00;21,08;21,9
03/12/2025 10:00;19,48;14,27
03/12/2025 11:00;11,8;14,78
03/12/2025 12:00;7,06;6,28
03/12/2025 13:00;15,03;15,36
03/12/2025 14:00;27,54;21,24
03/12/2025 15:00;11,53;5,13
03/12/2025 16:00;19,51;13,77
03/12/2025 17:00;16,87;6,66
03/12/2025 18:00;10,19;15,93
03/12/2025 19:00;7,92;9,34
03/12/2025 20:00;6,75;5,9
03/12/2025 21:00;6,2;5,9
03/12/2025 22:00;6,69;5,64
03/12/2025 23:00;5,89;5,64
04/12/2025 00:00;6,63;5,64
04/12/2025 01:00;8,91;5,9
04/12/2025 02:00;5,01;5,9
04/12/2025 03:00;3,76;5,9
04/12/2025 04:00;5,63;5,9
04/12/2025 05:00;6,98;5,9
04/12/2025 06:00;5,03;5,9
04/12/2025 07:00;16,71;6,28
04/12/2025 08:00;11,43;14,27
04/12/2025 09:00;11,56;15,36
04/12/2025 10:00;14,7;10,73
04/12/2025 11:00;17,16;7,43
04/12/2025 12:00;8,54;6,66
04/12/2025 13:00;5,92;6,66
04/12/2025 14:00;18,46;7,81
04/12/2025 15:00;18,5;7,81
04/12/2025 16:00;13,18;6,66
04/12/2025 17:00;20,6;18,84
04/12/2025 18:00;11,21;19,41
04/12/2025 19:00;10,94;21,9
04/12/2025 20:00;10,99;21,9
04/12/2025 21:00;11,05;21,9
04/12/2025 22:00;11,04;21,24
04/12/2025 23:00;11,9;20
05/12/2025 00:00;14,51;21,24
05/12/2025 01:00;11,35;20,58
05/12/2025 02:00;14,99;20,58
05/12/2025 03:00;10,74;20
05/12/2025 04:00;10,47;15,36
05/12/2025 05:00;19,72;16,52
05/12/2025 06:00;9,96;16,52
05/12/2025 07:00;11,02;21,24
05/12/2025 08:00;10,91;22,56
05/12/2025 09:00;10,84;22,56
05/12/2025 10:00;11,45;23,21
05/12/2025 11:00;11,09;22,56
05/12/2025 12:00;10,85;21,9
05/12/2025 13:00;10,75;21,9
05/12/2025 14:00;12,15;18,84
05/12/2025 15:00;12,32;20,58
05/12/2025 16:00;10,84;20
05/12/2025 17:00;10,06;19,41
05/12/2025 18:00;13,04;21,9
05/12/2025 19:00;10,17;20,58
05/12/2025 20:00;11,25;17,1
05/12/2025 21:00;11,91;17,68
05/12/2025 22:00;10,74;13,77
05/12/2025 23:00;11,29;14,78
06/12/2025 00:00;10,63;12,25
06/12/2025 01:00;4,43;8,58
06/12/2025 02:00;5,21;6,66
06/12/2025 03:00;5,09;6,66
06/12/2025 04:00;4,76;6,66
06/12/2025 05:00;4,68;6,66
06/12/2025 06:00;5,59;6,66
06/12/2025 07:00;4,99;6,66
06/12/2025 08:00;4,92;6,66
06/12/2025 09:00;4,86;6,66
06/12/2025 10:00;5,39;6,28
06/12/2025 11:00;4,89;6,28
06/12/2025 12:00;4,58;6,28
06/12/2025 13:00;4,66;6,28
06/12/2025 14:00;5,29;6,28
06/12/2025 15:00;5,35;6,28
06/12/2025 16:00;16,93;6,66
06/12/2025 17:00;14,73;8,96
06/12/2025 18:00;9,17;8,58
06/12/2025 19:00;14,36;8,96
06/12/2025 20:00;9,08;8,58
06/12/2025 21:00;11,71;7,04
06/12/2025 22:00;5,26;6,66
06/12/2025 23:00;5,4;6,66
07/12/2025 00:00;5,68;6,28
07/12/2025 01:00;4,84;6,28
07/12/2025 02:00;4,83;6,28
07/12/2025 03:00;5,01;6,66
07/12/2025 04:00;5,99;6,66
07/12/2025 05:00;5,36;6,66
07/12/2025 06:00;5,11;6,66
07/12/2025 07:00;5,01;6,66
07/12/2025 08:00;5,12;6,66
07/12/2025 09:00;4,08;6,66
07/12/2025 10:00;6,14;6,66
07/12/2025 11:00;5,08;6,66
07/12/2025 12:00;5,08;6,66
07/12/2025 13:00;5,06;6,66
07/12/2025 14:00;5,05;6,66
07/12/2025 15:00;4,49;6,66
07/12/2025 16:00;6,15;6,66
07/12/2025 17:00;5,09;6,66
07/12/2025 18:00;4,96;6,66
07/12/2025 19:00;4,92;6,66
07/12/2025 20:00;6,22;6,66
07/12/2025 21:00;5,69;6,66
07/12/2025 22:00;16,47;7,04
07/12/2025 23:00;21,35;18,26
08/12/2025 00:00;9,04;14,78
08/12/2025 01:00;9,36;7,04
08/12/2025 02:00;6,32;6,66
08/12/2025 03:00;5,11;6,66
08/12/2025 04:00;5,07;6,66
08/12/2025 05:00;5,03;6,66
08/12/2025 06:00;17,29;7,04
08/12/2025 07:00;6,81;6,66
08/12/2025 08:00;9,29;7,43
08/12/2025 09:00;5,54;7,04
08/12/2025 10:00;5,22;6,28
08/12/2025 11:00;5,41;6,28
08/12/2025 12:00;4,96;5,9
08/12/2025 13:00;5,18;6,28
08/12/2025 14:00;5,34;6,28
08/12/2025 15:00;4,85;6,28
08/12/2025 16:00;4,98;6,66
08/12/2025 17:00;16,95;6,66
08/12/2025 18:00;6,86;6,66
08/12/2025 19:00;20,61;11,75
08/12/2025 20:00;11,01;13,26
08/12/2025 21:00;15,6;13,26
08/12/2025 22:00;6,74;8,96
08/12/2025 23:00;8,98;6,66
09/12/2025 00:00;6,58;6,66
09/12/2025 01:00;5,2;6,66
09/12/2025 02:00;5,13;6,66
09/12/2025 03:00;4,16;6,66
09/12/2025 04:00;6,04;6,66
09/12/2025 05:00;5,02;6,28
09/12/2025 06:00;4,94;6,28
09/12/2025 07:00;4,88;6,28
09/12/2025 08:00;5,94;6,28
09/12/2025 09:00;5,15;6,28
09/12/2025 10:00;7,88;6,28
09/12/2025 11:00;4,94;6,28
09/12/2025 12:00;5,96;6,28
09/12/2025 13:00;5,03;6,28
09/12/2025 14:00;4,96;6,28
09/12/2025 15:00;4,76;6,28
09/12/2025 16:00;6,12;6,66
09/12/2025 17:00;5,45;6,66
09/12/2025 18:00;5,4;6,66
09/12/2025 19:00;5,04;6,28
09/12/2025 20:00;4,94;6,28
09/12/2025 21:00;4,8;6,28
09/12/2025 22:00;4,83;6,28
09/12/2025 23:00;4,81;6,28
10/12/2025 00:00;4,97;6,28
10/12/2025 01:00;4,87;6,28
10/12/2025 02:00;6,19;6,28
10/12/2025 03:00;5,11;6,28
10/12/2025 04:00;4,9;6,28
10/12/2025 05:00;4,98;6,28
10/12/2025 06:00;4,82;6,28
10/12/2025 07:00;5,54;6,28
10/12/2025 08:00;16,95;6,66
10/12/2025 09:00;15,44;17,68
10/12/2025 10:00;16,42;18,84
10/12/2025 11:00;12,63;18,84
10/12/2025 12:00;11,3;19,41
10/12/2025 13:00;10,74;19,41
10/12/2025 14:00;12,35;16,52
10/12/2025 15:00;12,35;15,93
10/12/2025 16:00;10,96;17,1
10/12/2025 17:00;11,33;20
10/12/2025 18:00;11,36;21,9
10/12/2025 19:00;11,27;21,9
10/12/2025 20:00;10,89;21,9
10/12/2025 21:00;10,52;20
10/12/2025 22:00;12,9;20
10/12/2025 23:00;9,96;19,41
11/12/2025 00:00;11,1;15,36
11/12/2025 01:00;13,83;12,25
11/12/2025 02:00;15,12;7,43
11/12/2025 03:00;5,45;7,04
11/12/2025 04:00;5,42;7,04
11/12/2025 05:00;5,5;7,04
11/12/2025 06:00;17,43;7,04
11/12/2025 07:00;11,11;16,52
11/12/2025 08:00;10,87;18,84
11/12/2025 09:00;23,51;19,41
11/12/2025 10:00;21,87;19,41
11/12/2025 11:00;10,72;20
11/12/2025 12:00;22,12;15,93
11/12/2025 13:00;13,99;11,24
11/12/2025 14:00;16,71;11,75
11/12/2025 15:00;10,12;15,93
11/12/2025 16:00;11,59;13,26
11/12/2025 17:00;10,29;15,36
11/12/2025 18:00;11,82;15,36
11/12/2025 19:00;9,98;15,36
11/12/2025 20:00;11,3;17,68
11/12/2025 21:00;11,72;17,68
11/12/2025 22:00;9,39;15,93
11/12/2025 23:00;14,18;11,75
12/12/2025 00:00;7,48;7,81
12/12/2025 01:00;9,31;10,23
12/12/2025 02:00;9,12;9,34
12/12/2025 03:00;5,67;6,66
12/12/2025 04:00;5,2;6,66
12/12/2025 05:00;15,82;6,66
12/12/2025 06:00;7,67;6,28
12/12/2025 07:00;18,29;11,75
12/12/2025 08:00;10,76;15,93
12/12/2025 09:00;10,52;15,93
12/12/2025 10:00;15,42;15,93
12/12/2025 11:00;9,89;12,75
12/12/2025 12:00;13,6;11,75
12/12/2025 13:00;8,56;6,66
12/12/2025 14:00;16,93;6,66
12/12/2025 15:00;7,33;8,19
12/12/2025 16:00;15,91;12,75
12/12/2025 17:00;10,35;10,73
12/12/2025 18:00;19,37;14,27
12/12/2025 19:00;9,57;13,77
12/12/2025 20:00;11,08;15,36
12/12/2025 21:00;11,05;15,36
12/12/2025 22:00;10,08;12,25
12/12/2025 23:00;10,78;14,78
13/12/2025 00:00;9,37;11,75
13/12/2025 01:00;11,66;14,27
13/12/2025 02:00;12,2;7,04
13/12/2025 03:00;7,16;6,66
13/12/2025 04:00;4,85;6,28
13/12/2025 05:00;4,93;6,28
13/12/2025 06:00;16,93;6,66
13/12/2025 07:00;12,99;7,43
13/12/2025 08:00;6,69;6,66
13/12/2025 09:00;7,6;7,43
13/12/2025 10:00;11,2;6,28
13/12/2025 11:00;8,94;8,19
13/12/2025 12:00;4,76;6,28
13/12/2025 13:00;4,74;6,28
13/12/2025 14:00;5,04;6,28
13/12/2025 15:00;8,54;6,28
13/12/2025 16:00;17,02;6,66
13/12/2025 17:00;16,84;11,75
13/12/2025 18:00;19,74;13,77
13/12/2025 19:00;17,08;14,78
13/12/2025 20:00;14,88;12,75
13/12/2025 21:00;16,92;15,36
13/12/2025 22:00;16,36;14,78
13/12/2025 23:00;10,96;7,04
14/12/2025 00:00;8,59;6,66
14/12/2025 01:00;10,82;7,81
14/12/2025 02:00;7,72;6,66
14/12/2025 03:00;5,56;6,28
14/12/2025 04:00;5,04;6,28
14/12/2025 05:00;4,95;6,28
14/12/2025 06:00;4,8;6,28
14/12/2025 07:00;4,95;6,28
14/12/2025 08:00;4,89;6,28
14/12/2025 09:00;5,94;6,28
14/12/2025 10:00;5,78;5,9
14/12/2025 11:00;4,56;5,9
14/12/2025 12:00;4,64;5,9
14/12/2025 13:00;4,67;5,9
14/12/2025 14:00;4,57;5,9
14/12/2025 15:00;4,71;5,9
14/12/2025 16:00;15,26;6,28
14/12/2025 17:00;11,98;10,23
14/12/2025 18:00;14,41;12,75
14/12/2025 19:00;13,37;11,75
14/12/2025 20:00;17,03;15,36
14/12/2025 21:00;19,54;17,68
14/12/2025 22:00;18,75;17,1
14/12/2025 23:00;13,23;11,75
15/12/2025 00:00;11,63;9,72
15/12/2025 01:00;15,42;13,77
15/12/2025 02:00;9,24;7,43
15/12/2025 03:00;5,31;6,66
15/12/2025 04:00;5,33;6,28
15/12/2025 05:00;4,75;6,28
15/12/2025 06:00;4,65;6,28
15/12/2025 07:00;4,68;6,28
15/12/2025 08:00;5,05;6,28
15/12/2025 09:00;7,05;6,28
15/12/2025 10:00;5,53;5,9
15/12/2025 11:00;5,49;6,28
15/12/2025 12:00;4,67;5,9
15/12/2025 13:00;4,7;5,9
15/12/2025 14:00;4,66;5,9
15/12/2025 15:00;4,96;5,9
15/12/2025 16:00;5,9;5,9
15/12/2025 17:00;8,31;5,9
15/12/2025 18:00;7,48;6,28
15/12/2025 19:00;7,65;6,28
15/12/2025 20:00;5,39;5,9
15/12/2025 21:00;4,92;5,9
15/12/2025 22:00;5,24;5,9
15/12/2025 23:00;5,02;5,9
16/12/2025 00:00;4,85;5,9
16/12/2025 01:00;4,9;5,9
16/12/2025 02:00;4,87;5,9
16/12/2025 03:00;4,82;5,9
16/12/2025 04:00;4,92;5,9
16/12/2025 05:00;4,87;5,9
16/12/2025 06:00;4,86;5,9
16/12/2025 07:00;8,53;5,9
16/12/2025 08:00;5,85;5,9
16/12/2025 09:00;6,77;6,28
16/12/2025 10:00;6,72;5,9
16/12/2025 11:00;6,14;5,9
16/12/2025 12:00;4,8;5,9
16/12/2025 13:00;4,9;5,9
16/12/2025 14:00;5,09;6,28
16/12/2025 15:00;6,61;6,28
16/12/2025 16:00;5,01;5,9
16/12/2025 17:00;16,51;6,28
16/12/2025 18:00;8,35;6,28
16/12/2025 19:00;11,52;9,72
16/12/2025 20:00;12,32;10,23
16/12/2025 21:00;14,08;12,25
16/12/2025 22:00;15,09;13,26
16/12/2025 23:00;11,17;9,72
17/12/2025 00:00;9,68;8,19
17/12/2025 01:00;11,33;9,34
17/12/2025 02:00;8,42;6,66
17/12/2025 03:00;8,72;6,66
17/12/2025 04:00;10,12;6,28
17/12/2025 05:00;9,15;6,28
17/12/2025 06:00;11,04;9,34
17/12/2025 07:00;11,29;9,34
17/12/2025 08:00;10,84;8,96
17/12/2025 09:00;10,81;8,96
17/12/2025 10:00;10,92;8,96
17/12/2025 11:00;10,82;8,96
17/12/2025 12:00;10,62;8,96
17/12/2025 13:00;10,69;8,19
17/12/2025 14:00;8,85;6,28
17/12/2025 15:00;8,19;7,04
17/12/2025 16:00;8,8;6,28
17/12/2025 17:00;7,09;5,9
17/12/2025 18:00;16,67;6,28
17/12/2025 19:00;11,4;11,75
17/12/2025 20:00;10,37;11,24
17/12/2025 21:00;10,78;13,26
17/12/2025 22:00;8,06;8,58
17/12/2025 23:00;14,22;8,19
18/12/2025 00:00;9,27;7,43
18/12/2025 01:00;8,85;6,28
18/12/2025 02:00;5,61;6,28
18/12/2025 03:00;5,11;5,9
18/12/2025 04:00;5,1;5,9
18/12/2025 05:00;6,72;5,9
18/12/2025 06:00;5,17;5,9
18/12/2025 07:00;4,78;5,9
18/12/2025 08:00;4,74;5,9
18/12/2025 09:00;16,66;6,28
18/12/2025 10:00;7,11;7,43
18/12/2025 11:00;13,53;7,43
18/12/2025 12:00;8,23;5,9
18/12/2025 13:00;4,99;5,9
18/12/2025 14:00;7,28;5,9
18/12/2025 15:00;9,11;6,28
18/12/2025 16:00;15,27;11,24
18/12/2025 17:00;11,92;11,24
18/12/2025 18:00;9,64;11,24
18/12/2025 19:00;5,41;7,04
18/12/2025 20:00;6,01;6,28
18/12/2025 21:00;4,62;5,9
18/12/2025 22:00;4,77;5,9
18/12/2025 23:00;4,59;5,9
19/12/2025 00:00;5,84;5,9
19/12/2025 01:00;4,87;5,9
19/12/2025 02:00;4,79;5,9
19/12/2025 03:00;4,49;5,9
19/12/2025 04:00;5,87;5,9
19/12/2025 05:00;5,72;5,9
19/12/2025 06:00;4,71;5,9
19/12/2025 07:00;8,09;6,28
19/12/2025 08:00;7,26;6,28
19/12/2025 09:00;15,63;11,75
19/12/2025 10:00;12,07;7,81
19/12/2025 11:00;7,97;7,81
19/12/2025 12:00;14,16;13,26
19/12/2025 13:00;10,71;12,75
19/12/2025 14:00;13,91;17,1
19/12/2025 15:00;12,38;17,1
19/12/2025 16:00;9,37;9,72
19/12/2025 17:00;8,22;7,81
19/12/2025 18:00;12,34;18,26
19/12/2025 19:00;10,4;19,41
19/12/2025 20:00;10,68;19,41
19/12/2025 21:00;10,54;19,41
19/12/2025 22:00;8,55;11,75
19/12/2025 23:00;9,07;8,96
20/12/2025 00:00;9,48;9,34
20/12/2025 01:00;11,31;11,75
20/12/2025 02:00;5,19;7,04
20/12/2025 03:00;5,6;6,28
20/12/2025 04:00;5,02;6,28
20/12/2025 05:00;5,16;6,28
20/12/2025 06:00;3,91;6,28
20/12/2025 07:00;5,81;6,28
20/12/2025 08:00;9,3;6,28
20/12/2025 09:00;11,85;13,77
20/12/2025 10:00;10,22;12,75
20/12/2025 11:00;9,24;12,75
20/12/2025 12:00;10,57;13,77
20/12/2025 13:00;11,29;16,52
20/12/2025 14:00;11,13;16,52
20/12/2025 15:00;12,01;15,36
20/12/2025 16:00;10,73;13,77
20/12/2025 17:00;13,49;9,72
20/12/2025 18:00;16,12;12,75
20/12/2025 19:00;9,9;15,36
20/12/2025 20:00;8,09;10,73
20/12/2025 21:00;12,1;9,72
20/12/2025 22:00;15,11;7,04
20/12/2025 23:00;9,94;8,96
21/12/2025 00:00;4,95;7,04
21/12/2025 01:00;5,78;6,28
21/12/2025 02:00;5,03;6,28
21/12/2025 03:00;4,96;6,28
21/12/2025 04:00;4,76;6,28
21/12/2025 05:00;5,76;6,28
21/12/2025 06:00;5,32;6,28
21/12/2025 07:00;4,66;6,28
21/12/2025 08:00;4,94;6,28
21/12/2025 09:00;3,95;6,28
21/12/2025 10:00;5,63;6,28
21/12/2025 11:00;5,05;6,28
21/12/2025 12:00;4,96;6,28
21/12/2025 13:00;5,13;6,66
21/12/2025 14:00;5,28;7,04
21/12/2025 15:00;5,29;7,04
21/12/2025 16:00;6,87;7,04
21/12/2025 17:00;11,94;7,04
21/12/2025 18:00;13,81;7,04
21/12/2025 19:00;14,89;9,72
21/12/2025 20:00;10,16;13,77
21/12/2025 21:00;8,73;10,23
21/12/2025 22:00;8,59;9,34
21/12/2025 23:00;13,99;8,58
22/12/2025 00:00;13,03;8,96
22/12/2025 01:00;5,21;6,66
22/12/2025 02:00;6,38;6,66
22/12/2025 03:00;5,3;6,66
22/12/2025 04:00;5,18;6,66
22/12/2025 05:00;5,22;6,66
22/12/2025 06:00;5,19;6,66
22/12/2025 07:00;9,76;6,66
22/12/2025 08:00;7,09;5,9
22/12/2025 09:00;11,18;14,78
22/12/2025 10:00;13,46;17,68
22/12/2025 11:00;10,72;15,93
22/12/2025 12:00;10,96;16,52
22/12/2025 13:00;10,98;14,78
22/12/2025 14:00;10,58;13,26
22/12/2025 15:00;9,78;10,23
22/12/2025 16:00;15,11;10,23
22/12/2025 17:00;9,13;10,23
22/12/2025 18:00;10,98;16,52
22/12/2025 19:00;10,75;18,26
22/12/2025 20:00;10,16;12,25
22/12/2025 21:00;10,85;11,75
22/12/2025 22:00;8,23;10,73
22/12/2025 23:00;8,88;7,81
23/12/2025 00:00;9,02;7,04
23/12/2025 01:00;8,12;11,75
23/12/2025 02:00;3,89;6,28
23/12/2025 03:00;5,4;5,9
23/12/2025 04:00;4,54;5,9
23/12/2025 05:00;4,78;5,9
23/12/2025 06:00;8,24;5,9
23/12/2025 07:00;15,11;5,9
23/12/2025 08:00;6,78;5,9
23/12/2025 09:00;11,64;12,25
23/12/2025 10:00;8,71;11,75
23/12/2025 11:00;11,6;11,75
23/12/2025 12:00;9,37;12,25
23/12/2025 13:00;9,73;12,75
23/12/2025 14:00;9,61;12,75
23/12/2025 15:00;10,17;12,75
23/12/2025 16:00;7,72;8,19
23/12/2025 17:00;8,14;8,19
23/12/2025 18:00;9,1;9,72
23/12/2025 19:00;12;14,27
23/12/2025 20:00;9,5;9,72
23/12/2025 21:00;9,34;8,96
23/12/2025 22:00;17,06;7,81
23/12/2025 23:00;6,92;5,9
24/12/2025 00:00;8,08;7,04
24/12/2025 01:00;4,07;7,04
24/12/2025 02:00;4,93;5,9
24/12/2025 03:00;4,76;5,9
24/12/2025 04:00;4,66;5,9
24/12/2025 05:00;4,09;5,9
24/12/2025 06:00;5,24;5,9
24/12/2025 07:00;4,34;5,64
24/12/2025 08:00;4,46;5,64
24/12/2025 09:00;4,58;5,9
24/12/2025 10:00;4,43;5,9
24/12/2025 11:00;16,26;5,9
24/12/2025 12:00;17,56;10,73
24/12/2025 13:00;11,87;10,23
24/12/2025 14:00;9,15;9,34
24/12/2025 15:00;10,83;12,25
24/12/2025 16:00;5,52;9,72
24/12/2025 17:00;4,71;5,9
24/12/2025 18:00;4,56;5,9
24/12/2025 19:00;4,72;5,9
24/12/2025 20:00;4,61;5,9
24/12/2025 21:00;4,68;5,9
24/12/2025 22:00;4,59;5,9
24/12/2025 23:00;4,39;5,9
25/12/2025 00:00;4,55;5,64
25/12/2025 01:00;4,14;5,9
25/12/2025 02:00;4,81;5,64
25/12/2025 03:00;4,5;5,64
25/12/2025 04:00;4,24;5,64
25/12/2025 05:00;4,4;5,64
25/12/2025 06:00;4,27;5,64
25/12/2025 07:00;4,97;5,64
25/12/2025 08:00;4,64;5,64
25/12/2025 09:00;4,48;5,64
25/12/2025 10:00;4,34;5,64
25/12/2025 11:00;4,07;5,64
25/12/2025 12:00;4,91;5,64
25/12/2025 13:00;4,54;5,64
25/12/2025 14:00;4,64;5,64
25/12/2025 15:00;4,39;5,64
25/12/2025 16:00;4,24;5,64
25/12/2025 17:00;16,34;5,9
25/12/2025 18:00;11,33;13,77
25/12/2025 19:00;11,37;15,36
25/12/2025 20:00;10,37;14,78
25/12/2025 21:00;9,88;12,25
25/12/2025 22:00;12,02;15,36
25/12/2025 23:00;9,55;15,36
26/12/2025 00:00;11,67;14,78
26/12/2025 01:00;8,61;11,24
26/12/2025 02:00;9,61;10,23
26/12/2025 03:00;7,84;8,19
26/12/2025 04:00;9,54;9,34
26/12/2025 05:00;4,92;8,19
26/12/2025 06:00;16,58;6,28
26/12/2025 07:00;9,27;8,96
26/12/2025 08:00;8,99;11,75
26/12/2025 09:00;9,31;11,75
26/12/2025 10:00;8,61;11,75
26/12/2025 11:00;9,81;11,75
26/12/2025 12:00;9,39;10,73
26/12/2025 13:00;8,39;9,34
26/12/2025 14:00;9,73;13,77
26/12/2025 15:00;8,16;7,43
26/12/2025 16:00;8,68;10,23
26/12/2025 17:00;10,58;15,36
26/12/2025 18:00;10,33;15,36
26/12/2025 19:00;10,83;15,36
26/12/2025 20:00;10,92;15,36
26/12/2025 21:00;9,57;15,36
26/12/2025 22:00;9,65;11,24
26/12/2025 23:00;8,9;11,24
27/12/2025 00:00;9,27;9,72
27/12/2025 01:00;19,39;11,75
27/12/2025 02:00;6,75;9,34
27/12/2025 03:00;7,23;5,9
27/12/2025 04:00;4,23;5,9
27/12/2025 05:00;4,87;5,9
27/12/2025 06:00;3,77;5,9
27/12/2025 07:00;8,73;5,9
27/12/2025 08:00;8,09;5,9
27/12/2025 09:00;6,26;5,9
27/12/2025 10:00;6,46;5,64
27/12/2025 11:00;7,7;5,64
27/12/2025 12:00;4,28;5,64
27/12/2025 13:00;4,23;5,64
27/12/2025 14:00;4,81;5,64
27/12/2025 15:00;3,62;5,64
27/12/2025 16:00;16,32;5,9
27/12/2025 17:00;8,84;10,23
27/12/2025 18:00;10,26;12,25
27/12/2025 19:00;9,77;11,24
27/12/2025 20:00;9,31;10,23
27/12/2025 21:00;8,12;7,81
27/12/2025 22:00;7,64;7,43
27/12/2025 23:00;14,62;16,52
28/12/2025 00:00;10,11;17,1
28/12/2025 01:00;10,03;17,1
28/12/2025 02:00;10,24;17,1
28/12/2025 03:00;11,21;17,1
28/12/2025 04:00;7,01;6,66
28/12/2025 05:00;7,04;5,64
28/12/2025 06:00;7,88;7,81
28/12/2025 07:00;7,6;8,19
28/12/2025 08:00;9,29;10,73
28/12/2025 09:00;9,5;10,73
28/12/2025 10:00;8,39;8,58
28/12/2025 11:00;5,56;8,96
28/12/2025 12:00;4,58;8,19
28/12/2025 13:00;4,98;6,66
28/12/2025 14:00;3,99;5,9
28/12/2025 15:00;9,1;5,9
28/12/2025 16:00;12,8;5,9
28/12/2025 17:00;9,75;11,24
28/12/2025 18:00;12,01;17,1
28/12/2025 19:00;10,28;17,1
28/12/2025 20:00;9,81;17,1
28/12/2025 21:00;9,7;13,77
28/12/2025 22:00;9,1;14,27
28/12/2025 23:00;9,61;9,72
29/12/2025 00:00;9,69;11,24
29/12/2025 01:00;9,76;11,75
29/12/2025 02:00;7,89;8,96
29/12/2025 03:00;9,28;11,75
29/12/2025 04:00;7,74;7,43
29/12/2025 05:00;9,52;7,43
29/12/2025 06:00;7,88;7,81
29/12/2025 07:00;13,87;15,36
29/12/2025 08:00;9,32;12,25
29/12/2025 09:00;36,66;26,52
29/12/2025 10:00;28,26;26,52
29/12/2025 11:00;28,12;26,52
29/12/2025 12:00;25,51;23,88
29/12/2025 13:00;25,39;23,88
29/12/2025 14:00;28,71;27,17
29/12/2025 15:00;29,52;27,89
29/12/2025 16:00;30,29;28,61
29/12/2025 17:00;24,96;23,21
29/12/2025 18:00;25,71;23,88
29/12/2025 19:00;29,61;27,89
29/12/2025 20:00;29,59;27,89
29/12/2025 21:00;26,15;24,54
29/12/2025 22:00;25,06;23,21
29/12/2025 23:00;25,62;23,88
30/12/2025 00:00;23,04;21,24
30/12/2025 01:00;23,21;21,24
30/12/2025 02:00;19,39;17,1
30/12/2025 03:00;22,75;19,41
30/12/2025 04:00;19,82;17,68
30/12/2025 05:00;21,69;19,41
30/12/2025 06:00;25,24;23,21
30/12/2025 07:00;20,26;19,41
30/12/2025 08:00;19,04;17,1
30/12/2025 09:00;21,6;18,84
30/12/2025 10:00;27,83;25,86
30/12/2025 11:00;14,65;11,75
30/12/2025 12:00;9,24;11,24
30/12/2025 13:00;6,76;6,28
30/12/2025 14:00;19,6;9,34
30/12/2025 15:00;7,14;5,9
30/12/2025 16:00;16,31;5,9
30/12/2025 17:00;7,65;5,9
30/12/2025 18:00;10,97;17,1
30/12/2025 19:00;9,98;16,52
30/12/2025 20:00;9,58;16,52
30/12/2025 21:00;9,46;16,52
30/12/2025 22:00;15,16;13,26
30/12/2025 23:00;15,37;9,72
31/12/2025 00:00;9,58;11,24
31/12/2025 01:00;9,67;9,72
31/12/2025 02:00;11,12;8,96
31/12/2025 03:00;14,74;8,19
31/12/2025 04:00;6,05;5,9
31/12/2025 05:00;5,95;5,39
31/12/2025 06:00;6,7;5,39
31/12/2025 07:00;7,1;5,39
31/12/2025 08:00;8,68;9,72
31/12/2025 09:00;16,17;14,27
31/12/2025 10:00;10,79;13,77
31/12/2025 11:00;10,77;11,75
31/12/2025 12:00;6,81;5,64
31/12/2025 13:00;7,73;5,64
31/12/2025 14:00;5,79;5,64
31/12/2025 15:00;16,28;5,9
31/12/2025 16:00;16,16;5,9
31/12/2025 17:00;11,11;16,52
31/12/2025 18:00;10,45;16,52
31/12/2025 19:00;9,44;13,77
31/12/2025 20:00;13,82;15,36
31/12/2025 21:00;10,52;16,52
31/12/2025 22:00;9,67;16,52
31/12/2025 23:00;18,93;15,93
