Date et heure;Pont de la Reine Débit Aval Prise (m³/s);Pont de la Reine Débit Gave (m³/s)
01/01/2025 00:00;4,42;14,22
01/01/2025 01:00;6,93;14,22
01/01/2025 02:00;6,78;14,22
01/01/2025 03:00;7,09;14,22
01/01/2025 04:00;7,93;14,22
01/01/2025 05:00;7,04;14,22
01/01/2025 06:00;6,88;14,22
01/01/2025 07:00;8,1;14,22
01/01/2025 08:00;8,29;14,22
01/01/2025 09:00;7,05;14,22
01/01/2025 10:00;7,44;14,22
01/01/2025 11:00;6,55;13,67
01/01/2025 12:00;7,06;14,22
01/01/2025 13:00;6,76;14,22
01/01/2025 14:00;6,63;14,22
01/01/2025 15:00;5,79;13,67
01/01/2025 16:00;6,54;14,22
01/01/2025 17:00;7,98;14,22
01/01/2025 18:00;7,92;14,22
01/01/2025 19:00;7,18;14,22
01/01/2025 20:00;1,08;14,22
01/01/2025 21:00;6,53;14,22
01/01/2025 22:00;6,79;14,22
01/01/2025 23:00;7,41;14,22
02/01/2025 00:00;7,2;14,22
02/01/2025 01:00;8,46;14,22
02/01/2025 02:00;2,74;14,22
02/01/2025 03:00;7,11;14,22
02/01/2025 04:00;8,03;14,22
02/01/2025 05:00;7,14;14,22
02/01/2025 06:00;7,45;13,67
02/01/2025 07:00;0,98;13,67
02/01/2025 08:00;7,1;14,22
02/01/2025 09:00;9,99;14,78
02/01/2025 10:00;7,21;14,22
02/01/2025 11:00;10;14,22
02/01/2025 12:00;5,71;14,22
02/01/2025 13:00;7,09;13,67
02/01/2025 14:00;8,12;14,22
02/01/2025 15:00;10,51;14,22
02/01/2025 16:00;11,37;14,78
02/01/2025 17:00;10,83;14,78
02/01/2025 18:00;15,5;17
02/01/2025 19:00;16,39;18,61
02/01/2025 20:00;3,3;14,78
02/01/2025 21:00;6,75;14,22
02/01/2025 22:00;7,42;13,67
02/01/2025 23:00;5,06;13,67
03/01/2025 00:00;6,35;13,67
03/01/2025 01:00;6,7;13,67
03/01/2025 02:00;6,67;13,67
03/01/2025 03:00;8,13;13,67
03/01/2025 04:00;7,22;13,67
03/01/2025 05:00;0,91;13,67
03/01/2025 06:00;6,69;13,67
03/01/2025 07:00;5,93;13,67
03/01/2025 08:00;7,34;13,67
03/01/2025 09:00;11,63;14,78
03/01/2025 10:00;6,59;14,22
03/01/2025 11:00;5,23;14,22
03/01/2025 12:00;6,52;14,22
03/01/2025 13:00;4,01;14,22
03/01/2025 14:00;5,48;14,22
03/01/2025 15:00;6,15;14,22
03/01/2025 16:00;6,12;14,78
03/01/2025 17:00;10,09;15,89
03/01/2025 18:00;14,98;19,41
03/01/2025 19:00;17,3;21,03
03/01/2025 20:00;19,11;23,45
03/01/2025 21:00;2,07;17,8
03/01/2025 22:00;11,28;17
03/01/2025 23:00;12,17;17,8
04/01/2025 00:00;5,06;18,61
04/01/2025 01:00;6,03;16,45
04/01/2025 02:00;6,06;16,45
04/01/2025 03:00;5,87;16,45
04/01/2025 04:00;8,92;17
04/01/2025 05:00;17,46;21,84
04/01/2025 06:00;4,99;18,61
04/01/2025 07:00;7,48;18,61
04/01/2025 08:00;8,8;18,61
04/01/2025 09:00;8,95;18,61
04/01/2025 10:00;10,14;18,61
04/01/2025 11:00;7,84;18,61
04/01/2025 12:00;10,1;18,61
04/01/2025 13:00;7,97;17,8
04/01/2025 14:00;11,29;18,61
04/01/2025 15:00;18,99;24,25
04/01/2025 16:00;15,07;21,84
04/01/2025 17:00;6,93;18,61
04/01/2025 18:00;13,93;20,22
04/01/2025 19:00;17,61;21,84
04/01/2025 20:00;11,49;18,61
04/01/2025 21:00;7,01;17,8
04/01/2025 22:00;2,92;17,8
04/01/2025 23:00;5,04;17,8
05/01/2025 00:00;5,27;17,8
05/01/2025 01:00;9,04;17,8
05/01/2025 02:00;9,92;17,8
05/01/2025 03:00;10,38;17,8
05/01/2025 04:00;10,27;17
05/01/2025 05:00;10,47;17,8
05/01/2025 06:00;10,5;17,8
05/01/2025 07:00;10,64;17
05/01/2025 08:00;10,12;17
05/01/2025 09:00;8,44;17
05/01/2025 10:00;9,39;17
05/01/2025 11:00;8,89;17
05/01/2025 12:00;9,01;17
05/01/2025 13:00;9,19;17
05/01/2025 14:00;9,34;17
05/01/2025 15:00;9,25;17
05/01/2025 16:00;9,41;17
05/01/2025 17:00;9,4;17
05/01/2025 18:00;9,46;17
05/01/2025 19:00;9,68;17
05/01/2025 20:00;9,62;17
05/01/2025 21:00;9,68;17
05/01/2025 22:00;9,72;17
05/01/2025 23:00;9,66;17
06/01/2025 00:00;9,06;17
06/01/2025 01:00;9,82;17
06/01/2025 02:00;10,07;17
06/01/2025 03:00;10,35;17
06/01/2025 04:00;9,07;17,8
06/01/2025 05:00;10,68;17,8
06/01/2025 06:00;10,01;17
06/01/2025 07:00;10,03;17
06/01/2025 08:00;3,06;17
06/01/2025 09:00;9,36;17
06/01/2025 10:00;6,35;11
06/01/2025 11:00;1,88;16,45
06/01/2025 12:00;9,57;16,45
06/01/2025 13:00;9,42;16,45
06/01/2025 14:00;9,54;16,45
06/01/2025 15:00;10,09;17
06/01/2025 16:00;9,8;17
06/01/2025 17:00;8,75;17
06/01/2025 18:00;8,91;17
06/01/2025 19:00;10,1;17
06/01/2025 20:00;9,18;17
06/01/2025 21:00;9,98;17
06/01/2025 22:00;10,12;17
06/01/2025 23:00;9,34;16,45
07/01/2025 00:00;9,49;16,45
07/01/2025 01:00;9,88;17
07/01/2025 02:00;9,38;16,45
07/01/2025 03:00;9,82;16,45
07/01/2025 04:00;10,02;16,45
07/01/2025 05:00;9,66;16,45
07/01/2025 06:00;9,62;16,45
07/01/2025 07:00;8,49;16,45
07/01/2025 08:00;9,42;16,45
07/01/2025 09:00;8,82;16,45
07/01/2025 10:00;7,43;16,45
07/01/2025 11:00;0,04;10,5
07/01/2025 12:00;7,76;15,89
07/01/2025 13:00;6,71;15,89
07/01/2025 14:00;6,99;15,89
07/01/2025 15:00;5,96;15,33
07/01/2025 16:00;7,77;15,89
07/01/2025 17:00;5,69;15,89
07/01/2025 18:00;8,96;15,89
07/01/2025 19:00;6,94;15,89
07/01/2025 20:00;8,92;15,89
07/01/2025 21:00;9,39;15,89
07/01/2025 22:00;7,83;15,89
07/01/2025 23:00;8,26;15,89
08/01/2025 00:00;7,68;15,89
08/01/2025 01:00;9,41;15,89
08/01/2025 02:00;8,3;15,89
08/01/2025 03:00;9,42;15,89
08/01/2025 04:00;8,7;15,89
08/01/2025 05:00;9,09;15,89
08/01/2025 06:00;7,83;15,89
08/01/2025 07:00;7,03;15,89
08/01/2025 08:00;12,1;16,45
08/01/2025 09:00;12,76;17
08/01/2025 10:00;6,29;11
08/01/2025 11:00;3,04;15,33
08/01/2025 12:00;8,12;15,33
08/01/2025 13:00;9,68;15,89
08/01/2025 14:00;8,27;15,33
08/01/2025 15:00;10,15;15,33
08/01/2025 16:00;9,89;16,45
08/01/2025 17:00;5,91;15,33
08/01/2025 18:00;7,38;15,89
08/01/2025 19:00;7,06;15,89
08/01/2025 20:00;6,52;15,89
08/01/2025 21:00;6,17;15,33
08/01/2025 22:00;7,95;15,33
08/01/2025 23:00;1,95;15,33
09/01/2025 00:00;7,68;15,33
09/01/2025 01:00;9,93;15,33
09/01/2025 02:00;2,94;15,33
09/01/2025 03:00;7,28;15,33
09/01/2025 04:00;7,6;15,33
09/01/2025 05:00;7,41;15,33
09/01/2025 06:00;6,96;15,33
09/01/2025 07:00;5,86;15,33
09/01/2025 08:00;9,74;15,89
09/01/2025 09:00;7,08;10
09/01/2025 10:00;10,32;12
09/01/2025 11:00;6,73;15,33
09/01/2025 12:00;8,05;15,33
09/01/2025 13:00;8,02;15,33
09/01/2025 14:00;9;15,33
09/01/2025 15:00;7,89;15,33
09/01/2025 16:00;8,02;15,33
09/01/2025 17:00;8,57;15,89
09/01/2025 18:00;9,26;15,89
09/01/2025 19:00;14,99;18,61
09/01/2025 20:00;11,08;15,89
09/01/2025 21:00;9,13;15,89
09/01/2025 22:00;9,68;15,89
09/01/2025 23:00;3,33;15,33
10/01/2025 00:00;7,39;15,89
10/01/2025 01:00;8,25;15,89
10/01/2025 02:00;8,03;15,33
10/01/2025 03:00;7,42;15,89
10/01/2025 04:00;7,3;15,33
10/01/2025 05:00;8,36;15,89
10/01/2025 06:00;5,03;15,89
10/01/2025 07:00;12,29;16,45
10/01/2025 08:00;13,32;17
10/01/2025 09:00;16;18,61
10/01/2025 10:00;8,13;12
10/01/2025 11:00;7,87;10,5
10/01/2025 12:00;8,45;15,89
10/01/2025 13:00;10,68;15,89
10/01/2025 14:00;11,42;18,61
10/01/2025 15:00;7,37;15,89
10/01/2025 16:00;10,57;15,89
10/01/2025 17:00;13,84;18,61
10/01/2025 18:00;10,33;18,61
10/01/2025 19:00;16;19,41
10/01/2025 20:00;16,78;20,22
10/01/2025 21:00;8,18;18,61
10/01/2025 22:00;10,07;16,45
10/01/2025 23:00;10,9;16,45
11/01/2025 00:00;8,84;16,45
11/01/2025 01:00;10,26;16,45
11/01/2025 02:00;11,05;16,45
11/01/2025 03:00;8,21;17
11/01/2025 04:00;8,26;17
11/01/2025 05:00;10,04;17,8
11/01/2025 06:00;10,15;17,8
11/01/2025 07:00;9,96;18,61
11/01/2025 08:00;17,93;22,64
11/01/2025 09:00;18,17;23,45
11/01/2025 10:00;19,44;24,25
11/01/2025 11:00;20,57;25,87
11/01/2025 12:00;14,49;23,45
11/01/2025 13:00;16,85;23,45
11/01/2025 14:00;16,47;23,45
11/01/2025 15:00;14,71;22,64
11/01/2025 16:00;2,61;4,67
11/01/2025 17:00;6,28;5,37
11/01/2025 18:00;18,65;24,25
11/01/2025 19:00;18,29;24,25
11/01/2025 20:00;18,1;24,25
11/01/2025 21:00;14,12;21,84
11/01/2025 22:00;16,22;22,64
11/01/2025 23:00;11,27;21,03
12/01/2025 00:00;10,05;20,22
12/01/2025 01:00;11,64;21,03
12/01/2025 02:00;10,88;20,22
12/01/2025 03:00;8,11;20,22
12/01/2025 04:00;9,57;20,22
12/01/2025 05:00;4,66;19,41
12/01/2025 06:00;8,71;19,41
12/01/2025 07:00;12,68;20,22
12/01/2025 08:00;15,36;21,03
12/01/2025 09:00;12,19;15,89
12/01/2025 10:00;8,15;9,5
12/01/2025 11:00;11,04;18,61
12/01/2025 12:00;11,59;19,41
12/01/2025 13:00;10,18;18,61
12/01/2025 14:00;12,3;18,61
12/01/2025 15:00;7,16;18,61
12/01/2025 16:00;8,72;17,8
12/01/2025 17:00;16,77;21,84
12/01/2025 18:00;17,31;21,84
12/01/2025 19:00;17,98;23,45
12/01/2025 20:00;18,02;23,45
12/01/2025 21:00;22,02;26,68
12/01/2025 22:00;10,41;21,03
12/01/2025 23:00;9,94;18,61
13/01/2025 00:00;10,31;17,8
13/01/2025 01:00;9,41;18,61
13/01/2025 02:00;10,46;18,61
13/01/2025 03:00;12,57;18,61
13/01/2025 04:00;12,27;18,61
13/01/2025 05:00;10,36;17,8
13/01/2025 06:00;7,54;17,8
13/01/2025 07:00;17,26;21,84
13/01/2025 08:00;17,76;23,45
13/01/2025 09:00;11,34;18,61
13/01/2025 10:00;12,76;18,61
13/01/2025 11:00;11,73;19,41
13/01/2025 12:00;8,26;17,8
13/01/2025 13:00;10,37;17,8
13/01/2025 14:00;8,99;17,8
13/01/2025 15:00;11,54;17,8
13/01/2025 16:00;8,96;17
13/01/2025 17:00;14,16;20,22
13/01/2025 18:00;12,23;20,22
13/01/2025 19:00;16,67;21,84
13/01/2025 20:00;16,77;21,84
13/01/2025 21:00;13,89;21,03
13/01/2025 22:00;13,48;19,41
13/01/2025 23:00;12,73;18,61
14/01/2025 00:00;11,81;17,8
14/01/2025 01:00;10,43;17
14/01/2025 02:00;10,05;17
14/01/2025 03:00;10,17;17
14/01/2025 04:00;15,28;19,41
14/01/2025 05:00;11,09;17,8
14/01/2025 06:00;7,34;17
14/01/2025 07:00;17,11;21,03
14/01/2025 08:00;17,08;21,03
14/01/2025 09:00;12,62;14,22
14/01/2025 10:00;8,68;11
14/01/2025 11:00;8,89;16,45
14/01/2025 12:00;9,78;16,45
14/01/2025 13:00;9,71;16,45
14/01/2025 14:00;10,44;17
14/01/2025 15:00;11,01;17
14/01/2025 16:00;10,14;17
14/01/2025 17:00;9,52;17
14/01/2025 18:00;9,81;16,45
14/01/2025 19:00;17,19;21,03
14/01/2025 20:00;16,89;20,22
14/01/2025 21:00;16,77;20,22
14/01/2025 22:00;16,65;20,22
14/01/2025 23:00;13,75;18,61
15/01/2025 00:00;8,66;16,45
15/01/2025 01:00;9,69;16,45
15/01/2025 02:00;7,87;15,89
15/01/2025 03:00;9,29;16,45
15/01/2025 04:00;10,4;16,45
15/01/2025 05:00;10,56;16,45
15/01/2025 06:00;7,5;16,45
15/01/2025 07:00;16,85;20,22
15/01/2025 08:00;7,33;16,45
15/01/2025 09:00;13,53;17,8
15/01/2025 10:00;13,78;17,8
15/01/2025 11:00;13,34;17
15/01/2025 12:00;10,49;16,45
15/01/2025 13:00;13,87;17,8
15/01/2025 14:00;13,86;17,8
15/01/2025 15:00;11,6;16,45
15/01/2025 16:00;8,86;15,89
15/01/2025 17:00;9,51;15,89
15/01/2025 18:00;13,91;17,8
15/01/2025 19:00;14;17,8
15/01/2025 20:00;13,76;17,8
15/01/2025 21:00;11,55;16,45
15/01/2025 22:00;11,54;16,45
15/01/2025 23:00;10,07;16,45
16/01/2025 00:00;8,93;15,89
16/01/2025 01:00;9,13;15,89
16/01/2025 02:00;8,91;15,89
16/01/2025 03:00;8,71;15,89
16/01/2025 04:00;9,36;15,89
16/01/2025 05:00;8,72;15,89
16/01/2025 06:00;9,21;15,89
16/01/2025 07:00;10,47;15,89
16/01/2025 08:00;11,07;15,89
16/01/2025 09:00;10,91;15,89
16/01/2025 10:00;11,06;15,89
16/01/2025 11:00;11,04;15,89
16/01/2025 12:00;8,01;15,33
16/01/2025 13:00;8,65;15,33
16/01/2025 14:00;10,29;15,89
16/01/2025 15:00;11,97;15,89
16/01/2025 16:00;8,99;15,89
16/01/2025 17:00;9,22;15,89
16/01/2025 18:00;16,72;19,41
16/01/2025 19:00;16,6;19,41
16/01/2025 20:00;16,66;19,41
16/01/2025 21:00;16,73;19,41
16/01/2025 22:00;16,11;18,61
16/01/2025 23:00;7,14;15,33
17/01/2025 00:00;9,08;15,33
17/01/2025 01:00;9,97;15,89
17/01/2025 02:00;8,5;15,33
17/01/2025 03:00;8,54;15,33
17/01/2025 04:00;10,2;15,89
17/01/2025 05:00;10;15,89
17/01/2025 06:00;11,49;15,89
17/01/2025 07:00;16,21;18,61
17/01/2025 08:00;17,59;20,22
17/01/2025 09:00;19,14;25,06
17/01/2025 10:00;17,28;22,64
17/01/2025 11:00;17,49;22,64
17/01/2025 12:00;7,81;16,45
17/01/2025 13:00;8,21;15,89
17/01/2025 14:00;12,02;17
17/01/2025 15:00;9,47;15,89
17/01/2025 16:00;10,45;15,89
17/01/2025 17:00;9,28;15,33
17/01/2025 18:00;16,07;18,61
17/01/2025 19:00;16,95;20,22
17/01/2025 20:00;17,24;22,64
17/01/2025 21:00;17,53;22,64
17/01/2025 22:00;11,6;19,41
17/01/2025 23:00;12,8;17,8
18/01/2025 00:00;10,2;15,89
18/01/2025 01:00;10,14;15,89
18/01/2025 02:00;10,01;15,33
18/01/2025 03:00;7,88;15,33
18/01/2025 04:00;10,56;15,33
18/01/2025 05:00;7,22;15,33
18/01/2025 06:00;8,53;15,33
18/01/2025 07:00;9;15,33
18/01/2025 08:00;10,16;15,89
18/01/2025 09:00;16,27;18,61
18/01/2025 10:00;14,47;18,61
18/01/2025 11:00;9,62;15,89
18/01/2025 12:00;14,1;17
18/01/2025 13:00;8,13;15,33
18/01/2025 14:00;12,92;15,33
18/01/2025 15:00;10,1;15,33
18/01/2025 16:00;9,45;15,33
18/01/2025 17:00;8,97;15,33
18/01/2025 18:00;18,52;21,84
18/01/2025 19:00;19,06;25,06
18/01/2025 20:00;18,44;24,25
18/01/2025 21:00;18,52;24,25
18/01/2025 22:00;18,47;24,25
18/01/2025 23:00;18,37;24,25
19/01/2025 00:00;11,28;17,8
19/01/2025 01:00;9,6;15,89
19/01/2025 02:00;9,01;15,33
19/01/2025 03:00;9,29;15,33
19/01/2025 04:00;8,3;14,78
19/01/2025 05:00;9,31;14,78
19/01/2025 06:00;8,08;14,78
19/01/2025 07:00;10,03;14,78
19/01/2025 08:00;7,07;14,78
19/01/2025 09:00;7,75;14,78
19/01/2025 10:00;9,97;15,33
19/01/2025 11:00;12,96;15,89
19/01/2025 12:00;9,43;14,78
19/01/2025 13:00;7,73;14,78
19/01/2025 14:00;15,66;17,8
19/01/2025 15:00;11,49;15,89
19/01/2025 16:00;8,8;14,78
19/01/2025 17:00;9,07;14,78
19/01/2025 18:00;15,75;17,8
19/01/2025 19:00;15,76;17,8
19/01/2025 20:00;18,48;23,45
19/01/2025 21:00;9,65;16,45
19/01/2025 22:00;10,11;15,33
19/01/2025 23:00;9,06;15,89
20/01/2025 00:00;8,38;14,78
20/01/2025 01:00;7,71;14,78
20/01/2025 02:00;7,42;14,78
20/01/2025 03:00;8,66;14,78
20/01/2025 04:00;7,31;14,78
20/01/2025 05:00;2,66;14,78
20/01/2025 06:00;9,95;14,78
20/01/2025 07:00;15,61;17,8
20/01/2025 08:00;15,89;17,8
20/01/2025 09:00;18,57;23,45
20/01/2025 10:00;13,31;16,45
20/01/2025 11:00;18,26;23,45
20/01/2025 12:00;15,65;19,41
20/01/2025 13:00;14,43;17,8
20/01/2025 14:00;15,07;17,8
20/01/2025 15:00;17,72;22,64
20/01/2025 16:00;17,64;22,64
20/01/2025 17:00;18,1;23,45
20/01/2025 18:00;18,21;23,45
20/01/2025 19:00;18,71;24,25
20/01/2025 20:00;18,09;23,45
20/01/2025 21:00;18,13;23,45
20/01/2025 22:00;14;19,41
20/01/2025 23:00;10,2;15,89
21/01/2025 00:00;7,29;14,22
21/01/2025 01:00;7,67;14,22
21/01/2025 02:00;9,02;14,78
21/01/2025 03:00;6,01;14,22
21/01/2025 04:00;9,24;14,22
21/01/2025 05:00;9,92;14,22
21/01/2025 06:00;8,4;14,22
21/01/2025 07:00;14,43;16,45
21/01/2025 08:00;15,63;17
21/01/2025 09:00;15,49;17
21/01/2025 10:00;17,61;21,84
21/01/2025 11:00;17,42;21,84
21/01/2025 12:00;9,25;15,33
21/01/2025 13:00;9,52;14,22
21/01/2025 14:00;9,16;14,22
21/01/2025 15:00;10,86;15,33
21/01/2025 16:00;14,23;16,45
21/01/2025 17:00;15,63;17
21/01/2025 18:00;17,82;21,84
21/01/2025 19:00;18,01;22,64
21/01/2025 20:00;17,6;21,84
21/01/2025 21:00;10,69;16,45
21/01/2025 22:00;12,08;15,33
21/01/2025 23:00;8,06;14,22
22/01/2025 00:00;9,05;14,22
22/01/2025 01:00;8,3;14,22
22/01/2025 02:00;9,76;14,22
22/01/2025 03:00;4,16;13,67
22/01/2025 04:00;7,41;14,22
22/01/2025 05:00;7,19;14,22
22/01/2025 06:00;7,78;13,67
22/01/2025 07:00;13,2;15,89
22/01/2025 08:00;15,71;17,8
22/01/2025 09:00;18,07;22,64
22/01/2025 10:00;18;22,64
22/01/2025 11:00;14,3;21,03
22/01/2025 12:00;14,62;17
22/01/2025 13:00;13,87;17
22/01/2025 14:00;15,04;17,8
22/01/2025 15:00;16,61;19,41
22/01/2025 16:00;12,05;17
22/01/2025 17:00;13,68;15,89
22/01/2025 18:00;9,86;14,22
22/01/2025 19:00;15,64;17
22/01/2025 20:00;8,37;18,61
22/01/2025 21:00;8,36;14,22
22/01/2025 22:00;9,27;14,22
22/01/2025 23:00;7,72;14,22
23/01/2025 00:00;7,58;13,67
23/01/2025 01:00;8;14,22
23/01/2025 02:00;7,31;13,67
23/01/2025 03:00;4,06;13,67
23/01/2025 04:00;7,97;13,67
23/01/2025 05:00;3,46;13,67
23/01/2025 06:00;7,5;13,67
23/01/2025 07:00;8,08;13,67
23/01/2025 08:00;12,48;15,33
23/01/2025 09:00;12,47;13,67
23/01/2025 10:00;7,52;14,78
23/01/2025 11:00;3,16;13,67
23/01/2025 12:00;8,74;12
23/01/2025 13:00;7,85;14,22
23/01/2025 14:00;7,63;13,67
23/01/2025 15:00;6,93;13,67
23/01/2025 16:00;1,19;14,22
23/01/2025 17:00;7,91;13,67
23/01/2025 18:00;3,24;14,22
23/01/2025 19:00;9,44;14,22
23/01/2025 20:00;2,76;13,67
23/01/2025 21:00;6,12;13,67
23/01/2025 22:00;7,74;13,67
23/01/2025 23:00;7,55;13,67
24/01/2025 00:00;6,24;13,67
24/01/2025 01:00;7,73;13,67
24/01/2025 02:00;6,34;13,67
24/01/2025 03:00;7,74;13,67
24/01/2025 04:00;5,79;13,67
24/01/2025 05:00;7,79;13,67
24/01/2025 06:00;5,92;13,67
24/01/2025 07:00;7,67;13,67
24/01/2025 08:00;5,9;13,67
24/01/2025 09:00;6,11;13,11
24/01/2025 10:00;7,79;13,67
24/01/2025 11:00;5,94;13,11
24/01/2025 12:00;5,98;13,11
24/01/2025 13:00;7,8;13,67
24/01/2025 14:00;6,01;13,11
24/01/2025 15:00;7,87;13,11
24/01/2025 16:00;4,44;13,67
24/01/2025 17:00;6,37;13,11
24/01/2025 18:00;8,06;13,11
24/01/2025 19:00;7,77;12,55
24/01/2025 20:00;7,78;12,55
24/01/2025 21:00;7,5;13,11
24/01/2025 22:00;7,6;13,11
24/01/2025 23:00;7,89;13,67
25/01/2025 00:00;6,18;13,11
25/01/2025 01:00;6,04;13,11
25/01/2025 02:00;7,97;13,11
25/01/2025 03:00;7,96;13,67
25/01/2025 04:00;6,07;13,11
25/01/2025 05:00;6,01;13,11
25/01/2025 06:00;7,66;13,11
25/01/2025 07:00;7,48;13,11
25/01/2025 08:00;7,45;13,11
25/01/2025 09:00;3,79;13,11
25/01/2025 10:00;7,16;13,11
25/01/2025 11:00;7,83;13,67
25/01/2025 12:00;6,02;13,11
25/01/2025 13:00;7,54;13,11
25/01/2025 14:00;7,9;13,67
25/01/2025 15:00;7,54;13,67
25/01/2025 16:00;7,85;13,67
25/01/2025 17:00;7,68;13,11
25/01/2025 18:00;7,65;13,67
25/01/2025 19:00;7,75;13,67
25/01/2025 20:00;5,95;13,67
25/01/2025 21:00;7,73;13,67
25/01/2025 22:00;7,64;13,67
25/01/2025 23:00;6,35;13,67
26/01/2025 00:00;7,72;13,67
26/01/2025 01:00;7,62;13,67
26/01/2025 02:00;6,08;13,11
26/01/2025 03:00;7,94;13,67
26/01/2025 04:00;4,47;13,11
26/01/2025 05:00;7,11;13,67
26/01/2025 06:00;5,54;13,67
26/01/2025 07:00;6,09;13,11
26/01/2025 08:00;7,65;13,67
26/01/2025 09:00;6,13;13,11
26/01/2025 10:00;7,58;13,11
26/01/2025 11:00;7,56;13,11
26/01/2025 12:00;7,49;13,11
26/01/2025 13:00;6,15;13,11
26/01/2025 14:00;3,07;13,11
26/01/2025 15:00;7,62;13,11
26/01/2025 16:00;9,48;13,11
26/01/2025 17:00;9,05;13,11
26/01/2025 18:00;7,22;13,11
26/01/2025 19:00;5,3;13,67
26/01/2025 20:00;5,74;13,11
26/01/2025 21:00;7,71;13,11
26/01/2025 22:00;7,68;13,67
26/01/2025 23:00;6,12;13,11
27/01/2025 00:00;7,84;13,11
27/01/2025 01:00;7,74;13,67
27/01/2025 02:00;6,08;13,67
27/01/2025 03:00;7,8;13,67
27/01/2025 04:00;7,72;13,67
27/01/2025 05:00;7,73;13,67
27/01/2025 06:00;5,79;13,67
27/01/2025 07:00;7,62;13,67
27/01/2025 08:00;7,84;14,22
27/01/2025 09:00;3,64;14,22
27/01/2025 10:00;4,99;8,5
27/01/2025 11:00;8,84;13,67
27/01/2025 12:00;9,68;13,67
27/01/2025 13:00;10,3;13,67
27/01/2025 14:00;10,44;14,22
27/01/2025 15:00;11,96;14,22
27/01/2025 16:00;12,12;14,78
27/01/2025 17:00;9,42;14,78
27/01/2025 18:00;9,4;14,78
27/01/2025 19:00;10,57;14,78
27/01/2025 20:00;10,56;14,78
27/01/2025 21:00;10,74;15,33
27/01/2025 22:00;9,88;14,78
27/01/2025 23:00;9,72;14,78
28/01/2025 00:00;9,39;14,78
28/01/2025 01:00;9,43;14,78
28/01/2025 02:00;8,75;14,78
28/01/2025 03:00;9,18;14,78
28/01/2025 04:00;9,18;14,78
28/01/2025 05:00;9;14,78
28/01/2025 06:00;8,52;14,22
28/01/2025 07:00;8,91;14,78
28/01/2025 08:00;8,88;14,22
28/01/2025 09:00;6,2;9
28/01/2025 10:00;7,28;9
28/01/2025 11:00;9,57;13,67
28/01/2025 12:00;9,53;13,67
28/01/2025 13:00;7,77;13,67
28/01/2025 14:00;7,3;13,67
28/01/2025 15:00;5,15;13,67
28/01/2025 16:00;8,23;13,67
28/01/2025 17:00;7,74;13,67
28/01/2025 18:00;8,53;13,67
28/01/2025 19:00;6,62;13,67
28/01/2025 20:00;8,11;14,22
28/01/2025 21:00;9,15;14,22
28/01/2025 22:00;7,07;14,22
28/01/2025 23:00;7,17;14,22
29/01/2025 00:00;7,2;14,22
29/01/2025 01:00;6,85;13,67
29/01/2025 02:00;6,86;13,67
29/01/2025 03:00;5,88;13,67
29/01/2025 04:00;8,67;13,67
29/01/2025 05:00;7,15;13,67
29/01/2025 06:00;8,66;13,67
29/01/2025 07:00;8,37;13,67
29/01/2025 08:00;1,33;13,11
29/01/2025 09:00;1,26;13,11
29/01/2025 10:00;5,11;13,11
29/01/2025 11:00;7,18;13,11
29/01/2025 12:00;7,56;13,11
29/01/2025 13:00;6,74;13,67
29/01/2025 14:00;2,8;13,67
29/01/2025 15:00;6,24;13,67
29/01/2025 16:00;7,29;13,11
29/01/2025 17:00;9,42;13,67
29/01/2025 18:00;14,19;17,8
29/01/2025 19:00;15,54;17
29/01/2025 20:00;11,23;14,22
29/01/2025 21:00;11,22;14,78
29/01/2025 22:00;9,54;14,22
29/01/2025 23:00;7,02;13,67
30/01/2025 00:00;7,06;13,67
30/01/2025 01:00;8,42;13,67
30/01/2025 02:00;8,92;14,22
30/01/2025 03:00;8,58;13,67
30/01/2025 04:00;8,97;14,22
30/01/2025 05:00;8,43;13,67
30/01/2025 06:00;5,64;13,67
30/01/2025 07:00;9,48;14,22
30/01/2025 08:00;11,05;11
30/01/2025 09:00;8,9;11
30/01/2025 10:00;9,78;13,67
30/01/2025 11:00;11,01;13,67
30/01/2025 12:00;4,93;13,67
30/01/2025 13:00;3,24;13,67
30/01/2025 14:00;7,08;14,22
30/01/2025 15:00;7,48;14,78
30/01/2025 16:00;9,14;14,22
30/01/2025 17:00;8,68;14,22
30/01/2025 18:00;12,62;14,78
30/01/2025 19:00;13,88;16,45
30/01/2025 20:00;11,78;15,33
30/01/2025 21:00;9,62;14,78
30/01/2025 22:00;10,68;14,78
30/01/2025 23:00;10,49;14,78
31/01/2025 00:00;6,18;14,78
31/01/2025 01:00;7,71;14,78
31/01/2025 02:00;8,3;14,22
31/01/2025 03:00;8,28;14,22
31/01/2025 04:00;7,83;14,22
31/01/2025 05:00;8,52;14,22
31/01/2025 06:00;8,61;14,22
31/01/2025 07:00;5,59;13,67
31/01/2025 08:00;10,8;14,22
31/01/2025 09:00;12,52;14,78
31/01/2025 10:00;10,73;10,5
31/01/2025 11:00;6,86;13,67
31/01/2025 12:00;9,9;13,67
31/01/2025 13:00;6,37;13,11
31/01/2025 14:00;7,45;13,67
31/01/2025 15:00;7,94;13,67
31/01/2025 16:00;5,29;13,67
31/01/2025 17:00;9,3;13,67
31/01/2025 18:00;8,01;14,22
31/01/2025 19:00;11,61;14,22
31/01/2025 20:00;8,94;13,67
31/01/2025 21:00;12,04;14,22
31/01/2025 22:00;12,23;14,22
31/01/2025 23:00;12,13;14,22
01/02/2025 00:00;8,07;13,67
01/02/2025 01:00;8,96;13,67
01/02/2025 02:00;8,71;13,67
01/02/2025 03:00;6,42;13,67
01/02/2025 04:00;7,75;13,67
01/02/2025 05:00;7,95;13,67
01/02/2025 06:00;7,88;13,67
01/02/2025 07:00;7,31;14,22
01/02/2025 08:00;15,29;16,45
01/02/2025 09:00;13,4;15,89
01/02/2025 10:00;10,4;14,78
01/02/2025 11:00;6,26;14,22
01/02/2025 12:00;7,97;14,22
01/02/2025 13:00;4,85;14,22
01/02/2025 14:00;9,35;13,67
01/02/2025 15:00;9,95;14,22
01/02/2025 16:00;9,29;14,22
01/02/2025 17:00;9,34;14,22
01/02/2025 18:00;9,97;14,22
01/02/2025 19:00;13,27;15,89
01/02/2025 20:00;5,35;13,67
01/02/2025 21:00;5,38;13,67
01/02/2025 22:00;8,77;13,67
01/02/2025 23:00;8,34;13,67
02/02/2025 00:00;8,58;14,22
02/02/2025 01:00;9,44;13,67
02/02/2025 02:00;8,96;13,67
02/02/2025 03:00;12,65;14,78
02/02/2025 04:00;13,95;15,33
02/02/2025 05:00;15,77;17
02/02/2025 06:00;13,94;17,8
02/02/2025 07:00;7;14,78
02/02/2025 08:00;13,25;15,33
02/02/2025 09:00;13,33;15,33
02/02/2025 10:00;9,47;13,67
02/02/2025 11:00;10,07;13,67
02/02/2025 12:00;8,24;13,67
02/02/2025 13:00;7,72;13,11
02/02/2025 14:00;5,22;13,67
02/02/2025 15:00;0,82;13,11
02/02/2025 16:00;10,43;13,67
02/02/2025 17:00;11,45;14,22
02/02/2025 18:00;9,12;14,22
02/02/2025 19:00;10,09;14,22
02/02/2025 20:00;15,78;17
02/02/2025 21:00;11,45;15,33
02/02/2025 22:00;8,46;14,22
02/02/2025 23:00;7,27;13,67
03/02/2025 00:00;9,21;13,67
03/02/2025 01:00;7,14;13,67
03/02/2025 02:00;9,89;14,22
03/02/2025 03:00;7,61;13,67
03/02/2025 04:00;12,04;14,78
03/02/2025 05:00;9,15;13,67
03/02/2025 06:00;8,12;13,67
03/02/2025 07:00;15,78;17
03/02/2025 08:00;13,38;16,45
03/02/2025 09:00;14,03;15,33
03/02/2025 10:00;17,48;21,84
03/02/2025 11:00;10,21;14,78
03/02/2025 12:00;7,97;13,67
03/02/2025 13:00;6,94;13,11
03/02/2025 14:00;8,29;13,11
03/02/2025 15:00;9,07;13,11
03/02/2025 16:00;8,69;13,11
03/02/2025 17:00;14,14;15,89
03/02/2025 18:00;15,53;16,45
03/02/2025 19:00;17,68;21,03
03/02/2025 20:00;17,81;22,64
03/02/2025 21:00;17,87;22,64
03/02/2025 22:00;15,41;17,8
03/02/2025 23:00;6,07;13,67
04/02/2025 00:00;10,16;13,67
04/02/2025 01:00;9,22;14,22
04/02/2025 02:00;7,68;13,11
04/02/2025 03:00;10,4;13,67
04/02/2025 04:00;9,58;13,67
04/02/2025 05:00;9,35;13,11
04/02/2025 06:00;11,03;13,67
04/02/2025 07:00;15,4;16,45
04/02/2025 08:00;16,79;17,8
04/02/2025 09:00;5,39;9
04/02/2025 10:00;5,52;8
04/02/2025 11:00;7,68;13,11
04/02/2025 12:00;6,6;13,11
04/02/2025 13:00;3,96;12,55
04/02/2025 14:00;6,61;8
04/02/2025 15:00;9,09;13,67
04/02/2025 16:00;7,95;13,11
04/02/2025 17:00;10,99;13,67
04/02/2025 18:00;3,68;13,11
04/02/2025 19:00;7,41;16,45
04/02/2025 20:00;15,37;17
04/02/2025 21:00;6,73;16,45
04/02/2025 22:00;8,89;14,78
04/02/2025 23:00;8,38;14,78
05/02/2025 00:00;9,47;13,67
05/02/2025 01:00;8,28;14,22
05/02/2025 02:00;7,01;13,67
05/02/2025 03:00;7,15;13,11
05/02/2025 04:00;7,08;13,67
05/02/2025 05:00;4,67;13,67
05/02/2025 06:00;8,09;13,67
05/02/2025 07:00;14;15,33
05/02/2025 08:00;14,66;15,89
05/02/2025 09:00;6,33;13,11
05/02/2025 10:00;11,21;14,22
05/02/2025 11:00;10,92;14,22
05/02/2025 12:00;7,34;13,67
05/02/2025 13:00;9,15;13,11
05/02/2025 14:00;8,92;13,11
05/02/2025 15:00;8,8;9
05/02/2025 16:00;13,46;14,22
05/02/2025 17:00;12,41;13,67
05/02/2025 18:00;6,59;12
05/02/2025 19:00;14,19;15,33
05/02/2025 20:00;15,11;16,45
05/02/2025 21:00;14,96;15,33
05/02/2025 22:00;7,66;12,55
05/02/2025 23:00;8,43;12,55
06/02/2025 00:00;6,74;12
06/02/2025 01:00;8,7;12,55
06/02/2025 02:00;6,57;12
06/02/2025 03:00;7,63;12,55
06/02/2025 04:00;8,34;12,55
06/02/2025 05:00;8,78;12,55
06/02/2025 06:00;9,35;12,55
06/02/2025 07:00;12,75;14,22
06/02/2025 08:00;14,94;15,33
06/02/2025 09:00;14,6;15,33
06/02/2025 10:00;6,03;12,55
06/02/2025 11:00;5,2;12
06/02/2025 12:00;3,94;12
06/02/2025 13:00;5,98;12,55
06/02/2025 14:00;9,99;12,55
06/02/2025 15:00;9,93;12
06/02/2025 16:00;8,41;12
06/02/2025 17:00;12,71;12,55
06/02/2025 18:00;11,03;13,11
06/02/2025 19:00;11,12;12,55
06/02/2025 20:00;15,4;15,33
06/02/2025 21:00;11,46;16,45
06/02/2025 22:00;9,11;12,55
06/02/2025 23:00;8,16;12
07/02/2025 00:00;8,52;12
07/02/2025 01:00;10,76;12
07/02/2025 02:00;5,45;12
07/02/2025 03:00;4,47;12
07/02/2025 04:00;5,93;12
07/02/2025 05:00;7,31;12
07/02/2025 06:00;0,54;12
07/02/2025 07:00;13,66;14,22
07/02/2025 08:00;12,96;13,67
07/02/2025 09:00;13,03;13,67
07/02/2025 10:00;9,04;8,5
07/02/2025 11:00;11,41;13,11
07/02/2025 12:00;9,32;11
07/02/2025 13:00;8,74;11
07/02/2025 14:00;8,55;11
07/02/2025 15:00;11,13;12
07/02/2025 16:00;12,84;13,11
07/02/2025 17:00;12,75;13,11
07/02/2025 18:00;12,04;12,55
07/02/2025 19:00;12,58;13,11
07/02/2025 20:00;10,4;12
07/02/2025 21:00;11,42;12
07/02/2025 22:00;11,25;12
07/02/2025 23:00;11,26;12
08/02/2025 00:00;8,73;12
08/02/2025 01:00;5,62;12
08/02/2025 02:00;7,13;12
08/02/2025 03:00;7,13;12
08/02/2025 04:00;7,17;12
08/02/2025 05:00;7,04;12
08/02/2025 06:00;7,28;12
08/02/2025 07:00;2,41;12
08/02/2025 08:00;8,79;12
08/02/2025 09:00;11,24;12
08/02/2025 10:00;7,04;11
08/02/2025 11:00;8,75;11
08/02/2025 12:00;9,63;11
08/02/2025 13:00;8,11;11
08/02/2025 14:00;7,41;11
08/02/2025 15:00;8,77;12
08/02/2025 16:00;7,35;11
08/02/2025 17:00;10,32;12
08/02/2025 18:00;12,53;13,11
08/02/2025 19:00;10,73;12,55
08/02/2025 20:00;12,72;13,11
08/02/2025 21:00;9,36;12
08/02/2025 22:00;7,56;11
08/02/2025 23:00;7,35;11
09/02/2025 00:00;8,03;11
09/02/2025 01:00;9,04;11
09/02/2025 02:00;7,77;11
09/02/2025 03:00;7,69;11
09/02/2025 04:00;7,7;11
09/02/2025 05:00;8,66;11
09/02/2025 06:00;9,07;11
09/02/2025 07:00;7,43;10,5
09/02/2025 08:00;9,09;11
09/02/2025 09:00;8,84;11
09/02/2025 10:00;7,32;11
09/02/2025 11:00;7,24;11
09/02/2025 12:00;4,6;11
09/02/2025 13:00;6,43;11
09/02/2025 14:00;5,58;11
09/02/2025 15:00;1,84;11
09/02/2025 16:00;9,96;12
09/02/2025 17:00;10,85;12
09/02/2025 18:00;15,04;15,33
09/02/2025 19:00;15,52;17
09/02/2025 20:00;16,09;18,61
09/02/2025 21:00;15,15;16,45
09/02/2025 22:00;9,88;13,11
09/02/2025 23:00;9,72;13,11
10/02/2025 00:00;5,97;12,55
10/02/2025 01:00;7,41;12,55
10/02/2025 02:00;0,02;12
10/02/2025 03:00;5,75;12,55
10/02/2025 04:00;7,52;12,55
10/02/2025 05:00;7,27;12,55
10/02/2025 06:00;1,43;12
10/02/2025 07:00;10,29;12,55
10/02/2025 08:00;3;12,55
10/02/2025 09:00;0,42;12
10/02/2025 10:00;9,86;16,45
10/02/2025 11:00;14,43;27,48
10/02/2025 12:00;14,02;27,48
10/02/2025 13:00;13,93;27,48
10/02/2025 14:00;14,7;27,48
10/02/2025 15:00;16,76;29,9
10/02/2025 16:00;14,66;27,48
10/02/2025 17:00;13,82;20,22
10/02/2025 18:00;9,37;15,89
10/02/2025 19:00;13,95;15,89
10/02/2025 20:00;15,24;15,89
10/02/2025 21:00;6,63;13,67
10/02/2025 22:00;7,95;13,67
10/02/2025 23:00;5,83;13,67
11/02/2025 00:00;6,38;13,11
11/02/2025 01:00;8,04;13,11
11/02/2025 02:00;2,58;13,11
11/02/2025 03:00;9,07;13,67
11/02/2025 04:00;10,59;13,67
11/02/2025 05:00;9,51;13,67
11/02/2025 06:00;9,04;13,11
11/02/2025 07:00;10,2;13,67
11/02/2025 08:00;5,2;13,67
11/02/2025 09:00;5,75;7,63
11/02/2025 10:00;17,45;30,71
11/02/2025 11:00;15,02;26,68
11/02/2025 12:00;8,29;13,11
11/02/2025 13:00;10,12;12,55
11/02/2025 14:00;10,65;12,55
11/02/2025 15:00;11,79;14,22
11/02/2025 16:00;11,77;13,67
11/02/2025 17:00;15,26;15,89
11/02/2025 18:00;15,29;15,89
11/02/2025 19:00;15,07;17
11/02/2025 20:00;15,95;18,61
11/02/2025 21:00;17,25;21,03
11/02/2025 22:00;14,97;17
11/02/2025 23:00;8,33;13,11
12/02/2025 00:00;8,44;13,11
12/02/2025 01:00;7,66;12,55
12/02/2025 02:00;6,43;12,55
12/02/2025 03:00;7,37;12,55
12/02/2025 04:00;4,34;12,55
12/02/2025 05:00;8,04;12
12/02/2025 06:00;9,24;12,55
12/02/2025 07:00;4,32;12,55
12/02/2025 08:00;4,87;12,55
12/02/2025 09:00;8,93;12,55
12/02/2025 10:00;4,75;9,5
12/02/2025 11:00;8,24;13,11
12/02/2025 12:00;11,28;13,67
12/02/2025 13:00;3,77;13,11
12/02/2025 14:00;10,16;13,11
12/02/2025 15:00;11,87;13,67
12/02/2025 16:00;11,31;13,11
12/02/2025 17:00;12,99;14,22
12/02/2025 18:00;15,14;15,89
12/02/2025 19:00;15,7;17,8
12/02/2025 20:00;16,76;21,03
12/02/2025 21:00;15,69;18,61
12/02/2025 22:00;11,25;14,22
12/02/2025 23:00;8,88;13,11
13/02/2025 00:00;8,52;13,11
13/02/2025 01:00;9,21;13,11
13/02/2025 02:00;5,11;12,55
13/02/2025 03:00;7,34;13,11
13/02/2025 04:00;1,44;12,55
13/02/2025 05:00;8,4;12,55
13/02/2025 06:00;8,09;12,55
13/02/2025 07:00;10,58;13,11
13/02/2025 08:00;14,79;15,89
13/02/2025 09:00;16,1;19,41
13/02/2025 10:00;11,06;10,5
13/02/2025 11:00;12,69;14,22
13/02/2025 12:00;8,98;12,55
13/02/2025 13:00;9,23;12,55
13/02/2025 14:00;10,41;12,55
13/02/2025 15:00;12,03;13,11
13/02/2025 16:00;8,33;12
13/02/2025 17:00;11,66;13,11
13/02/2025 18:00;7,17;12,55
13/02/2025 19:00;10,01;15,89
13/02/2025 20:00;14,04;15,89
13/02/2025 21:00;11,34;15,89
13/02/2025 22:00;9,91;14,22
13/02/2025 23:00;9,33;12,55
14/02/2025 00:00;8,53;12,55
14/02/2025 01:00;8,16;12,55
14/02/2025 02:00;5,92;12,55
14/02/2025 03:00;0,83;12,55
14/02/2025 04:00;6,45;13,11
14/02/2025 05:00;6,14;13,11
14/02/2025 06:00;1,44;13,11
14/02/2025 07:00;8,57;12,55
14/02/2025 08:00;10,86;13,67
14/02/2025 09:00;10,25;13,11
14/02/2025 10:00;6,14;12,55
14/02/2025 11:00;3,3;8
14/02/2025 12:00;7,4;12,55
14/02/2025 13:00;7,94;15,33
14/02/2025 14:00;7,42;13,11
14/02/2025 15:00;7,61;13,11
14/02/2025 16:00;8,02;13,11
14/02/2025 17:00;3,35;13,11
14/02/2025 18:00;11,96;14,78
14/02/2025 19:00;8,09;15,89
14/02/2025 20:00;10,62;16,45
14/02/2025 21:00;9,72;13,67
14/02/2025 22:00;11,76;14,22
14/02/2025 23:00;6,87;13,11
15/02/2025 00:00;8,35;13,11
15/02/2025 01:00;7,71;12,55
15/02/2025 02:00;7,49;13,11
15/02/2025 03:00;5,97;13,11
15/02/2025 04:00;6,94;13,11
15/02/2025 05:00;7,73;13,11
15/02/2025 06:00;7,79;12,55
15/02/2025 07:00;7,33;12,55
15/02/2025 08:00;11,32;13,67
15/02/2025 09:00;7,41;12,55
15/02/2025 10:00;8,89;13,11
15/02/2025 11:00;7,67;12,55
15/02/2025 12:00;8,62;12,55
15/02/2025 13:00;5,74;12,55
15/02/2025 14:00;7,12;12,55
15/02/2025 15:00;7,28;12,55
15/02/2025 16:00;6,43;12,55
15/02/2025 17:00;8,94;12,55
15/02/2025 18:00;14,79;15,89
15/02/2025 19:00;15,34;17,8
15/02/2025 20:00;13,41;17
15/02/2025 21:00;11,15;14,22
15/02/2025 22:00;9,25;13,11
15/02/2025 23:00;9,5;13,11
16/02/2025 00:00;9,4;13,11
16/02/2025 01:00;9,5;13,11
16/02/2025 02:00;8,02;12,55
16/02/2025 03:00;9,34;13,11
16/02/2025 04:00;8,58;12,55
16/02/2025 05:00;6,2;12,55
16/02/2025 06:00;9,78;12,55
16/02/2025 07:00;10,26;14,78
16/02/2025 08:00;9,82;13,67
16/02/2025 09:00;10,73;15,89
16/02/2025 10:00;9,43;13,11
16/02/2025 11:00;8,61;13,11
16/02/2025 12:00;7,48;12,55
16/02/2025 13:00;5,29;12,55
16/02/2025 14:00;7,01;12,55
16/02/2025 15:00;7,44;12,55
16/02/2025 16:00;1,6;12,55
16/02/2025 17:00;10;12,55
16/02/2025 18:00;10,15;12,55
16/02/2025 19:00;14,78;15,89
16/02/2025 20:00;15,18;15,89
16/02/2025 21:00;13,47;17
16/02/2025 22:00;6,46;13,11
16/02/2025 23:00;9,56;13,11
17/02/2025 00:00;9,18;13,11
17/02/2025 01:00;9,26;13,11
17/02/2025 02:00;8,23;12,55
17/02/2025 03:00;8,16;12,55
17/02/2025 04:00;9,05;13,11
17/02/2025 05:00;8,14;12,55
17/02/2025 06:00;7,77;12,55
17/02/2025 07:00;11,16;13,11
17/02/2025 08:00;12,22;13,67
17/02/2025 09:00;7,37;14,78
17/02/2025 10:00;5,15;13,67
17/02/2025 11:00;6,37;12
17/02/2025 12:00;3,55;12
17/02/2025 13:00;5,13;12
17/02/2025 14:00;3,26;12
17/02/2025 15:00;4,83;12
17/02/2025 16:00;4,2;12,55
17/02/2025 17:00;5,12;12,55
17/02/2025 18:00;9,46;12
17/02/2025 19:00;14,75;15,89
17/02/2025 20:00;12,29;14,78
17/02/2025 21:00;10,34;13,67
17/02/2025 22:00;5,08;12,55
17/02/2025 23:00;2,32;12,55
18/02/2025 00:00;6,05;12,55
18/02/2025 01:00;4,24;12,55
18/02/2025 02:00;4,98;12
18/02/2025 03:00;5,59;12
18/02/2025 04:00;4,4;12
18/02/2025 05:00;6,1;12
18/02/2025 06:00;4,86;12
18/02/2025 07:00;8,3;12,55
18/02/2025 08:00;15,88;16,45
18/02/2025 09:00;19,52;21,03
18/02/2025 10:00;7,63;14,22
18/02/2025 11:00;2,84;12,55
18/02/2025 12:00;4,76;12,55
18/02/2025 13:00;4,12;12
18/02/2025 14:00;5,18;12
18/02/2025 15:00;4,95;12
18/02/2025 16:00;5,51;12
18/02/2025 17:00;4,81;12
18/02/2025 18:00;7,24;12,55
18/02/2025 19:00;2,19;12
18/02/2025 20:00;5,97;12,55
18/02/2025 21:00;0,27;12
18/02/2025 22:00;3,92;12
18/02/2025 23:00;3,99;12
19/02/2025 00:00;4,29;12
19/02/2025 01:00;5,09;12
19/02/2025 02:00;5,15;12
19/02/2025 03:00;5,84;12
19/02/2025 04:00;6,25;12
19/02/2025 05:00;6,33;12
19/02/2025 06:00;6,75;12
19/02/2025 07:00;6,98;12,55
19/02/2025 08:00;2,61;12
19/02/2025 09:00;5,06;12
19/02/2025 10:00;6,07;12
19/02/2025 11:00;3,44;13,11
19/02/2025 12:00;3,23;12
19/02/2025 13:00;4,12;12,55
19/02/2025 14:00;8,37;15,89
19/02/2025 15:00;5,69;13,11
19/02/2025 16:00;3,32;12,55
19/02/2025 17:00;8,28;13,11
19/02/2025 18:00;6,29;12,55
19/02/2025 19:00;1,59;13,11
19/02/2025 20:00;11,19;14,78
19/02/2025 21:00;11,76;15,33
19/02/2025 22:00;6,57;13,11
19/02/2025 23:00;4,94;12,55
20/02/2025 00:00;3,53;12,55
20/02/2025 01:00;7,29;12,55
20/02/2025 02:00;3,03;13,11
20/02/2025 03:00;4,53;12,55
20/02/2025 04:00;4,56;12,55
20/02/2025 05:00;5,4;12,55
20/02/2025 06:00;7,14;12,55
20/02/2025 07:00;8,34;12,55
20/02/2025 08:00;8,32;14,78
20/02/2025 09:00;7,07;14,22
20/02/2025 10:00;4,32;13,11
20/02/2025 11:00;2,35;12,55
20/02/2025 12:00;3,02;12,55
20/02/2025 13:00;5,25;5,37
20/02/2025 14:00;1,35;4
20/02/2025 15:00;2,72;4
20/02/2025 16:00;1,87;12
20/02/2025 17:00;5,64;11
20/02/2025 18:00;6,03;12
20/02/2025 19:00;12,78;14,22
20/02/2025 20:00;6,66;12
20/02/2025 21:00;4,97;12
20/02/2025 22:00;2,78;12
20/02/2025 23:00;3,1;12
21/02/2025 00:00;4,23;12
21/02/2025 01:00;6,94;12
21/02/2025 02:00;7,76;11
21/02/2025 03:00;8,13;12
21/02/2025 04:00;7,79;12
21/02/2025 05:00;7,77;12
21/02/2025 06:00;7,99;12
21/02/2025 07:00;7,69;12
21/02/2025 08:00;6,24;12
21/02/2025 09:00;5,98;12
21/02/2025 10:00;7,46;12
21/02/2025 11:00;7,64;12
21/02/2025 12:00;7,64;11
21/02/2025 13:00;6,98;11
21/02/2025 14:00;6,19;11
21/02/2025 15:00;7,38;11
21/02/2025 16:00;7,15;11
21/02/2025 17:00;7,04;12
21/02/2025 18:00;6,68;12
21/02/2025 19:00;7,7;12
21/02/2025 20:00;7,7;12
21/02/2025 21:00;7,91;12
21/02/2025 22:00;2,92;12
21/02/2025 23:00;4,82;12
22/02/2025 00:00;4,11;12
22/02/2025 01:00;7,26;12
22/02/2025 02:00;7,51;12
22/02/2025 03:00;7,52;12
22/02/2025 04:00;6,34;12
22/02/2025 05:00;1,42;12
22/02/2025 06:00;5,52;12
22/02/2025 07:00;2,96;12,55
22/02/2025 08:00;7,06;12,55
22/02/2025 09:00;6,35;12,55
22/02/2025 10:00;5,38;13,11
22/02/2025 11:00;6,75;13,11
22/02/2025 12:00;7,8;13,11
22/02/2025 13:00;3,45;13,11
22/02/2025 14:00;5,68;13,11
22/02/2025 15:00;6,87;12,55
22/02/2025 16:00;6,5;12,55
22/02/2025 17:00;7,13;12,55
22/02/2025 18:00;9,12;12,55
22/02/2025 19:00;14,73;15,89
22/02/2025 20:00;14,66;15,89
22/02/2025 21:00;12,14;14,78
22/02/2025 22:00;14,92;15,89
22/02/2025 23:00;4,26;12,55
23/02/2025 00:00;3,66;12,55
23/02/2025 01:00;3,62;12,55
23/02/2025 02:00;6,17;12,55
23/02/2025 03:00;6,5;12,55
23/02/2025 04:00;8,64;12,55
23/02/2025 05:00;8,45;12,55
23/02/2025 06:00;6,38;12,55
23/02/2025 07:00;8,01;12,55
23/02/2025 08:00;6,02;12,55
23/02/2025 09:00;3,84;12
23/02/2025 10:00;7,87;12
23/02/2025 11:00;7,13;12
23/02/2025 12:00;7,59;12
23/02/2025 13:00;7,61;12
23/02/2025 14:00;7,14;12
23/02/2025 15:00;7,88;12
23/02/2025 16:00;6,82;12
23/02/2025 17:00;7,14;12
23/02/2025 18:00;5,85;12
23/02/2025 19:00;6,02;12
23/02/2025 20:00;5,07;12
23/02/2025 21:00;6,8;12
23/02/2025 22:00;7,56;12
23/02/2025 23:00;8,05;12
24/02/2025 00:00;8,26;12
24/02/2025 01:00;8,14;12
24/02/2025 02:00;8,28;12
24/02/2025 03:00;8,27;12
24/02/2025 04:00;8,5;12
24/02/2025 05:00;8,3;12
24/02/2025 06:00;8,25;12
24/02/2025 07:00;4,16;12
24/02/2025 08:00;5,31;12
24/02/2025 09:00;7,13;12
24/02/2025 10:00;1,31;7,63
24/02/2025 11:00;4,7;11
24/02/2025 12:00;7,66;12
24/02/2025 13:00;6,97;11
24/02/2025 14:00;7,17;11
24/02/2025 15:00;6,97;11
24/02/2025 16:00;5,23;11
24/02/2025 17:00;6,46;11
24/02/2025 18:00;4,84;12
24/02/2025 19:00;8,31;12
24/02/2025 20:00;9,08;12
24/02/2025 21:00;3,75;12
24/02/2025 22:00;3,74;12
24/02/2025 23:00;6,03;12
25/02/2025 00:00;2,1;11
25/02/2025 01:00;4,17;11
25/02/2025 02:00;4,31;11
25/02/2025 03:00;6,28;11
25/02/2025 04:00;6,83;11
25/02/2025 05:00;5,34;11
25/02/2025 06:00;3,83;11
25/02/2025 07:00;3,26;12
25/02/2025 08:00;7,06;12
25/02/2025 09:00;6,8;12,55
25/02/2025 10:00;2,13;7,25
25/02/2025 11:00;5,08;10,5
25/02/2025 12:00;7,05;12
25/02/2025 13:00;7,58;12,55
25/02/2025 14:00;7,5;12
25/02/2025 15:00;7,36;12
25/02/2025 16:00;7,37;12
25/02/2025 17:00;6,99;12
25/02/2025 18:00;3,41;12
25/02/2025 19:00;3,88;12
25/02/2025 20:00;7,92;13,11
25/02/2025 21:00;7,29;12,55
25/02/2025 22:00;8,59;13,11
25/02/2025 23:00;7,77;12
26/02/2025 00:00;6,92;12
26/02/2025 01:00;6,4;12
26/02/2025 02:00;6,32;12
26/02/2025 03:00;6,19;12
26/02/2025 04:00;7,15;12
26/02/2025 05:00;7,12;12
26/02/2025 06:00;6,91;12
26/02/2025 07:00;8,83;12
26/02/2025 08:00;10,62;12,55
26/02/2025 09:00;6,63;12
26/02/2025 10:00;5,61;10,5
26/02/2025 11:00;2,58;7,25
26/02/2025 12:00;6,54;12
26/02/2025 13:00;6,45;12
26/02/2025 14:00;5,95;12
26/02/2025 15:00;7,24;12
26/02/2025 16:00;2,32;11
26/02/2025 17:00;7,27;12
26/02/2025 18:00;7,72;12
26/02/2025 19:00;7,66;12
26/02/2025 20:00;8,16;12
26/02/2025 21:00;8,46;12
26/02/2025 22:00;8,31;12
26/02/2025 23:00;0,22;11
27/02/2025 00:00;6,05;12
27/02/2025 01:00;6,74;12
27/02/2025 02:00;7,96;12
27/02/2025 03:00;7,64;12
27/02/2025 04:00;6,79;12
27/02/2025 05:00;7,4;12
27/02/2025 06:00;8,02;12
27/02/2025 07:00;9,26;12
27/02/2025 08:00;9,91;12
27/02/2025 09:00;9,7;12
27/02/2025 10:00;9,14;10,5
27/02/2025 11:00;6,37;10,5
27/02/2025 12:00;5,94;11
27/02/2025 13:00;6,62;12,55
27/02/2025 14:00;5,16;12
27/02/2025 15:00;3,73;12,55
27/02/2025 16:00;7,21;12,55
27/02/2025 17:00;1,23;11
27/02/2025 18:00;4,02;11
27/02/2025 19:00;5,96;11
27/02/2025 20:00;6,71;11
27/02/2025 21:00;4,77;11
27/02/2025 22:00;6,28;11
27/02/2025 23:00;5,94;11
28/02/2025 00:00;4,51;11
28/02/2025 01:00;4,97;11
28/02/2025 02:00;5,41;11
28/02/2025 03:00;5,01;11
28/02/2025 04:00;6,95;11
28/02/2025 05:00;6,93;11
28/02/2025 06:00;6,48;11
28/02/2025 07:00;5,59;11
28/02/2025 08:00;5,17;15,33
28/02/2025 09:00;3,05;12
28/02/2025 10:00;2,46;11
28/02/2025 11:00;3,54;7,25
28/02/2025 12:00;4,28;11
28/02/2025 13:00;2,14;10,5
28/02/2025 14:00;5,52;10,5
28/02/2025 15:00;3,65;10,5
28/02/2025 16:00;2;10,5
28/02/2025 17:00;3,75;10,5
28/02/2025 18:00;8,43;11
28/02/2025 19:00;14,76;14,78
28/02/2025 20:00;7;13,67
28/02/2025 21:00;11,57;13,11
28/02/2025 22:00;9,68;12
28/02/2025 23:00;3,86;11
01/03/2025 00:00;4,58;11
01/03/2025 01:00;7,44;11
01/03/2025 02:00;8,03;12
01/03/2025 03:00;6,85;11
01/03/2025 04:00;6,46;11
01/03/2025 05:00;2,67;11
01/03/2025 06:00;7,59;11
01/03/2025 07:00;8,51;11
01/03/2025 08:00;8,77;11
01/03/2025 09:00;8,66;11
01/03/2025 10:00;6,33;11
01/03/2025 11:00;5,75;11
01/03/2025 12:00;3,84;11
01/03/2025 13:00;6,21;11
03/03/2025 21:00;9,06;11
03/03/2025 22:00;7,91;10,5
03/03/2025 23:00;4,49;10,5
04/03/2025 00:00;0,85;10,5
04/03/2025 01:00;4,82;10,5
04/03/2025 02:00;6,52;11
04/03/2025 03:00;4,82;10,5
04/03/2025 04:00;6,41;10,5
04/03/2025 05:00;6,36;10,5
04/03/2025 06:00;3,22;10,5
04/03/2025 07:00;10;11
04/03/2025 08:00;4,55;10,5
04/03/2025 09:00;8,62;10,5
04/03/2025 10:00;7,44;10,5
04/03/2025 11:00;5,54;10,5
04/03/2025 12:00;2,1;10
04/03/2025 13:00;1,66;10
04/03/2025 14:00;3,95;10
04/03/2025 15:00;2,66;10,5
04/03/2025 16:00;1,25;10,5
04/03/2025 17:00;3,58;10,5
04/03/2025 18:00;7,74;10,5
04/03/2025 19:00;10,49;11
04/03/2025 20:00;11,79;12
04/03/2025 21:00;8,08;10,5
04/03/2025 22:00;8,64;10,5
04/03/2025 23:00;7,72;10,5
05/03/2025 00:00;6,66;10,5
05/03/2025 01:00;4,28;10,5
05/03/2025 02:00;4,75;10,5
05/03/2025 03:00;6,36;10,5
05/03/2025 04:00;4,9;10,5
05/03/2025 05:00;5,21;10,5
05/03/2025 06:00;7,16;10,5
05/03/2025 07:00;7,81;10,5
05/03/2025 08:00;7,06;10,5
05/03/2025 09:00;7,43;10,5
05/03/2025 10:00;0,97;6,88
05/03/2025 11:00;2,23;10
05/03/2025 12:00;6,44;10
05/03/2025 13:00;6,45;10,5
05/03/2025 14:00;4,64;10
05/03/2025 20:00;7,72;10,5
05/03/2025 21:00;8,05;10,5
05/03/2025 22:00;8,05;10,5
05/03/2025 23:00;7,37;10,5
06/03/2025 00:00;5,39;10,5
06/03/2025 01:00;5,87;10,5
06/03/2025 02:00;6,86;10,5
06/03/2025 03:00;6,13;10,5
06/03/2025 04:00;6,42;10,5
06/03/2025 05:00;4,41;10,5
06/03/2025 06:00;2,6;10,5
06/03/2025 07:00;8,06;10,5
06/03/2025 08:00;4,07;10,5
06/03/2025 09:00;6,72;10,5
06/03/2025 10:00;4,53;10,5
06/03/2025 11:00;3,88;10,5
06/03/2025 12:00;3,93;10
06/03/2025 13:00;3,98;10
06/03/2025 14:00;6,73;12,55
06/03/2025 15:00;6,39;12
06/03/2025 16:00;6,58;11
06/03/2025 17:00;0,77;10
06/03/2025 18:00;6,49;10
06/03/2025 19:00;11,92;13,11
06/03/2025 20:00;0,59;10
06/03/2025 21:00;3,29;10
06/03/2025 22:00;4,86;10
06/03/2025 23:00;4,37;10
07/03/2025 00:00;6,11;10
07/03/2025 01:00;6,09;10
07/03/2025 02:00;4,85;10
07/03/2025 03:00;6,31;10
07/03/2025 04:00;4,51;10,5
07/03/2025 05:00;6,38;10
07/03/2025 06:00;6,42;10,5
07/03/2025 07:00;1,76;10
07/03/2025 08:00;5,65;10
07/03/2025 09:00;4,71;10
07/03/2025 10:00;4,46;10
07/03/2025 11:00;4,36;10
07/03/2025 12:00;6,48;10,5
07/03/2025 13:00;4,6;10
07/03/2025 14:00;6,52;10
07/03/2025 15:00;4,76;10
07/03/2025 16:00;5,14;10
07/03/2025 17:00;6,35;10,5
07/03/2025 18:00;0,64;10
07/03/2025 19:00;3,86;10
07/03/2025 20:00;3,09;10
07/03/2025 21:00;4,7;10
07/03/2025 22:00;6,51;10,5
07/03/2025 23:00;4,54;10
08/03/2025 00:00;0,4;10
08/03/2025 01:00;5,41;9,5
08/03/2025 02:00;2,03;10
08/03/2025 03:00;6,29;10
08/03/2025 04:00;6,26;10,5
08/03/2025 05:00;4,62;10,5
08/03/2025 06:00;6,39;10,5
08/03/2025 07:00;6,33;10,5
08/03/2025 08:00;4,98;10,5
08/03/2025 09:00;6,36;10,5
08/03/2025 10:00;6,27;10,5
08/03/2025 11:00;6,29;10,5
08/03/2025 12:00;6,25;10,5
08/03/2025 13:00;6,28;10,5
08/03/2025 14:00;6,76;10,5
08/03/2025 15:00;6,65;10,5
08/03/2025 16:00;6,87;11
08/03/2025 17:00;6,98;11
08/03/2025 18:00;7,24;11
08/03/2025 19:00;7,3;11
08/03/2025 20:00;3,77;10,5
08/03/2025 21:00;6;10,5
08/03/2025 22:00;7,04;10,5
08/03/2025 23:00;6,13;10,5
09/03/2025 00:00;6,76;11
09/03/2025 01:00;7,69;11
09/03/2025 02:00;6,81;12
09/03/2025 03:00;8,9;13,11
09/03/2025 04:00;9,24;14,22
09/03/2025 05:00;9,46;15,89
09/03/2025 06:00;9,03;15,33
09/03/2025 07:00;8,3;14,78
09/03/2025 08:00;8,82;14,22
09/03/2025 09:00;7,54;13,67
09/03/2025 10:00;7,15;13,11
09/03/2025 11:00;7,9;13,11
09/03/2025 12:00;5,68;12,55
09/03/2025 13:00;6,04;12,55
09/03/2025 14:00;6,08;12,55
09/03/2025 15:00;9,05;12,55
09/03/2025 16:00;13,16;15,89
09/03/2025 17:00;15,16;17
09/03/2025 18:00;15,75;17
09/03/2025 19:00;17,27;18,61
09/03/2025 20:00;5,39;17
09/03/2025 21:00;5,58;12,55
09/03/2025 22:00;7,24;12
09/03/2025 23:00;7,52;12,55
10/03/2025 00:00;7,68;13,11
10/03/2025 01:00;8,19;12,55
10/03/2025 02:00;7,08;13,11
10/03/2025 03:00;7,41;12,55
10/03/2025 04:00;6,55;12,55
10/03/2025 05:00;6;12
10/03/2025 06:00;6,47;12
10/03/2025 07:00;5,9;12
10/03/2025 08:00;8,74;12,55
10/03/2025 09:00;5,9;12
10/03/2025 10:00;6,67;7,63
10/03/2025 11:00;7,84;11
10/03/2025 12:00;6,44;11
10/03/2025 13:00;6,66;11
10/03/2025 14:00;6,53;11
10/03/2025 15:00;4,64;11
10/03/2025 16:00;1,87;10,5
10/03/2025 17:00;5,03;11
10/03/2025 18:00;7,53;15,33
10/03/2025 19:00;9,58;21,84
10/03/2025 20:00;9,95;18,61
10/03/2025 21:00;9;19,41
10/03/2025 22:00;6,34;14,78
10/03/2025 23:00;7,49;14,78
11/03/2025 00:00;2,21;25,06
11/03/2025 01:00;11,9;25,87
11/03/2025 02:00;12,91;21,84
11/03/2025 03:00;0,36;19,41
11/03/2025 04:00;11,79;19,41
11/03/2025 05:00;10,49;19,41
11/03/2025 06:00;8,27;19,41
11/03/2025 07:00;8,83;19,41
11/03/2025 08:00;8,18;23,45
11/03/2025 09:00;10,89;25,87
11/03/2025 10:00;2,7;10
11/03/2025 11:00;12,95;22,64
11/03/2025 12:00;2,67;18,61
11/03/2025 13:00;7,19;15,33
11/03/2025 14:00;5,58;14,22
11/03/2025 15:00;4,27;12,55
11/03/2025 16:00;5,33;11
11/03/2025 17:00;1,46;11
11/03/2025 18:00;11,19;12,55
11/03/2025 19:00;12,75;13,67
11/03/2025 20:00;36,5;25,06
11/03/2025 21:00;39,03;25,87
11/03/2025 22:00;25,72;20,22
11/03/2025 23:00;25,72;21,03
12/03/2025 00:00;13,22;14,22
12/03/2025 01:00;13,3;14,22
12/03/2025 02:00;9,57;11
12/03/2025 03:00;10,55;12
12/03/2025 04:00;11,97;12,55
12/03/2025 05:00;12,57;13,11
12/03/2025 06:00;13,3;13,11
12/03/2025 07:00;9,32;11
12/03/2025 08:00;16,07;14,22
12/03/2025 09:00;16,79;14,78
12/03/2025 10:00;16,19;14,22
12/03/2025 11:00;14,12;13,11
12/03/2025 12:00;17,77;14,78
12/03/2025 13:00;24,59;18,61
12/03/2025 14:00;26,32;19,41
12/03/2025 15:00;26,5;19,41
12/03/2025 16:00;3,9;10,5
12/03/2025 17:00;7,53;10,5
12/03/2025 18:00;6,22;11
12/03/2025 19:00;3,86;14,22
12/03/2025 20:00;3,91;14,78
12/03/2025 21:00;3,52;13,11
12/03/2025 22:00;7,24;12,55
12/03/2025 23:00;5,22;11
13/03/2025 00:00;3,54;11
13/03/2025 01:00;5,26;11
13/03/2025 02:00;2,72;10,5
13/03/2025 03:00;7,6;11
13/03/2025 04:00;4,62;10,5
13/03/2025 05:00;7,22;11
13/03/2025 06:00;6,08;11
13/03/2025 07:00;5,21;10,5
13/03/2025 08:00;6,7;10,5
13/03/2025 09:00;7,26;10,5
13/03/2025 10:00;6,14;10,5
13/03/2025 11:00;5;10,5
13/03/2025 12:00;4,42;10,5
13/03/2025 13:00;5,63;10,5
13/03/2025 14:00;4,72;4
13/03/2025 15:00;4,86;4
13/03/2025 16:00;6,43;11
13/03/2025 17:00;6,81;11
13/03/2025 18:00;5,25;10,5
13/03/2025 19:00;6,6;10,5
13/03/2025 20:00;6,04;10,5
13/03/2025 21:00;2,6;10,5
13/03/2025 22:00;5,49;10,5
13/03/2025 23:00;5,63;10,5
14/03/2025 00:00;6,03;10,5
14/03/2025 01:00;5,74;11
14/03/2025 02:00;7,19;10,5
14/03/2025 03:00;7,14;10,5
14/03/2025 04:00;7,58;10,5
14/03/2025 05:00;6,09;10,5
14/03/2025 06:00;5,69;11
14/03/2025 07:00;3,86;10,5
14/03/2025 08:00;6,99;10,5
14/03/2025 09:00;6,67;10,5
14/03/2025 10:00;7,47;10,5
14/03/2025 11:00;6,52;10,5
14/03/2025 12:00;6,3;10,5
14/03/2025 13:00;6,97;10,5
14/03/2025 14:00;6,95;10,5
14/03/2025 15:00;6,73;10,5
14/03/2025 16:00;6,38;10,5
14/03/2025 17:00;4,23;10,5
14/03/2025 18:00;6,3;10,5
14/03/2025 19:00;7,81;10,5
14/03/2025 20:00;4,93;10,5
14/03/2025 21:00;4,85;10,5
14/03/2025 22:00;5,55;10,5
14/03/2025 23:00;4,62;10,5
15/03/2025 00:00;6,41;10,5
15/03/2025 01:00;5,95;10,5
15/03/2025 02:00;7,04;10,5
15/03/2025 03:00;7,42;10,5
15/03/2025 04:00;7,76;10,5
15/03/2025 05:00;7,55;10,5
15/03/2025 06:00;7,88;10,5
15/03/2025 07:00;7,74;10,5
15/03/2025 08:00;4,41;10,5
15/03/2025 09:00;6,13;10
15/03/2025 10:00;6,01;10
15/03/2025 11:00;6,59;10
15/03/2025 12:00;5,58;10
15/03/2025 13:00;4,82;10
15/03/2025 14:00;4,91;10
15/03/2025 15:00;4,59;10
15/03/2025 16:00;4,17;10
15/03/2025 17:00;6,2;10
15/03/2025 18:00;4,96;10
15/03/2025 19:00;4,54;10,5
15/03/2025 20:00;6,57;10,5
15/03/2025 21:00;6,58;10,5
15/03/2025 22:00;6,64;10,5
15/03/2025 23:00;6,39;10
16/03/2025 00:00;6,36;10,5
16/03/2025 01:00;6,66;10
16/03/2025 02:00;6,61;10,5
16/03/2025 03:00;6,75;10,5
16/03/2025 04:00;6,32;10
16/03/2025 05:00;6,32;10
16/03/2025 06:00;6,31;10,5
16/03/2025 07:00;6,44;10
16/03/2025 08:00;6,15;10
16/03/2025 09:00;6,19;10
16/03/2025 10:00;6,14;10
16/03/2025 11:00;5,56;10
16/03/2025 12:00;4,67;10
16/03/2025 13:00;5,38;10
16/03/2025 14:00;6,02;10
16/03/2025 15:00;6,34;10
16/03/2025 16:00;6,03;10
16/03/2025 17:00;5,13;10
16/03/2025 18:00;4,96;10,5
16/03/2025 19:00;6,06;10
16/03/2025 20:00;4,65;10,5
16/03/2025 21:00;5,31;10,5
16/03/2025 22:00;4,71;10
16/03/2025 23:00;4,17;10,5
17/03/2025 00:00;6,57;10,5
17/03/2025 01:00;5,87;10
17/03/2025 02:00;5,87;10
17/03/2025 03:00;5,56;10
17/03/2025 04:00;5,73;10
17/03/2025 05:00;5,73;10
17/03/2025 06:00;5,65;10
17/03/2025 07:00;6,04;10
17/03/2025 08:00;3,96;10
17/03/2025 09:00;4,77;10
17/03/2025 10:00;6,11;10
17/03/2025 11:00;5,58;10
17/03/2025 12:00;6;10
17/03/2025 13:00;4,93;10
17/03/2025 14:00;5,58;10
17/03/2025 15:00;4,34;10
17/03/2025 16:00;4,21;10
17/03/2025 17:00;5,06;10
17/03/2025 18:00;4,97;10
17/03/2025 19:00;3,16;10
17/03/2025 20:00;4,97;10
17/03/2025 21:00;4,94;10
17/03/2025 22:00;4,12;10
17/03/2025 23:00;3,43;10
18/03/2025 00:00;3,09;10
18/03/2025 01:00;4,37;10
18/03/2025 02:00;6,05;10
18/03/2025 03:00;6,14;10
18/03/2025 04:00;5,95;10
18/03/2025 05:00;5,87;10
18/03/2025 06:00;5,58;10
18/03/2025 07:00;6,79;10
18/03/2025 08:00;2,92;10
18/03/2025 09:00;4,36;10
18/03/2025 10:00;3,6;10
18/03/2025 11:00;5,82;10
18/03/2025 12:00;5,86;10
18/03/2025 13:00;6,34;10,5
18/03/2025 14:00;5,84;10
18/03/2025 15:00;5,84;10
18/03/2025 16:00;6,2;10,5
18/03/2025 17:00;6,21;10,5
18/03/2025 18:00;4,14;10
18/03/2025 19:00;5,94;10
18/03/2025 20:00;5,84;10
18/03/2025 21:00;4,7;10
18/03/2025 22:00;3,71;10
18/03/2025 23:00;4,8;10
19/03/2025 00:00;6,04;10
19/03/2025 01:00;6,37;10,5
19/03/2025 02:00;5,89;10
19/03/2025 03:00;6,29;10,5
19/03/2025 04:00;6,31;10,5
19/03/2025 05:00;6,29;10,5
19/03/2025 06:00;1,66;10
19/03/2025 07:00;5;10
19/03/2025 08:00;4,65;10
19/03/2025 09:00;4,55;10
19/03/2025 10:00;3,15;6,5
19/03/2025 11:00;3,25;9,5
19/03/2025 12:00;6,17;10
19/03/2025 13:00;5,91;10
19/03/2025 14:00;5,83;10,5
19/03/2025 15:00;5,85;10
19/03/2025 16:00;5,9;10
19/03/2025 17:00;6,32;10,5
19/03/2025 18:00;6,08;10,5
19/03/2025 19:00;7,05;10
19/03/2025 20:00;7,37;10,5
19/03/2025 21:00;3,83;10
19/03/2025 22:00;3,96;10
19/03/2025 23:00;3,97;10
20/03/2025 00:00;5,05;10
20/03/2025 01:00;4,22;10
20/03/2025 02:00;5,53;10
20/03/2025 03:00;4,31;10
20/03/2025 04:00;4,35;10
20/03/2025 05:00;6,21;10
20/03/2025 06:00;6,05;10
20/03/2025 07:00;4,43;10
20/03/2025 08:00;3,28;10
20/03/2025 09:00;3,66;10
20/03/2025 10:00;3,32;10
20/03/2025 11:00;4,67;9,5
20/03/2025 12:00;6,08;10
20/03/2025 13:00;0,54;4
20/03/2025 14:00;1,75;4
20/03/2025 15:00;3,23;4
20/03/2025 16:00;1,69;4
20/03/2025 17:00;3,6;9,5
20/03/2025 18:00;2,04;9,5
20/03/2025 19:00;7,01;10
20/03/2025 20:00;6,73;10
20/03/2025 21:00;6,1;10
20/03/2025 22:00;0,37;10
20/03/2025 23:00;3,27;10
21/03/2025 00:00;4,52;10
21/03/2025 01:00;6,04;10
21/03/2025 02:00;6,29;10
21/03/2025 03:00;6,1;10,5
21/03/2025 04:00;6,44;10,5
21/03/2025 05:00;6,38;10,5
21/03/2025 06:00;0,29;11
21/03/2025 07:00;6,51;12,55
21/03/2025 08:00;8,82;13,67
21/03/2025 09:00;10,81;15,89
21/03/2025 10:00;11,08;12,55
21/03/2025 11:00;4,58;8
21/03/2025 12:00;11,93;8
21/03/2025 13:00;15,38;12,55
21/03/2025 14:00;14,67;12,55
21/03/2025 15:00;14,74;12
21/03/2025 16:00;11,19;10
21/03/2025 17:00;11,58;10,5
21/03/2025 18:00;13,52;25,06
21/03/2025 19:00;19,54;25,06
21/03/2025 20:00;19,57;25,06
21/03/2025 21:00;7,88;22,64
21/03/2025 22:00;11,05;21,84
21/03/2025 23:00;14,99;21,84
22/03/2025 00:00;10,71;21,03
22/03/2025 01:00;13,26;21,03
22/03/2025 02:00;12,98;21,03
22/03/2025 03:00;13,19;20,22
22/03/2025 04:00;12,86;20,22
22/03/2025 05:00;13,02;20,22
22/03/2025 06:00;13,95;21,03
22/03/2025 07:00;13,97;22,64
22/03/2025 08:00;14,35;23,45
22/03/2025 09:00;13,75;23,45
22/03/2025 10:00;13,72;23,45
22/03/2025 11:00;12,75;22,64
22/03/2025 12:00;12,25;21,84
22/03/2025 13:00;10,7;21,84
22/03/2025 14:00;13,33;21,84
22/03/2025 15:00;13,12;21,03
22/03/2025 16:00;11,48;21,03
22/03/2025 17:00;13,45;20,22
22/03/2025 18:00;12,49;20,22
22/03/2025 19:00;22,55;22,64
22/03/2025 20:00;10,32;23,45
22/03/2025 21:00;13,22;25,87
22/03/2025 22:00;13,96;25,06
22/03/2025 23:00;13,35;25,06
23/03/2025 00:00;13,89;25,06
23/03/2025 01:00;13,75;21,84
23/03/2025 02:00;13,57;19,41
23/03/2025 03:00;10,8;17
23/03/2025 04:00;11,28;17
23/03/2025 05:00;11,53;16,45
23/03/2025 06:00;10,55;16,45
23/03/2025 07:00;12,2;16,45
23/03/2025 08:00;10,63;16,45
23/03/2025 09:00;7,69;16,45
23/03/2025 10:00;11,91;16,45
23/03/2025 11:00;8,34;15,89
23/03/2025 12:00;10,71;15,89
23/03/2025 13:00;9,72;15,89
23/03/2025 14:00;10,13;15,33
23/03/2025 15:00;5,13;15,33
23/03/2025 16:00;8,79;15,33
23/03/2025 17:00;11,03;15,33
23/03/2025 18:00;10,1;15,33
23/03/2025 19:00;11,72;15,33
23/03/2025 20:00;18,33;18,61
23/03/2025 21:00;19,59;21,03
23/03/2025 22:00;19,44;21,03
23/03/2025 23:00;19,43;21,03
24/03/2025 00:00;12,85;20,22
24/03/2025 01:00;11,21;19,41
24/03/2025 02:00;11,48;17,8
24/03/2025 03:00;10,71;15,89
24/03/2025 04:00;10,83;14,78
24/03/2025 05:00;10,96;14,78
24/03/2025 06:00;10,8;14,78
24/03/2025 07:00;11,25;14,78
24/03/2025 08:00;14,58;15,89
24/03/2025 09:00;9,96;9,5
24/03/2025 10:00;5,24;9,5
24/03/2025 11:00;5,55;13,67
24/03/2025 12:00;6,16;13,11
24/03/2025 13:00;5,75;13,11
24/03/2025 14:00;5,75;13,11
24/03/2025 15:00;6,81;13,11
24/03/2025 16:00;6,57;13,11
24/03/2025 17:00;7,1;13,11
24/03/2025 18:00;5,42;13,11
24/03/2025 19:00;13,57;15,33
24/03/2025 20:00;12,59;14,78
24/03/2025 21:00;4,44;13,67
24/03/2025 22:00;2,56;13,67
24/03/2025 23:00;13,28;15,89
25/03/2025 00:00;5,61;13,67
25/03/2025 01:00;7,56;13,67
25/03/2025 02:00;7,32;13,67
25/03/2025 03:00;7,08;13,11
25/03/2025 04:00;6,68;13,67
25/03/2025 05:00;7,46;13,11
25/03/2025 06:00;6,92;13,11
25/03/2025 07:00;5,26;13,11
25/03/2025 08:00;6,32;13,11
25/03/2025 09:00;5,81;13,11
25/03/2025 10:00;5,29;11
25/03/2025 11:00;6,19;12
25/03/2025 12:00;5,59;13,11
25/03/2025 13:00;4,69;13,11
25/03/2025 14:00;5,83;13,11
25/03/2025 15:00;4,64;13,11
25/03/2025 16:00;6,54;13,11
25/03/2025 17:00;6,65;13,67
25/03/2025 18:00;6,32;13,11
25/03/2025 19:00;5,58;13,11
25/03/2025 20:00;10,02;13,11
25/03/2025 21:00;13,17;15,33
25/03/2025 22:00;12,75;14,78
25/03/2025 23:00;4,83;13,11
26/03/2025 00:00;6,63;13,11
26/03/2025 01:00;6,23;13,11
26/03/2025 02:00;6,57;13,11
26/03/2025 03:00;6,94;13,11
26/03/2025 04:00;5,89;13,11
26/03/2025 05:00;6,15;13,11
26/03/2025 06:00;7,26;13,11
26/03/2025 07:00;12,53;14,22
26/03/2025 08:00;12,37;14,78
26/03/2025 09:00;3,83;13,11
26/03/2025 10:00;5,62;12
26/03/2025 11:00;5,45;12,55
26/03/2025 12:00;5,96;12,55
26/03/2025 13:00;6,08;12,55
26/03/2025 14:00;1,76;4
26/03/2025 15:00;3,3;4
26/03/2025 16:00;1,58;12,55
26/03/2025 17:00;5,69;13,11
26/03/2025 18:00;6,97;12,55
26/03/2025 19:00;13,03;13,67
26/03/2025 20:00;12,2;14,22
26/03/2025 21:00;12,32;14,22
26/03/2025 22:00;12,03;13,67
26/03/2025 23:00;1,44;12,55
27/03/2025 00:00;8,09;12,55
27/03/2025 01:00;4,55;13,11
27/03/2025 02:00;6,56;12,55
27/03/2025 03:00;7,68;12,55
27/03/2025 04:00;8,35;12,55
27/03/2025 05:00;8,35;12,55
27/03/2025 06:00;7,16;12,55
27/03/2025 07:00;13,13;13,67
27/03/2025 08:00;4,57;12,55
27/03/2025 09:00;5,26;7,63
27/03/2025 10:00;3,21;7,63
27/03/2025 11:00;5,23;8
27/03/2025 12:00;4,52;10
27/03/2025 13:00;3,96;11
27/03/2025 14:00;4,84;7,63
27/03/2025 15:00;5,86;7,25
27/03/2025 16:00;6,55;7,63
27/03/2025 17:00;4,57;12
27/03/2025 18:00;7,57;12,55
27/03/2025 19:00;4,99;12,55
27/03/2025 20:00;9,02;12,55
27/03/2025 21:00;11,59;13,67
27/03/2025 22:00;8,26;12,55
27/03/2025 23:00;10,98;13,11
28/03/2025 00:00;4,17;12,55
28/03/2025 01:00;7;12,55
28/03/2025 02:00;7,09;12,55
28/03/2025 03:00;7;12,55
28/03/2025 04:00;7,28;12
28/03/2025 05:00;7,39;12,55
28/03/2025 06:00;7,01;12
28/03/2025 07:00;7,15;12,55
28/03/2025 08:00;5,27;12,55
28/03/2025 09:00;7,43;12,55
28/03/2025 10:00;6,84;12,55
28/03/2025 11:00;7;12,55
28/03/2025 12:00;7,52;12,55
28/03/2025 13:00;5,95;12,55
28/03/2025 14:00;5,34;12,55
28/03/2025 15:00;6,74;12
28/03/2025 16:00;7,37;12
28/03/2025 17:00;8,62;12,55
28/03/2025 18:00;8,66;12,55
28/03/2025 19:00;8,68;12,55
28/03/2025 20:00;8,68;12,55
28/03/2025 21:00;8,7;12,55
28/03/2025 22:00;8,14;12,55
28/03/2025 23:00;7,77;12,55
29/03/2025 00:00;7,92;12,55
29/03/2025 01:00;7,87;12,55
29/03/2025 02:00;8,34;13,11
29/03/2025 03:00;8,63;13,11
29/03/2025 04:00;8,83;13,11
29/03/2025 05:00;8,47;13,67
29/03/2025 06:00;7,95;13,11
29/03/2025 07:00;8,14;13,11
29/03/2025 08:00;8,31;13,11
29/03/2025 09:00;8,29;13,11
29/03/2025 10:00;8,35;13,11
29/03/2025 11:00;7,95;13,11
29/03/2025 12:00;7,85;13,11
29/03/2025 13:00;7,84;13,11
29/03/2025 14:00;8,19;13,11
29/03/2025 15:00;8,2;13,11
29/03/2025 16:00;8,14;13,11
29/03/2025 17:00;8,06;13,11
29/03/2025 18:00;5,3;12,55
29/03/2025 19:00;9,98;12,55
29/03/2025 20:00;3,84;12,55
29/03/2025 21:00;7,55;12,55
29/03/2025 22:00;5,91;12,55
29/03/2025 23:00;7,28;12,55
30/03/2025 00:00;7,84;12,55
30/03/2025 01:00;7,88;12,55
30/03/2025 03:00;8,06;12,55
30/03/2025 04:00;7,95;12,55
30/03/2025 05:00;8,06;12,55
30/03/2025 06:00;7,97;12,55
30/03/2025 07:00;7,84;12,55
30/03/2025 08:00;7,62;12,55
30/03/2025 09:00;2,62;12,55
30/03/2025 10:00;7,52;12,55
30/03/2025 11:00;5,36;12,55
30/03/2025 12:00;7,31;12,55
30/03/2025 13:00;7,92;12,55
30/03/2025 14:00;7,72;12,55
30/03/2025 15:00;7,81;12,55
30/03/2025 16:00;7,92;12,55
30/03/2025 17:00;7,87;12,55
30/03/2025 18:00;8,37;13,11
30/03/2025 19:00;7,82;13,11
30/03/2025 20:00;7,87;13,11
30/03/2025 21:00;8,46;13,11
30/03/2025 22:00;8,07;12,55
30/03/2025 23:00;7,96;12,55
31/03/2025 00:00;7,9;12,55
31/03/2025 01:00;2,26;12,55
31/03/2025 02:00;9,14;12,55
31/03/2025 03:00;7,11;12,55
31/03/2025 04:00;7,42;12,55
31/03/2025 05:00;7,75;12,55
31/03/2025 06:00;3,54;12,55
31/03/2025 07:00;9,86;13,11
31/03/2025 08:00;12,06;13,67
31/03/2025 09:00;2,22;12
31/03/2025 10:00;4,87;12
31/03/2025 11:00;5,36;12
31/03/2025 12:00;7,27;12
31/03/2025 13:00;5,04;12
31/03/2025 14:00;6,63;12
31/03/2025 15:00;1,49;12
31/03/2025 16:00;2,33;12
31/03/2025 17:00;4,52;12
31/03/2025 18:00;3,51;12
31/03/2025 19:00;7,61;12
31/03/2025 20:00;6,65;12,55
31/03/2025 21:00;10,38;12,55
31/03/2025 22:00;10,08;13,11
31/03/2025 23:00;5,05;12
01/04/2025 00:00;5,93;12
01/04/2025 01:00;7,08;12
01/04/2025 02:00;6,08;12
01/04/2025 03:00;5,29;12
01/04/2025 04:00;4,95;12
01/04/2025 05:00;5,03;12
01/04/2025 06:00;6,25;12
01/04/2025 07:00;7,49;12,55
01/04/2025 08:00;5,67;12
01/04/2025 09:00;1,16;12,55
01/04/2025 10:00;4,54;12,55
01/04/2025 11:00;10,23;17
01/04/2025 12:00;17,07;17,8
01/04/2025 13:00;16,54;15,33
01/04/2025 14:00;9,6;4,67
01/04/2025 15:00;10,76;6,88
01/04/2025 16:00;2,53;12
01/04/2025 17:00;5,34;12
01/04/2025 18:00;3,08;12
01/04/2025 19:00;5,4;12
01/04/2025 20:00;6,16;12
01/04/2025 21:00;4,49;12
01/04/2025 22:00;5,71;12,55
01/04/2025 23:00;5,92;12
02/04/2025 00:00;6,56;12
02/04/2025 01:00;7,01;12,55
02/04/2025 02:00;6,37;12,55
02/04/2025 03:00;5,4;12,55
02/04/2025 04:00;7,37;12,55
02/04/2025 05:00;7,26;12,55
02/04/2025 06:00;7,35;12,55
02/04/2025 07:00;7,08;12,55
02/04/2025 08:00;4,05;12,55
02/04/2025 09:00;7,46;12
02/04/2025 10:00;11,42;7,25
02/04/2025 11:00;6,19;5
02/04/2025 12:00;6,19;5
02/04/2025 13:00;9,71;6,13
02/04/2025 14:00;7,83;6,5
02/04/2025 15:00;6,16;5
02/04/2025 16:00;9,21;9,5
02/04/2025 17:00;6,76;12,55
02/04/2025 18:00;8,22;12,55
02/04/2025 19:00;2,03;12
02/04/2025 20:00;6,81;12
02/04/2025 21:00;7,81;12
02/04/2025 22:00;7;12
02/04/2025 23:00;6,63;12,55
03/04/2025 00:00;7,52;12,55
03/04/2025 01:00;6,6;12,55
03/04/2025 02:00;4,44;12,55
03/04/2025 03:00;7,44;12,55
03/04/2025 04:00;8,33;13,11
03/04/2025 05:00;7,37;13,11
03/04/2025 06:00;7,67;13,11
03/04/2025 07:00;6,79;12,55
03/04/2025 08:00;12,98;13,67
03/04/2025 09:00;12,46;14,22
03/04/2025 10:00;24,88;25,06
03/04/2025 11:00;24,89;25,06
03/04/2025 12:00;24,87;25,06
03/04/2025 13:00;14,07;19,41
03/04/2025 14:00;9,47;15,89
03/04/2025 15:00;0,13;12
03/04/2025 16:00;5,46;12
03/04/2025 17:00;4,85;12
03/04/2025 18:00;6,52;12
03/04/2025 19:00;6,13;12
03/04/2025 20:00;9,96;12,55
03/04/2025 21:00;4,58;12
03/04/2025 22:00;6,99;12
03/04/2025 23:00;5,38;12,55
04/04/2025 00:00;5,89;12
04/04/2025 01:00;6,56;12
04/04/2025 02:00;5,95;12
04/04/2025 03:00;5,53;12
04/04/2025 04:00;6,74;12
04/04/2025 05:00;5,68;12
04/04/2025 06:00;7,04;12
04/04/2025 07:00;8,77;12,55
04/04/2025 08:00;9,32;12,55
04/04/2025 09:00;10,24;13,11
04/04/2025 10:00;5,12;8
04/04/2025 11:00;5,7;12
04/04/2025 12:00;4,78;12
04/04/2025 13:00;1,61;12
04/04/2025 14:00;5,84;12
04/04/2025 15:00;3,89;12
04/04/2025 16:00;5,08;12
04/04/2025 17:00;2,45;12,55
04/04/2025 18:00;4,78;12,55
04/04/2025 19:00;7,82;13,11
04/04/2025 20:00;5,6;12,55
04/04/2025 21:00;7,52;12,55
04/04/2025 22:00;4,75;13,11
04/04/2025 23:00;7,3;13,11
05/04/2025 00:00;7,65;13,11
05/04/2025 01:00;5,82;13,11
05/04/2025 02:00;6,07;13,11
05/04/2025 03:00;6,46;12,55
05/04/2025 04:00;5,36;13,11
05/04/2025 05:00;7,2;13,11
05/04/2025 06:00;6,02;13,11
05/04/2025 07:00;6,83;13,11
05/04/2025 08:00;6,72;13,11
05/04/2025 09:00;6,51;13,11
05/04/2025 10:00;6,16;13,11
05/04/2025 11:00;24,67;21,03
05/04/2025 12:00;24,44;21,03
05/04/2025 13:00;24,53;21,03
05/04/2025 14:00;24,5;21,03
05/04/2025 15:00;24,51;21,03
05/04/2025 16:00;13,89;14,78
05/04/2025 17:00;7,86;13,11
05/04/2025 18:00;0,6;12,55
05/04/2025 19:00;6,71;13,11
05/04/2025 20:00;6,92;13,11
05/04/2025 21:00;7,13;13,11
05/04/2025 22:00;6,81;13,11
05/04/2025 23:00;6,61;13,11
06/04/2025 00:00;6,86;13,11
06/04/2025 01:00;5,78;13,11
06/04/2025 02:00;6,88;13,11
06/04/2025 03:00;6,69;13,11
06/04/2025 04:00;6,76;13,11
06/04/2025 05:00;7,42;13,11
06/04/2025 06:00;6,23;13,11
06/04/2025 07:00;6,21;13,11
06/04/2025 08:00;6,86;13,11
06/04/2025 09:00;12,5;15,33
06/04/2025 10:00;26,5;21,84
06/04/2025 11:00;36,33;26,68
06/04/2025 12:00;39,35;28,29
06/04/2025 13:00;39,1;28,29
06/04/2025 14:00;27,72;22,64
06/04/2025 15:00;25,1;21,03
06/04/2025 16:00;26,18;21,84
06/04/2025 17:00;8,92;13,67
06/04/2025 18:00;0,23;13,11
06/04/2025 19:00;6,52;13,11
06/04/2025 20:00;7,18;13,11
06/04/2025 21:00;6,19;13,11
06/04/2025 22:00;7,53;13,11
06/04/2025 23:00;8,38;13,67
07/04/2025 00:00;6,13;13,11
07/04/2025 01:00;5,71;13,11
07/04/2025 02:00;8,71;13,67
07/04/2025 03:00;8,34;13,67
07/04/2025 04:00;8,81;13,67
07/04/2025 05:00;9,21;13,67
07/04/2025 06:00;8,75;13,67
07/04/2025 07:00;10,26;14,22
07/04/2025 08:00;6,21;13,67
07/04/2025 09:00;14;15,33
07/04/2025 10:00;5,23;13,11
07/04/2025 11:00;4,99;8,5
07/04/2025 12:00;5,62;13,11
07/04/2025 13:00;7,13;13,11
07/04/2025 14:00;4,21;12,55
07/04/2025 15:00;3,56;12,55
07/04/2025 16:00;4,24;13,11
07/04/2025 17:00;5,62;13,11
07/04/2025 18:00;1,25;13,11
07/04/2025 19:00;7,4;13,11
07/04/2025 20:00;6,55;13,67
07/04/2025 21:00;10,54;13,67
07/04/2025 22:00;1,51;13,67
07/04/2025 23:00;7,5;13,67
08/04/2025 00:00;8,3;13,67
08/04/2025 01:00;8,47;14,78
08/04/2025 02:00;7,79;14,22
08/04/2025 03:00;8,88;14,22
08/04/2025 04:00;8,28;15,89
08/04/2025 05:00;8,64;16,45
08/04/2025 06:00;8,88;16,45
08/04/2025 07:00;9,51;15,89
08/04/2025 08:00;10,5;16,45
08/04/2025 09:00;9,41;17
08/04/2025 10:00;5,59;15,89
08/04/2025 11:00;8,14;15,89
08/04/2025 12:00;8,43;15,33
08/04/2025 13:00;4,98;15,33
08/04/2025 14:00;8,08;15,89
08/04/2025 15:00;4,06;15,89
08/04/2025 16:00;4,23;15,33
08/04/2025 17:00;6,57;15,89
08/04/2025 18:00;5,64;15,89
08/04/2025 19:00;18,66;18,61
08/04/2025 20:00;19,04;21,03
08/04/2025 21:00;19,3;21,03
08/04/2025 22:00;19,74;21,84
08/04/2025 23:00;19,93;21,84
09/04/2025 00:00;7,71;17,8
09/04/2025 01:00;19,7;17,8
09/04/2025 02:00;19,85;17,8
09/04/2025 03:00;11,35;17
09/04/2025 04:00;10,15;17
09/04/2025 05:00;9,9;17
09/04/2025 06:00;11,27;17
09/04/2025 07:00;10,81;17
09/04/2025 08:00;10,84;17
09/04/2025 09:00;9,12;17
09/04/2025 10:00;6,56;12
09/04/2025 11:00;7,57;16,45
09/04/2025 12:00;9,13;17,8
09/04/2025 13:00;8,29;16,45
09/04/2025 14:00;4,69;15,89
09/04/2025 15:00;4,12;15,89
09/04/2025 16:00;5,24;15,89
09/04/2025 17:00;7,05;15,89
09/04/2025 18:00;8,31;15,89
09/04/2025 19:00;7,78;15,89
09/04/2025 20:00;8,19;16,45
09/04/2025 21:00;8,09;16,45
09/04/2025 22:00;8,22;17
09/04/2025 23:00;8,62;17,8
10/04/2025 00:00;7,92;17,8
10/04/2025 01:00;8,72;18,61
10/04/2025 02:00;8,59;18,61
10/04/2025 03:00;8,2;17,8
10/04/2025 04:00;9,62;17,8
10/04/2025 05:00;8,25;17,8
10/04/2025 06:00;8,42;17,8
10/04/2025 07:00;9,37;17,8
10/04/2025 08:00;9,82;17,8
10/04/2025 09:00;8,41;17,8
10/04/2025 10:00;8,93;17,8
10/04/2025 11:00;7,73;17
10/04/2025 12:00;7,08;14,78
10/04/2025 13:00;7,32;14,22
10/04/2025 14:00;4,32;4
10/04/2025 15:00;5,87;4
10/04/2025 16:00;7,37;13,67
10/04/2025 17:00;8,03;14,22
10/04/2025 18:00;5,84;14,22
10/04/2025 19:00;8,54;14,22
10/04/2025 20:00;7,85;14,22
10/04/2025 21:00;8,81;14,22
10/04/2025 22:00;8,9;14,22
10/04/2025 23:00;8,05;14,22
11/04/2025 00:00;7,84;14,22
11/04/2025 01:00;8,22;14,22
11/04/2025 02:00;9,58;17,8
11/04/2025 03:00;8,05;17,8
11/04/2025 04:00;9,12;17,8
11/04/2025 05:00;10,65;17,8
11/04/2025 06:00;10,12;18,61
11/04/2025 07:00;9,21;17,8
11/04/2025 08:00;12,98;18,61
11/04/2025 09:00;18,49;21,03
11/04/2025 10:00;5,63;12,55
11/04/2025 11:00;8,2;17
11/04/2025 12:00;8,91;17
11/04/2025 13:00;7,36;17
11/04/2025 14:00;9,15;16,45
11/04/2025 15:00;7,89;16,45
11/04/2025 16:00;9,31;15,89
11/04/2025 17:00;8,59;16,45
11/04/2025 18:00;8,13;16,45
11/04/2025 19:00;8,88;16,45
11/04/2025 20:00;8,87;16,45
11/04/2025 21:00;9,55;16,45
11/04/2025 22:00;8,99;16,45
11/04/2025 23:00;8,66;14,78
12/04/2025 00:00;9,46;14,22
12/04/2025 01:00;8,91;14,22
12/04/2025 02:00;9,06;14,22
12/04/2025 03:00;9,06;14,22
12/04/2025 04:00;8,99;14,22
12/04/2025 05:00;8,09;14,22
12/04/2025 06:00;8,54;14,22
12/04/2025 07:00;8,66;14,22
12/04/2025 08:00;8,79;17
12/04/2025 09:00;8,52;17
12/04/2025 10:00;9,45;17
12/04/2025 11:00;8,1;17
12/04/2025 12:00;8,43;16,45
12/04/2025 13:00;6,65;16,45
12/04/2025 14:00;6,72;16,45
12/04/2025 15:00;9,41;17
12/04/2025 16:00;8,53;16,45
12/04/2025 17:00;7,58;15,33
12/04/2025 18:00;8,98;14,78
12/04/2025 19:00;8,78;14,78
12/04/2025 20:00;8,54;14,78
12/04/2025 21:00;9,39;15,33
12/04/2025 22:00;8,25;14,78
12/04/2025 23:00;9,3;14,78
13/04/2025 00:00;8,75;14,78
13/04/2025 01:00;9,12;15,33
13/04/2025 02:00;8,24;15,89
13/04/2025 03:00;8,68;15,89
13/04/2025 04:00;9,67;17
13/04/2025 05:00;8,6;15,89
13/04/2025 06:00;8,19;15,33
13/04/2025 07:00;8,64;15,33
13/04/2025 08:00;7,43;15,33
13/04/2025 09:00;7,12;15,33
13/04/2025 10:00;10,19;15,33
13/04/2025 11:00;30,71;25,06
13/04/2025 12:00;37,08;28,29
13/04/2025 13:00;36,22;27,48
13/04/2025 14:00;16,28;15,89
13/04/2025 15:00;3,47;14,78
13/04/2025 16:00;7,29;15,33
13/04/2025 17:00;8,79;15,33
13/04/2025 18:00;8,14;15,33
13/04/2025 19:00;9,35;15,33
13/04/2025 20:00;8,56;15,33
13/04/2025 21:00;7,94;15,33
13/04/2025 22:00;8,62;15,33
13/04/2025 23:00;9,5;15,89
14/04/2025 00:00;8,96;15,33
14/04/2025 01:00;9,05;15,33
14/04/2025 02:00;9,22;15,89
14/04/2025 03:00;9,98;20,22
14/04/2025 04:00;10,53;21,03
14/04/2025 05:00;8,25;21,03
14/04/2025 06:00;10,1;21,03
14/04/2025 07:00;9,26;21,03
14/04/2025 08:00;9,58;21,03
14/04/2025 09:00;10,17;21,03
14/04/2025 10:00;9,71;21,03
14/04/2025 11:00;9,25;20,22
14/04/2025 12:00;8,61;20,22
14/04/2025 13:00;9,09;20,22
14/04/2025 14:00;6,17;19,41
14/04/2025 15:00;8,61;19,41
14/04/2025 16:00;8,06;19,41
14/04/2025 17:00;9,32;20,22
14/04/2025 18:00;10,21;20,22
14/04/2025 19:00;9,98;21,84
14/04/2025 20:00;11,15;21,84
14/04/2025 21:00;11,85;22,64
14/04/2025 22:00;11,15;23,45
14/04/2025 23:00;11,87;22,64
15/04/2025 00:00;12;22,64
15/04/2025 01:00;11,98;22,64
15/04/2025 02:00;10,8;22,64
15/04/2025 03:00;11,59;21,84
15/04/2025 04:00;11,05;21,84
15/04/2025 05:00;10,59;21,84
15/04/2025 06:00;9,85;21,84
15/04/2025 07:00;10,15;21,84
15/04/2025 08:00;10,29;21,84
15/04/2025 09:00;10,37;21,84
15/04/2025 10:00;9,46;15,33
15/04/2025 11:00;9,57;21,03
15/04/2025 12:00;10,17;21,03
15/04/2025 13:00;10,6;21,84
15/04/2025 14:00;10,3;21,84
15/04/2025 15:00;10,24;21,84
15/04/2025 16:00;9,94;21,84
15/04/2025 17:00;11,82;21,84
15/04/2025 18:00;11,08;21,84
15/04/2025 19:00;9,81;21,84
15/04/2025 20:00;9,86;21,84
15/04/2025 21:00;10,69;22,64
15/04/2025 22:00;10,54;21,84
15/04/2025 23:00;10,51;21,84
16/04/2025 00:00;9,78;21,84
16/04/2025 01:00;9,93;21,03
16/04/2025 02:00;8,55;19,41
16/04/2025 03:00;10,09;17
16/04/2025 04:00;9,67;17
16/04/2025 05:00;9,09;20,22
16/04/2025 06:00;10,37;20,22
16/04/2025 07:00;10,01;20,22
16/04/2025 08:00;6,91;19,41
16/04/2025 09:00;10,71;19,41
16/04/2025 10:00;4,67;20,22
16/04/2025 11:00;7,87;19,41
16/04/2025 12:00;9,24;17,8
16/04/2025 13:00;8,52;16,45
16/04/2025 14:00;7,36;15,89
16/04/2025 15:00;7,69;15,89
16/04/2025 16:00;7,29;15,89
16/04/2025 17:00;7,95;15,89
16/04/2025 18:00;8,15;15,89
16/04/2025 19:00;8,24;15,33
16/04/2025 20:00;7,95;15,89
16/04/2025 21:00;7,09;15,33
16/04/2025 22:00;7,97;15,89
16/04/2025 23:00;8,63;15,89
17/04/2025 00:00;8,34;15,89
17/04/2025 01:00;7,96;15,33
17/04/2025 02:00;7,53;15,33
17/04/2025 03:00;7,76;15,33
17/04/2025 04:00;8,39;15,33
17/04/2025 05:00;8,64;14,78
17/04/2025 06:00;8,13;14,78
17/04/2025 07:00;9,71;14,78
17/04/2025 08:00;8,47;14,78
17/04/2025 09:00;7,56;14,78
17/04/2025 10:00;7,73;14,78
17/04/2025 11:00;7,58;14,78
17/04/2025 12:00;8,24;14,78
17/04/2025 13:00;7,76;14,78
17/04/2025 14:00;5,85;14,78
17/04/2025 15:00;4,37;14,78
17/04/2025 16:00;4,14;14,78
17/04/2025 17:00;6,55;14,78
17/04/2025 18:00;5,62;14,78
17/04/2025 19:00;7,46;14,78
17/04/2025 20:00;7,2;14,78
17/04/2025 21:00;8,12;14,78
17/04/2025 22:00;8,13;14,78
17/04/2025 23:00;8,08;14,78
18/04/2025 00:00;8,62;14,78
18/04/2025 01:00;8,37;14,78
18/04/2025 02:00;7,75;14,22
18/04/2025 03:00;8;14,22
18/04/2025 04:00;7,98;14,78
18/04/2025 05:00;9,78;14,78
18/04/2025 06:00;8,56;14,22
18/04/2025 07:00;7,75;14,22
18/04/2025 08:00;7,53;14,22
18/04/2025 09:00;9,33;14,22
18/04/2025 10:00;8,24;14,22
18/04/2025 11:00;0,73;14,22
18/04/2025 12:00;6;14,22
18/04/2025 13:00;4,71;14,22
18/04/2025 14:00;3,73;14,22
18/04/2025 15:00;3,08;14,22
18/04/2025 16:00;4,92;14,22
18/04/2025 17:00;6,71;14,22
18/04/2025 18:00;7,25;14,78
18/04/2025 19:00;6,28;14,22
18/04/2025 20:00;0,23;14,22
18/04/2025 21:00;6,05;14,22
18/04/2025 22:00;6,45;14,22
18/04/2025 23:00;6,84;14,22
19/04/2025 00:00;7,89;14,22
19/04/2025 01:00;7,92;14,78
19/04/2025 02:00;8,1;14,78
19/04/2025 03:00;8,18;15,33
19/04/2025 04:00;8,6;16,45
19/04/2025 05:00;8,03;16,45
19/04/2025 06:00;7,82;17
19/04/2025 07:00;7,44;16,45
19/04/2025 08:00;8,12;15,89
19/04/2025 09:00;8,54;15,89
19/04/2025 10:00;9,13;15,89
19/04/2025 11:00;8,36;15,89
19/04/2025 12:00;8,54;15,89
19/04/2025 13:00;8,45;15,89
19/04/2025 14:00;9,12;16,45
19/04/2025 15:00;9,52;17
19/04/2025 16:00;8,62;17,8
19/04/2025 17:00;9,3;17,8
19/04/2025 18:00;8,99;17
19/04/2025 19:00;8,22;17
19/04/2025 20:00;8,89;17
19/04/2025 21:00;8,33;17
19/04/2025 22:00;8,98;16,45
19/04/2025 23:00;9,25;16,45
20/04/2025 00:00;9,07;17
20/04/2025 01:00;9,06;16,45
20/04/2025 02:00;12,21;22,64
20/04/2025 03:00;10,16;21,03
20/04/2025 04:00;9,87;20,22
20/04/2025 05:00;10,99;17,8
20/04/2025 06:00;9,63;17
20/04/2025 07:00;9,27;17
20/04/2025 08:00;8,76;16,45
20/04/2025 09:00;10,1;16,45
20/04/2025 10:00;8,76;16,45
20/04/2025 11:00;8,28;15,89
20/04/2025 12:00;8,33;15,89
20/04/2025 13:00;8,15;15,89
20/04/2025 14:00;7,6;15,33
20/04/2025 15:00;5,58;15,33
20/04/2025 16:00;6,69;15,33
20/04/2025 17:00;8,79;15,33
20/04/2025 18:00;7,65;15,33
20/04/2025 19:00;8,76;15,33
20/04/2025 20:00;8,39;15,33
20/04/2025 21:00;7,85;15,89
20/04/2025 22:00;9,27;15,89
20/04/2025 23:00;7,8;15,89
21/04/2025 00:00;8,96;15,89
21/04/2025 01:00;8,88;15,89
21/04/2025 02:00;8,66;16,45
21/04/2025 03:00;9,06;15,89
21/04/2025 04:00;10,11;16,45
21/04/2025 05:00;10,19;16,45
21/04/2025 06:00;7,89;16,45
21/04/2025 07:00;9,02;15,89
21/04/2025 08:00;8,24;15,33
21/04/2025 09:00;7,48;15,33
21/04/2025 10:00;9,4;15,33
21/04/2025 11:00;7,66;15,33
21/04/2025 12:00;7,31;15,33
21/04/2025 13:00;7,77;15,33
21/04/2025 14:00;5,92;15,33
21/04/2025 15:00;5,92;15,33
21/04/2025 16:00;5,9;15,33
21/04/2025 17:00;6,62;15,33
21/04/2025 18:00;7,48;14,78
21/04/2025 19:00;7,22;15,33
21/04/2025 20:00;7,44;14,78
21/04/2025 21:00;7,31;15,33
21/04/2025 22:00;8,28;14,78
21/04/2025 23:00;8,74;15,33
22/04/2025 00:00;9,75;15,33
22/04/2025 01:00;8,67;14,78
22/04/2025 02:00;8,17;15,33
22/04/2025 03:00;9,93;15,33
22/04/2025 04:00;8,62;17
22/04/2025 05:00;9,5;17,8
22/04/2025 06:00;10,74;17,8
22/04/2025 07:00;10,62;17,8
22/04/2025 08:00;9,35;17,8
22/04/2025 09:00;8,53;13,11
22/04/2025 10:00;8,32;15,89
22/04/2025 11:00;10,33;17
22/04/2025 12:00;11,44;18,61
22/04/2025 13:00;11,09;17,8
22/04/2025 14:00;11,24;17,8
22/04/2025 15:00;10,44;16,45
22/04/2025 16:00;10,62;15,89
22/04/2025 17:00;10,63;15,89
22/04/2025 18:00;10,61;15,89
22/04/2025 19:00;11,04;15,89
22/04/2025 20:00;10,76;15,89
22/04/2025 21:00;11,19;15,33
22/04/2025 22:00;11,48;15,33
22/04/2025 23:00;11,68;15,33
23/04/2025 00:00;12,28;15,89
23/04/2025 01:00;9,46;15,33
23/04/2025 02:00;9,87;15,33
23/04/2025 03:00;10,52;15,33
23/04/2025 04:00;10,2;14,78
23/04/2025 05:00;10,57;15,33
23/04/2025 06:00;10,04;14,78
23/04/2025 07:00;10,18;15,33
23/04/2025 08:00;11,1;15,33
23/04/2025 09:00;11,18;15,33
23/04/2025 10:00;6,94;10
23/04/2025 11:00;10,12;14,78
23/04/2025 12:00;10,1;14,78
23/04/2025 13:00;10,09;14,78
23/04/2025 14:00;10,21;14,78
23/04/2025 15:00;10,12;14,78
23/04/2025 16:00;10,16;14,78
23/04/2025 17:00;9,97;14,78
23/04/2025 18:00;10,15;14,78
23/04/2025 19:00;10,44;14,78
23/04/2025 20:00;11;14,78
23/04/2025 21:00;10,9;14,78
23/04/2025 22:00;10,87;14,78
23/04/2025 23:00;11,39;14,78
24/04/2025 00:00;10,26;14,78
24/04/2025 01:00;10,61;14,78
24/04/2025 02:00;10,56;14,78
24/04/2025 03:00;10,45;14,78
24/04/2025 04:00;10,41;14,78
24/04/2025 05:00;10,44;14,78
24/04/2025 06:00;10,42;14,78
24/04/2025 07:00;11,7;15,33
24/04/2025 08:00;11,79;15,33
24/04/2025 09:00;11,47;15,33
24/04/2025 10:00;11,73;15,33
24/04/2025 11:00;11,8;14,78
24/04/2025 12:00;11,99;15,89
24/04/2025 13:00;6,21;10
24/04/2025 14:00;3,56;4
24/04/2025 15:00;5,84;4
24/04/2025 16:00;5,47;4
24/04/2025 17:00;9,85;14,78
24/04/2025 18:00;9,85;14,78
24/04/2025 19:00;10,08;14,78
24/04/2025 20:00;10,81;14,78
24/04/2025 21:00;9,46;14,78
24/04/2025 22:00;10,79;15,33
24/04/2025 23:00;11,46;15,89
25/04/2025 00:00;13,47;16,45
25/04/2025 01:00;11,65;15,89
25/04/2025 02:00;13,1;16,45
25/04/2025 03:00;10,92;15,33
25/04/2025 04:00;11,75;15,33
25/04/2025 05:00;11,93;15,33
25/04/2025 06:00;12,11;16,45
25/04/2025 07:00;12,02;17
25/04/2025 08:00;9,42;15,89
25/04/2025 09:00;10,89;16,45
25/04/2025 10:00;12,02;16,45
25/04/2025 11:00;12,44;17
25/04/2025 12:00;11,81;16,45
25/04/2025 13:00;11,75;16,45
25/04/2025 14:00;11,96;16,45
25/04/2025 15:00;12,15;16,45
25/04/2025 16:00;11,55;15,89
25/04/2025 17:00;12,07;16,45
25/04/2025 18:00;12,06;16,45
25/04/2025 19:00;12,79;17
25/04/2025 20:00;12,66;17
25/04/2025 21:00;12,6;17
25/04/2025 22:00;13,31;17,8
25/04/2025 23:00;13,3;17,8
26/04/2025 00:00;14,3;18,61
26/04/2025 01:00;14,17;18,61
26/04/2025 02:00;10,87;17
26/04/2025 03:00;10,6;15,89
26/04/2025 04:00;10,89;15,33
26/04/2025 05:00;11,27;15,89
26/04/2025 06:00;11,33;15,89
26/04/2025 07:00;12,41;16,45
26/04/2025 08:00;9,29;15,89
26/04/2025 09:00;9,42;15,89
26/04/2025 10:00;9,49;15,89
26/04/2025 11:00;9,09;15,33
26/04/2025 12:00;9,48;15,89
26/04/2025 13:00;9,07;15,33
26/04/2025 14:00;9,53;15,89
26/04/2025 15:00;8,93;15,33
26/04/2025 16:00;9,43;15,89
26/04/2025 17:00;9,55;15,89
26/04/2025 18:00;8,92;15,89
26/04/2025 19:00;9,57;15,89
26/04/2025 20:00;9,51;15,89
26/04/2025 21:00;9,59;15,89
26/04/2025 22:00;9,45;15,89
26/04/2025 23:00;10,55;16,45
27/04/2025 00:00;11;16,45
27/04/2025 01:00;10,94;16,45
27/04/2025 02:00;10,89;17
27/04/2025 03:00;10,77;17
27/04/2025 04:00;11,19;17,8
27/04/2025 05:00;11,35;17,8
27/04/2025 06:00;11,41;17,8
27/04/2025 07:00;11,2;17,8
27/04/2025 08:00;16,17;17,8
27/04/2025 09:00;37,12;29,09
27/04/2025 10:00;36,04;28,29
27/04/2025 11:00;35,57;28,29
27/04/2025 12:00;35,49;28,29
27/04/2025 13:00;34,68;27,48
27/04/2025 14:00;34,65;27,48
27/04/2025 15:00;34,51;27,48
27/04/2025 16:00;16,21;16,45
27/04/2025 17:00;5,79;15,89
27/04/2025 18:00;9,71;16,45
27/04/2025 19:00;9,64;16,45
27/04/2025 20:00;9,67;16,45
27/04/2025 21:00;10,08;16,45
27/04/2025 22:00;10,78;16,45
27/04/2025 23:00;10,83;16,45
28/04/2025 00:00;10,93;16,45
28/04/2025 01:00;10,72;16,45
28/04/2025 02:00;11,09;17
28/04/2025 03:00;10,56;16,45
28/04/2025 04:00;10,6;16,45
28/04/2025 05:00;11,82;17,8
28/04/2025 06:00;12,36;19,41
28/04/2025 07:00;12,33;19,41
28/04/2025 08:00;11,76;18,61
28/04/2025 09:00;11,64;18,61
28/04/2025 10:00;7,27;13,11
28/04/2025 11:00;11,83;18,61
28/04/2025 12:00;7,79;18,61
28/04/2025 13:00;9,74;14,78
28/04/2025 14:00;11,96;19,41
28/04/2025 15:00;10,65;17
28/04/2025 16:00;10,73;16,45
28/04/2025 17:00;7,31;17,8
28/04/2025 18:00;9,47;17,8
28/04/2025 19:00;9,61;17
28/04/2025 20:00;8,47;17
28/04/2025 21:00;8,73;17
28/04/2025 22:00;9,18;17
28/04/2025 23:00;9,87;17
29/04/2025 00:00;10,01;17
29/04/2025 01:00;8,29;17
29/04/2025 02:00;9,99;17
29/04/2025 03:00;9,01;17
29/04/2025 04:00;9,8;17
29/04/2025 05:00;10,53;17
29/04/2025 06:00;9,59;17
29/04/2025 07:00;9,52;17
29/04/2025 08:00;10,02;17
29/04/2025 09:00;9,25;17
29/04/2025 10:00;10,65;17
29/04/2025 11:00;30,56;26,68
29/04/2025 12:00;30,38;25,06
29/04/2025 13:00;30,13;25,06
29/04/2025 14:00;33,03;26,68
29/04/2025 15:00;37,04;28,29
29/04/2025 16:00;23,63;21,84
29/04/2025 17:00;4,39;15,33
29/04/2025 18:00;7,28;15,33
29/04/2025 19:00;7,33;15,33
29/04/2025 20:00;8,21;15,33
29/04/2025 21:00;7,25;15,33
29/04/2025 22:00;7,47;15,89
29/04/2025 23:00;8,33;15,33
30/04/2025 00:00;8,86;15,33
30/04/2025 01:00;8,34;15,33
30/04/2025 02:00;8,27;15,89
30/04/2025 03:00;8,57;15,89
30/04/2025 04:00;9,34;15,89
30/04/2025 05:00;7,59;15,89
30/04/2025 06:00;8,32;15,89
30/04/2025 07:00;8,43;16,45
30/04/2025 08:00;8,61;16,45
30/04/2025 09:00;8,22;17
30/04/2025 10:00;9,66;17
30/04/2025 11:00;8,75;17
30/04/2025 12:00;8,06;16,45
30/04/2025 13:00;6;16,45
30/04/2025 14:00;5,9;15,89
30/04/2025 15:00;5,81;16,45
30/04/2025 16:00;6;16,45
30/04/2025 17:00;6,84;15,89
30/04/2025 18:00;6,69;16,45
30/04/2025 19:00;4,68;16,45
30/04/2025 20:00;7,67;16,45
30/04/2025 21:00;7,74;16,45
30/04/2025 22:00;6,92;17
30/04/2025 23:00;8,88;17
01/05/2025 00:00;7,95;17,8
01/05/2025 01:00;8,68;18,61
01/05/2025 02:00;8,11;18,61
01/05/2025 03:00;9,68;18,61
01/05/2025 04:00;9,99;18,61
01/05/2025 05:00;7,95;16,45
01/05/2025 06:00;9,66;16,45
01/05/2025 07:00;8,88;15,89
01/05/2025 08:00;8,46;15,89
01/05/2025 09:00;9,41;15,89
01/05/2025 10:00;14,98;16,45
01/05/2025 11:00;33,24;24,25
01/05/2025 12:00;NULL;29,9
01/05/2025 13:00;NULL;29,9
01/05/2025 14:00;39,89;29,9
01/05/2025 15:00;39,87;29,9
01/05/2025 16:00;5,89;15,89
01/05/2025 17:00;4,02;15,33
01/05/2025 18:00;7,84;15,33
01/05/2025 19:00;8,94;15,89
01/05/2025 20:00;7,34;15,89
01/05/2025 21:00;8,19;15,89
01/05/2025 22:00;8,66;15,89
01/05/2025 23:00;8,82;16,45
02/05/2025 00:00;8,13;16,45
02/05/2025 01:00;9,08;16,45
02/05/2025 02:00;8,44;16,45
02/05/2025 03:00;9,3;19,41
02/05/2025 04:00;8,85;21,03
02/05/2025 05:00;9,55;21,03
02/05/2025 06:00;12,03;21,03
02/05/2025 07:00;11,2;21,03
02/05/2025 08:00;11,51;21,03
02/05/2025 09:00;10,33;21,03
02/05/2025 10:00;11,92;21,03
02/05/2025 11:00;10,74;21,03
02/05/2025 12:00;7,82;21,03
02/05/2025 13:00;8,45;21,03
02/05/2025 14:00;9,55;21,03
02/05/2025 15:00;7,3;21,03
02/05/2025 16:00;9,57;21,84
02/05/2025 17:00;10,06;21,84
02/05/2025 18:00;11,72;23,45
02/05/2025 19:00;16,16;24,25
02/05/2025 20:00;19,89;26,68
02/05/2025 21:00;24,79;30,71
02/05/2025 22:00;29,03;33,93
02/05/2025 23:00;32,53;37,97
03/05/2025 00:00;NULL;41,19
03/05/2025 01:00;NULL;43,52
03/05/2025 02:00;NULL;45,02
03/05/2025 03:00;NULL;45,02
03/05/2025 04:00;NULL;43,52
03/05/2025 05:00;NULL;43,52
03/05/2025 06:00;NULL;42
03/05/2025 07:00;NULL;41,19
03/05/2025 08:00;37,24;39,58
03/05/2025 09:00;NULL;39,58
03/05/2025 10:00;NULL;39,58
03/05/2025 11:00;39,91;37,97
03/05/2025 12:00;38,68;37,16
03/05/2025 13:00;24,33;31,52
03/05/2025 14:00;24,65;31,52
03/05/2025 15:00;24,29;30,71
03/05/2025 16:00;25,92;30,71
03/05/2025 17:00;25,13;31,52
03/05/2025 18:00;25,59;31,52
03/05/2025 19:00;25,76;32,32
03/05/2025 20:00;25,79;32,32
03/05/2025 21:00;26,02;32,32
03/05/2025 22:00;25,63;32,32
03/05/2025 23:00;26,31;33,13
04/05/2025 00:00;30,59;37,97
04/05/2025 01:00;31,41;37,16
04/05/2025 02:00;30,56;37,97
04/05/2025 03:00;29,76;37,16
04/05/2025 04:00;30,22;37,16
04/05/2025 05:00;28,05;35,55
04/05/2025 06:00;28,9;36,35
04/05/2025 07:00;28,06;35,55
04/05/2025 08:00;26,99;34,74
04/05/2025 09:00;25,93;33,93
04/05/2025 10:00;22,24;30,71
04/05/2025 11:00;21,29;29,09
04/05/2025 12:00;19,99;28,29
04/05/2025 13:00;19,31;27,48
04/05/2025 14:00;17,92;26,68
04/05/2025 15:00;11,29;26,68
04/05/2025 16:00;12,43;26,68
04/05/2025 17:00;13,99;26,68
04/05/2025 18:00;13,25;26,68
04/05/2025 19:00;13,48;26,68
04/05/2025 20:00;13,89;25,87
04/05/2025 21:00;17,35;26,68
04/05/2025 22:00;18,51;26,68
04/05/2025 23:00;18,3;26,68
05/05/2025 00:00;21,25;28,29
05/05/2025 01:00;23,2;31,52
05/05/2025 02:00;21,63;29,9
05/05/2025 03:00;22,01;30,71
05/05/2025 04:00;21,05;29,9
05/05/2025 05:00;20,84;29,9
05/05/2025 06:00;17,19;29,9
05/05/2025 07:00;17,01;29,9
05/05/2025 08:00;15,75;29,09
05/05/2025 09:00;16,54;29,09
05/05/2025 10:00;2,43;8,5
05/05/2025 11:00;20,54;28,29
05/05/2025 12:00;20,47;28,29
05/05/2025 13:00;20,53;28,29
05/05/2025 14:00;19,16;27,48
05/05/2025 15:00;15,05;27,48
05/05/2025 16:00;15,37;27,48
05/05/2025 17:00;13,73;27,48
05/05/2025 18:00;14,55;27,48
05/05/2025 19:00;13,32;27,48
05/05/2025 20:00;17,51;27,48
05/05/2025 21:00;16,77;26,68
05/05/2025 22:00;12,34;26,68
05/05/2025 23:00;13,19;26,68
06/05/2025 00:00;12,67;26,68
06/05/2025 01:00;12,41;26,68
06/05/2025 02:00;13,26;25,87
06/05/2025 03:00;11,93;25,87
06/05/2025 04:00;13,54;25,87
06/05/2025 05:00;12,32;25,87
06/05/2025 06:00;12,4;25,06
06/05/2025 07:00;11,28;25,06
06/05/2025 08:00;11,89;25,06
06/05/2025 09:00;9,33;25,06
06/05/2025 10:00;10,47;25,06
06/05/2025 11:00;11,28;25,06
06/05/2025 12:00;11,79;24,25
06/05/2025 13:00;14,86;24,25
06/05/2025 14:00;19,1;24,25
06/05/2025 15:00;21,54;24,25
06/05/2025 16:00;17,09;24,25
06/05/2025 17:00;14,86;23,45
06/05/2025 18:00;7,25;23,45
06/05/2025 19:00;9,72;22,64
06/05/2025 20:00;11,05;22,64
06/05/2025 21:00;10,72;22,64
06/05/2025 22:00;10,5;22,64
06/05/2025 23:00;10,3;22,64
07/05/2025 00:00;10,39;22,64
07/05/2025 01:00;11,66;21,84
07/05/2025 02:00;12,26;22,64
07/05/2025 03:00;11,09;22,64
07/05/2025 04:00;12,2;22,64
07/05/2025 05:00;11,35;21,84
07/05/2025 06:00;2,86;21,84
07/05/2025 07:00;9,99;21,84
07/05/2025 08:00;11,27;21,84
07/05/2025 09:00;11,01;21,84
07/05/2025 10:00;10,47;21,03
07/05/2025 11:00;11,47;21,03
07/05/2025 12:00;8,81;21,03
07/05/2025 13:00;9,87;13,67
07/05/2025 14:00;5,36;4
07/05/2025 15:00;8,64;7,25
07/05/2025 16:00;8,44;19,41
07/05/2025 17:00;8,49;20,22
07/05/2025 18:00;9,9;18,61
07/05/2025 19:00;10,16;18,61
07/05/2025 20:00;10,09;18,61
07/05/2025 21:00;9,53;17,8
07/05/2025 22:00;11,02;18,61
07/05/2025 23:00;8,78;17,8
08/05/2025 00:00;9,49;17,8
08/05/2025 01:00;9,95;17,8
08/05/2025 02:00;9,15;17,8
08/05/2025 03:00;9,76;17,8
08/05/2025 04:00;9,47;17,8
08/05/2025 05:00;11,05;17,8
08/05/2025 06:00;9,6;17,8
08/05/2025 07:00;9,3;17,8
08/05/2025 08:00;9,19;17,8
08/05/2025 09:00;9,22;17
08/05/2025 10:00;9,25;17,8
08/05/2025 11:00;10,63;17
08/05/2025 12:00;7,93;17
08/05/2025 13:00;6,42;15,89
08/05/2025 14:00;6,6;15,33
08/05/2025 15:00;7,78;15,33
08/05/2025 16:00;6,92;15,33
08/05/2025 17:00;7,28;15,33
08/05/2025 18:00;3,86;15,33
08/05/2025 19:00;7,67;15,33
08/05/2025 20:00;8,51;15,33
08/05/2025 21:00;9,35;15,33
08/05/2025 22:00;7,96;15,33
08/05/2025 23:00;8,78;15,33
09/05/2025 00:00;8,69;15,33
09/05/2025 01:00;8,55;15,33
09/05/2025 02:00;8,55;15,33
09/05/2025 03:00;8,42;15,33
09/05/2025 04:00;8,37;15,33
09/05/2025 05:00;9,6;15,33
09/05/2025 06:00;9,18;15,33
09/05/2025 07:00;8,65;15,33
09/05/2025 08:00;10;15,89
09/05/2025 09:00;9,66;15,89
09/05/2025 10:00;9,32;15,89
09/05/2025 11:00;6,38;15,89
09/05/2025 12:00;5,14;15,33
09/05/2025 13:00;7,03;14,78
09/05/2025 14:00;6,36;14,78
09/05/2025 15:00;7,07;14,78
09/05/2025 16:00;4,74;14,78
09/05/2025 17:00;6,39;14,78
09/05/2025 18:00;5,77;14,78
09/05/2025 19:00;6,85;14,78
09/05/2025 20:00;6,8;14,78
09/05/2025 21:00;8,47;14,78
09/05/2025 22:00;8,08;14,78
09/05/2025 23:00;9,77;14,78
10/05/2025 00:00;8,44;14,78
10/05/2025 01:00;8,59;14,78
10/05/2025 02:00;8,5;14,78
10/05/2025 03:00;9,17;14,78
10/05/2025 04:00;7,81;14,78
10/05/2025 05:00;9,65;14,78
10/05/2025 06:00;9,85;14,78
10/05/2025 07:00;9,67;14,78
10/05/2025 08:00;9,35;14,78
10/05/2025 09:00;9,59;15,33
10/05/2025 10:00;10,31;15,33
10/05/2025 11:00;30,21;21,84
10/05/2025 12:00;30,2;25,06
10/05/2025 13:00;29,4;24,25
10/05/2025 14:00;29,66;24,25
10/05/2025 15:00;30,45;25,06
10/05/2025 16:00;30,68;25,06
10/05/2025 17:00;23,24;25,87
10/05/2025 18:00;5,23;15,33
10/05/2025 19:00;9,5;15,33
10/05/2025 20:00;9,27;16,45
10/05/2025 21:00;10,48;20,22
10/05/2025 22:00;13,2;22,64
10/05/2025 23:00;20,18;33,13
11/05/2025 00:00;21,57;21,84
11/05/2025 01:00;33,13;21,03
11/05/2025 02:00;33,07;21,84
11/05/2025 03:00;32,17;21,03
11/05/2025 04:00;32,06;21,03
11/05/2025 05:00;32,84;21,84
11/05/2025 06:00;32,89;21,84
11/05/2025 07:00;31,95;21,03
11/05/2025 08:00;31,95;21,03
11/05/2025 09:00;31,24;20,22
11/05/2025 10:00;31,21;20,22
11/05/2025 11:00;31,18;20,22
11/05/2025 12:00;27,4;16,45
11/05/2025 13:00;26,83;15,89
11/05/2025 14:00;26,31;15,33
11/05/2025 15:00;26,3;15,33
11/05/2025 16:00;26,21;15,33
11/05/2025 17:00;21,35;12,55
11/05/2025 18:00;6,31;7,63
11/05/2025 19:00;3,73;12,55
11/05/2025 20:00;10,76;19,41
11/05/2025 21:00;10,51;22,64
11/05/2025 22:00;10,52;22,64
11/05/2025 23:00;10,5;21,84
12/05/2025 00:00;11,02;22,64
12/05/2025 01:00;11,76;25,06
12/05/2025 02:00;11,37;25,06
12/05/2025 03:00;11,4;25,06
12/05/2025 04:00;10,85;24,25
12/05/2025 05:00;10,82;24,25
12/05/2025 06:00;10,03;24,25
12/05/2025 07:00;11,24;24,25
12/05/2025 08:00;11,91;24,25
12/05/2025 09:00;9,4;15,33
12/05/2025 10:00;11,46;23,45
12/05/2025 11:00;10,47;23,45
12/05/2025 12:00;9,22;22,64
12/05/2025 13:00;10,64;22,64
12/05/2025 14:00;10,71;22,64
12/05/2025 15:00;9,73;22,64
12/05/2025 16:00;8,8;21,84
12/05/2025 17:00;11,4;21,84
12/05/2025 18:00;11,12;21,84
12/05/2025 19:00;11,52;21,84
12/05/2025 20:00;13,49;21,84
12/05/2025 21:00;23,56;25,87
12/05/2025 22:00;23,33;25,87
12/05/2025 23:00;20,34;25,06
13/05/2025 00:00;10,52;21,03
13/05/2025 01:00;9,94;21,03
13/05/2025 02:00;10,93;21,03
13/05/2025 03:00;11,11;21,03
13/05/2025 04:00;10,42;20,22
13/05/2025 05:00;11,25;20,22
13/05/2025 06:00;11,27;20,22
13/05/2025 07:00;10,84;20,22
13/05/2025 08:00;10,61;20,22
13/05/2025 09:00;9,6;20,22
13/05/2025 10:00;10,6;20,22
13/05/2025 11:00;10,99;20,22
13/05/2025 12:00;8,91;19,41
13/05/2025 13:00;9,28;19,41
13/05/2025 14:00;7,89;12,55
13/05/2025 15:00;8,01;19,41
13/05/2025 16:00;9,02;19,41
13/05/2025 17:00;10,92;19,41
13/05/2025 18:00;12,02;19,41
13/05/2025 19:00;11,42;19,41
13/05/2025 20:00;7,92;18,61
13/05/2025 21:00;9,96;18,61
13/05/2025 22:00;9,47;18,61
13/05/2025 23:00;8,66;19,41
14/05/2025 00:00;8,23;18,61
14/05/2025 01:00;10,72;19,41
14/05/2025 02:00;10,46;18,61
14/05/2025 03:00;10,9;18,61
14/05/2025 04:00;10,24;18,61
14/05/2025 05:00;11,69;18,61
14/05/2025 06:00;22;24,25
14/05/2025 07:00;21,5;23,45
14/05/2025 08:00;21,01;23,45
14/05/2025 09:00;7,49;18,61
14/05/2025 10:00;6,57;17,8
14/05/2025 11:00;8,66;17,8
14/05/2025 12:00;8,97;17
14/05/2025 13:00;6,54;17
14/05/2025 14:00;7,49;17
14/05/2025 15:00;8,08;17
14/05/2025 16:00;10,32;17
14/05/2025 17:00;8;17
14/05/2025 18:00;10,14;17
14/05/2025 19:00;9,21;17,8
14/05/2025 20:00;9,86;18,61
14/05/2025 21:00;13,48;19,41
14/05/2025 22:00;21,85;24,25
14/05/2025 23:00;7,72;19,41
15/05/2025 00:00;9,07;18,61
15/05/2025 01:00;9,22;18,61
15/05/2025 02:00;8,72;18,61
15/05/2025 03:00;10,75;17,8
15/05/2025 04:00;9,79;17
15/05/2025 05:00;9,44;17,8
15/05/2025 06:00;8,79;17,8
15/05/2025 07:00;9,31;17,8
15/05/2025 08:00;9,02;17,8
15/05/2025 09:00;9,4;17,8
15/05/2025 10:00;9,6;17
15/05/2025 11:00;9,8;17
15/05/2025 12:00;7,9;16,45
15/05/2025 13:00;7,49;16,45
15/05/2025 14:00;14,77;16,45
15/05/2025 15:00;14,27;16,45
15/05/2025 16:00;7,92;15,89
15/05/2025 17:00;8,34;15,33
15/05/2025 18:00;7,05;15,33
15/05/2025 19:00;9,39;15,33
15/05/2025 20:00;8,12;15,33
15/05/2025 21:00;9,29;15,33
15/05/2025 22:00;8,93;15,33
15/05/2025 23:00;9,03;15,33
16/05/2025 00:00;7,84;15,33
16/05/2025 01:00;9,39;15,89
16/05/2025 02:00;9,13;15,89
16/05/2025 03:00;8,74;15,89
16/05/2025 04:00;8,52;15,89
16/05/2025 05:00;9,73;15,89
16/05/2025 06:00;9,17;15,89
16/05/2025 07:00;9,42;17
16/05/2025 08:00;9,07;16,45
16/05/2025 09:00;6,12;10,5
16/05/2025 10:00;8,65;16,45
16/05/2025 11:00;9,41;16,45
16/05/2025 12:00;7,63;15,89
16/05/2025 13:00;8,04;15,33
16/05/2025 14:00;7,16;15,33
16/05/2025 15:00;4,02;14,78
16/05/2025 16:00;5,89;14,78
16/05/2025 17:00;5,38;14,22
16/05/2025 18:00;6,8;14,78
16/05/2025 19:00;7,49;14,78
16/05/2025 20:00;8,18;14,78
16/05/2025 21:00;6,66;14,78
16/05/2025 22:00;7,52;14,78
16/05/2025 23:00;5,24;14,78
17/05/2025 00:00;7,42;14,78
17/05/2025 01:00;5,8;14,78
17/05/2025 02:00;7,5;14,78
17/05/2025 03:00;8,93;14,78
17/05/2025 04:00;8,73;14,78
17/05/2025 05:00;8,66;15,33
17/05/2025 06:00;8,58;15,33
17/05/2025 07:00;8,76;15,33
17/05/2025 08:00;9,08;15,33
17/05/2025 09:00;8,54;16,45
17/05/2025 10:00;8,27;16,45
17/05/2025 11:00;7,15;15,33
17/05/2025 12:00;5,24;14,78
17/05/2025 13:00;3,86;14,78
17/05/2025 14:00;5,44;14,22
17/05/2025 15:00;4,98;14,22
17/05/2025 16:00;3,81;14,22
17/05/2025 17:00;4,75;14,22
17/05/2025 18:00;5,11;14,22
17/05/2025 19:00;7,59;14,22
17/05/2025 20:00;6,8;14,78
17/05/2025 21:00;7,61;14,78
17/05/2025 22:00;5,94;14,78
17/05/2025 23:00;6,45;14,78
18/05/2025 00:00;9,67;14,78
18/05/2025 01:00;7,87;14,78
18/05/2025 02:00;8,34;14,78
18/05/2025 03:00;9,34;14,78
18/05/2025 04:00;9,51;14,78
18/05/2025 05:00;8,21;14,78
18/05/2025 06:00;8,85;14,78
18/05/2025 07:00;7,72;14,78
18/05/2025 08:00;9,28;14,78
18/05/2025 09:00;8,28;14,78
18/05/2025 10:00;8,68;14,78
18/05/2025 11:00;8,12;14,78
18/05/2025 12:00;4,44;14,22
18/05/2025 13:00;3,42;14,22
18/05/2025 14:00;5,43;14,22
18/05/2025 15:00;3,1;14,22
18/05/2025 16:00;4,43;14,22
18/05/2025 17:00;6,48;14,22
18/05/2025 18:00;6,02;14,22
18/05/2025 19:00;7,15;14,78
18/05/2025 20:00;8,09;14,78
18/05/2025 21:00;8,22;14,78
18/05/2025 22:00;7,95;14,78
18/05/2025 23:00;8,45;14,78
19/05/2025 00:00;8,46;14,78
19/05/2025 01:00;6,95;15,33
19/05/2025 02:00;6,57;15,33
19/05/2025 03:00;9,63;19,41
19/05/2025 04:00;10,52;21,84
19/05/2025 05:00;10,74;22,64
19/05/2025 06:00;11,89;24,25
19/05/2025 07:00;14,09;24,25
19/05/2025 08:00;15,52;25,06
19/05/2025 09:00;12,46;25,06
19/05/2025 10:00;12,04;24,25
19/05/2025 11:00;14,79;25,06
19/05/2025 12:00;17;25,06
19/05/2025 13:00;12,88;25,06
19/05/2025 14:00;14,69;25,06
19/05/2025 15:00;14,6;24,25
19/05/2025 16:00;16,59;24,25
19/05/2025 17:00;17,71;25,06
19/05/2025 18:00;15,39;22,64
19/05/2025 19:00;17,36;25,06
19/05/2025 20:00;18,63;25,87
19/05/2025 21:00;19,61;26,68
19/05/2025 22:00;19,15;26,68
19/05/2025 23:00;18,33;25,87
20/05/2025 00:00;17,98;25,87
20/05/2025 01:00;18,33;26,68
20/05/2025 02:00;18,23;26,68
20/05/2025 03:00;18,68;26,68
20/05/2025 04:00;19,08;26,68
20/05/2025 05:00;19,05;27,48
20/05/2025 06:00;19,04;27,48
20/05/2025 07:00;15,69;26,68
20/05/2025 08:00;17,2;26,68
20/05/2025 09:00;19,79;26,68
20/05/2025 10:00;27,13;29,09
20/05/2025 11:00;NULL;24,25
20/05/2025 12:00;NULL;23,45
20/05/2025 13:00;NULL;24,25
20/05/2025 14:00;38,15;21,84
20/05/2025 15:00;NULL;22,64
20/05/2025 16:00;17;20,22
20/05/2025 17:00;8,58;20,22
20/05/2025 18:00;14,07;22,64
20/05/2025 19:00;14,11;21,84
20/05/2025 20:00;12,93;21,84
20/05/2025 21:00;8,89;21,84
20/05/2025 22:00;9,32;21,03
20/05/2025 23:00;10,91;21,03
21/05/2025 00:00;8,9;21,03
21/05/2025 01:00;9,25;21,03
21/05/2025 02:00;11,12;21,03
21/05/2025 03:00;9,48;21,03
21/05/2025 04:00;11,04;20,22
21/05/2025 05:00;11,71;20,22
21/05/2025 06:00;10,97;20,22
21/05/2025 07:00;11,42;20,22
21/05/2025 08:00;13,43;20,22
21/05/2025 09:00;19,63;22,64
21/05/2025 10:00;19,17;22,64
21/05/2025 11:00;3,33;19,41
21/05/2025 12:00;6,86;17,8
21/05/2025 13:00;7,14;18,61
21/05/2025 14:00;5,51;18,61
21/05/2025 15:00;6,73;20,22
21/05/2025 16:00;7,64;21,03
21/05/2025 17:00;9,89;21,03
21/05/2025 18:00;7,51;21,03
21/05/2025 19:00;8,01;21,03
21/05/2025 20:00;7,83;21,84
21/05/2025 21:00;10,91;21,84
21/05/2025 22:00;11,53;21,84
21/05/2025 23:00;12,97;21,84
22/05/2025 00:00;9,89;22,64
22/05/2025 01:00;12,42;22,64
22/05/2025 02:00;10,47;21,84
22/05/2025 03:00;10;21,84
22/05/2025 04:00;10,59;22,64
22/05/2025 05:00;10,74;22,64
22/05/2025 06:00;9,71;23,45
22/05/2025 07:00;10,11;23,45
22/05/2025 08:00;9,85;23,45
22/05/2025 09:00;10,61;22,64
22/05/2025 10:00;12,32;22,64
22/05/2025 11:00;23,72;25,87
22/05/2025 12:00;22,49;25,06
22/05/2025 13:00;22,21;25,06
22/05/2025 14:00;15,86;12,55
22/05/2025 15:00;10,95;8,5
22/05/2025 16:00;10,68;9,5
22/05/2025 17:00;10,37;21,84
22/05/2025 18:00;8,43;21,03
22/05/2025 19:00;11,08;21,03
22/05/2025 20:00;10,26;21,03
22/05/2025 21:00;12,29;21,03
22/05/2025 22:00;11,21;21,03
22/05/2025 23:00;10,39;21,03
23/05/2025 00:00;9,47;21,03
23/05/2025 01:00;8,87;20,22
23/05/2025 02:00;11,22;21,03
23/05/2025 03:00;11,33;20,22
23/05/2025 04:00;11,08;20,22
23/05/2025 05:00;10,71;21,03
23/05/2025 06:00;11,51;20,22
23/05/2025 07:00;10,49;20,22
23/05/2025 08:00;11,27;20,22
23/05/2025 09:00;9,52;13,11
23/05/2025 10:00;8,2;19,41
23/05/2025 11:00;12,08;20,22
23/05/2025 12:00;10,41;19,41
23/05/2025 13:00;9,31;20,22
23/05/2025 14:00;8,4;19,41
23/05/2025 15:00;8,6;19,41
23/05/2025 16:00;9,57;18,61
23/05/2025 17:00;6,03;18,61
23/05/2025 18:00;6,52;18,61
23/05/2025 19:00;9,6;17,8
23/05/2025 20:00;9,45;18,61
23/05/2025 21:00;7,51;18,61
23/05/2025 22:00;8,21;18,61
23/05/2025 23:00;9,73;18,61
24/05/2025 00:00;8,8;18,61
24/05/2025 01:00;9,63;18,61
24/05/2025 02:00;9,22;19,41
24/05/2025 03:00;9,67;18,61
24/05/2025 04:00;9,33;18,61
24/05/2025 05:00;9,58;18,61
24/05/2025 06:00;9,63;18,61
24/05/2025 07:00;9,28;18,61
24/05/2025 08:00;9,37;18,61
24/05/2025 09:00;10,23;18,61
24/05/2025 10:00;8,68;18,61
24/05/2025 11:00;8,52;17,8
24/05/2025 12:00;8,84;17,8
24/05/2025 13:00;7,1;17,8
24/05/2025 14:00;7,86;17,8
24/05/2025 15:00;7,52;17,8
24/05/2025 16:00;6,56;17,8
24/05/2025 17:00;7,39;17
24/05/2025 18:00;4,62;17
24/05/2025 19:00;8,38;17
24/05/2025 20:00;8,38;17
24/05/2025 21:00;8,29;17
24/05/2025 22:00;7,04;17
24/05/2025 23:00;7,54;17,8
25/05/2025 00:00;9,2;17,8
25/05/2025 01:00;8,37;17,8
25/05/2025 02:00;8,95;17,8
25/05/2025 03:00;8,72;18,61
25/05/2025 04:00;9,27;18,61
25/05/2025 05:00;9,97;17,8
25/05/2025 06:00;9,58;18,61
25/05/2025 07:00;10,08;17,8
25/05/2025 08:00;15,87;18,61
25/05/2025 09:00;24,56;14,78
25/05/2025 10:00;24,42;14,22
25/05/2025 11:00;23,89;13,67
25/05/2025 12:00;23,33;13,11
25/05/2025 13:00;22,89;13,11
25/05/2025 14:00;21;12
25/05/2025 15:00;20,42;12
25/05/2025 16:00;20,46;12
25/05/2025 17:00;20,44;12
25/05/2025 18:00;2,95;14,78
25/05/2025 19:00;4,98;15,33
25/05/2025 20:00;8,1;15,33
25/05/2025 21:00;5,55;15,33
25/05/2025 22:00;9,09;15,33
25/05/2025 23:00;9,17;15,33
26/05/2025 00:00;7,62;15,33
26/05/2025 01:00;8,63;15,33
26/05/2025 02:00;7,93;15,33
26/05/2025 03:00;8,47;15,33
26/05/2025 04:00;8,99;18,61
26/05/2025 05:00;6,22;18,61
26/05/2025 06:00;8,58;18,61
26/05/2025 07:00;5,27;18,61
26/05/2025 08:00;9,45;18,61
26/05/2025 09:00;5,12;18,61
26/05/2025 10:00;7,56;12
26/05/2025 11:00;8,4;17,8
26/05/2025 12:00;8,22;17,8
26/05/2025 13:00;7,84;17,8
26/05/2025 14:00;6,42;17
26/05/2025 15:00;5,47;17
26/05/2025 16:00;7,23;17
26/05/2025 17:00;8,73;17
26/05/2025 18:00;9;17
26/05/2025 19:00;9,76;17
26/05/2025 20:00;7,63;17,8
26/05/2025 21:00;10,81;18,61
26/05/2025 22:00;10,27;18,61
26/05/2025 23:00;11,56;19,41
27/05/2025 00:00;9,37;20,22
27/05/2025 01:00;10,72;20,22
27/05/2025 02:00;13,28;21,03
27/05/2025 03:00;10,21;20,22
27/05/2025 04:00;8,64;20,22
27/05/2025 05:00;9,15;20,22
27/05/2025 06:00;9,73;20,22
27/05/2025 07:00;9,07;20,22
27/05/2025 08:00;9,46;19,41
27/05/2025 09:00;10,35;19,41
27/05/2025 10:00;10,65;19,41
27/05/2025 11:00;8,46;18,61
27/05/2025 12:00;9,76;18,61
27/05/2025 13:00;10,61;13,11
27/05/2025 14:00;10,37;12
27/05/2025 15:00;19,69;21,03
27/05/2025 16:00;7,14;18,61
27/05/2025 17:00;7,4;17,8
27/05/2025 18:00;8,34;17,8
27/05/2025 19:00;8,04;17,8
27/05/2025 20:00;9,17;17,8
27/05/2025 21:00;8,34;17,8
27/05/2025 22:00;10,12;18,61
27/05/2025 23:00;10,78;18,61
28/05/2025 00:00;10,57;19,41
28/05/2025 01:00;11,77;19,41
28/05/2025 02:00;9,29;19,41
28/05/2025 03:00;10,3;19,41
28/05/2025 04:00;9,56;19,41
28/05/2025 05:00;9,71;19,41
28/05/2025 06:00;10,78;19,41
28/05/2025 07:00;8,54;19,41
28/05/2025 08:00;10,08;19,41
28/05/2025 09:00;10,57;19,41
28/05/2025 10:00;7,55;12,55
28/05/2025 11:00;7,57;18,61
28/05/2025 12:00;8,94;18,61
28/05/2025 13:00;8,52;17,8
28/05/2025 14:00;7,19;17,8
28/05/2025 15:00;6,25;17,8
28/05/2025 16:00;8,4;17
28/05/2025 17:00;5,52;17
28/05/2025 18:00;10,54;17
28/05/2025 19:00;8,64;17
28/05/2025 20:00;10,5;17,8
28/05/2025 21:00;10,55;17,8
28/05/2025 22:00;12,24;18,61
28/05/2025 23:00;11,67;19,41
29/05/2025 00:00;12,56;20,22
29/05/2025 01:00;11,97;21,03
29/05/2025 02:00;11,34;21,03
29/05/2025 03:00;12,28;21,03
29/05/2025 04:00;12,62;21,03
29/05/2025 05:00;10,83;21,03
29/05/2025 06:00;11,92;21,03
29/05/2025 07:00;10,92;20,22
29/05/2025 08:00;8,86;21,03
29/05/2025 09:00;10,51;20,22
29/05/2025 10:00;10,42;19,41
29/05/2025 11:00;9,3;19,41
29/05/2025 12:00;9,78;19,41
29/05/2025 13:00;6,69;18,61
29/05/2025 14:00;7,49;18,61
29/05/2025 15:00;6,63;18,61
29/05/2025 16:00;6,65;17,8
29/05/2025 17:00;10;18,61
29/05/2025 18:00;10,05;18,61
29/05/2025 19:00;9,62;18,61
29/05/2025 20:00;11,17;19,41
29/05/2025 21:00;11,23;20,22
29/05/2025 22:00;8,61;21,03
29/05/2025 23:00;12,58;21,84
30/05/2025 00:00;13,21;22,64
30/05/2025 01:00;13,2;23,45
30/05/2025 02:00;14,46;23,45
30/05/2025 03:00;13,29;23,45
30/05/2025 04:00;14,86;23,45
30/05/2025 05:00;14,53;23,45
30/05/2025 06:00;14,08;23,45
30/05/2025 07:00;13,42;22,64
30/05/2025 08:00;13,26;22,64
30/05/2025 09:00;11,05;22,64
30/05/2025 10:00;13,29;22,64
30/05/2025 11:00;9,91;20,22
30/05/2025 12:00;8,88;21,84
30/05/2025 13:00;5,42;21,03
30/05/2025 14:00;8,9;20,22
30/05/2025 15:00;9,57;21,03
30/05/2025 16:00;8,68;19,41
30/05/2025 17:00;7,81;21,03
30/05/2025 18:00;12,37;21,03
30/05/2025 19:00;14,46;21,84
30/05/2025 20:00;15,48;22,64
30/05/2025 21:00;16,21;23,45
30/05/2025 22:00;16,11;23,45
30/05/2025 23:00;17,2;24,25
31/05/2025 00:00;17,17;24,25
31/05/2025 01:00;17,4;25,06
31/05/2025 02:00;17,42;25,06
31/05/2025 03:00;17,08;24,25
31/05/2025 04:00;16,47;24,25
31/05/2025 05:00;16,49;24,25
31/05/2025 06:00;15,97;24,25
31/05/2025 07:00;15,48;24,25
31/05/2025 08:00;15,51;24,25
31/05/2025 09:00;16,03;24,25
31/05/2025 10:00;15,51;23,45
31/05/2025 11:00;14,12;23,45
31/05/2025 12:00;14,09;22,64
31/05/2025 13:00;13,78;22,64
31/05/2025 14:00;14,53;22,64
31/05/2025 15:00;14,04;21,84
31/05/2025 16:00;12,95;21,84
31/05/2025 17:00;12,49;21,84
31/05/2025 18:00;15,07;22,64
31/05/2025 19:00;16,26;22,64
31/05/2025 20:00;16,38;23,45
31/05/2025 21:00;16,54;24,25
31/05/2025 22:00;19,78;25,87
31/05/2025 23:00;17,9;25,87
01/06/2025 00:00;16,75;25,87
01/06/2025 01:00;18,76;25,87
01/06/2025 02:00;18,23;25,87
01/06/2025 03:00;18,12;25,87
01/06/2025 04:00;18,22;25,87
01/06/2025 05:00;16,83;25,06
01/06/2025 06:00;12,64;25,06
01/06/2025 07:00;14,37;21,84
01/06/2025 08:00;12,28;21,03
01/06/2025 09:00;10,64;18,61
01/06/2025 10:00;15,07;22,64
01/06/2025 11:00;14,29;23,45
01/06/2025 12:00;15,42;23,45
01/06/2025 13:00;13,01;23,45
01/06/2025 14:00;13,39;23,45
01/06/2025 15:00;15,32;23,45
01/06/2025 16:00;13,26;22,64
01/06/2025 17:00;13,17;23,45
01/06/2025 18:00;15,83;23,45
01/06/2025 19:00;15,58;23,45
01/06/2025 20:00;16,28;24,25
01/06/2025 21:00;NULL;23,45
01/06/2025 22:00;NULL;23,45
01/06/2025 23:00;NULL;24,25
02/06/2025 00:00;NULL;25,06
02/06/2025 01:00;NULL;25,87
02/06/2025 02:00;NULL;25,06
02/06/2025 03:00;NULL;25,87
02/06/2025 04:00;NULL;25,87
02/06/2025 05:00;NULL;25,06
02/06/2025 06:00;NULL;25,06
02/06/2025 07:00;NULL;25,06
02/06/2025 08:00;NULL;25,87
02/06/2025 09:00;NULL;27,48
02/06/2025 10:00;35,24;25,06
02/06/2025 11:00;35,24;25,06
02/06/2025 12:00;NULL;35,55
02/06/2025 13:00;NULL;37,16
02/06/2025 14:00;30,83;29,9
02/06/2025 15:00;32,63;30,71
02/06/2025 16:00;34,8;33,13
02/06/2025 17:00;34,33;33,13
02/06/2025 18:00;32,97;32,32
02/06/2025 19:00;31,7;31,52
02/06/2025 20:00;31,65;31,52
02/06/2025 21:00;NULL;58,69
02/06/2025 22:00;NULL;57,16
02/06/2025 23:00;NULL;69,3
03/06/2025 00:00;NULL;70,83
03/06/2025 01:00;NULL;69,3
03/06/2025 02:00;NULL;63,24
03/06/2025 03:00;NULL;52,62
03/06/2025 04:00;NULL;49,58
03/06/2025 05:00;NULL;45,02
03/06/2025 06:00;NULL;40,38
03/06/2025 07:00;NULL;37,97
03/06/2025 08:00;NULL;37,16
03/06/2025 09:00;NULL;36,35
03/06/2025 10:00;32,76;29,09
03/06/2025 11:00;35,04;29,9
03/06/2025 12:00;NULL;35,55
03/06/2025 13:00;NULL;33,93
03/06/2025 14:00;NULL;32,32
03/06/2025 15:00;NULL;31,52
03/06/2025 16:00;NULL;35,55
03/06/2025 17:00;NULL;35,55
03/06/2025 18:00;NULL;34,74
03/06/2025 19:00;NULL;33,13
03/06/2025 20:00;NULL;33,93
03/06/2025 21:00;NULL;33,93
03/06/2025 22:00;NULL;35,55
03/06/2025 23:00;NULL;34,74
04/06/2025 00:00;NULL;33,93
04/06/2025 01:00;NULL;33,93
04/06/2025 02:00;NULL;37,97
04/06/2025 03:00;NULL;40,38
04/06/2025 04:00;NULL;39,58
04/06/2025 05:00;NULL;40,38
04/06/2025 06:00;NULL;37,97
04/06/2025 07:00;NULL;37,97
04/06/2025 08:00;NULL;36,35
04/06/2025 09:00;NULL;32,32
04/06/2025 10:00;NULL;30,71
04/06/2025 11:00;26,67;22,64
04/06/2025 12:00;27,64;25,87
04/06/2025 13:00;28,47;25,87
04/06/2025 14:00;27,65;25,06
04/06/2025 15:00;26,39;23,45
04/06/2025 16:00;26,28;23,45
04/06/2025 17:00;25,41;22,64
04/06/2025 18:00;24,94;21,84
04/06/2025 19:00;24,81;21,84
04/06/2025 20:00;24,97;21,84
04/06/2025 21:00;24,98;21,84
04/06/2025 22:00;24,97;21,84
04/06/2025 23:00;24,39;21,03
05/06/2025 00:00;23,73;20,22
05/06/2025 01:00;22,95;19,41
05/06/2025 02:00;22,87;19,41
05/06/2025 03:00;22,79;19,41
05/06/2025 04:00;21,41;17,8
05/06/2025 05:00;22,07;18,61
05/06/2025 06:00;21,52;17,8
05/06/2025 07:00;21,33;17,8
05/06/2025 08:00;20,59;17
05/06/2025 09:00;20,57;17
05/06/2025 10:00;18,85;15,89
05/06/2025 11:00;19,47;15,89
05/06/2025 12:00;18,4;15,33
05/06/2025 13:00;18,12;15,33
05/06/2025 14:00;18,23;15,33
05/06/2025 15:00;24,9;17,8
05/06/2025 16:00;24,39;17,8
05/06/2025 17:00;26,25;18,61
05/06/2025 18:00;22,94;30,71
05/06/2025 19:00;23,24;30,71
05/06/2025 20:00;24,1;31,52
05/06/2025 21:00;24,38;31,52
05/06/2025 22:00;25,05;32,32
05/06/2025 23:00;24,55;32,32
06/06/2025 00:00;24,51;32,32
06/06/2025 01:00;24,43;32,32
06/06/2025 02:00;24,54;32,32
06/06/2025 03:00;24,47;31,52
06/06/2025 04:00;24,12;31,52
06/06/2025 05:00;23,42;31,52
06/06/2025 06:00;22,08;30,71
06/06/2025 07:00;22,2;30,71
06/06/2025 08:00;22,57;30,71
06/06/2025 09:00;5,17;10
06/06/2025 10:00;11,5;9,5
06/06/2025 11:00;21,47;29,09
06/06/2025 12:00;19,2;28,29
06/06/2025 13:00;16,14;28,29
06/06/2025 14:00;12,5;28,29
06/06/2025 15:00;13,75;28,29
06/06/2025 16:00;12,03;27,48
06/06/2025 17:00;14,75;27,48
06/06/2025 18:00;13,45;26,68
06/06/2025 19:00;16,54;26,68
06/06/2025 20:00;20,83;27,48
06/06/2025 21:00;19;26,68
06/06/2025 22:00;20,45;27,48
06/06/2025 23:00;20,73;28,29
07/06/2025 00:00;20,91;28,29
07/06/2025 01:00;20,93;28,29
07/06/2025 02:00;21,31;28,29
07/06/2025 03:00;20,97;28,29
07/06/2025 04:00;21,12;28,29
07/06/2025 05:00;20,98;29,09
07/06/2025 06:00;21,68;29,09
07/06/2025 07:00;21,68;29,09
07/06/2025 08:00;21,8;29,09
07/06/2025 09:00;21,49;29,09
07/06/2025 10:00;21,49;29,09
07/06/2025 11:00;20,38;28,29
07/06/2025 12:00;20,5;28,29
07/06/2025 13:00;20,92;28,29
07/06/2025 14:00;19,81;27,48
07/06/2025 15:00;19,36;27,48
07/06/2025 16:00;19,62;27,48
07/06/2025 17:00;20,52;27,48
07/06/2025 18:00;19,86;27,48
07/06/2025 19:00;22,6;29,09
07/06/2025 20:00;23,24;29,9
07/06/2025 21:00;23,89;30,71
07/06/2025 22:00;23,51;30,71
07/06/2025 23:00;24,01;31,52
08/06/2025 00:00;23,09;30,71
08/06/2025 01:00;22,84;30,71
08/06/2025 02:00;23,32;30,71
08/06/2025 03:00;22;29,9
08/06/2025 04:00;21,4;29,09
08/06/2025 05:00;21,52;29,09
08/06/2025 06:00;21;28,29
08/06/2025 07:00;20,26;28,29
08/06/2025 08:00;19,8;27,48
08/06/2025 09:00;19,76;27,48
08/06/2025 10:00;19,19;27,48
08/06/2025 11:00;17,21;27,48
08/06/2025 12:00;18,87;26,68
08/06/2025 13:00;15,85;26,68
08/06/2025 14:00;12,21;25,87
08/06/2025 15:00;11,6;25,87
08/06/2025 16:00;14,31;25,06
08/06/2025 17:00;12,97;25,06
08/06/2025 18:00;13,37;25,06
08/06/2025 19:00;13,79;25,87
08/06/2025 20:00;16,44;25,87
08/06/2025 21:00;18,14;26,68
08/06/2025 22:00;19,22;26,68
08/06/2025 23:00;19,41;27,48
09/06/2025 00:00;19,38;27,48
09/06/2025 01:00;19,33;27,48
09/06/2025 02:00;18,56;27,48
09/06/2025 03:00;19,43;27,48
09/06/2025 04:00;18,55;26,68
09/06/2025 05:00;18,77;26,68
09/06/2025 06:00;18,41;26,68
09/06/2025 07:00;32,68;32,32
09/06/2025 08:00;NULL;38,77
09/06/2025 09:00;39,87;37,16
09/06/2025 10:00;39;36,35
09/06/2025 11:00;39,08;37,16
09/06/2025 12:00;38,33;36,35
09/06/2025 13:00;38,1;36,35
09/06/2025 14:00;39,13;36,35
09/06/2025 15:00;NULL;39,58
09/06/2025 16:00;NULL;39,58
09/06/2025 17:00;NULL;39,58
09/06/2025 18:00;NULL;38,77
09/06/2025 19:00;38,6;36,35
09/06/2025 20:00;39,09;37,16
09/06/2025 21:00;38,69;36,35
09/06/2025 22:00;39,81;37,97
09/06/2025 23:00;NULL;38,77
10/06/2025 00:00;NULL;38,77
10/06/2025 01:00;NULL;38,77
10/06/2025 02:00;NULL;38,77
10/06/2025 03:00;NULL;38,77
10/06/2025 04:00;NULL;39,58
10/06/2025 05:00;NULL;41,19
10/06/2025 06:00;NULL;42
10/06/2025 07:00;NULL;42
10/06/2025 08:00;NULL;41,19
10/06/2025 09:00;36,85;36,35
10/06/2025 10:00;37,1;37,97
10/06/2025 11:00;34,99;35,55
10/06/2025 12:00;32,07;32,32
10/06/2025 13:00;32,68;32,32
10/06/2025 14:00;37,58;34,74
10/06/2025 15:00;39,91;37,16
10/06/2025 16:00;NULL;37,97
10/06/2025 17:00;NULL;37,97
10/06/2025 18:00;NULL;38,77
10/06/2025 19:00;NULL;43,52
10/06/2025 20:00;NULL;43,52
10/06/2025 21:00;30,62;19,41
10/06/2025 22:00;27,95;19,41
10/06/2025 23:00;27,67;18,61
11/06/2025 00:00;28,25;19,41
11/06/2025 01:00;27,47;18,61
11/06/2025 02:00;28,28;19,41
11/06/2025 03:00;26,98;18,61
11/06/2025 04:00;25,8;17,8
11/06/2025 05:00;24,81;17
11/06/2025 06:00;24,25;16,45
11/06/2025 07:00;24,18;15,89
11/06/2025 08:00;23,86;15,89
11/06/2025 09:00;23,85;15,89
11/06/2025 10:00;22,72;14,78
11/06/2025 11:00;21,83;14,78
11/06/2025 12:00;21,48;14,22
11/06/2025 13:00;21,39;14,22
11/06/2025 14:00;21,68;13,67
11/06/2025 15:00;20,97;13,67
11/06/2025 16:00;19,7;13,11
11/06/2025 17:00;19,94;13,11
11/06/2025 18:00;20,63;13,67
11/06/2025 19:00;20,53;13,67
11/06/2025 20:00;21,25;14,22
11/06/2025 21:00;20,67;14,22
11/06/2025 22:00;20,76;14,22
11/06/2025 23:00;20,8;14,22
12/06/2025 00:00;21,09;14,22
12/06/2025 01:00;21,65;14,78
12/06/2025 02:00;21,88;14,78
12/06/2025 03:00;21,09;14,78
12/06/2025 04:00;21,28;14,78
12/06/2025 05:00;20,54;14,22
12/06/2025 06:00;20,44;14,22
12/06/2025 07:00;20,34;14,22
12/06/2025 08:00;19,69;13,67
12/06/2025 09:00;19,81;13,67
12/06/2025 10:00;19,62;13,67
12/06/2025 11:00;19,62;13,67
12/06/2025 12:00;19,76;13,11
12/06/2025 13:00;19,34;13,11
12/06/2025 14:00;19,78;11
12/06/2025 15:00;19,83;13,11
12/06/2025 16:00;17,64;10,5
12/06/2025 17:00;19,34;13,11
12/06/2025 18:00;19,98;13,11
12/06/2025 19:00;20,13;13,67
12/06/2025 20:00;20,16;13,67
12/06/2025 21:00;20,15;13,67
12/06/2025 22:00;21,3;14,78
12/06/2025 23:00;20,66;14,78
13/06/2025 00:00;21,06;14,78
13/06/2025 01:00;20,92;14,78
13/06/2025 02:00;20,9;14,78
13/06/2025 03:00;19,86;14,22
13/06/2025 04:00;20,12;14,22
13/06/2025 05:00;20,28;14,22
13/06/2025 06:00;15,35;12,55
13/06/2025 07:00;14,35;12
13/06/2025 08:00;15,21;12
13/06/2025 09:00;14,48;11
13/06/2025 10:00;15,2;11
13/06/2025 11:00;30,83;27,48
13/06/2025 12:00;30,06;26,68
13/06/2025 13:00;30,94;27,48
13/06/2025 14:00;30,02;26,68
13/06/2025 15:00;29,2;25,87
13/06/2025 16:00;29,39;25,87
13/06/2025 17:00;35,87;29,09
13/06/2025 18:00;34,16;28,29
13/06/2025 19:00;34,99;29,09
13/06/2025 20:00;36,62;29,9
13/06/2025 21:00;38,24;31,52
13/06/2025 22:00;38,65;32,32
13/06/2025 23:00;38,51;32,32
14/06/2025 00:00;38,43;32,32
14/06/2025 01:00;38,55;32,32
14/06/2025 02:00;38,82;32,32
14/06/2025 03:00;38,62;32,32
14/06/2025 04:00;38,64;32,32
14/06/2025 05:00;38,34;32,32
14/06/2025 06:00;37,23;31,52
14/06/2025 07:00;35,78;29,9
14/06/2025 08:00;35,29;29,09
14/06/2025 09:00;35,4;29,09
14/06/2025 10:00;34,39;28,29
14/06/2025 11:00;34,32;28,29
14/06/2025 12:00;34,41;28,29
14/06/2025 13:00;34,45;28,29
14/06/2025 14:00;33,28;27,48
14/06/2025 15:00;33,77;27,48
14/06/2025 16:00;33,87;27,48
14/06/2025 17:00;33,97;27,48
14/06/2025 18:00;33,55;28,29
14/06/2025 19:00;36,33;29,09
14/06/2025 20:00;38,43;30,71
14/06/2025 21:00;NULL;33,13
14/06/2025 22:00;NULL;34,74
14/06/2025 23:00;NULL;35,55
15/06/2025 00:00;NULL;37,16
15/06/2025 01:00;NULL;37,97
15/06/2025 02:00;NULL;36,35
15/06/2025 03:00;NULL;36,35
15/06/2025 04:00;27,62;17,8
15/06/2025 05:00;29,91;19,41
15/06/2025 06:00;29,87;19,41
15/06/2025 07:00;21,17;16,45
15/06/2025 08:00;18,55;13,67
15/06/2025 09:00;18,03;13,11
15/06/2025 10:00;17,12;12,55
15/06/2025 11:00;17,17;12,55
15/06/2025 12:00;17,64;13,11
15/06/2025 13:00;18,54;14,22
15/06/2025 14:00;18,05;13,67
15/06/2025 15:00;17,61;13,11
15/06/2025 16:00;17,57;13,11
15/06/2025 17:00;17,68;13,11
15/06/2025 18:00;17,69;13,11
15/06/2025 19:00;27,9;16,45
15/06/2025 20:00;28,22;17
15/06/2025 21:00;28,02;17
15/06/2025 22:00;28,37;17
15/06/2025 23:00;28,32;17
16/06/2025 00:00;27,98;17
16/06/2025 01:00;28;17
16/06/2025 02:00;27,4;16,45
16/06/2025 03:00;27,5;16,45
16/06/2025 04:00;27,31;16,45
16/06/2025 05:00;26,97;15,89
16/06/2025 06:00;26,99;15,89
16/06/2025 07:00;26,71;15,89
16/06/2025 08:00;6,28;8,5
16/06/2025 09:00;16,4;12
16/06/2025 10:00;14,79;10
16/06/2025 11:00;15,55;11
16/06/2025 12:00;21,17;13,11
16/06/2025 13:00;22,65;13,67
16/06/2025 14:00;22,15;13,67
16/06/2025 15:00;22,76;13,67
16/06/2025 16:00;19,2;12
16/06/2025 17:00;20,54;12,55
16/06/2025 18:00;20,61;12,55
16/06/2025 19:00;19,98;12,55
16/06/2025 20:00;19,95;12,55
16/06/2025 21:00;20,59;13,11
16/06/2025 22:00;20,53;13,11
16/06/2025 23:00;21,15;13,67
17/06/2025 00:00;21,26;13,67
17/06/2025 01:00;21,19;13,67
17/06/2025 02:00;21,32;13,67
17/06/2025 03:00;21,35;13,67
17/06/2025 04:00;21,34;13,67
17/06/2025 05:00;20,68;13,11
17/06/2025 06:00;14,76;11
17/06/2025 07:00;17,85;12
17/06/2025 08:00;17,74;12
17/06/2025 09:00;14,54;7,25
17/06/2025 10:00;NULL;37,97
17/06/2025 11:00;NULL;37,97
17/06/2025 12:00;NULL;37,16
17/06/2025 13:00;NULL;37,16
17/06/2025 14:00;NULL;37,16
17/06/2025 15:00;34,59;33,13
17/06/2025 16:00;34,38;32,32
17/06/2025 17:00;34,07;31,52
17/06/2025 18:00;35,14;33,13
17/06/2025 19:00;34,32;32,32
17/06/2025 20:00;34,92;33,13
17/06/2025 21:00;34,83;33,13
17/06/2025 22:00;34,88;33,13
17/06/2025 23:00;34,87;33,13
18/06/2025 00:00;35,57;33,93
18/06/2025 01:00;35,73;33,93
18/06/2025 02:00;35,46;33,93
18/06/2025 03:00;35,77;33,93
18/06/2025 04:00;35,62;33,93
18/06/2025 05:00;34,62;33,13
18/06/2025 06:00;35,29;33,93
18/06/2025 07:00;34,86;33,13
18/06/2025 08:00;34,79;33,13
18/06/2025 09:00;36,35;33,13
18/06/2025 10:00;36,36;33,13
18/06/2025 11:00;34,1;32,32
18/06/2025 12:00;33,95;32,32
18/06/2025 13:00;33,09;31,52
18/06/2025 14:00;NULL;34,74
18/06/2025 15:00;NULL;34,74
18/06/2025 16:00;38,28;33,13
18/06/2025 17:00;38,25;33,13
18/06/2025 18:00;39,92;33,93
18/06/2025 19:00;NULL;33,93
18/06/2025 20:00;39,65;33,93
18/06/2025 21:00;38,82;33,13
18/06/2025 22:00;39,81;33,93
18/06/2025 23:00;39,99;33,93
19/06/2025 00:00;33,49;31,52
19/06/2025 01:00;34,5;32,32
19/06/2025 02:00;34,12;32,32
19/06/2025 03:00;34,15;31,52
19/06/2025 04:00;32,35;30,71
19/06/2025 05:00;32,39;30,71
19/06/2025 06:00;31,75;29,9
19/06/2025 07:00;31,67;29,9
19/06/2025 08:00;31,89;29,9
19/06/2025 09:00;32,08;29,9
19/06/2025 10:00;32,01;29,9
19/06/2025 11:00;31,12;29,09
19/06/2025 12:00;30,74;28,29
19/06/2025 13:00;22,57;25,06
19/06/2025 14:00;11,77;5,75
19/06/2025 15:00;11,33;5
19/06/2025 16:00;29,05;27,48
19/06/2025 17:00;35,42;31,52
19/06/2025 18:00;35,02;30,71
19/06/2025 19:00;36,23;31,52
19/06/2025 20:00;36,52;31,52
19/06/2025 21:00;37,91;32,32
19/06/2025 22:00;37,93;32,32
19/06/2025 23:00;38,1;32,32
20/06/2025 00:00;29,66;28,29
20/06/2025 01:00;30,94;29,09
20/06/2025 02:00;31,01;29,09
20/06/2025 03:00;31;29,09
20/06/2025 04:00;33,37;31,52
20/06/2025 05:00;33,23;31,52
20/06/2025 06:00;33,26;31,52
20/06/2025 07:00;33,24;31,52
20/06/2025 08:00;33,41;31,52
20/06/2025 09:00;33,43;31,52
20/06/2025 10:00;33,38;31,52
20/06/2025 11:00;32,63;30,71
20/06/2025 12:00;31,96;29,9
20/06/2025 13:00;32,54;30,71
20/06/2025 14:00;31,85;29,9
20/06/2025 15:00;31,7;29,9
20/06/2025 16:00;31,78;29,9
20/06/2025 17:00;37,5;32,32
20/06/2025 18:00;37,86;32,32
20/06/2025 19:00;37,71;32,32
20/06/2025 20:00;38,44;33,13
20/06/2025 21:00;38,37;33,13
20/06/2025 22:00;39,39;33,93
20/06/2025 23:00;NULL;34,74
21/06/2025 00:00;39,48;33,93
21/06/2025 01:00;NULL;34,74
21/06/2025 02:00;NULL;34,74
21/06/2025 03:00;NULL;34,74
21/06/2025 04:00;NULL;34,74
21/06/2025 05:00;NULL;34,74
21/06/2025 06:00;32,62;30,71
21/06/2025 07:00;33,1;30,71
21/06/2025 08:00;33,02;30,71
21/06/2025 09:00;32,73;30,71
21/06/2025 10:00;31,94;29,9
21/06/2025 11:00;25,2;26,68
21/06/2025 12:00;20,36;23,45
21/06/2025 13:00;22,14;24,25
21/06/2025 14:00;26,53;26,68
21/06/2025 15:00;25,67;25,87
21/06/2025 16:00;25,68;25,87
21/06/2025 17:00;25,74;25,87
21/06/2025 18:00;27,44;26,68
21/06/2025 19:00;33,6;29,9
21/06/2025 20:00;33,52;29,9
21/06/2025 21:00;33,4;29,9
21/06/2025 22:00;34,93;30,71
21/06/2025 23:00;36,58;31,52
22/06/2025 00:00;27,34;26,68
22/06/2025 01:00;30,2;28,29
22/06/2025 02:00;30,19;28,29
22/06/2025 03:00;30,38;28,29
22/06/2025 04:00;30,36;28,29
22/06/2025 05:00;30,9;29,09
22/06/2025 06:00;29,84;28,29
22/06/2025 07:00;24,91;24,25
22/06/2025 08:00;9,6;4,67
22/06/2025 09:00;12,82;8
22/06/2025 10:00;12,87;8
22/06/2025 11:00;12,82;8
22/06/2025 12:00;12,13;7,63
22/06/2025 13:00;12,27;7,63
22/06/2025 14:00;12,15;7,63
22/06/2025 15:00;11,85;7,63
22/06/2025 16:00;11,8;7,63
22/06/2025 17:00;11,93;7,63
22/06/2025 18:00;23,56;23,45
22/06/2025 19:00;28,65;27,48
22/06/2025 20:00;29,14;27,48
22/06/2025 21:00;28,92;27,48
22/06/2025 22:00;28,73;27,48
22/06/2025 23:00;29,8;28,29
23/06/2025 00:00;36,91;31,52
23/06/2025 01:00;37,2;31,52
23/06/2025 02:00;37,15;31,52
23/06/2025 03:00;26,99;26,68
23/06/2025 04:00;22,21;24,25
23/06/2025 05:00;21,05;23,45
23/06/2025 06:00;20,94;23,45
23/06/2025 07:00;20,64;23,45
23/06/2025 08:00;20,68;23,45
23/06/2025 09:00;20,68;23,45
23/06/2025 10:00;18,98;22,64
23/06/2025 11:00;19,23;22,64
23/06/2025 12:00;18,02;21,84
23/06/2025 13:00;18,01;21,84
23/06/2025 14:00;17,93;21,84
23/06/2025 15:00;17,66;21,84
23/06/2025 16:00;17,65;21,84
23/06/2025 17:00;17,83;21,84
23/06/2025 18:00;17,97;21,84
23/06/2025 19:00;19,46;22,64
23/06/2025 20:00;25,39;25,87
23/06/2025 21:00;27,22;26,68
23/06/2025 22:00;28,37;27,48
23/06/2025 23:00;28,39;27,48
24/06/2025 00:00;31,42;29,09
24/06/2025 01:00;36,77;31,52
24/06/2025 02:00;36,75;31,52
24/06/2025 03:00;36,42;31,52
24/06/2025 04:00;31,77;29,9
24/06/2025 05:00;31,97;29,9
24/06/2025 06:00;31,83;29,9
24/06/2025 07:00;31,41;29,9
24/06/2025 08:00;30,71;29,09
24/06/2025 09:00;30,77;29,09
24/06/2025 10:00;30,78;29,09
24/06/2025 11:00;29,55;28,29
24/06/2025 12:00;19,3;23,45
24/06/2025 13:00;20,04;23,45
24/06/2025 14:00;18,59;22,64
24/06/2025 15:00;15,81;21,03
24/06/2025 16:00;14,72;20,22
24/06/2025 17:00;17,43;21,84
24/06/2025 18:00;17,49;21,84
24/06/2025 19:00;33,71;29,9
24/06/2025 20:00;33,68;29,9
24/06/2025 21:00;33,86;29,9
24/06/2025 22:00;34,01;29,9
24/06/2025 23:00;33,81;29,9
25/06/2025 00:00;29,98;28,29
25/06/2025 01:00;30,09;28,29
25/06/2025 02:00;30,1;28,29
25/06/2025 03:00;29,82;28,29
25/06/2025 04:00;29,77;28,29
25/06/2025 05:00;29,84;28,29
25/06/2025 06:00;30,65;29,09
25/06/2025 07:00;30,61;29,09
25/06/2025 08:00;30,44;29,09
25/06/2025 09:00;30,59;29,09
25/06/2025 10:00;31,87;29,09
25/06/2025 11:00;21,79;24,25
25/06/2025 12:00;25,11;25,87
25/06/2025 13:00;27,79;26,68
25/06/2025 14:00;29,17;27,48
25/06/2025 15:00;20,49;23,45
25/06/2025 16:00;19,74;22,64
25/06/2025 17:00;21,1;23,45
25/06/2025 18:00;29,02;27,48
25/06/2025 19:00;29,7;27,48
25/06/2025 20:00;29,76;27,48
25/06/2025 21:00;30,85;28,29
25/06/2025 22:00;31,25;29,09
25/06/2025 23:00;32,08;29,09
26/06/2025 00:00;32,91;29,9
26/06/2025 01:00;32,05;29,09
26/06/2025 02:00;30,84;28,29
26/06/2025 03:00;31,84;29,09
26/06/2025 04:00;31,63;29,09
26/06/2025 05:00;30,64;28,29
26/06/2025 06:00;30,63;28,29
26/06/2025 07:00;24,75;25,06
26/06/2025 08:00;23,81;25,06
26/06/2025 09:00;23,95;25,06
26/06/2025 10:00;22,64;24,25
26/06/2025 11:00;22,75;24,25
26/06/2025 12:00;28,55;27,48
26/06/2025 13:00;28,83;27,48
26/06/2025 14:00;18,94;22,64
26/06/2025 15:00;20,86;23,45
26/06/2025 16:00;20,01;22,64
26/06/2025 17:00;21;23,45
26/06/2025 18:00;28,91;27,48
26/06/2025 19:00;28,85;27,48
26/06/2025 20:00;27,83;26,68
26/06/2025 21:00;28,95;27,48
26/06/2025 22:00;28,8;27,48
26/06/2025 23:00;29,07;27,48
27/06/2025 00:00;29,03;27,48
27/06/2025 01:00;29,31;27,48
27/06/2025 02:00;19,44;22,64
27/06/2025 03:00;22,44;24,25
27/06/2025 04:00;22,41;24,25
27/06/2025 05:00;22,3;24,25
27/06/2025 06:00;21,42;23,45
27/06/2025 07:00;22,92;24,25
27/06/2025 08:00;27,87;26,68
27/06/2025 09:00;27,57;26,68
27/06/2025 10:00;28,78;27,48
27/06/2025 11:00;17,75;21,84
27/06/2025 12:00;14,99;20,22
27/06/2025 13:00;6,37;11
27/06/2025 14:00;6,76;10,5
27/06/2025 15:00;16,12;19,41
27/06/2025 16:00;14,99;18,61
27/06/2025 17:00;14,5;17,8
27/06/2025 18:00;14,28;17,8
27/06/2025 19:00;14,35;17,8
27/06/2025 20:00;16,74;19,41
27/06/2025 21:00;35,61;30,71
27/06/2025 22:00;35,49;30,71
27/06/2025 23:00;27,98;26,68
28/06/2025 00:00;15,01;20,22
28/06/2025 01:00;9,34;15,33
28/06/2025 02:00;25,69;25,06
28/06/2025 03:00;19,72;22,64
28/06/2025 04:00;9,51;15,89
28/06/2025 05:00;9,56;15,33
28/06/2025 06:00;15,15;18,61
28/06/2025 07:00;15,97;19,41
28/06/2025 08:00;15,08;18,61
28/06/2025 09:00;16,19;19,41
28/06/2025 10:00;21,05;22,64
28/06/2025 11:00;20,96;22,64
28/06/2025 12:00;20,9;22,64
28/06/2025 13:00;20,92;22,64
28/06/2025 14:00;20,97;22,64
28/06/2025 15:00;20,88;22,64
28/06/2025 16:00;20,27;21,84
28/06/2025 17:00;21;22,64
28/06/2025 18:00;20,2;21,84
28/06/2025 19:00;21,36;22,64
28/06/2025 20:00;27,96;26,68
28/06/2025 21:00;33,36;29,09
28/06/2025 22:00;34,17;29,9
28/06/2025 23:00;34,2;29,9
29/06/2025 00:00;34,32;29,9
29/06/2025 01:00;24,54;25,06
29/06/2025 02:00;23,04;24,25
29/06/2025 03:00;20,42;22,64
29/06/2025 04:00;21,23;23,45
29/06/2025 05:00;20,39;22,64
29/06/2025 06:00;21,07;23,45
29/06/2025 07:00;27,75;26,68
29/06/2025 08:00;27,45;26,68
29/06/2025 09:00;18,35;21,84
29/06/2025 10:00;14,1;19,41
29/06/2025 11:00;9,47;15,33
29/06/2025 12:00;14,39;17,8
29/06/2025 13:00;14,27;17,8
29/06/2025 14:00;14,46;17,8
29/06/2025 15:00;13,61;17
29/06/2025 16:00;13,79;17
29/06/2025 17:00;10,39;15,89
29/06/2025 18:00;14,88;17,8
29/06/2025 19:00;13,76;19,41
29/06/2025 20:00;15,62;20,22
29/06/2025 21:00;14,72;19,41
29/06/2025 22:00;24,73;25,06
29/06/2025 23:00;30,02;28,29
30/06/2025 00:00;13,81;19,41
30/06/2025 01:00;33,25;29,09
30/06/2025 02:00;33,5;29,09
30/06/2025 03:00;34,84;29,9
30/06/2025 04:00;23,42;24,25
30/06/2025 05:00;26,66;25,87
30/06/2025 06:00;26,36;25,87
30/06/2025 07:00;26,42;25,87
30/06/2025 08:00;26,36;25,87
30/06/2025 09:00;26,42;25,87
30/06/2025 10:00;36,06;26,68
30/06/2025 11:00;39,67;28,29
30/06/2025 12:00;39,68;28,29
30/06/2025 13:00;37,18;27,48
30/06/2025 14:00;18,43;10
30/06/2025 15:00;15,55;9
30/06/2025 16:00;19,57;10,5
30/06/2025 17:00;28,3;14,22
30/06/2025 18:00;33,08;15,33
30/06/2025 19:00;31,66;14,78
30/06/2025 20:00;35,6;16,45
30/06/2025 21:00;34,61;16,45
30/06/2025 22:00;33,48;15,89
30/06/2025 23:00;33,46;15,89
01/07/2025 00:00;35,34;16,45
01/07/2025 01:00;13,01;7,63
01/07/2025 02:00;20,08;10
01/07/2025 03:00;17,92;9,5
01/07/2025 04:00;18,35;9,5
01/07/2025 05:00;18,46;9,5
01/07/2025 06:00;18,51;9,5
01/07/2025 07:00;18,45;9,5
01/07/2025 08:00;19,08;10
01/07/2025 09:00;19,07;10
01/07/2025 10:00;15,06;8,5
01/07/2025 11:00;19,65;10
01/07/2025 12:00;17,36;9
01/07/2025 13:00;13,29;7,25
01/07/2025 14:00;10,27;6,13
01/07/2025 15:00;10,6;6,5
01/07/2025 16:00;5,19;4
01/07/2025 17:00;11,27;6,88
01/07/2025 18:00;25,56;13,11
01/07/2025 19:00;38,59;18,61
01/07/2025 20:00;NULL;21,03
01/07/2025 21:00;NULL;24,25
01/07/2025 22:00;NULL;25,06
01/07/2025 23:00;NULL;24,25
02/07/2025 00:00;NULL;25,06
02/07/2025 01:00;NULL;25,06
02/07/2025 02:00;NULL;24,25
02/07/2025 03:00;NULL;25,06
02/07/2025 04:00;NULL;25,06
02/07/2025 05:00;NULL;25,06
02/07/2025 06:00;NULL;25,06
02/07/2025 07:00;NULL;20,22
02/07/2025 08:00;37,88;17,8
02/07/2025 09:00;36,75;17
02/07/2025 10:00;37,05;17
02/07/2025 11:00;36,13;17,8
02/07/2025 12:00;10,73;6,5
02/07/2025 13:00;10,73;6,5
02/07/2025 14:00;17,87;9,5
02/07/2025 15:00;36,38;16,45
02/07/2025 16:00;36,48;16,45
02/07/2025 17:00;38,47;18,61
02/07/2025 18:00;39,4;19,41
02/07/2025 19:00;39,4;19,41
02/07/2025 20:00;NULL;21,03
02/07/2025 21:00;NULL;23,45
02/07/2025 22:00;NULL;23,45
02/07/2025 23:00;NULL;24,25
03/07/2025 00:00;NULL;24,25
03/07/2025 01:00;NULL;24,25
03/07/2025 02:00;NULL;23,45
03/07/2025 03:00;NULL;23,45
03/07/2025 04:00;NULL;23,45
03/07/2025 05:00;39,43;19,41
03/07/2025 06:00;36,99;17
03/07/2025 07:00;NULL;20,22
03/07/2025 08:00;NULL;20,22
03/07/2025 09:00;NULL;21,03
03/07/2025 10:00;NULL;21,03
03/07/2025 11:00;NULL;21,03
03/07/2025 12:00;39,38;19,41
03/07/2025 13:00;37,74;17,8
03/07/2025 14:00;36,39;16,45
03/07/2025 15:00;35,75;15,89
03/07/2025 16:00;36,16;16,45
03/07/2025 17:00;36,18;16,45
03/07/2025 18:00;36,37;16,45
03/07/2025 19:00;37;17
03/07/2025 20:00;36,57;17
03/07/2025 21:00;36,6;17
03/07/2025 22:00;NULL;24,25
03/07/2025 23:00;NULL;24,25
04/07/2025 00:00;NULL;25,06
04/07/2025 01:00;NULL;24,25
04/07/2025 02:00;NULL;23,45
04/07/2025 03:00;NULL;24,25
04/07/2025 04:00;NULL;23,45
04/07/2025 05:00;NULL;21,84
04/07/2025 06:00;NULL;21,03
04/07/2025 07:00;NULL;21,03
04/07/2025 08:00;NULL;23,45
04/07/2025 09:00;NULL;21,84
04/07/2025 10:00;18,25;10,5
04/07/2025 11:00;12,81;7,25
04/07/2025 12:00;10,44;6,5
04/07/2025 13:00;9,22;6,13
04/07/2025 14:00;5,16;4
04/07/2025 15:00;8,02;4,33
04/07/2025 16:00;9,89;5,75
04/07/2025 17:00;10,96;6,13
04/07/2025 18:00;10,96;6,13
04/07/2025 19:00;36,43;16,45
04/07/2025 20:00;NULL;22,64
04/07/2025 21:00;NULL;23,45
04/07/2025 22:00;NULL;25,06
04/07/2025 23:00;NULL;23,45
05/07/2025 00:00;10,65;9,5
05/07/2025 01:00;18,24;9,5
05/07/2025 02:00;15,02;8
05/07/2025 03:00;13,4;7,63
05/07/2025 04:00;9,16;6,13
05/07/2025 05:00;9,19;6,13
05/07/2025 06:00;9,91;6,13
05/07/2025 07:00;9,66;6,13
05/07/2025 08:00;9,23;6,13
05/07/2025 09:00;5,18;4
05/07/2025 10:00;11,17;6,13
05/07/2025 11:00;11,3;6,5
05/07/2025 12:00;7,61;5
05/07/2025 13:00;9,86;5,75
05/07/2025 14:00;10,8;6,13
05/07/2025 15:00;11,07;6,13
05/07/2025 16:00;6,57;4,33
05/07/2025 17:00;9,15;5,37
05/07/2025 18:00;10,38;5,75
05/07/2025 19:00;10,55;5,75
05/07/2025 20:00;12,76;6,88
05/07/2025 21:00;36,06;16,45
05/07/2025 22:00;38,59;18,61
05/07/2025 23:00;15,03;12
06/07/2025 00:00;20,77;12
06/07/2025 01:00;13,2;7,63
06/07/2025 02:00;16,16;8,5
06/07/2025 03:00;9,46;6,13
06/07/2025 04:00;9,21;6,13
06/07/2025 05:00;9,92;6,13
06/07/2025 06:00;9,86;6,13
06/07/2025 07:00;5,17;4
06/07/2025 08:00;5,24;4
06/07/2025 09:00;10,49;5,75
06/07/2025 10:00;10,94;6,13
06/07/2025 11:00;7,83;4,67
06/07/2025 12:00;8,79;5
06/07/2025 13:00;10,29;5,75
06/07/2025 14:00;10,4;5,75
06/07/2025 15:00;5,86;4
06/07/2025 16:00;8,2;4,67
06/07/2025 17:00;10,29;5,75
06/07/2025 18:00;10,29;5,75
06/07/2025 19:00;5,76;4
06/07/2025 20:00;8,21;4,67
06/07/2025 21:00;10,25;5,75
06/07/2025 22:00;10,54;5,75
06/07/2025 23:00;3,1;4
07/07/2025 00:00;3,92;4
07/07/2025 01:00;9,52;5,37
07/07/2025 02:00;9,75;5,37
07/07/2025 03:00;7,75;4,67
07/07/2025 04:00;7,95;4,67
07/07/2025 05:00;8,89;5
07/07/2025 06:00;10,32;5,75
07/07/2025 07:00;36,32;16,45
07/07/2025 08:00;3,11;4
07/07/2025 09:00;5,46;4
07/07/2025 10:00;8,16;4,67
07/07/2025 11:00;8,8;4
07/07/2025 12:00;15,07;13,67
07/07/2025 13:00;18,04;14,78
07/07/2025 14:00;20,15;15,89
07/07/2025 15:00;20,33;15,89
07/07/2025 16:00;15,55;13,67
07/07/2025 17:00;17,21;14,22
07/07/2025 18:00;19,98;15,89
07/07/2025 19:00;20,08;15,89
07/07/2025 20:00;15,28;13,67
07/07/2025 21:00;17,11;14,22
07/07/2025 22:00;20,06;15,89
07/07/2025 23:00;20,14;15,89
08/07/2025 00:00;15,63;13,67
08/07/2025 01:00;18,03;14,78
08/07/2025 02:00;20,1;15,89
08/07/2025 03:00;20,9;16,45
08/07/2025 04:00;15,02;13,67
08/07/2025 05:00;17,07;14,22
08/07/2025 06:00;20,22;15,89
08/07/2025 07:00;20,05;15,89
08/07/2025 08:00;17,43;14,22
08/07/2025 09:00;19,97;17
08/07/2025 10:00;14,23;13,11
08/07/2025 11:00;14,28;13,11
08/07/2025 12:00;17,94;14,78
08/07/2025 13:00;19,82;15,89
08/07/2025 14:00;15,3;13,67
08/07/2025 15:00;16,05;13,67
08/07/2025 16:00;16,03;13,67
08/07/2025 17:00;19,33;15,33
08/07/2025 18:00;19,67;15,89
08/07/2025 19:00;21,16;16,45
08/07/2025 20:00;23,63;17,8
08/07/2025 21:00;NULL;34,74
08/07/2025 22:00;NULL;34,74
08/07/2025 23:00;NULL;40,38
09/07/2025 00:00;NULL;41,19
09/07/2025 01:00;NULL;45,02
09/07/2025 02:00;39,29;31,52
09/07/2025 03:00;20,14;17
09/07/2025 04:00;15,44;14,22
09/07/2025 05:00;14,82;13,67
09/07/2025 06:00;19,99;15,89
09/07/2025 07:00;18,84;15,33
09/07/2025 08:00;25,43;19,41
09/07/2025 09:00;27,38;20,22
09/07/2025 10:00;23,12;17,8
09/07/2025 11:00;15,48;13,67
09/07/2025 12:00;16,65;14,22
09/07/2025 13:00;19,11;15,33
09/07/2025 14:00;15,44;13,67
09/07/2025 15:00;15,37;13,67
09/07/2025 16:00;15,65;13,67
09/07/2025 17:00;22,18;17
09/07/2025 18:00;24,33;18,61
09/07/2025 19:00;NULL;32,32
09/07/2025 20:00;NULL;35,55
09/07/2025 21:00;NULL;41,19
09/07/2025 22:00;NULL;39,58
09/07/2025 23:00;NULL;45,02
10/07/2025 00:00;NULL;45,02
10/07/2025 01:00;NULL;46,55
10/07/2025 02:00;NULL;45,02
10/07/2025 03:00;NULL;42
10/07/2025 04:00;NULL;41,19
10/07/2025 05:00;NULL;39,58
10/07/2025 06:00;NULL;39,58
10/07/2025 07:00;NULL;32,32
10/07/2025 08:00;NULL;35,55
10/07/2025 09:00;19,96;17
10/07/2025 10:00;24,18;19,41
10/07/2025 11:00;21,86;17,8
10/07/2025 12:00;19,52;16,45
10/07/2025 13:00;14,26;13,11
10/07/2025 14:00;14,27;13,11
10/07/2025 15:00;14,88;13,11
10/07/2025 16:00;13,16;9
10/07/2025 17:00;18,17;14,78
10/07/2025 18:00;14,42;13,11
10/07/2025 19:00;19,81;15,89
10/07/2025 20:00;NULL;27,48
10/07/2025 21:00;NULL;34,74
10/07/2025 22:00;NULL;37,16
10/07/2025 23:00;NULL;41,19
11/07/2025 00:00;22,13;21,03
11/07/2025 01:00;28,84;21,84
11/07/2025 02:00;29,34;21,84
11/07/2025 03:00;30,8;22,64
11/07/2025 04:00;26,23;20,22
11/07/2025 05:00;29,26;21,84
11/07/2025 06:00;32;23,45
11/07/2025 07:00;31,21;22,64
11/07/2025 08:00;27,34;21,03
11/07/2025 09:00;27,89;21,03
11/07/2025 10:00;30,96;22,64
11/07/2025 11:00;24,6;15,33
11/07/2025 12:00;27,54;21,03
11/07/2025 13:00;19,53;16,45
11/07/2025 14:00;13,73;12,55
11/07/2025 15:00;20,21;15,89
11/07/2025 16:00;23,61;17,8
11/07/2025 17:00;20,99;16,45
11/07/2025 18:00;22,17;17,8
11/07/2025 19:00;29,05;21,84
11/07/2025 20:00;29,09;21,84
11/07/2025 21:00;NULL;34,74
11/07/2025 22:00;NULL;33,93
11/07/2025 23:00;NULL;34,74
12/07/2025 00:00;NULL;40,38
12/07/2025 01:00;NULL;40,38
12/07/2025 02:00;NULL;42
12/07/2025 03:00;22,97;21,84
12/07/2025 04:00;25,41;21,84
12/07/2025 05:00;27,38;21,03
12/07/2025 06:00;39,74;27,48
12/07/2025 07:00;20,15;17
12/07/2025 08:00;20,05;17
12/07/2025 09:00;14,25;13,11
12/07/2025 10:00;18,09;14,78
12/07/2025 11:00;17,69;14,78
12/07/2025 12:00;15,54;13,67
12/07/2025 13:00;16,71;13,67
12/07/2025 14:00;19,88;15,89
12/07/2025 15:00;23,29;17,8
12/07/2025 16:00;18,84;15,33
12/07/2025 17:00;19,31;15,33
12/07/2025 18:00;21,88;17
12/07/2025 19:00;NULL;34,74
12/07/2025 20:00;NULL;34,74
12/07/2025 21:00;NULL;36,35
12/07/2025 22:00;NULL;41,19
12/07/2025 23:00;NULL;43,52
13/07/2025 00:00;34,7;31,52
13/07/2025 01:00;NULL;33,93
13/07/2025 02:00;NULL;36,35
13/07/2025 03:00;NULL;36,35
13/07/2025 04:00;29,11;25,87
13/07/2025 05:00;28,96;21,84
13/07/2025 06:00;30,57;22,64
13/07/2025 07:00;30,73;22,64
13/07/2025 08:00;29,65;22,64
13/07/2025 09:00;20,35;17
13/07/2025 10:00;19,91;17
13/07/2025 11:00;19,91;17
13/07/2025 12:00;19,3;16,45
13/07/2025 13:00;14,12;13,11
13/07/2025 14:00;17,98;14,78
13/07/2025 15:00;20,02;15,89
13/07/2025 16:00;15,87;13,67
13/07/2025 17:00;16,68;14,22
13/07/2025 18:00;18,98;15,33
13/07/2025 19:00;19,16;15,33
13/07/2025 20:00;NULL;34,74
13/07/2025 21:00;NULL;36,35
13/07/2025 22:00;NULL;40,38
13/07/2025 23:00;NULL;42
14/07/2025 00:00;NULL;43,52
14/07/2025 01:00;34,79;27,48
14/07/2025 02:00;27,16;21,03
14/07/2025 03:00;28,78;21,84
14/07/2025 04:00;26,22;20,22
14/07/2025 05:00;21,35;17,8
14/07/2025 06:00;14,24;13,11
14/07/2025 07:00;14,27;13,11
14/07/2025 08:00;18,17;14,78
14/07/2025 09:00;18,89;15,33
14/07/2025 10:00;14,33;13,11
14/07/2025 11:00;15,74;13,67
14/07/2025 12:00;18,85;15,33
14/07/2025 13:00;15,24;13,67
14/07/2025 14:00;15,61;13,67
14/07/2025 15:00;15,5;13,67
14/07/2025 16:00;18,12;14,78
14/07/2025 17:00;14,48;13,11
14/07/2025 18:00;14,86;13,11
14/07/2025 19:00;33,07;23,45
14/07/2025 20:00;NULL;34,74
14/07/2025 21:00;NULL;37,16
14/07/2025 22:00;NULL;37,97
14/07/2025 23:00;NULL;38,77
15/07/2025 00:00;25,71;22,64
15/07/2025 01:00;27,66;21,03
15/07/2025 02:00;26,48;20,22
15/07/2025 03:00;27,68;21,03
15/07/2025 04:00;26,48;20,22
15/07/2025 05:00;23,43;18,61
15/07/2025 06:00;23,43;18,61
15/07/2025 07:00;NULL;35,55
15/07/2025 08:00;36,07;26,68
15/07/2025 09:00;29,87;22,64
15/07/2025 10:00;21,11;17
15/07/2025 11:00;22,89;17,8
15/07/2025 12:00;16,5;14,22
15/07/2025 13:00;18,06;16,45
15/07/2025 14:00;14,37;13,11
15/07/2025 15:00;15,71;13,67
15/07/2025 16:00;18,2;14,78
15/07/2025 17:00;19,02;15,33
15/07/2025 18:00;14,62;13,11
15/07/2025 19:00;15,95;13,67
15/07/2025 20:00;19,13;15,33
15/07/2025 21:00;32,97;23,45
15/07/2025 22:00;32,99;23,45
15/07/2025 23:00;38,64;29,09
16/07/2025 00:00;38,65;29,09
16/07/2025 01:00;38,64;29,09
16/07/2025 02:00;20,88;17,8
16/07/2025 03:00;16,66;14,22
16/07/2025 04:00;17,11;14,22
16/07/2025 05:00;19,01;15,33
16/07/2025 06:00;14,32;13,11
16/07/2025 07:00;16,5;14,22
16/07/2025 08:00;19,22;15,33
16/07/2025 09:00;19,16;15,33
16/07/2025 10:00;13,2;12,55
16/07/2025 11:00;13,34;12,55
16/07/2025 12:00;13,4;12,55
16/07/2025 13:00;15,6;14,78
16/07/2025 14:00;12,07;12
16/07/2025 15:00;7,11;8
16/07/2025 16:00;7,61;8,5
16/07/2025 17:00;14,47;15,33
16/07/2025 18:00;15,71;13,67
16/07/2025 19:00;15,16;13,11
16/07/2025 20:00;8,61;9,5
16/07/2025 21:00;35,46;25,06
16/07/2025 22:00;38,61;28,29
16/07/2025 23:00;38,54;28,29
17/07/2025 00:00;38,54;28,29
17/07/2025 01:00;39,25;29,09
17/07/2025 02:00;39,25;29,09
17/07/2025 03:00;19,71;15,89
17/07/2025 04:00;15,67;13,67
17/07/2025 05:00;15,67;13,67
17/07/2025 06:00;27,73;20,22
17/07/2025 07:00;36,13;25,87
17/07/2025 08:00;35,28;24,25
17/07/2025 09:00;18,94;15,33
17/07/2025 10:00;15,65;13,67
17/07/2025 11:00;15,6;13,67
17/07/2025 12:00;18,3;14,78
17/07/2025 13:00;15,08;13,11
17/07/2025 14:00;15,04;13,11
17/07/2025 15:00;17,23;14,22
17/07/2025 16:00;17,47;14,22
17/07/2025 17:00;18,4;14,78
17/07/2025 18:00;33,4;23,45
17/07/2025 19:00;35,31;25,06
17/07/2025 20:00;NULL;31,52
17/07/2025 21:00;NULL;37,16
17/07/2025 22:00;NULL;37,16
17/07/2025 23:00;NULL;37,16
18/07/2025 00:00;NULL;37,16
18/07/2025 01:00;38,49;28,29
18/07/2025 02:00;15,54;13,67
18/07/2025 03:00;16,85;14,22
18/07/2025 04:00;18,42;14,78
18/07/2025 05:00;15,05;13,11
18/07/2025 06:00;15,06;13,11
18/07/2025 07:00;19,25;15,33
18/07/2025 08:00;34,36;24,25
18/07/2025 09:00;34,47;24,25
18/07/2025 10:00;NULL;32,32
18/07/2025 11:00;23,94;20,22
18/07/2025 12:00;20,71;16,45
18/07/2025 13:00;23,62;17,8
18/07/2025 14:00;24,88;18,61
18/07/2025 15:00;24,01;17,8
18/07/2025 16:00;15,03;13,11
18/07/2025 17:00;17,71;14,22
18/07/2025 18:00;33,64;23,45
18/07/2025 19:00;19,84;17,8
18/07/2025 20:00;18,59;16,45
18/07/2025 21:00;34,42;24,25
18/07/2025 22:00;36,91;26,68
18/07/2025 23:00;NULL;37,16
19/07/2025 00:00;29,31;27,48
19/07/2025 01:00;16,13;14,22
19/07/2025 02:00;18,05;14,78
19/07/2025 03:00;18,62;14,78
19/07/2025 04:00;18,6;14,78
19/07/2025 05:00;18,51;14,78
19/07/2025 06:00;18,56;14,78
19/07/2025 07:00;15,11;13,11
19/07/2025 08:00;16,01;13,67
19/07/2025 09:00;18,56;14,78
19/07/2025 10:00;18,53;14,78
19/07/2025 11:00;18,5;14,78
19/07/2025 12:00;18,43;14,78
19/07/2025 13:00;18,44;14,78
19/07/2025 14:00;18,39;14,78
19/07/2025 15:00;18,37;14,78
19/07/2025 16:00;15,04;13,11
19/07/2025 17:00;14,45;12,55
19/07/2025 18:00;17,61;14,22
19/07/2025 19:00;17,65;14,22
19/07/2025 20:00;17,9;14,22
19/07/2025 21:00;15,14;13,11
19/07/2025 22:00;16,07;13,11
19/07/2025 23:00;17,6;14,22
20/07/2025 00:00;17,66;14,22
20/07/2025 01:00;15,07;13,11
20/07/2025 02:00;15,04;13,11
20/07/2025 03:00;17,56;14,22
20/07/2025 04:00;17,45;14,22
20/07/2025 05:00;17,33;14,22
20/07/2025 06:00;17,53;14,22
20/07/2025 07:00;17,54;14,22
20/07/2025 08:00;17,42;14,22
20/07/2025 09:00;17,39;14,22
20/07/2025 10:00;17,42;14,22
20/07/2025 11:00;17,42;14,22
20/07/2025 12:00;15,09;13,11
20/07/2025 13:00;14,46;12,55
20/07/2025 14:00;15,25;13,11
20/07/2025 15:00;16,87;13,67
20/07/2025 16:00;16,79;13,67
20/07/2025 17:00;16,78;13,67
20/07/2025 18:00;16,71;13,67
20/07/2025 19:00;16,68;13,67
20/07/2025 20:00;16,71;13,67
20/07/2025 21:00;30,63;21,84
20/07/2025 22:00;34,42;24,25
20/07/2025 23:00;NULL;32,32
21/07/2025 00:00;20,56;18,61
21/07/2025 01:00;15,63;13,67
21/07/2025 02:00;18,46;14,78
21/07/2025 03:00;18,48;14,78
21/07/2025 04:00;18,49;14,78
21/07/2025 05:00;18,47;14,78
21/07/2025 06:00;7,11;8
21/07/2025 07:00;6,74;7,63
21/07/2025 08:00;14,51;12,55
21/07/2025 09:00;18,09;14,78
21/07/2025 10:00;12,58;8,5
21/07/2025 11:00;17,23;13,11
21/07/2025 12:00;17,64;14,22
21/07/2025 13:00;17,62;14,22
21/07/2025 14:00;14,45;12,55
21/07/2025 15:00;14,47;12,55
21/07/2025 16:00;15,65;13,11
21/07/2025 17:00;16,24;13,11
21/07/2025 18:00;16,27;13,11
21/07/2025 19:00;16,22;13,11
21/07/2025 20:00;16,07;13,11
21/07/2025 21:00;16,07;13,11
21/07/2025 22:00;33,64;23,45
21/07/2025 23:00;36,9;26,68
22/07/2025 00:00;35,43;30,71
22/07/2025 01:00;24,38;18,61
22/07/2025 02:00;15,08;13,11
22/07/2025 03:00;15,5;13,11
22/07/2025 04:00;16,74;13,67
22/07/2025 05:00;16,71;13,67
22/07/2025 06:00;16,64;13,67
22/07/2025 07:00;32,02;22,64
22/07/2025 08:00;33,7;23,45
22/07/2025 09:00;17,8;15,89
22/07/2025 10:00;15,01;13,11
22/07/2025 11:00;14,5;12,55
22/07/2025 12:00;14,5;12,55
22/07/2025 13:00;15,82;13,11
22/07/2025 14:00;11,44;11
22/07/2025 15:00;8,11;9
22/07/2025 16:00;8,11;9
22/07/2025 17:00;14,51;12,55
22/07/2025 18:00;14,43;12,55
22/07/2025 19:00;14,46;12,55
22/07/2025 20:00;14,45;12,55
22/07/2025 21:00;33,65;23,45
22/07/2025 22:00;33,69;23,45
22/07/2025 23:00;NULL;30,71
23/07/2025 00:00;NULL;30,71
23/07/2025 01:00;NULL;31,52
23/07/2025 02:00;36,14;25,87
23/07/2025 03:00;22,62;18,61
23/07/2025 04:00;15,91;13,67
23/07/2025 05:00;16,14;13,67
23/07/2025 06:00;33,64;23,45
23/07/2025 07:00;36,92;26,68
23/07/2025 08:00;NULL;33,93
23/07/2025 09:00;NULL;33,93
23/07/2025 10:00;NULL;33,93
23/07/2025 11:00;NULL;33,93
23/07/2025 12:00;20,15;21,03
23/07/2025 13:00;34,52;24,25
23/07/2025 14:00;18,97;17
23/07/2025 15:00;23,03;18,61
23/07/2025 16:00;33,65;23,45
23/07/2025 17:00;33,12;24,25
23/07/2025 18:00;33,66;23,45
23/07/2025 19:00;35,3;25,06
23/07/2025 20:00;NULL;30,71
23/07/2025 21:00;NULL;36,35
23/07/2025 22:00;NULL;36,35
23/07/2025 23:00;NULL;34,74
24/07/2025 00:00;37,26;29,09
24/07/2025 01:00;34,39;24,25
24/07/2025 02:00;34,39;24,25
24/07/2025 03:00;35,32;25,06
24/07/2025 04:00;23,07;21,03
24/07/2025 05:00;23,78;21,84
24/07/2025 06:00;34,3;24,25
24/07/2025 07:00;36,87;26,68
24/07/2025 08:00;NULL;34,74
24/07/2025 09:00;NULL;34,74
24/07/2025 10:00;21,41;19,41
24/07/2025 11:00;15,57;13,67
24/07/2025 12:00;15,02;13,11
24/07/2025 13:00;17,82;15,89
24/07/2025 14:00;15,03;13,11
24/07/2025 15:00;6,73;7,63
24/07/2025 16:00;14,52;12,55
24/07/2025 17:00;14,66;12,55
24/07/2025 18:00;14,94;12,55
24/07/2025 19:00;32,83;22,64
24/07/2025 20:00;36,1;25,87
24/07/2025 21:00;NULL;33,93
24/07/2025 22:00;NULL;33,93
24/07/2025 23:00;NULL;33,93
25/07/2025 00:00;NULL;33,13
25/07/2025 01:00;22,16;20,22
25/07/2025 02:00;7,1;8
25/07/2025 03:00;14,47;12,55
25/07/2025 04:00;14,48;12,55
25/07/2025 05:00;14,78;12,55
25/07/2025 06:00;14,42;12,55
25/07/2025 07:00;14,4;12,55
25/07/2025 08:00;13,85;12
25/07/2025 09:00;13,8;12
25/07/2025 10:00;13,8;12
25/07/2025 11:00;13,89;12
25/07/2025 12:00;13,88;12
25/07/2025 13:00;13,83;12
25/07/2025 14:00;13,8;12
25/07/2025 15:00;13,98;12
25/07/2025 16:00;13,9;12
25/07/2025 17:00;13,9;12
25/07/2025 18:00;13,88;12
25/07/2025 19:00;13,98;12
25/07/2025 20:00;32,67;22,64
25/07/2025 21:00;32,73;22,64
25/07/2025 22:00;32,75;22,64
25/07/2025 23:00;37,68;27,48
26/07/2025 00:00;25,42;23,45
26/07/2025 01:00;17,83;15,89
26/07/2025 02:00;15,01;13,11
26/07/2025 03:00;14,42;12,55
26/07/2025 04:00;14,42;12,55
26/07/2025 05:00;13,98;12
26/07/2025 06:00;13,85;12
26/07/2025 07:00;13,82;12
26/07/2025 08:00;13,8;12
26/07/2025 09:00;14,82;12,55
26/07/2025 10:00;13,96;12
26/07/2025 11:00;13,89;12
26/07/2025 12:00;13,83;12
26/07/2025 13:00;13,79;12
26/07/2025 14:00;13,75;12
26/07/2025 15:00;13,75;12
26/07/2025 16:00;13,93;12
26/07/2025 17:00;5,99;6,88
26/07/2025 18:00;13,92;12
26/07/2025 19:00;13,87;12
26/07/2025 20:00;13,82;12
26/07/2025 21:00;13,77;12
26/07/2025 22:00;13,76;12
26/07/2025 23:00;29,82;21,03
27/07/2025 00:00;13,96;12
27/07/2025 01:00;13,92;12
27/07/2025 02:00;19,09;14,78
27/07/2025 03:00;20,21;15,33
27/07/2025 04:00;20,9;15,89
27/07/2025 05:00;20,27;15,33
27/07/2025 06:00;20,89;15,89
27/07/2025 07:00;20,92;15,89
27/07/2025 08:00;20,11;15,33
27/07/2025 09:00;16,92;13,67
27/07/2025 10:00;13,98;12
27/07/2025 11:00;13,85;12
27/07/2025 12:00;13,83;12
27/07/2025 13:00;13,77;12
27/07/2025 14:00;13,76;12
27/07/2025 15:00;13,75;12
27/07/2025 16:00;13,73;12
27/07/2025 17:00;6,73;7,63
27/07/2025 18:00;5,99;6,88
27/07/2025 19:00;13,76;12
27/07/2025 20:00;12,7;11
27/07/2025 21:00;13,71;12
27/07/2025 22:00;20,09;15,33
27/07/2025 23:00;15,95;13,11
28/07/2025 00:00;18,13;14,22
28/07/2025 01:00;20,15;15,33
28/07/2025 02:00;19,31;14,78
28/07/2025 03:00;16,84;13,67
28/07/2025 04:00;14,81;12,55
28/07/2025 05:00;14,74;12,55
28/07/2025 06:00;14,51;12,55
28/07/2025 07:00;18,03;14,22
28/07/2025 08:00;20,8;15,89
28/07/2025 09:00;20,87;15,89
28/07/2025 10:00;17,02;13,67
28/07/2025 11:00;14,86;12,55
28/07/2025 12:00;14,61;12,55
28/07/2025 13:00;14,04;12
28/07/2025 14:00;13,81;12
28/07/2025 15:00;5,99;6,88
28/07/2025 16:00;13,86;12
28/07/2025 17:00;13,8;12
28/07/2025 18:00;13,72;12
28/07/2025 19:00;13,71;12
28/07/2025 20:00;32,86;22,64
28/07/2025 21:00;32,87;22,64
28/07/2025 22:00;35,25;25,06
28/07/2025 23:00;34,43;24,25
29/07/2025 00:00;18,56;15,33
29/07/2025 01:00;19,12;14,78
29/07/2025 02:00;14,93;12,55
29/07/2025 03:00;13,92;12
29/07/2025 04:00;13,83;12
29/07/2025 05:00;13,73;12
29/07/2025 06:00;13,67;12
29/07/2025 07:00;13,81;12
29/07/2025 08:00;20,04;15,33
29/07/2025 09:00;20,04;15,33
29/07/2025 10:00;15,67;12,55
29/07/2025 11:00;14,57;12,55
29/07/2025 12:00;14,48;12,55
29/07/2025 13:00;14,39;12,55
29/07/2025 14:00;5,99;6,88
29/07/2025 15:00;13,84;12
29/07/2025 16:00;13,79;12
29/07/2025 17:00;13,72;12
29/07/2025 18:00;13,7;12
29/07/2025 19:00;24,43;17,8
29/07/2025 20:00;32,73;22,64
29/07/2025 21:00;33,65;23,45
29/07/2025 22:00;36,07;25,87
29/07/2025 23:00;36,87;26,68
30/07/2025 00:00;NULL;30,71
30/07/2025 01:00;NULL;37,16
30/07/2025 02:00;NULL;36,35
30/07/2025 03:00;NULL;35,55
30/07/2025 04:00;28,54;26,68
30/07/2025 05:00;22,9;21,03
30/07/2025 06:00;16,57;14,78
30/07/2025 07:00;15,39;13,67
30/07/2025 08:00;14,84;13,11
30/07/2025 09:00;15,44;13,11
30/07/2025 10:00;11,1;12
30/07/2025 11:00;9,1;10
30/07/2025 12:00;15,01;13,11
30/07/2025 13:00;14,37;12,55
30/07/2025 14:00;14,33;12,55
30/07/2025 15:00;13,75;12
30/07/2025 16:00;6,36;7,25
30/07/2025 17:00;5,99;6,88
30/07/2025 18:00;14,47;12,55
30/07/2025 19:00;15,04;12,55
30/07/2025 20:00;14,51;12,55
30/07/2025 21:00;27,22;19,41
30/07/2025 22:00;32,8;22,64
30/07/2025 23:00;34,47;24,25
31/07/2025 00:00;15,09;13,11
31/07/2025 01:00;14,54;12,55
31/07/2025 02:00;14,54;12,55
31/07/2025 03:00;14,51;12,55
31/07/2025 04:00;33,65;23,45
31/07/2025 05:00;33,65;23,45
31/07/2025 06:00;32,85;22,64
31/07/2025 07:00;NULL;29,9
31/07/2025 08:00;22,14;20,22
31/07/2025 09:00;21,29;19,41
31/07/2025 10:00;9,11;10
31/07/2025 11:00;8,11;9
31/07/2025 12:00;14,36;12,55
31/07/2025 13:00;6,35;7,25
31/07/2025 14:00;6,35;7,25
31/07/2025 15:00;14,51;12,55
31/07/2025 16:00;13,87;12
31/07/2025 17:00;13,79;12
31/07/2025 18:00;5,99;6,88
31/07/2025 19:00;5,99;6,88
31/07/2025 20:00;32,84;22,64
31/07/2025 21:00;32,76;22,64
31/07/2025 22:00;34,48;24,25
31/07/2025 23:00;NULL;29,9
01/08/2025 00:00;26,46;24,25
01/08/2025 01:00;26,61;22,64
01/08/2025 02:00;18,32;16,45
01/08/2025 03:00;15,57;13,67
01/08/2025 04:00;14,37;12,55
01/08/2025 05:00;6,74;7,63
01/08/2025 06:00;6,35;7,25
01/08/2025 07:00;14,48;12,55
01/08/2025 08:00;30,58;21,84
01/08/2025 09:00;14,47;12,55
01/08/2025 10:00;14,42;12,55
01/08/2025 11:00;10,12;11
01/08/2025 12:00;15,56;13,67
01/08/2025 13:00;14,39;12,55
01/08/2025 14:00;5,99;6,88
01/08/2025 15:00;5,99;6,88
01/08/2025 16:00;13,96;12
01/08/2025 17:00;13,88;12
01/08/2025 18:00;5,99;6,88
01/08/2025 19:00;6;6,88
01/08/2025 20:00;13,92;12
01/08/2025 21:00;28,47;20,22
01/08/2025 22:00;32,88;22,64
01/08/2025 23:00;33,67;23,45
02/08/2025 00:00;21,43;17
02/08/2025 01:00;18,49;14,78
02/08/2025 02:00;14,48;12,55
02/08/2025 03:00;6,35;7,25
02/08/2025 04:00;5,98;6,88
02/08/2025 05:00;14,38;12,55
02/08/2025 06:00;14,29;12,55
02/08/2025 07:00;6,35;7,25
02/08/2025 08:00;5,99;6,88
02/08/2025 09:00;14,42;12,55
02/08/2025 10:00;6,35;7,25
02/08/2025 11:00;6,35;7,25
02/08/2025 12:00;14,36;12,55
02/08/2025 13:00;5,99;6,88
02/08/2025 14:00;6,72;6,88
02/08/2025 15:00;13,84;12
02/08/2025 16:00;5,98;6,88
02/08/2025 17:00;9,03;7,63
02/08/2025 18:00;5,99;6,88
02/08/2025 19:00;5,99;6,88
02/08/2025 20:00;13,42;12
02/08/2025 21:00;13,41;12
02/08/2025 22:00;14,66;12,55
02/08/2025 23:00;15,21;13,11
03/08/2025 00:00;18,85;14,78
03/08/2025 01:00;33,66;23,45
03/08/2025 02:00;15,61;13,67
03/08/2025 03:00;14,44;12,55
03/08/2025 04:00;6,36;7,25
03/08/2025 05:00;5,98;6,88
03/08/2025 06:00;14,43;12,55
03/08/2025 07:00;14,35;12,55
03/08/2025 08:00;6,72;7,63
03/08/2025 09:00;5,99;6,88
03/08/2025 10:00;16,06;13,67
03/08/2025 11:00;14,45;12,55
03/08/2025 12:00;13,83;12
03/08/2025 13:00;5,99;6,88
03/08/2025 14:00;5,99;6,88
03/08/2025 15:00;13,84;12
03/08/2025 16:00;5,98;6,88
03/08/2025 17:00;13,93;12
03/08/2025 18:00;5,99;6,88
03/08/2025 19:00;5,61;6,5
03/08/2025 20:00;13,7;12
03/08/2025 21:00;13,69;12
03/08/2025 22:00;14,47;12,55
03/08/2025 23:00;14,47;12,55
04/08/2025 00:00;14,46;12,55
04/08/2025 01:00;10,36;10,5
04/08/2025 02:00;5,99;6,88
04/08/2025 03:00;13,64;12
04/08/2025 04:00;13,63;12
04/08/2025 05:00;13,59;12
04/08/2025 06:00;5,99;6,88
04/08/2025 07:00;5,99;6,88
04/08/2025 08:00;5,99;6,88
04/08/2025 09:00;5,99;6,5
04/08/2025 10:00;8,51;6,5
04/08/2025 11:00;5,99;6,88
04/08/2025 12:00;5,61;6,5
04/08/2025 13:00;12,87;11
04/08/2025 14:00;5,24;6,13
04/08/2025 15:00;12,92;11
04/08/2025 16:00;5,24;6,13
04/08/2025 17:00;5,24;6,13
04/08/2025 18:00;12,87;11
04/08/2025 19:00;12,84;11
04/08/2025 20:00;12,94;11
04/08/2025 21:00;5,24;6,13
04/08/2025 22:00;12,91;11
04/08/2025 23:00;12,89;11
05/08/2025 00:00;5,24;6,13
05/08/2025 01:00;5,24;6,13
05/08/2025 02:00;15,57;12,55
05/08/2025 03:00;12,94;11
05/08/2025 04:00;12,86;11
05/08/2025 05:00;5,61;6,5
05/08/2025 06:00;5,24;6,13
05/08/2025 07:00;12,87;11
05/08/2025 08:00;16,3;12,55
05/08/2025 09:00;12,99;11
05/08/2025 10:00;13,02;11
05/08/2025 11:00;13,11;11
05/08/2025 12:00;12,89;11
05/08/2025 13:00;5,99;6,88
05/08/2025 14:00;5,24;6,13
05/08/2025 15:00;12,88;11
05/08/2025 16:00;5,24;6,13
05/08/2025 17:00;12,77;11
05/08/2025 18:00;5,24;6,13
05/08/2025 19:00;5,24;6,13
05/08/2025 20:00;12,91;11
05/08/2025 21:00;12,9;11
05/08/2025 22:00;17,78;13,67
05/08/2025 23:00;14,02;12
06/08/2025 00:00;18,4;14,22
06/08/2025 01:00;16,57;13,11
06/08/2025 02:00;12,95;11
06/08/2025 03:00;5,61;6,5
06/08/2025 04:00;5,61;6,5
06/08/2025 05:00;12,68;11
06/08/2025 06:00;12,63;11
06/08/2025 07:00;12,61;11
06/08/2025 08:00;19,2;15,33
06/08/2025 09:00;13,94;12
06/08/2025 10:00;13,95;12
06/08/2025 11:00;7,11;8
06/08/2025 12:00;5,61;6,5
06/08/2025 13:00;12,91;11
06/08/2025 14:00;12,82;11
06/08/2025 15:00;5,24;6,13
06/08/2025 16:00;12,88;11
06/08/2025 17:00;5,61;6,5
06/08/2025 18:00;12,92;11
06/08/2025 19:00;5,24;6,13
06/08/2025 20:00;26,2;18,61
06/08/2025 21:00;32,11;21,84
06/08/2025 22:00;32,89;22,64
06/08/2025 23:00;33,66;23,45
07/08/2025 00:00;15,64;13,11
07/08/2025 01:00;13,99;12
07/08/2025 02:00;13,89;12
07/08/2025 03:00;8,11;9
07/08/2025 04:00;5,61;6,5
07/08/2025 05:00;12,87;11
07/08/2025 06:00;6,36;7,25
07/08/2025 07:00;5,61;6,5
07/08/2025 08:00;5,61;6,5
07/08/2025 09:00;5,6;6,5
07/08/2025 10:00;5,61;6,5
07/08/2025 11:00;11,82;9,5
07/08/2025 12:00;12,85;11
07/08/2025 13:00;5,24;6,13
07/08/2025 14:00;5,24;6,13
07/08/2025 15:00;12,89;11
07/08/2025 16:00;5,24;6,13
07/08/2025 17:00;12,91;11
07/08/2025 18:00;5,24;6,13
07/08/2025 19:00;5,23;6,13
07/08/2025 20:00;25,36;17,8
07/08/2025 21:00;21,46;15,89
07/08/2025 22:00;23,06;16,45
07/08/2025 23:00;26,03;18,61
08/08/2025 00:00;13,92;12
08/08/2025 01:00;12,87;11
08/08/2025 02:00;12,96;11
08/08/2025 03:00;12,9;11
08/08/2025 04:00;5,61;6,5
08/08/2025 05:00;12,82;11
08/08/2025 06:00;27,57;19,41
08/08/2025 07:00;27,67;19,41
08/08/2025 08:00;14,26;12
08/08/2025 09:00;17,33;13,67
08/08/2025 10:00;13,94;12
08/08/2025 11:00;12,86;11
08/08/2025 12:00;5,24;6,13
08/08/2025 13:00;12,98;11
08/08/2025 14:00;12,91;11
08/08/2025 15:00;12,79;11
08/08/2025 16:00;5,24;6,13
08/08/2025 17:00;5,24;6,13
08/08/2025 18:00;12,89;11
08/08/2025 19:00;12,87;11
08/08/2025 20:00;27,34;19,41
08/08/2025 21:00;32,09;21,84
08/08/2025 22:00;32,91;22,64
08/08/2025 23:00;33,65;23,45
09/08/2025 00:00;33,62;23,45
09/08/2025 01:00;16,1;13,67
09/08/2025 02:00;14,33;12
09/08/2025 03:00;12,93;11
09/08/2025 04:00;5,24;6,13
09/08/2025 05:00;5,24;6,13
09/08/2025 06:00;12,88;11
09/08/2025 07:00;12,79;11
09/08/2025 08:00;5,24;6,13
09/08/2025 09:00;12,71;11
09/08/2025 10:00;12,95;11
09/08/2025 11:00;13,99;12
09/08/2025 12:00;12,9;11
09/08/2025 13:00;5,24;6,13
09/08/2025 14:00;5,25;6,13
09/08/2025 15:00;12,87;11
09/08/2025 16:00;5,61;6,5
09/08/2025 17:00;5,24;6,13
09/08/2025 18:00;5,24;6,13
09/08/2025 19:00;12,92;11
09/08/2025 20:00;12,91;11
09/08/2025 21:00;29,63;20,22
09/08/2025 22:00;32,08;21,84
09/08/2025 23:00;32,86;22,64
10/08/2025 00:00;20,35;16,45
10/08/2025 01:00;20,67;15,89
10/08/2025 02:00;15,17;12,55
10/08/2025 03:00;13,97;12
10/08/2025 04:00;5,61;6,5
10/08/2025 05:00;5,61;6,5
10/08/2025 06:00;12,8;11
10/08/2025 07:00;12,75;11
10/08/2025 08:00;9,09;10
10/08/2025 09:00;5,61;6,5
10/08/2025 10:00;13,93;12
10/08/2025 11:00;12,87;11
10/08/2025 12:00;12,77;11
10/08/2025 13:00;5,24;6,13
10/08/2025 14:00;5,24;6,13
10/08/2025 15:00;12,86;11
10/08/2025 16:00;5,24;6,13
10/08/2025 17:00;12,79;11
10/08/2025 18:00;5,24;6,13
10/08/2025 19:00;9,89;7,25
10/08/2025 20:00;25,07;17,8
10/08/2025 21:00;19,48;14,78
10/08/2025 22:00;9,61;10,5
10/08/2025 23:00;8,61;9,5
11/08/2025 00:00;19,15;14,78
11/08/2025 01:00;16,54;13,11
11/08/2025 02:00;27,5;19,41
11/08/2025 03:00;31,77;21,84
11/08/2025 04:00;14,12;12
11/08/2025 05:00;16,13;13,11
11/08/2025 06:00;14,18;12
11/08/2025 07:00;26,1;18,61
11/08/2025 08:00;14,65;12
11/08/2025 09:00;18,4;14,22
11/08/2025 10:00;18,25;14,22
11/08/2025 11:00;13,93;12
11/08/2025 12:00;12,99;11
11/08/2025 13:00;12,97;11
11/08/2025 14:00;12,89;11
11/08/2025 15:00;12,81;11
11/08/2025 16:00;5,23;6,13
11/08/2025 17:00;12,01;10,5
11/08/2025 18:00;21,95;15,89
11/08/2025 19:00;32,03;21,84
11/08/2025 20:00;32,06;21,84
11/08/2025 21:00;15,48;13,11
11/08/2025 22:00;20,54;15,89
11/08/2025 23:00;32,82;22,64
12/08/2025 00:00;32,86;22,64
12/08/2025 01:00;33,63;23,45
12/08/2025 02:00;33,61;23,45
12/08/2025 03:00;34,51;24,25
12/08/2025 04:00;33,7;23,45
12/08/2025 05:00;33,68;23,45
12/08/2025 06:00;33,66;23,45
12/08/2025 07:00;33,64;23,45
12/08/2025 08:00;33,61;23,45
12/08/2025 09:00;27,99;20,22
12/08/2025 10:00;28;20,22
12/08/2025 11:00;12,01;11
12/08/2025 12:00;12,52;11
12/08/2025 13:00;11,55;10,5
12/08/2025 14:00;5,24;6,13
12/08/2025 15:00;5,24;6,13
12/08/2025 16:00;10,98;10
12/08/2025 17:00;11,45;10,5
12/08/2025 18:00;10,92;10
12/08/2025 19:00;17,44;13,67
12/08/2025 20:00;17,49;13,67
12/08/2025 21:00;18,62;14,22
12/08/2025 22:00;31,95;21,84
12/08/2025 23:00;32,83;22,64
13/08/2025 00:00;32,03;21,84
13/08/2025 01:00;33,57;23,45
13/08/2025 02:00;33,59;23,45
13/08/2025 03:00;33,64;23,45
13/08/2025 04:00;33,64;23,45
13/08/2025 05:00;33,58;23,45
13/08/2025 06:00;33,56;23,45
13/08/2025 07:00;34,38;24,25
13/08/2025 08:00;32,11;22,64
13/08/2025 09:00;22,41;17
13/08/2025 10:00;18,19;16,45
13/08/2025 11:00;13,75;12
13/08/2025 12:00;11,53;10,5
13/08/2025 13:00;5,97;5
13/08/2025 14:00;4,48;5,37
13/08/2025 15:00;10,53;9,5
13/08/2025 16:00;10,52;9,5
13/08/2025 17:00;25,75;17,8
13/08/2025 18:00;32,01;21,84
13/08/2025 19:00;32,04;21,84
13/08/2025 20:00;33,63;23,45
13/08/2025 21:00;33,6;23,45
13/08/2025 22:00;33,55;23,45
13/08/2025 23:00;14,21;12,55
14/08/2025 00:00;22,71;16,45
14/08/2025 01:00;11,5;10,5
14/08/2025 02:00;11,04;10
14/08/2025 03:00;10,98;10
14/08/2025 04:00;10,9;10
14/08/2025 05:00;10,83;10
14/08/2025 06:00;10,76;10
14/08/2025 07:00;4,86;5,75
14/08/2025 08:00;4,86;5,75
14/08/2025 09:00;10,98;10
14/08/2025 10:00;10,92;10
14/08/2025 11:00;10,86;10
14/08/2025 12:00;4,86;5,75
14/08/2025 13:00;4,86;5,75
14/08/2025 14:00;11;10
14/08/2025 15:00;10,47;9,5
14/08/2025 16:00;10,48;9,5
14/08/2025 17:00;5,61;6,5
14/08/2025 18:00;16,69;13,11
14/08/2025 19:00;21,99;15,89
14/08/2025 20:00;24,03;17
14/08/2025 21:00;22,54;16,45
14/08/2025 22:00;28,94;20,22
14/08/2025 23:00;21,53;15,89
15/08/2025 00:00;10,95;10
15/08/2025 01:00;6,74;7,63
15/08/2025 02:00;4,86;5,75
15/08/2025 03:00;11;10
15/08/2025 04:00;4,86;5,75
15/08/2025 05:00;10,97;10
15/08/2025 06:00;4,86;5,75
15/08/2025 07:00;10,96;10
15/08/2025 08:00;4,86;5,75
15/08/2025 09:00;10,91;10
15/08/2025 10:00;4,86;5,75
15/08/2025 11:00;5,99;6,88
15/08/2025 12:00;4,86;5,75
15/08/2025 13:00;5,24;6,13
15/08/2025 14:00;4,86;5,75
15/08/2025 15:00;4,86;5,75
15/08/2025 16:00;4,86;5,75
15/08/2025 17:00;4,86;5,75
15/08/2025 18:00;4,86;5,75
15/08/2025 19:00;11;10
15/08/2025 20:00;21,71;15,89
15/08/2025 21:00;25;17,8
15/08/2025 22:00;32,07;21,84
15/08/2025 23:00;32,07;21,84
16/08/2025 00:00;32,85;22,64
16/08/2025 01:00;28,27;20,22
16/08/2025 02:00;11,04;10
16/08/2025 03:00;5,24;6,13
16/08/2025 04:00;4,86;5,75
16/08/2025 05:00;5,61;6,5
16/08/2025 06:00;4,86;5,75
16/08/2025 07:00;5,24;6,13
16/08/2025 08:00;4,86;5,75
16/08/2025 09:00;5,24;6,13
16/08/2025 10:00;5,24;6,13
16/08/2025 11:00;5,24;6,13
16/08/2025 12:00;4,86;5,75
16/08/2025 13:00;4,86;5,75
16/08/2025 14:00;4,86;5,75
16/08/2025 15:00;4,86;5,75
16/08/2025 16:00;4,86;5,75
16/08/2025 17:00;4,86;5,75
16/08/2025 18:00;4,86;5,75
16/08/2025 19:00;23,79;17
16/08/2025 20:00;23,9;17
16/08/2025 21:00;25,4;17,8
16/08/2025 22:00;32,07;21,84
16/08/2025 23:00;27,56;19,41
17/08/2025 00:00;11,01;10
17/08/2025 01:00;5,24;6,13
17/08/2025 02:00;5,24;6,13
17/08/2025 03:00;5,24;6,13
17/08/2025 04:00;5,24;6,13
17/08/2025 05:00;5,24;6,13
17/08/2025 06:00;5,24;6,13
17/08/2025 07:00;5,24;6,13
17/08/2025 08:00;5,24;6,13
17/08/2025 09:00;11,5;10,5
17/08/2025 10:00;11;10
17/08/2025 11:00;5,24;6,13
17/08/2025 12:00;5,24;6,13
17/08/2025 13:00;4,86;5,75
17/08/2025 14:00;4,86;5,75
17/08/2025 15:00;4,86;5,75
17/08/2025 16:00;4,86;5,75
17/08/2025 17:00;4,86;5,75
17/08/2025 18:00;4,86;5,75
17/08/2025 19:00;22,73;16,45
17/08/2025 20:00;23,94;17
17/08/2025 21:00;24,97;17,8
17/08/2025 22:00;27,85;19,41
17/08/2025 23:00;25,19;17,8
18/08/2025 00:00;11;10
18/08/2025 01:00;4,86;5,75
18/08/2025 02:00;5,24;6,13
18/08/2025 03:00;5,61;6,5
18/08/2025 04:00;4,86;5,75
18/08/2025 05:00;10,97;10
18/08/2025 06:00;5,24;6,13
18/08/2025 07:00;5,99;6,88
18/08/2025 08:00;5,24;6,13
18/08/2025 09:00;5,24;6,13
18/08/2025 10:00;5,24;6,13
18/08/2025 11:00;5,61;6,5
18/08/2025 12:00;8,61;9,5
18/08/2025 13:00;8,61;9,5
18/08/2025 14:00;8,11;9
18/08/2025 15:00;16;14,22
18/08/2025 16:00;9,11;10
18/08/2025 17:00;8,61;9,5
18/08/2025 18:00;8,61;9,5
18/08/2025 19:00;8,61;9,5
18/08/2025 20:00;9,61;10,5
18/08/2025 21:00;9,61;10,5
18/08/2025 22:00;11,11;12
18/08/2025 23:00;13,33;14,22
19/08/2025 00:00;16,11;17
19/08/2025 01:00;15,56;16,45
19/08/2025 02:00;16,11;17
19/08/2025 03:00;16,11;17
19/08/2025 04:00;16,11;17
19/08/2025 05:00;15;15,89
19/08/2025 06:00;12,78;13,67
19/08/2025 07:00;12,22;13,11
19/08/2025 08:00;12,22;13,11
19/08/2025 09:00;12,22;13,11
19/08/2025 10:00;11,66;12,55
19/08/2025 11:00;11,66;12,55
19/08/2025 12:00;11,66;12,55
19/08/2025 13:00;11,11;12
19/08/2025 14:00;11,11;12
19/08/2025 15:00;11,11;12
19/08/2025 16:00;11,11;12
19/08/2025 17:00;11,11;12
19/08/2025 18:00;11,11;12
19/08/2025 19:00;10,11;11
19/08/2025 20:00;10,11;11
19/08/2025 21:00;10,11;11
19/08/2025 22:00;10,11;11
19/08/2025 23:00;11,11;12
20/08/2025 00:00;11,66;12,55
20/08/2025 01:00;11,66;12,55
20/08/2025 02:00;13,89;14,78
20/08/2025 03:00;13,89;14,78
20/08/2025 04:00;12,22;13,11
20/08/2025 05:00;11,66;12,55
20/08/2025 06:00;11,66;12,55
20/08/2025 07:00;11,66;12,55
20/08/2025 08:00;11,66;12,55
20/08/2025 09:00;11,66;12,55
20/08/2025 10:00;11,11;12
20/08/2025 11:00;11,11;12
20/08/2025 12:00;11,11;12
20/08/2025 13:00;11,11;12
20/08/2025 14:00;10,11;11
20/08/2025 15:00;11,1;12
20/08/2025 16:00;11,11;12
20/08/2025 17:00;11,11;12
20/08/2025 18:00;11,11;12
20/08/2025 19:00;10,1;11
20/08/2025 20:00;10,11;11
20/08/2025 21:00;10,11;11
20/08/2025 22:00;10,11;11
20/08/2025 23:00;10,11;11
21/08/2025 00:00;10,11;11
21/08/2025 01:00;10,11;11
21/08/2025 02:00;10,11;11
21/08/2025 03:00;11,11;12
21/08/2025 04:00;11,66;12,55
21/08/2025 05:00;12,22;13,11
21/08/2025 06:00;12,78;13,67
21/08/2025 07:00;12,22;13,11
21/08/2025 08:00;11,66;12,55
21/08/2025 09:00;4,48;5,37
21/08/2025 10:00;9,61;10,5
21/08/2025 11:00;9,61;10,5
21/08/2025 12:00;9,61;10,5
21/08/2025 13:00;9,61;10,5
21/08/2025 14:00;9,61;10,5
21/08/2025 15:00;9,61;10,5
21/08/2025 16:00;9,61;10,5
21/08/2025 17:00;9,61;10,5
21/08/2025 18:00;9,11;10
21/08/2025 19:00;9,11;10
21/08/2025 20:00;9,11;10
21/08/2025 21:00;9,11;10
21/08/2025 22:00;9,11;10
21/08/2025 23:00;9,11;10
22/08/2025 00:00;9,61;10,5
22/08/2025 01:00;9,6;10,5
22/08/2025 02:00;12,78;13,67
22/08/2025 03:00;10,11;11
22/08/2025 04:00;9,61;10,5
22/08/2025 05:00;9,61;10,5
22/08/2025 06:00;9,61;10,5
22/08/2025 07:00;9,61;10,5
22/08/2025 08:00;9,6;10,5
22/08/2025 09:00;9,6;10,5
22/08/2025 10:00;8,61;9,5
22/08/2025 11:00;8,6;9,5
22/08/2025 12:00;9,61;10,5
22/08/2025 13:00;9,6;10,5
22/08/2025 14:00;9,6;10,5
22/08/2025 15:00;9,11;10
22/08/2025 16:00;11,11;12
22/08/2025 17:00;12,78;13,67
22/08/2025 18:00;11,11;12
22/08/2025 19:00;11,11;12
22/08/2025 20:00;8,61;9,5
22/08/2025 21:00;8,61;9,5
22/08/2025 22:00;8,61;9,5
22/08/2025 23:00;8,61;9,5
23/08/2025 00:00;8,6;9,5
23/08/2025 01:00;12,22;13,11
23/08/2025 02:00;11,11;12
23/08/2025 03:00;11,11;12
23/08/2025 04:00;11,65;12,55
23/08/2025 05:00;13,88;14,78
23/08/2025 06:00;13,88;14,78
23/08/2025 07:00;13,88;14,78
23/08/2025 08:00;12,78;13,67
23/08/2025 09:00;11,66;12,55
23/08/2025 10:00;11,11;12
23/08/2025 11:00;8,6;9,5
23/08/2025 12:00;8,61;9,5
23/08/2025 13:00;8,11;9
23/08/2025 14:00;8,11;9
23/08/2025 15:00;8,11;9
23/08/2025 16:00;8,11;9
23/08/2025 17:00;8,11;9
23/08/2025 18:00;8,11;9
23/08/2025 19:00;8,11;9
23/08/2025 20:00;8,11;9
23/08/2025 21:00;8,11;9
23/08/2025 22:00;8,11;9
23/08/2025 23:00;8,11;9
24/08/2025 00:00;8,11;9
24/08/2025 01:00;11,11;12
24/08/2025 02:00;11,11;12
24/08/2025 03:00;13,33;14,22
24/08/2025 04:00;11,66;12,55
24/08/2025 05:00;11,86;12
24/08/2025 06:00;9,37;9,5
24/08/2025 07:00;8,61;9,5
24/08/2025 08:00;8,11;9
24/08/2025 09:00;8,61;9,5
24/08/2025 10:00;8,6;9,5
24/08/2025 11:00;8,11;9
24/08/2025 12:00;8,11;9
24/08/2025 13:00;8,11;9
24/08/2025 14:00;8,11;9
24/08/2025 15:00;8,11;9
24/08/2025 16:00;8,11;9
24/08/2025 17:00;7,61;8,5
24/08/2025 18:00;8,11;9
24/08/2025 19:00;8,11;9
24/08/2025 20:00;8,11;9
24/08/2025 21:00;8,11;9
24/08/2025 22:00;8,11;9
24/08/2025 23:00;9,11;10
25/08/2025 00:00;12,78;13,67
25/08/2025 01:00;13,33;14,22
25/08/2025 02:00;12,22;13,11
25/08/2025 03:00;11,11;12
25/08/2025 04:00;9,11;10
25/08/2025 05:00;8,11;9
25/08/2025 06:00;8,61;9,5
25/08/2025 07:00;8,11;9
25/08/2025 08:00;8,11;9
25/08/2025 09:00;3,11;4
25/08/2025 10:00;3,11;4
25/08/2025 11:00;7,11;8
25/08/2025 12:00;6,74;7,63
25/08/2025 13:00;7,11;8
25/08/2025 14:00;6,74;7,63
25/08/2025 15:00;6,74;7,63
25/08/2025 16:00;6,74;7,63
25/08/2025 17:00;6,74;7,63
25/08/2025 18:00;6,74;7,63
25/08/2025 19:00;6,74;7,63
25/08/2025 20:00;8,11;9
25/08/2025 21:00;17,72;18,61
25/08/2025 22:00;17,72;18,61
25/08/2025 23:00;17,72;18,61
26/08/2025 00:00;17,72;18,61
26/08/2025 01:00;8,11;9
26/08/2025 02:00;8,11;9
26/08/2025 03:00;7,61;8,5
26/08/2025 04:00;7,61;8,5
26/08/2025 05:00;7,61;8,5
26/08/2025 06:00;7,61;8,5
26/08/2025 07:00;12,22;13,11
26/08/2025 08:00;18,52;19,41
26/08/2025 09:00;18,52;19,41
26/08/2025 10:00;12,78;13,67
26/08/2025 11:00;8,11;9
26/08/2025 12:00;8,11;9
26/08/2025 13:00;10,11;11
26/08/2025 14:00;11,11;12
26/08/2025 15:00;11,66;12,55
26/08/2025 16:00;13,33;14,22
26/08/2025 17:00;8,11;9
26/08/2025 18:00;7,61;8,5
26/08/2025 19:00;7,61;8,5
26/08/2025 20:00;8,61;9,5
26/08/2025 21:00;19,33;20,22
26/08/2025 22:00;20,09;20,22
26/08/2025 23:00;19,33;20,22
27/08/2025 00:00;19,33;20,22
27/08/2025 01:00;19,33;20,22
27/08/2025 02:00;19,33;20,22
27/08/2025 03:00;20,95;21,84
27/08/2025 04:00;21,75;22,64
27/08/2025 05:00;21,75;22,64
27/08/2025 06:00;21,75;22,64
27/08/2025 07:00;21,75;22,64
27/08/2025 08:00;21,75;22,64
27/08/2025 09:00;20,95;21,84
27/08/2025 10:00;18,52;19,41
27/08/2025 11:00;11,66;12,55
27/08/2025 12:00;9,61;10,5
27/08/2025 13:00;12,22;13,11
27/08/2025 14:00;16,11;17
27/08/2025 15:00;17,72;18,61
27/08/2025 16:00;17,71;18,61
27/08/2025 17:00;17,72;18,61
27/08/2025 18:00;12,78;13,67
27/08/2025 19:00;13,89;14,78
27/08/2025 20:00;22,56;23,45
27/08/2025 21:00;23,35;24,25
27/08/2025 22:00;23,36;24,25
27/08/2025 23:00;20,14;21,03
28/08/2025 00:00;19,33;20,22
28/08/2025 01:00;21,75;22,64
28/08/2025 02:00;21,75;22,64
28/08/2025 03:00;22,56;23,45
28/08/2025 04:00;26,59;27,48
28/08/2025 05:00;24,17;25,06
28/08/2025 06:00;24,17;25,06
28/08/2025 07:00;33,85;34,74
28/08/2025 08:00;33,04;33,93
28/08/2025 09:00;33,04;33,93
28/08/2025 10:00;33,85;34,74
28/08/2025 11:00;26,59;27,48
28/08/2025 12:00;24,17;25,06
28/08/2025 13:00;23,35;24,25
28/08/2025 14:00;21,74;22,64
28/08/2025 15:00;20,14;21,03
28/08/2025 16:00;19,33;20,22
28/08/2025 17:00;19,32;20,22
28/08/2025 18:00;18,51;19,41
28/08/2025 19:00;22,55;23,45
28/08/2025 20:00;16,1;17
28/08/2025 21:00;16,11;17
28/08/2025 22:00;26,58;27,48
28/08/2025 23:00;26,59;27,48
29/08/2025 00:00;26,59;27,48
29/08/2025 01:00;15,56;16,45
29/08/2025 02:00;15,56;16,45
29/08/2025 03:00;15,56;16,45
29/08/2025 04:00;15,56;16,45
29/08/2025 05:00;15;15,89
29/08/2025 06:00;14,99;15,89
29/08/2025 07:00;14,99;15,89
29/08/2025 08:00;14,44;15,33
29/08/2025 09:00;14,44;15,33
29/08/2025 10:00;14,43;15,33
29/08/2025 11:00;14,43;15,33
29/08/2025 12:00;13,33;14,22
29/08/2025 13:00;13,89;14,78
29/08/2025 14:00;13,89;14,78
29/08/2025 15:00;13,33;14,22
29/08/2025 16:00;13,33;14,22
29/08/2025 17:00;16,91;15,89
29/08/2025 18:00;15,27;14,22
29/08/2025 19:00;20,46;16,45
29/08/2025 20:00;22,56;17,8
29/08/2025 21:00;21,34;17
29/08/2025 22:00;22,68;17,8
29/08/2025 23:00;22,56;17,8
30/08/2025 00:00;22,42;17,8
30/08/2025 01:00;36,1;25,87
30/08/2025 02:00;23,68;19,41
30/08/2025 03:00;21,16;17
30/08/2025 04:00;21,23;17
30/08/2025 05:00;21,22;17
30/08/2025 06:00;20,39;16,45
30/08/2025 07:00;21,15;16,45
30/08/2025 08:00;20,52;16,45
30/08/2025 09:00;20,35;16,45
30/08/2025 10:00;20,5;16,45
30/08/2025 11:00;17,84;14,78
30/08/2025 12:00;16,14;14,22
30/08/2025 13:00;15,09;13,67
30/08/2025 14:00;14,25;13,11
30/08/2025 15:00;14,22;13,11
30/08/2025 16:00;14,27;13,11
30/08/2025 17:00;13,54;12,55
30/08/2025 18:00;13,52;12,55
30/08/2025 19:00;13,51;12,55
30/08/2025 20:00;18,97;15,33
30/08/2025 21:00;20,76;16,45
30/08/2025 22:00;20,71;16,45
30/08/2025 23:00;20,01;15,89
31/08/2025 00:00;20,7;16,45
31/08/2025 01:00;19,86;15,89
31/08/2025 02:00;19,89;15,89
31/08/2025 03:00;20,04;15,89
31/08/2025 04:00;16,56;14,22
31/08/2025 05:00;14,49;13,11
31/08/2025 06:00;14,08;13,11
31/08/2025 07:00;14,03;13,11
31/08/2025 08:00;13,47;12,55
31/08/2025 09:00;18,02;14,78
31/08/2025 10:00;14,55;13,11
31/08/2025 11:00;13,62;12,55
31/08/2025 12:00;13,56;12,55
31/08/2025 13:00;13,51;12,55
31/08/2025 14:00;13,49;12,55
31/08/2025 15:00;13,47;12,55
31/08/2025 16:00;13,45;12,55
31/08/2025 17:00;13,43;12,55
31/08/2025 18:00;13,41;12,55
31/08/2025 19:00;6,74;7,63
31/08/2025 20:00;8,11;9
31/08/2025 21:00;24,17;25,06
31/08/2025 22:00;25,78;26,68
31/08/2025 23:00;26,58;27,48
01/09/2025 00:00;17,72;18,61
01/09/2025 01:00;16,11;17
01/09/2025 02:00;18,51;19,41
01/09/2025 03:00;20,14;21,03
01/09/2025 04:00;20,14;21,03
01/09/2025 05:00;20,95;21,84
01/09/2025 06:00;24,97;25,87
01/09/2025 07:00;24,98;25,87
01/09/2025 08:00;17,72;18,61
01/09/2025 09:00;17,72;18,61
01/09/2025 10:00;15,56;16,45
01/09/2025 11:00;13,89;14,78
01/09/2025 12:00;11,11;12
01/09/2025 13:00;9,11;10
01/09/2025 14:00;10,1;11
01/09/2025 15:00;14,44;15,33
01/09/2025 16:00;13,89;14,78
01/09/2025 17:00;12,21;13,11
01/09/2025 18:00;12,77;13,67
01/09/2025 19:00;12,78;13,67
01/09/2025 20:00;12,78;13,67
01/09/2025 21:00;12,22;13,11
01/09/2025 22:00;12,78;13,67
01/09/2025 23:00;12,78;13,67
02/09/2025 00:00;12,77;13,67
02/09/2025 01:00;12,77;13,67
02/09/2025 02:00;12,78;13,67
02/09/2025 03:00;12,22;13,11
02/09/2025 04:00;12,22;13,11
02/09/2025 05:00;12,22;13,11
02/09/2025 06:00;12,22;13,11
02/09/2025 07:00;12,21;13,11
02/09/2025 08:00;12,21;13,11
02/09/2025 09:00;12,21;13,11
02/09/2025 10:00;12,21;13,11
02/09/2025 11:00;12,21;13,11
02/09/2025 12:00;12,22;13,11
02/09/2025 13:00;11,66;12,55
02/09/2025 14:00;11,65;12,55
02/09/2025 15:00;11,65;12,55
02/09/2025 16:00;11,66;12,55
02/09/2025 17:00;11,66;12,55
02/09/2025 18:00;11,65;12,55
02/09/2025 19:00;11,65;12,55
02/09/2025 20:00;11,11;12
02/09/2025 21:00;11,66;12,55
02/09/2025 22:00;11,1;12
02/09/2025 23:00;11,11;12
03/09/2025 00:00;11,66;12,55
03/09/2025 01:00;11,65;12,55
03/09/2025 02:00;11,65;12
03/09/2025 03:00;11,66;12
03/09/2025 04:00;11,65;12,55
03/09/2025 05:00;11,65;12
03/09/2025 06:00;11,66;12
03/09/2025 07:00;11,66;12
03/09/2025 08:00;11,1;12
03/09/2025 09:00;11,1;12
03/09/2025 10:00;11,1;12
03/09/2025 11:00;11,09;12
03/09/2025 12:00;11,1;12
03/09/2025 13:00;11,11;12
03/09/2025 14:00;11,11;12
03/09/2025 15:00;10,11;11
03/09/2025 16:00;11,11;12
03/09/2025 17:00;11,11;12
03/09/2025 18:00;10,11;11
03/09/2025 19:00;10,11;11
03/09/2025 20:00;10,11;11
03/09/2025 21:00;10,11;11
03/09/2025 22:00;10,11;11
03/09/2025 23:00;10,1;11
04/09/2025 00:00;11,11;12
04/09/2025 01:00;10,11;11
04/09/2025 02:00;11,11;12
04/09/2025 03:00;11,11;12
04/09/2025 04:00;10,11;11
04/09/2025 05:00;10,11;11
04/09/2025 06:00;10,11;11
04/09/2025 07:00;10,11;11
04/09/2025 08:00;10,11;11
04/09/2025 09:00;14,44;15,33
04/09/2025 10:00;9,11;10
04/09/2025 11:00;11,11;12
04/09/2025 12:00;11,1;12
04/09/2025 13:00;10,1;11
04/09/2025 14:00;10,11;11
04/09/2025 15:00;10,11;11
04/09/2025 16:00;10,11;11
04/09/2025 17:00;10,1;11
04/09/2025 18:00;10,1;11
04/09/2025 19:00;10,11;11
04/09/2025 20:00;10,11;11
04/09/2025 21:00;17,72;18,61
04/09/2025 22:00;20,95;21,84
04/09/2025 23:00;20,95;21,84
05/09/2025 00:00;20,95;21,84
05/09/2025 01:00;9,11;10
05/09/2025 02:00;9,6;10,5
05/09/2025 03:00;10,11;11
05/09/2025 04:00;10,11;11
05/09/2025 05:00;10,1;11
05/09/2025 06:00;10,1;11
05/09/2025 07:00;10,11;11
05/09/2025 08:00;24,98;25,87
05/09/2025 09:00;14,99;15,89
05/09/2025 10:00;21,75;22,64
05/09/2025 11:00;7,61;8,5
05/09/2025 12:00;8,6;9,5
05/09/2025 13:00;9,1;10
05/09/2025 14:00;8,61;9,5
05/09/2025 15:00;8,61;9,5
05/09/2025 16:00;8,6;9,5
05/09/2025 17:00;8,6;9,5
05/09/2025 18:00;8,61;9,5
05/09/2025 19:00;8,6;9,5
05/09/2025 20:00;24,17;25,06
05/09/2025 21:00;24,17;25,06
05/09/2025 22:00;24,17;25,06
05/09/2025 23:00;24,17;25,06
06/09/2025 00:00;24,93;25,06
06/09/2025 01:00;14,65;14,78
06/09/2025 02:00;8,37;8,5
06/09/2025 03:00;8,87;9
06/09/2025 04:00;9,86;10
06/09/2025 05:00;9,87;10
06/09/2025 06:00;9,87;10
06/09/2025 07:00;9,37;9,5
06/09/2025 08:00;9,86;10
06/09/2025 09:00;9,11;9,5
06/09/2025 10:00;9,1;10
06/09/2025 11:00;8,6;9,5
06/09/2025 12:00;8,6;9,5
06/09/2025 13:00;8,61;9,5
06/09/2025 14:00;8,61;9,5
06/09/2025 15:00;8,62;9,5
06/09/2025 16:00;8,62;9,5
06/09/2025 17:00;8,62;9,5
06/09/2025 18:00;8,61;9,5
06/09/2025 19:00;8,61;9,5
06/09/2025 20:00;8,61;9,5
06/09/2025 21:00;8,61;9,5
06/09/2025 22:00;8,61;9,5
06/09/2025 23:00;8,61;9,5
07/09/2025 00:00;8,61;9,5
07/09/2025 01:00;8,61;9,5
07/09/2025 02:00;8,6;9,5
07/09/2025 03:00;8,6;9,5
07/09/2025 04:00;8,61;9,5
07/09/2025 05:00;8,61;9,5
07/09/2025 06:00;8,61;9,5
07/09/2025 07:00;8,6;9,5
07/09/2025 08:00;8,61;9,5
07/09/2025 09:00;8,61;9,5
07/09/2025 10:00;8,61;9,5
07/09/2025 11:00;8,61;9,5
07/09/2025 12:00;8,61;9,5
07/09/2025 13:00;8,61;9,5
07/09/2025 14:00;8,61;9,5
07/09/2025 15:00;8,61;9,5
07/09/2025 16:00;8,61;9,5
07/09/2025 17:00;8,61;9,5
07/09/2025 18:00;8,61;9,5
07/09/2025 19:00;8,61;9,5
07/09/2025 20:00;24,17;25,06
07/09/2025 21:00;24,17;25,06
07/09/2025 22:00;17,72;18,61
07/09/2025 23:00;10,11;11
08/09/2025 00:00;8,11;9
08/09/2025 01:00;9,11;10
08/09/2025 02:00;9,11;10
08/09/2025 03:00;9,11;10
08/09/2025 04:00;9,11;10
08/09/2025 05:00;9,11;10
08/09/2025 06:00;9,11;10
08/09/2025 07:00;9,11;10
08/09/2025 08:00;18,52;19,41
08/09/2025 09:00;24,98;25,87
08/09/2025 10:00;18,52;19,41
08/09/2025 11:00;13,89;14,78
08/09/2025 12:00;8,11;9
08/09/2025 13:00;9,11;10
08/09/2025 14:00;4,11;5
08/09/2025 15:00;9,1;10
08/09/2025 16:00;9,11;10
08/09/2025 17:00;9,61;10,5
08/09/2025 18:00;10,11;11
08/09/2025 19:00;10,1;11
08/09/2025 20:00;17,72;18,61
08/09/2025 21:00;22,55;23,45
08/09/2025 22:00;13,88;14,78
08/09/2025 23:00;9,1;10
09/09/2025 00:00;9,6;10,5
09/09/2025 01:00;13,33;14,22
09/09/2025 02:00;14,44;15,33
09/09/2025 03:00;13,89;14,78
09/09/2025 04:00;13,88;14,78
09/09/2025 05:00;13,88;14,78
09/09/2025 06:00;13,33;14,22
09/09/2025 07:00;13,33;14,22
09/09/2025 08:00;27,4;28,29
09/09/2025 09:00;14,44;15,33
09/09/2025 10:00;9,11;10
09/09/2025 11:00;11,66;12,55
09/09/2025 12:00;11,66;12,55
09/09/2025 13:00;11,65;12,55
09/09/2025 14:00;11,65;12,55
09/09/2025 15:00;11,11;12
09/09/2025 16:00;11,11;12
09/09/2025 17:00;11,1;12
09/09/2025 18:00;9,61;10,5
09/09/2025 19:00;8,61;9,5
09/09/2025 20:00;17,72;18,61
09/09/2025 21:00;20,94;21,84
09/09/2025 22:00;20,95;21,84
09/09/2025 23:00;20,95;21,84
10/09/2025 00:00;8,6;9,5
10/09/2025 01:00;10,11;11
10/09/2025 02:00;10,11;11
10/09/2025 03:00;10,87;11
10/09/2025 04:00;10,1;11
10/09/2025 05:00;10,11;11
10/09/2025 06:00;10,11;11
10/09/2025 07:00;10,1;11
10/09/2025 08:00;10,11;11
10/09/2025 09:00;10,1;11
10/09/2025 10:00;9,62;10,5
10/09/2025 11:00;10,1;11
10/09/2025 12:00;10,11;11
10/09/2025 13:00;9,61;10,5
10/09/2025 14:00;9,6;10,5
10/09/2025 15:00;9,61;10,5
10/09/2025 16:00;9,61;10,5
10/09/2025 17:00;10,11;11
12/09/2025 11:00;9,11;10
12/09/2025 12:00;9,6;10,5
12/09/2025 13:00;9,1;10
12/09/2025 14:00;9,11;10
12/09/2025 15:00;9,11;10
12/09/2025 16:00;8,1;9
12/09/2025 17:00;7,6;8,5
12/09/2025 18:00;8,1;9
12/09/2025 19:00;9,11;10
12/09/2025 20:00;10,11;11
12/09/2025 21:00;13,89;14,78
12/09/2025 22:00;7,61;8,5
12/09/2025 23:00;8,61;9,5
13/09/2025 00:00;9,6;10,5
13/09/2025 01:00;9,11;10
13/09/2025 02:00;9,11;10
13/09/2025 03:00;9,11;10
13/09/2025 04:00;9,6;10,5
13/09/2025 05:00;9,61;10,5
13/09/2025 06:00;9,6;10,5
13/09/2025 07:00;9,6;10,5
13/09/2025 08:00;9,6;10,5
13/09/2025 09:00;9,11;10
13/09/2025 10:00;8,61;9,5
13/09/2025 11:00;9,11;10
13/09/2025 12:00;7,61;8,5
13/09/2025 13:00;9,6;10,5
13/09/2025 14:00;9,6;10,5
13/09/2025 15:00;9,61;10,5
13/09/2025 16:00;9,11;10
13/09/2025 17:00;9,11;10
13/09/2025 18:00;9,11;10
13/09/2025 19:00;9,6;10,5
13/09/2025 20:00;9,61;10,5
13/09/2025 21:00;23,35;24,25
13/09/2025 22:00;24,98;25,87
13/09/2025 23:00;24,98;25,87
14/09/2025 00:00;9,1;10
14/09/2025 01:00;7,61;8,5
14/09/2025 02:00;10,11;11
14/09/2025 03:00;9,6;10,5
14/09/2025 04:00;9,6;10,5
14/09/2025 05:00;9,61;10,5
14/09/2025 06:00;10,36;10,5
14/09/2025 07:00;9,61;10,5
14/09/2025 08:00;10,36;10,5
14/09/2025 09:00;9,61;10,5
14/09/2025 10:00;9,1;10
14/09/2025 11:00;9,61;10,5
14/09/2025 12:00;9,11;10
14/09/2025 13:00;9,1;10
14/09/2025 14:00;9,1;10
14/09/2025 15:00;9,1;10
14/09/2025 16:00;9,1;10
14/09/2025 17:00;9,11;10
14/09/2025 18:00;9,1;10
14/09/2025 19:00;9,11;10
14/09/2025 20:00;9,1;10
14/09/2025 21:00;9,1;10
14/09/2025 22:00;9,11;10
14/09/2025 23:00;9,11;10
15/09/2025 00:00;9,11;10
15/09/2025 01:00;9,1;10
15/09/2025 02:00;9,11;10
15/09/2025 03:00;9,11;10
15/09/2025 04:00;9,1;10
15/09/2025 05:00;9,11;10
15/09/2025 06:00;9,11;10
15/09/2025 07:00;9,1;10
15/09/2025 08:00;9,1;10
15/09/2025 09:00;9,11;10
15/09/2025 10:00;9,11;10
15/09/2025 11:00;9,1;10
15/09/2025 12:00;9,61;10,5
15/09/2025 13:00;8,6;9,5
15/09/2025 14:00;9,1;10
15/09/2025 15:00;9,1;10
15/09/2025 16:00;8,6;9,5
15/09/2025 17:00;8,61;9,5
15/09/2025 18:00;9,11;10
15/09/2025 19:00;9,11;10
15/09/2025 20:00;8,6;9,5
15/09/2025 21:00;9,1;10
15/09/2025 22:00;9,1;10
15/09/2025 23:00;9,1;10
16/09/2025 00:00;9,1;10
16/09/2025 01:00;9,1;10
16/09/2025 02:00;9,1;10
16/09/2025 03:00;9,1;10
16/09/2025 04:00;9,1;10
16/09/2025 05:00;9,11;10
16/09/2025 06:00;9,11;10
16/09/2025 07:00;9,1;10
16/09/2025 08:00;9,1;10
16/09/2025 09:00;9,1;10
16/09/2025 10:00;3,78;4,67
16/09/2025 11:00;8,1;9
16/09/2025 12:00;8,1;9
16/09/2025 13:00;8,11;9
16/09/2025 14:00;8,11;9
16/09/2025 15:00;8,11;9
16/09/2025 16:00;8,11;9
16/09/2025 17:00;8,11;9
16/09/2025 18:00;8,11;9
16/09/2025 19:00;8,1;9
16/09/2025 20:00;8,11;9
16/09/2025 21:00;9,11;10
16/09/2025 22:00;11,1;12
16/09/2025 23:00;7,61;8,5
17/09/2025 00:00;8,11;9
17/09/2025 01:00;8,61;9,5
17/09/2025 02:00;8,1;9
17/09/2025 03:00;8,87;9
17/09/2025 04:00;8,87;9
17/09/2025 05:00;8,86;9
17/09/2025 06:00;8,86;9
17/09/2025 07:00;8,87;9
17/09/2025 08:00;8,87;9
17/09/2025 09:00;8,87;9
17/09/2025 10:00;8,87;9
17/09/2025 11:00;8,1;9
17/09/2025 12:00;8,1;9
17/09/2025 13:00;8,11;9
17/09/2025 14:00;8,11;9
17/09/2025 15:00;8,1;9
17/09/2025 16:00;8,11;9
17/09/2025 17:00;8,11;9
17/09/2025 18:00;8,1;9
17/09/2025 19:00;8,1;9
17/09/2025 20:00;8,11;9
17/09/2025 21:00;8,11;9
17/09/2025 22:00;8,1;9
17/09/2025 23:00;8,1;9
18/09/2025 00:00;8,11;9
18/09/2025 01:00;8,11;9
18/09/2025 02:00;8,1;9
18/09/2025 03:00;8,86;9
18/09/2025 04:00;8,11;9
18/09/2025 05:00;8,86;9
18/09/2025 06:00;8,86;9
18/09/2025 07:00;8,87;9
18/09/2025 08:00;8,86;9
18/09/2025 09:00;8,86;9
18/09/2025 10:00;8,11;9
18/09/2025 11:00;8,11;9
18/09/2025 12:00;8,1;9
18/09/2025 13:00;7,61;8,5
18/09/2025 14:00;8,11;9
18/09/2025 15:00;8,11;9
18/09/2025 16:00;9,43;9,5
18/09/2025 17:00;9,4;9,5
18/09/2025 18:00;5,24;6,13
18/09/2025 19:00;5,24;6,13
18/09/2025 20:00;5,23;6,13
18/09/2025 21:00;5,23;6,13
18/09/2025 22:00;7,61;8,5
18/09/2025 23:00;5,24;5,75
19/09/2025 00:00;11,44;10,5
19/09/2025 01:00;5,24;5,75
19/09/2025 02:00;10,6;10
19/09/2025 03:00;5,89;6,13
19/09/2025 04:00;6;6,13
19/09/2025 05:00;6;6,13
19/09/2025 06:00;6;6,13
19/09/2025 07:00;6,36;6,5
19/09/2025 08:00;5,99;6,13
19/09/2025 09:00;11,23;10
19/09/2025 10:00;4,86;5,75
19/09/2025 11:00;10,75;10
19/09/2025 12:00;4,86;5,75
19/09/2025 13:00;4,86;5,75
19/09/2025 14:00;5,24;6,13
19/09/2025 15:00;4,86;5,75
19/09/2025 16:00;9,6;9,5
19/09/2025 17:00;9,6;9,5
19/09/2025 18:00;20,6;15,33
19/09/2025 19:00;20,59;15,33
19/09/2025 20:00;21,12;15,89
19/09/2025 21:00;20,26;15,33
19/09/2025 22:00;20,26;15,33
19/09/2025 23:00;20,11;15,33
20/09/2025 00:00;9,54;9,5
20/09/2025 01:00;4,86;5,75
20/09/2025 02:00;4,86;5,75
20/09/2025 03:00;9,36;9,5
20/09/2025 04:00;12,41;10,5
20/09/2025 05:00;20,26;15,33
20/09/2025 06:00;9,57;9,5
20/09/2025 07:00;9,51;9,5
20/09/2025 08:00;4,86;5,75
20/09/2025 09:00;9,54;9,5
20/09/2025 10:00;9,44;9,5
20/09/2025 11:00;4,86;5,75
20/09/2025 12:00;8,53;9
20/09/2025 13:00;9,5;9,5
20/09/2025 14:00;4,47;5,37
20/09/2025 15:00;7,15;7,63
20/09/2025 16:00;9,5;9,5
20/09/2025 17:00;4,86;5,75
20/09/2025 18:00;5,26;6,13
20/09/2025 19:00;4,85;5,75
20/09/2025 20:00;4,85;5,75
20/09/2025 21:00;4,85;5,75
20/09/2025 22:00;4,86;5,75
20/09/2025 23:00;7,61;8,5
21/09/2025 00:00;8,11;9
21/09/2025 01:00;8,6;9,5
21/09/2025 02:00;8,61;9,5
21/09/2025 03:00;8,61;9,5
21/09/2025 04:00;8,61;9,5
21/09/2025 05:00;9,1;10
21/09/2025 06:00;9,6;10,5
21/09/2025 07:00;10,11;11
21/09/2025 08:00;14,44;15,33
21/09/2025 09:00;20,06;20,22
21/09/2025 10:00;21,74;21,03
21/09/2025 11:00;22,79;21,84
21/09/2025 12:00;22,73;22,64
21/09/2025 13:00;22,67;22,64
21/09/2025 14:00;22,6;22,64
21/09/2025 15:00;23,27;22,64
21/09/2025 16:00;24,53;20,22
21/09/2025 17:00;23,2;18,61
21/09/2025 18:00;22,4;17,8
21/09/2025 19:00;22,49;17,8
21/09/2025 20:00;24,65;18,61
21/09/2025 21:00;12,69;12,55
21/09/2025 22:00;19,86;17,8
21/09/2025 23:00;24,62;20,22
22/09/2025 00:00;23,82;19,41
22/09/2025 01:00;28,31;21,03
22/09/2025 02:00;27,42;20,22
22/09/2025 03:00;27,35;20,22
22/09/2025 04:00;26,28;19,41
22/09/2025 05:00;13,08;12,55
22/09/2025 06:00;17,31;14,22
22/09/2025 07:00;17,31;14,22
22/09/2025 08:00;17,3;14,22
22/09/2025 09:00;17,31;14,22
22/09/2025 10:00;16,49;13,67
22/09/2025 11:00;16,51;13,67
22/09/2025 12:00;16,53;13,67
22/09/2025 13:00;12,29;12
22/09/2025 14:00;12,96;12
22/09/2025 15:00;14,09;12,55
22/09/2025 16:00;15,15;13,11
22/09/2025 17:00;15,09;13,11
22/09/2025 18:00;15,24;13,11
22/09/2025 19:00;15,22;13,11
22/09/2025 20:00;15,06;13,11
22/09/2025 21:00;15,61;13,67
22/09/2025 22:00;15,13;13,11
22/09/2025 23:00;15,07;13,11
23/09/2025 00:00;15,07;13,11
23/09/2025 01:00;14,89;13,11
23/09/2025 02:00;14,89;13,11
23/09/2025 03:00;14,88;13,11
23/09/2025 04:00;14,99;13,11
23/09/2025 05:00;14,97;13,11
23/09/2025 06:00;14,97;13,11
23/09/2025 07:00;22,27;17
23/09/2025 08:00;22,13;17
23/09/2025 09:00;21,84;17
23/09/2025 10:00;21,3;16,45
23/09/2025 11:00;23,32;17,8
23/09/2025 12:00;12,04;11
23/09/2025 13:00;11,16;11
23/09/2025 14:00;13,95;12,55
23/09/2025 15:00;13,94;12,55
23/09/2025 16:00;15,1;13,11
23/09/2025 17:00;11,1;11
23/09/2025 18:00;12,97;12
23/09/2025 19:00;26,26;19,41
23/09/2025 20:00;26,18;19,41
23/09/2025 21:00;25,06;18,61
23/09/2025 22:00;25,08;18,61
23/09/2025 23:00;11,1;11
24/09/2025 00:00;11,11;11
24/09/2025 01:00;11,45;11
24/09/2025 02:00;21,44;16,45
24/09/2025 03:00;21,66;16,45
24/09/2025 04:00;10,68;10,5
24/09/2025 05:00;11,13;11
24/09/2025 06:00;13,04;12
24/09/2025 07:00;5,98;6,88
24/09/2025 08:00;5,98;6,88
24/09/2025 09:00;10,11;11
24/09/2025 10:00;13,6;12,55
24/09/2025 11:00;13,11;12
24/09/2025 12:00;13,15;12
24/09/2025 13:00;13,04;12
24/09/2025 14:00;10,62;10,5
24/09/2025 15:00;5,99;6,88
24/09/2025 16:00;12,66;12,55
24/09/2025 17:00;10,73;10,5
24/09/2025 18:00;10,75;10,5
24/09/2025 19:00;11,73;11
24/09/2025 20:00;24,21;17,8
24/09/2025 21:00;24,17;17,8
24/09/2025 22:00;24,28;17,8
24/09/2025 23:00;24,42;17,8
25/09/2025 00:00;24,21;17,8
25/09/2025 01:00;10,65;10,5
25/09/2025 02:00;10,71;10,5
25/09/2025 03:00;11,88;11
25/09/2025 04:00;12,12;11
25/09/2025 05:00;11,97;11
25/09/2025 06:00;12,66;11
25/09/2025 07:00;24,16;17,8
25/09/2025 08:00;24,99;17,8
25/09/2025 09:00;16,93;13,67
25/09/2025 10:00;16,66;13,67
25/09/2025 11:00;10,65;10,5
25/09/2025 12:00;10,61;10,5
25/09/2025 13:00;10,69;10,5
25/09/2025 14:00;11,92;11
25/09/2025 15:00;10,69;10,5
25/09/2025 16:00;11,25;10,5
25/09/2025 17:00;11,26;10,5
25/09/2025 18:00;10,62;10,5
25/09/2025 19:00;10,21;10
25/09/2025 20:00;33,57;23,45
25/09/2025 21:00;33,54;23,45
25/09/2025 22:00;17,02;13,67
25/09/2025 23:00;23,91;17,8
26/09/2025 00:00;23,86;17,8
26/09/2025 01:00;24,06;17,8
26/09/2025 02:00;24,05;17,8
26/09/2025 03:00;10,63;10,5
26/09/2025 04:00;10,14;10
26/09/2025 05:00;10,57;10,5
26/09/2025 06:00;10,03;10
26/09/2025 07:00;10,04;10
26/09/2025 08:00;22,95;17
26/09/2025 09:00;22,97;17
26/09/2025 10:00;21,79;15,33
26/09/2025 11:00;16,35;10
26/09/2025 12:00;21,6;15,89
26/09/2025 13:00;9,1;9
26/09/2025 14:00;9,1;9
26/09/2025 15:00;9,15;9
26/09/2025 16:00;9,15;9
26/09/2025 17:00;21,85;15,89
26/09/2025 18:00;21,71;15,89
26/09/2025 19:00;23,81;17
26/09/2025 20:00;30,61;21,03
26/09/2025 21:00;31,36;21,03
26/09/2025 22:00;31,29;21,03
26/09/2025 23:00;18,37;13,67
27/09/2025 00:00;21,64;15,33
27/09/2025 01:00;21,63;15,89
27/09/2025 02:00;22,38;15,89
27/09/2025 03:00;21,94;15,89
27/09/2025 04:00;21,93;15,89
27/09/2025 05:00;22,47;15,89
27/09/2025 06:00;22,45;15,89
27/09/2025 07:00;22,62;16,45
27/09/2025 08:00;21,51;15,89
27/09/2025 09:00;22,4;15,89
27/09/2025 10:00;15,76;13,11
27/09/2025 11:00;9,07;9
27/09/2025 12:00;9,08;9
27/09/2025 13:00;9,05;9
27/09/2025 14:00;9,02;9
27/09/2025 15:00;8,51;8,5
27/09/2025 16:00;8,48;8,5
27/09/2025 17:00;8,39;8,5
27/09/2025 18:00;8,38;8,5
27/09/2025 19:00;21,85;15,89
27/09/2025 20:00;30,52;21,03
27/09/2025 21:00;15,94;12
27/09/2025 22:00;21,64;15,89
27/09/2025 23:00;21,74;15,89
28/09/2025 00:00;21,75;15,33
28/09/2025 01:00;9,9;9
28/09/2025 02:00;9,88;9
28/09/2025 03:00;9,04;9
28/09/2025 04:00;9,03;9
28/09/2025 05:00;5,24;5,37
28/09/2025 06:00;5,27;5,37
28/09/2025 07:00;9,85;9
28/09/2025 08:00;9,04;9
28/09/2025 09:00;9;9
28/09/2025 10:00;8,95;9
28/09/2025 11:00;8,9;9
28/09/2025 12:00;19,58;14,78
28/09/2025 13:00;9,09;9
28/09/2025 14:00;9,08;9
28/09/2025 15:00;9,06;9
28/09/2025 16:00;8,58;8,5
28/09/2025 17:00;8,53;8,5
28/09/2025 18:00;4,47;5,37
28/09/2025 19:00;19,08;14,22
28/09/2025 20:00;21,14;15,33
28/09/2025 21:00;14,81;12
28/09/2025 22:00;20,86;15,33
28/09/2025 23:00;20,87;15,33
29/09/2025 00:00;21,46;15,89
29/09/2025 01:00;9,16;9
29/09/2025 02:00;9,11;9
29/09/2025 03:00;4,48;5,37
29/09/2025 04:00;9,15;9
29/09/2025 05:00;9,11;9
29/09/2025 06:00;17,86;13,67
29/09/2025 07:00;20,85;15,33
29/09/2025 08:00;20,53;15,33
29/09/2025 09:00;21,54;15,89
29/09/2025 10:00;21,4;15,89
29/09/2025 11:00;9,08;9
29/09/2025 12:00;9,08;9
29/09/2025 13:00;4,47;5,37
29/09/2025 14:00;4,47;4,67
29/09/2025 15:00;4,7;4,67
29/09/2025 16:00;8,43;8,5
29/09/2025 17:00;8,41;8,5
29/09/2025 18:00;17,11;13,11
29/09/2025 19:00;20,89;15,33
29/09/2025 20:00;29,08;20,22
29/09/2025 21:00;15,89;12,55
29/09/2025 22:00;20,65;15,33
29/09/2025 23:00;20,72;15,33
30/09/2025 00:00;9,04;9
30/09/2025 01:00;4,48;5,37
30/09/2025 02:00;4,48;5,37
30/09/2025 03:00;9,02;9
30/09/2025 04:00;8,95;9
30/09/2025 05:00;4,47;5,37
30/09/2025 06:00;4,47;5,37
30/09/2025 07:00;9,06;9
30/09/2025 08:00;20,68;15,33
30/09/2025 09:00;19,86;14,78
30/09/2025 10:00;9,07;9
30/09/2025 11:00;9,01;9
30/09/2025 12:00;4,47;5,37
30/09/2025 13:00;8,56;8,5
30/09/2025 14:00;4,69;4,67
30/09/2025 15:00;8,47;8,5
30/09/2025 16:00;8,39;8,5
30/09/2025 17:00;4,47;5,37
30/09/2025 18:00;4,47;5,37
30/09/2025 19:00;20,57;15,33
30/09/2025 20:00;13,69;11
30/09/2025 21:00;20,52;15,33
30/09/2025 22:00;9,05;9
30/09/2025 23:00;9,06;9
01/10/2025 00:00;4,48;5,37
01/10/2025 01:00;4,48;5,37
01/10/2025 02:00;9,03;9
01/10/2025 03:00;8,96;9
01/10/2025 04:00;4,48;5,37
01/10/2025 05:00;7,4;7,63
01/10/2025 06:00;8,96;9
01/10/2025 07:00;19,5;14,22
01/10/2025 08:00;20,58;15,33
01/10/2025 09:00;9,12;9
01/10/2025 10:00;9,08;9
01/10/2025 11:00;4,48;5,37
01/10/2025 12:00;4,86;5,75
01/10/2025 13:00;4,48;5,37
01/10/2025 14:00;9,01;9
01/10/2025 15:00;8,97;9
01/10/2025 16:00;4,47;5,37
01/10/2025 17:00;5,73;5,75
01/10/2025 18:00;9,02;9
01/10/2025 19:00;18,79;14,22
01/10/2025 20:00;20,52;15,33
01/10/2025 21:00;19,82;14,78
01/10/2025 22:00;9,04;9
01/10/2025 23:00;9;9
02/10/2025 00:00;5,99;6,13
02/10/2025 01:00;21,24;15,33
02/10/2025 02:00;20,45;14,78
02/10/2025 03:00;21,18;15,33
02/10/2025 04:00;20,44;14,78
02/10/2025 05:00;20,38;14,78
02/10/2025 06:00;20,51;15,33
02/10/2025 07:00;20,34;14,78
02/10/2025 08:00;20,53;15,33
02/10/2025 09:00;20,68;15,33
02/10/2025 10:00;19,87;14,78
02/10/2025 11:00;19,73;14,78
02/10/2025 12:00;9,08;9
02/10/2025 13:00;4,48;5,37
02/10/2025 14:00;4,85;5,75
02/10/2025 15:00;4,47;5,37
02/10/2025 16:00;4,11;5
02/10/2025 17:00;19,69;14,78
02/10/2025 18:00;19,93;14,78
02/10/2025 19:00;27,68;19,41
02/10/2025 20:00;28,67;20,22
02/10/2025 21:00;14,85;12
02/10/2025 22:00;20,22;14,78
02/10/2025 23:00;20,22;14,78
03/10/2025 00:00;21,04;15,33
03/10/2025 01:00;10,37;9,5
03/10/2025 02:00;6;6,13
03/10/2025 03:00;5,26;5,75
03/10/2025 04:00;5,99;6,13
03/10/2025 05:00;5,61;5,75
03/10/2025 06:00;10,2;9,5
03/10/2025 07:00;20,49;15,33
03/10/2025 08:00;20,14;14,78
03/10/2025 09:00;13,92;8,5
03/10/2025 10:00;19,61;14,22
03/10/2025 11:00;19,1;14,22
03/10/2025 12:00;19,13;14,22
03/10/2025 13:00;9,15;9
03/10/2025 14:00;4,48;5,37
03/10/2025 15:00;4,48;5,37
03/10/2025 16:00;19,73;14,78
03/10/2025 17:00;19,84;14,78
03/10/2025 18:00;19,08;14,22
03/10/2025 19:00;19,81;14,78
03/10/2025 20:00;27,86;19,41
03/10/2025 21:00;13,55;11
03/10/2025 22:00;19,78;14,78
03/10/2025 23:00;9,08;9
04/10/2025 00:00;4,86;5
04/10/2025 01:00;4,86;5
04/10/2025 02:00;8,48;8,5
04/10/2025 03:00;4,47;5
04/10/2025 04:00;4,86;5
04/10/2025 05:00;9,16;8,5
04/10/2025 06:00;4,47;5,37
04/10/2025 07:00;4,47;5,37
04/10/2025 08:00;9,03;9
04/10/2025 09:00;4,48;5,37
04/10/2025 10:00;5,23;5,37
04/10/2025 11:00;8,53;8,5
04/10/2025 12:00;4,12;5
04/10/2025 13:00;8,49;8,5
04/10/2025 14:00;8,45;8,5
04/10/2025 15:00;4,47;5,37
04/10/2025 16:00;7,19;7,25
04/10/2025 17:00;8,86;9
04/10/2025 18:00;4,47;5,37
04/10/2025 19:00;4,48;5,37
04/10/2025 20:00;9;9
04/10/2025 21:00;4,47;5,37
04/10/2025 22:00;8,86;9
04/10/2025 23:00;8,84;9
05/10/2025 00:00;4,85;5,75
05/10/2025 01:00;9,02;9
05/10/2025 02:00;4,86;5,75
05/10/2025 03:00;4,85;5,75
05/10/2025 04:00;9,45;9,5
05/10/2025 05:00;4,86;5,75
05/10/2025 06:00;4,86;5,75
05/10/2025 07:00;8,09;9
05/10/2025 08:00;4,85;5,75
05/10/2025 09:00;9,51;9,5
05/10/2025 10:00;4,85;5,75
05/10/2025 11:00;4,85;5,75
05/10/2025 12:00;20,36;15,33
05/10/2025 13:00;9,56;9,5
05/10/2025 14:00;4,86;5,75
05/10/2025 15:00;4,85;5,75
05/10/2025 16:00;9,03;9
05/10/2025 17:00;12,69;11
05/10/2025 18:00;20,32;15,33
05/10/2025 19:00;20,55;15,33
05/10/2025 20:00;28,53;20,22
05/10/2025 21:00;15,34;12,55
05/10/2025 22:00;20,16;15,33
05/10/2025 23:00;9,55;9,5
06/10/2025 00:00;5,99;6,13
06/10/2025 01:00;5,61;5,75
06/10/2025 02:00;10,25;9,5
06/10/2025 03:00;5,61;5,75
06/10/2025 04:00;5,61;5,75
06/10/2025 05:00;10,24;9,5
06/10/2025 06:00;5,99;6,13
06/10/2025 07:00;10,35;9,5
06/10/2025 08:00;4,87;5,75
06/10/2025 09:00;5,61;5,75
06/10/2025 10:00;9,05;9
06/10/2025 11:00;4,85;5,75
06/10/2025 12:00;5,33;6,13
06/10/2025 13:00;9,37;9,5
06/10/2025 14:00;4,85;5,75
06/10/2025 15:00;4,86;5,75
06/10/2025 16:00;4,85;5,75
06/10/2025 17:00;4,85;5,75
06/10/2025 18:00;5,24;6,13
06/10/2025 19:00;12,51;12,55
06/10/2025 20:00;6,73;7,25
06/10/2025 21:00;7,12;7,25
06/10/2025 22:00;6,74;6,88
06/10/2025 23:00;5,62;6,5
07/10/2025 00:00;10,12;10
07/10/2025 01:00;5,99;6,13
07/10/2025 02:00;5,25;6,13
07/10/2025 03:00;10,08;10
07/10/2025 04:00;5,25;6,13
07/10/2025 05:00;7,05;6,88
07/10/2025 06:00;5,99;6,13
07/10/2025 07:00;5,25;6,13
07/10/2025 08:00;10,04;10
07/10/2025 09:00;5,99;6,13
07/10/2025 10:00;5,99;6,13
07/10/2025 11:00;5,23;6,13
07/10/2025 12:00;10,1;10
07/10/2025 13:00;5,98;6,88
07/10/2025 14:00;3,1;4
07/10/2025 15:00;4,47;5,37
07/10/2025 16:00;4,48;5,37
07/10/2025 17:00;4,47;5,37
07/10/2025 18:00;7,6;8,5
07/10/2025 19:00;7,1;8
07/10/2025 20:00;6,73;7,63
07/10/2025 21:00;6,73;7,63
07/10/2025 22:00;7,5;7,63
07/10/2025 23:00;7,49;7,63
08/10/2025 00:00;7,49;7,63
08/10/2025 01:00;6,76;7,63
08/10/2025 02:00;7,49;7,63
08/10/2025 03:00;6,75;7,63
08/10/2025 04:00;7,49;7,63
08/10/2025 05:00;7,12;8
08/10/2025 06:00;7,86;8
08/10/2025 07:00;7,13;8
08/10/2025 08:00;7,12;7,63
08/10/2025 09:00;7,12;8
08/10/2025 10:00;7,1;8
08/10/2025 11:00;7,1;8
08/10/2025 12:00;7,1;8
08/10/2025 13:00;7,1;8
08/10/2025 14:00;7,1;8
08/10/2025 15:00;7,6;8,5
08/10/2025 16:00;7,61;8,5
08/10/2025 17:00;11,1;12
08/10/2025 18:00;8,61;9,5
08/10/2025 19:00;8,11;9
08/10/2025 20:00;7,6;8,5
08/10/2025 21:00;7,6;8,5
08/10/2025 22:00;7,6;8,5
08/10/2025 23:00;7,6;8,5
09/10/2025 00:00;7,1;8
09/10/2025 01:00;7,61;8,5
09/10/2025 02:00;7,6;8,5
09/10/2025 03:00;7,1;8
09/10/2025 04:00;7,6;8,5
09/10/2025 05:00;7,6;8,5
09/10/2025 06:00;7,6;8,5
09/10/2025 07:00;7,6;8,5
09/10/2025 08:00;7,6;8,5
09/10/2025 09:00;7,6;8
09/10/2025 10:00;7,6;8,5
09/10/2025 11:00;7,6;8,5
09/10/2025 12:00;7,6;8,5
09/10/2025 13:00;7,6;8,5
09/10/2025 14:00;7,6;8,5
09/10/2025 15:00;7,6;8,5
09/10/2025 16:00;8,1;9
09/10/2025 17:00;7,6;8,5
09/10/2025 18:00;7,6;8,5
09/10/2025 19:00;7,61;8,5
09/10/2025 20:00;7,61;8,5
09/10/2025 21:00;7,6;8,5
09/10/2025 22:00;7,61;8,5
09/10/2025 23:00;7,6;8,5
10/10/2025 00:00;7,6;8,5
10/10/2025 01:00;7,61;8,5
10/10/2025 02:00;7,6;8,5
10/10/2025 03:00;7,6;8,5
10/10/2025 04:00;7,61;8,5
10/10/2025 05:00;7,6;8,5
10/10/2025 06:00;7,6;8,5
10/10/2025 07:00;7,61;8,5
10/10/2025 08:00;7,6;8,5
10/10/2025 09:00;7,6;8,5
10/10/2025 10:00;8,1;9
10/10/2025 11:00;7,6;8,5
10/10/2025 12:00;7,6;8,5
10/10/2025 13:00;7,6;8,5
10/10/2025 14:00;7,61;8,5
10/10/2025 15:00;8,1;9
10/10/2025 16:00;8,11;9
10/10/2025 17:00;8,12;9
10/10/2025 18:00;8,11;9
10/10/2025 19:00;8,11;9
10/10/2025 20:00;12,75;12,55
10/10/2025 21:00;12,74;12,55
10/10/2025 22:00;15,9;14,22
10/10/2025 23:00;16,85;15,33
11/10/2025 00:00;16,49;14,78
11/10/2025 01:00;13,33;13,11
11/10/2025 02:00;8,86;9
11/10/2025 03:00;8,86;9
11/10/2025 04:00;8,1;9
11/10/2025 05:00;8,86;9
11/10/2025 06:00;8,86;9
11/10/2025 07:00;8,12;9
11/10/2025 08:00;8,86;9
11/10/2025 09:00;13,97;13,11
11/10/2025 10:00;8,11;9
11/10/2025 11:00;8,1;9
11/10/2025 12:00;7,6;8,5
11/10/2025 13:00;7,61;8,5
11/10/2025 14:00;7,6;8,5
11/10/2025 15:00;7,6;8,5
11/10/2025 16:00;7,6;8,5
11/10/2025 17:00;7,6;8,5
11/10/2025 18:00;7,6;8,5
11/10/2025 19:00;12,68;12,55
11/10/2025 20:00;14,84;13,67
11/10/2025 21:00;12,64;12,55
11/10/2025 22:00;13,24;13,11
11/10/2025 23:00;13,22;12,55
12/10/2025 00:00;17,44;15,89
12/10/2025 01:00;16,41;14,78
12/10/2025 02:00;13,94;13,11
12/10/2025 03:00;8,83;9
12/10/2025 04:00;8,86;9
12/10/2025 05:00;8,86;9
12/10/2025 06:00;8,86;9
12/10/2025 07:00;8,86;9
12/10/2025 08:00;8,86;9
12/10/2025 09:00;8,86;9
12/10/2025 10:00;8,11;9
12/10/2025 11:00;8,1;9
12/10/2025 12:00;7,6;8,5
12/10/2025 13:00;7,61;8,5
12/10/2025 14:00;7,6;8,5
12/10/2025 15:00;7,6;8,5
12/10/2025 16:00;7,6;8,5
12/10/2025 17:00;7,6;8,5
12/10/2025 18:00;7,6;8,5
12/10/2025 19:00;12,61;12,55
12/10/2025 20:00;12,65;12,55
12/10/2025 21:00;14,9;13,67
12/10/2025 22:00;12,69;12,55
12/10/2025 23:00;17,64;16,45
13/10/2025 00:00;9,6;10,5
13/10/2025 01:00;8,11;9
13/10/2025 02:00;8,86;9
13/10/2025 03:00;8,86;9
13/10/2025 04:00;14,01;13,11
13/10/2025 05:00;15,48;13,67
13/10/2025 06:00;15,16;13,67
13/10/2025 07:00;17,98;16,45
13/10/2025 08:00;13,54;13,67
13/10/2025 09:00;12,97;13,11
13/10/2025 10:00;12,15;13,11
13/10/2025 11:00;12,12;13,11
13/10/2025 12:00;10,1;11
13/10/2025 13:00;7,11;8
13/10/2025 14:00;6,29;7,25
13/10/2025 15:00;6,29;7,25
13/10/2025 16:00;6,65;7,63
13/10/2025 17:00;7,61;8,5
13/10/2025 18:00;7,6;8,5
13/10/2025 19:00;8,6;9,5
13/10/2025 20:00;8,6;9,5
13/10/2025 21:00;8,11;9
13/10/2025 22:00;8,6;9,5
13/10/2025 23:00;11,11;12
14/10/2025 00:00;9,61;10,5
14/10/2025 01:00;9,36;9,5
14/10/2025 02:00;8,61;9,5
14/10/2025 03:00;8,61;9,5
14/10/2025 04:00;9,36;9,5
14/10/2025 05:00;9,36;9,5
14/10/2025 06:00;9,36;9,5
14/10/2025 07:00;8,86;9
14/10/2025 08:00;8,84;9
14/10/2025 09:00;9,36;9,5
14/10/2025 10:00;12,77;13,67
14/10/2025 11:00;12,78;13,67
14/10/2025 12:00;12,77;13,67
14/10/2025 13:00;12,22;13,11
14/10/2025 14:00;9,11;10
14/10/2025 15:00;8,6;9,5
14/10/2025 16:00;8,6;9,5
14/10/2025 17:00;8,1;9
14/10/2025 18:00;8,1;9
14/10/2025 19:00;8,1;9
14/10/2025 20:00;8,11;9
14/10/2025 21:00;15,56;16,45
14/10/2025 22:00;16,1;17
14/10/2025 23:00;13,89;14,22
15/10/2025 00:00;12,78;13,67
15/10/2025 01:00;9,6;10,5
15/10/2025 02:00;8,61;9,5
15/10/2025 03:00;8,6;9,5
15/10/2025 04:00;8,6;9
15/10/2025 05:00;8,6;9
15/10/2025 06:00;8,87;9
15/10/2025 07:00;8,86;9
15/10/2025 08:00;8,86;9
15/10/2025 09:00;8,86;9
15/10/2025 10:00;8,1;9
15/10/2025 11:00;8,1;9
15/10/2025 12:00;24,78;21,03
15/10/2025 13:00;24,75;20,22
15/10/2025 14:00;21,37;17
15/10/2025 15:00;14,44;13,67
15/10/2025 16:00;17,04;14,78
15/10/2025 17:00;13,17;13,11
15/10/2025 18:00;8,11;9
15/10/2025 19:00;8,1;9
15/10/2025 20:00;8,1;9
15/10/2025 21:00;8,11;9
15/10/2025 22:00;12,21;13,11
15/10/2025 23:00;9,11;10
16/10/2025 00:00;8,61;9,5
16/10/2025 01:00;8,1;9
16/10/2025 02:00;8,1;9
16/10/2025 03:00;8,11;9
16/10/2025 04:00;8,11;9
16/10/2025 05:00;8,86;9
16/10/2025 06:00;8,86;9
16/10/2025 07:00;8,13;9
16/10/2025 08:00;8,86;9
16/10/2025 09:00;7,63;8,5
16/10/2025 10:00;8,86;9
16/10/2025 11:00;8,1;9
16/10/2025 12:00;12,22;13,11
16/10/2025 13:00;29,76;23,45
16/10/2025 14:00;18,52;19,41
16/10/2025 15:00;9,11;10
16/10/2025 16:00;9,11;10
16/10/2025 17:00;11,65;12,55
16/10/2025 18:00;11,66;12,55
16/10/2025 19:00;9,1;10
16/10/2025 20:00;8,11;9
16/10/2025 21:00;8,11;9
16/10/2025 22:00;8,1;9
16/10/2025 23:00;11,11;12
17/10/2025 00:00;9,11;9,5
17/10/2025 01:00;9,36;9,5
17/10/2025 02:00;8,86;9
17/10/2025 03:00;8,13;9
17/10/2025 04:00;8,86;9
17/10/2025 05:00;8,12;9
17/10/2025 06:00;8,13;9
17/10/2025 07:00;8,12;9
17/10/2025 08:00;8,12;9
17/10/2025 09:00;8,13;9
17/10/2025 10:00;5,99;6,13
17/10/2025 11:00;15,63;13,67
17/10/2025 12:00;11,11;11
17/10/2025 13:00;6,73;7,63
17/10/2025 14:00;6,73;7,63
17/10/2025 15:00;6,36;7,25
17/10/2025 16:00;6,35;7,25
17/10/2025 17:00;6,35;7,25
17/10/2025 18:00;31,55;22,64
17/10/2025 19:00;34,4;24,25
17/10/2025 20:00;NULL;32,32
17/10/2025 21:00;38,36;27,48
17/10/2025 22:00;35,3;26,68
17/10/2025 23:00;13,41;12,55
18/10/2025 00:00;12,87;12
18/10/2025 01:00;13,02;12
18/10/2025 02:00;12,86;12
18/10/2025 03:00;12,82;12
18/10/2025 04:00;12,78;12
18/10/2025 05:00;7,12;8
18/10/2025 06:00;7,12;8
18/10/2025 07:00;20,1;16,45
18/10/2025 08:00;34,47;24,25
18/10/2025 09:00;10,87;11
18/10/2025 10:00;7,17;7,63
18/10/2025 11:00;7,49;7,63
18/10/2025 12:00;6,36;7,25
18/10/2025 13:00;6,35;7,25
18/10/2025 14:00;6,35;7,25
18/10/2025 15:00;6,36;7,25
18/10/2025 16:00;6,35;7,25
18/10/2025 17:00;6,35;7,25
18/10/2025 18:00;31,66;22,64
18/10/2025 19:00;34,45;24,25
18/10/2025 20:00;23,43;22,64
18/10/2025 21:00;28,94;24,25
18/10/2025 22:00;35,86;25,06
18/10/2025 23:00;30,93;22,64
19/10/2025 00:00;12,8;12
19/10/2025 01:00;7,62;8
19/10/2025 02:00;7,12;8
19/10/2025 03:00;7,12;8
19/10/2025 04:00;6,75;7,63
19/10/2025 05:00;6,75;7,63
19/10/2025 06:00;27,54;20,22
19/10/2025 07:00;9,12;10
19/10/2025 08:00;7,12;8
19/10/2025 09:00;6,75;7,63
19/10/2025 10:00;6,75;7,63
19/10/2025 11:00;6,75;7,63
19/10/2025 12:00;7,5;7,63
19/10/2025 13:00;7,5;7,63
19/10/2025 14:00;20,29;16,45
19/10/2025 15:00;11,09;11
19/10/2025 16:00;11,07;11
19/10/2025 17:00;7,1;8
19/10/2025 18:00;7,11;7,63
19/10/2025 19:00;7,5;7,63
19/10/2025 20:00;21,7;21,84
19/10/2025 21:00;20,89;18,61
19/10/2025 22:00;36,85;25,87
19/10/2025 23:00;NULL;33,93
20/10/2025 00:00;39,17;29,09
20/10/2025 01:00;39,16;29,09
20/10/2025 02:00;18,55;17
20/10/2025 03:00;22,27;17
20/10/2025 04:00;12,68;12,55
20/10/2025 05:00;12,64;12,55
20/10/2025 06:00;7,6;8,5
20/10/2025 07:00;7,11;8
20/10/2025 08:00;24,5;18,61
20/10/2025 09:00;12,1;12
20/10/2025 10:00;10,13;10
20/10/2025 11:00;9,63;9,5
20/10/2025 12:00;12;12
20/10/2025 13:00;7,11;8
20/10/2025 14:00;6,71;8
20/10/2025 15:00;5,48;8
20/10/2025 16:00;10,9;12
20/10/2025 17:00;4,96;8
20/10/2025 18:00;5,58;7,63
20/10/2025 19:00;8,23;10,5
20/10/2025 20:00;6,79;12
20/10/2025 21:00;4,92;8
20/10/2025 22:00;5,58;8
20/10/2025 23:00;5,91;8
21/10/2025 00:00;5,97;8
21/10/2025 01:00;7,98;11
21/10/2025 02:00;5,23;8
21/10/2025 03:00;5,87;8
21/10/2025 04:00;5,93;8
21/10/2025 05:00;5,57;7,63
21/10/2025 06:00;5,91;8
21/10/2025 07:00;5,49;8,5
21/10/2025 08:00;5,16;8
21/10/2025 09:00;2,91;4
21/10/2025 10:00;5,4;6,88
21/10/2025 11:00;5,37;6,88
21/10/2025 12:00;5,36;6,88
21/10/2025 13:00;5,34;6,88
21/10/2025 14:00;5,07;6,88
21/10/2025 15:00;5,23;6,88
21/10/2025 16:00;5,31;6,88
21/10/2025 17:00;5,3;6,88
21/10/2025 18:00;5,32;6,88
21/10/2025 19:00;15,58;15,89
21/10/2025 20:00;8,58;13,11
21/10/2025 21:00;4,72;7,25
21/10/2025 22:00;5,18;6,88
21/10/2025 23:00;5,22;6,88
22/10/2025 00:00;8,51;10,5
22/10/2025 01:00;4,69;7,25
22/10/2025 02:00;5,53;7,25
22/10/2025 03:00;5,6;7,25
22/10/2025 04:00;5,26;6,88
22/10/2025 05:00;5,62;7,25
22/10/2025 06:00;5,6;7,25
22/10/2025 07:00;5,6;7,25
22/10/2025 08:00;5,59;7,25
22/10/2025 09:00;5,58;7,25
22/10/2025 10:00;4,47;5
22/10/2025 11:00;5,08;6,88
22/10/2025 12:00;5,31;6,88
22/10/2025 13:00;5,37;6,88
22/10/2025 14:00;6,46;14,78
22/10/2025 15:00;5,74;7,63
22/10/2025 16:00;8,49;14,22
22/10/2025 17:00;8,32;13,11
22/10/2025 18:00;8,59;12
22/10/2025 19:00;6,04;10,5
22/10/2025 20:00;6,12;9
22/10/2025 21:00;8,78;12
22/10/2025 22:00;8,87;12
22/10/2025 23:00;5,15;8
23/10/2025 00:00;5,94;8
23/10/2025 01:00;5,57;7,63
23/10/2025 02:00;5,65;7,63
23/10/2025 03:00;5,76;7,63
23/10/2025 04:00;5,76;7,63
23/10/2025 05:00;5,7;7,63
23/10/2025 06:00;5,66;7,63
23/10/2025 07:00;5,93;8
23/10/2025 08:00;5,9;8
23/10/2025 09:00;5,43;9
23/10/2025 10:00;6,47;8,5
23/10/2025 11:00;11,71;10
23/10/2025 12:00;5,62;9,5
23/10/2025 13:00;17,07;18,61
23/10/2025 14:00;2,55;10
23/10/2025 15:00;4,1;4,33
23/10/2025 16:00;0,62;2
23/10/2025 17:00;NULL;2
23/10/2025 18:00;NULL;2
23/10/2025 19:00;NULL;2
23/10/2025 20:00;NULL;2
23/10/2025 21:00;NULL;2
23/10/2025 22:00;NULL;2
23/10/2025 23:00;NULL;2
24/10/2025 00:00;NULL;2
24/10/2025 01:00;NULL;2
24/10/2025 02:00;NULL;2
24/10/2025 03:00;NULL;2
24/10/2025 04:00;NULL;2
24/10/2025 05:00;NULL;2
24/10/2025 06:00;NULL;2
24/10/2025 07:00;NULL;2
24/10/2025 08:00;0,06;2
24/10/2025 09:00;NULL;2
24/10/2025 10:00;0,19;2
24/10/2025 11:00;NULL;2
24/10/2025 12:00;NULL;2
24/10/2025 13:00;NULL;2
24/10/2025 14:00;NULL;2
24/10/2025 15:00;NULL;2
24/10/2025 16:00;NULL;2
24/10/2025 17:00;0,41;2
24/10/2025 18:00;0,01;2
24/10/2025 19:00;4,57;2
24/10/2025 20:00;0,51;2
24/10/2025 21:00;0,69;2
24/10/2025 22:00;0,9;2
24/10/2025 23:00;0,2;2
25/10/2025 00:00;0,3;2
25/10/2025 01:00;0,99;2
25/10/2025 02:00;1,05;2
25/10/2025 03:00;0,35;2
25/10/2025 04:00;0,35;2
25/10/2025 05:00;0,33;2
25/10/2025 06:00;0,46;2
25/10/2025 07:00;NULL;2
25/10/2025 08:00;0,83;2
25/10/2025 09:00;0,17;NULL
25/10/2025 10:00;0,48;2
25/10/2025 11:00;0,24;2
25/10/2025 12:00;0,28;2
25/10/2025 13:00;0,59;2
25/10/2025 14:00;0,41;2
25/10/2025 15:00;1,07;2
25/10/2025 16:00;1,05;2
25/10/2025 17:00;0,7;2
25/10/2025 18:00;0,78;2
25/10/2025 19:00;4,44;2
25/10/2025 20:00;0,27;2
25/10/2025 21:00;0,73;2
25/10/2025 22:00;0;2
25/10/2025 23:00;0,41;2
26/10/2025 00:00;0,37;2
26/10/2025 01:00;0,59;2
26/10/2025 02:00;0,66;2
26/10/2025 03:00;0,29;2
26/10/2025 04:00;0,08;2
26/10/2025 05:00;0,15;2
26/10/2025 06:00;0,69;2
26/10/2025 07:00;0,31;2
26/10/2025 08:00;0,16;2
26/10/2025 09:00;0,93;2
26/10/2025 10:00;0,04;2
26/10/2025 11:00;0,02;2
26/10/2025 12:00;0,34;2
26/10/2025 13:00;0,15;2
26/10/2025 14:00;NULL;2
28/10/2025 11:00;0,57;2
28/10/2025 12:00;0,1;2
28/10/2025 13:00;0;2
28/10/2025 14:00;0;2
28/10/2025 15:00;0,02;2
28/10/2025 16:00;0;2
28/10/2025 17:00;0;2
28/10/2025 18:00;0,49;2
28/10/2025 19:00;0,05;2
28/10/2025 20:00;0,06;2
28/10/2025 21:00;0,09;2
28/10/2025 22:00;0,16;2
28/10/2025 23:00;0;2
29/10/2025 00:00;0,13;2
29/10/2025 01:00;0,21;2
29/10/2025 02:00;0,21;2
29/10/2025 03:00;0,29;2
29/10/2025 04:00;0,3;2
29/10/2025 05:00;0,18;2
29/10/2025 06:00;0,02;2
29/10/2025 07:00;1,01;2
29/10/2025 08:00;0;2
29/10/2025 09:00;0;2
29/10/2025 10:00;0,01;2
29/10/2025 11:00;0,06;2
29/10/2025 12:00;NULL;2
29/10/2025 13:00;NULL;2
29/10/2025 14:00;0,04;2
29/10/2025 15:00;0,06;2
29/10/2025 16:00;0;2
29/10/2025 17:00;NULL;2
29/10/2025 18:00;0,49;2
29/10/2025 19:00;0,29;2
29/10/2025 20:00;0;2
29/10/2025 21:00;NULL;2
29/10/2025 22:00;0;2
29/10/2025 23:00;0;2
30/10/2025 00:00;0,03;2
30/10/2025 01:00;0,02;2
30/10/2025 02:00;0,04;2
30/10/2025 03:00;0,11;2
30/10/2025 04:00;0,04;2
30/10/2025 05:00;0;2
30/10/2025 06:00;0,02;2
30/10/2025 07:00;0,03;2
30/10/2025 08:00;0;2
30/10/2025 09:00;0,04;2
30/10/2025 10:00;0,17;2
30/10/2025 11:00;0;2
30/10/2025 12:00;0,01;2
30/10/2025 13:00;0,12;2
30/10/2025 14:00;0,61;2
30/10/2025 15:00;0,67;2
30/10/2025 16:00;0,03;2
30/10/2025 17:00;0,05;2
30/10/2025 18:00;NULL;2
30/10/2025 19:00;NULL;2
30/10/2025 20:00;0,02;2
30/10/2025 21:00;NULL;2
30/10/2025 22:00;0,25;2
30/10/2025 23:00;NULL;2
31/10/2025 00:00;0,08;2
31/10/2025 01:00;0;2
31/10/2025 02:00;0;2
31/10/2025 03:00;0;2
31/10/2025 04:00;0;2
31/10/2025 05:00;0;2
31/10/2025 06:00;0;2
31/10/2025 07:00;0;2
31/10/2025 08:00;0,4;2
31/10/2025 09:00;0,01;2
31/10/2025 10:00;0,34;2
31/10/2025 11:00;1,1;2
31/10/2025 12:00;0;2
31/10/2025 13:00;0,45;2
31/10/2025 14:00;0,07;2
31/10/2025 15:00;0;2
31/10/2025 16:00;0,14;2
31/10/2025 17:00;0;2
31/10/2025 18:00;0;2
31/10/2025 19:00;0;2
31/10/2025 20:00;0;2
31/10/2025 21:00;0;2
31/10/2025 22:00;0,05;2
31/10/2025 23:00;0,04;2
01/11/2025 00:00;0;2
01/11/2025 01:00;0,07;2
01/11/2025 02:00;1,05;2
01/11/2025 03:00;0;2
01/11/2025 04:00;0,05;2
01/11/2025 05:00;0,93;2
01/11/2025 06:00;0,03;2
01/11/2025 07:00;0;2
01/11/2025 08:00;0,01;2
01/11/2025 09:00;0,02;2
01/11/2025 10:00;0,02;2
01/11/2025 11:00;0;2
01/11/2025 12:00;0;2
01/11/2025 13:00;0,01;2
01/11/2025 14:00;0;2
01/11/2025 15:00;0,34;2
01/11/2025 16:00;0,06;2
01/11/2025 17:00;0;2
01/11/2025 18:00;0,06;2
01/11/2025 19:00;2,69;2
01/11/2025 20:00;2,62;2
01/11/2025 21:00;2,79;2
01/11/2025 22:00;2,46;2
01/11/2025 23:00;2,06;2
02/11/2025 00:00;0,04;2
02/11/2025 01:00;NULL;2
02/11/2025 02:00;0,55;2
02/11/2025 03:00;NULL;2
02/11/2025 04:00;0,02;2
02/11/2025 05:00;0,03;2
02/11/2025 06:00;0;2
02/11/2025 07:00;0;2
02/11/2025 08:00;0;2
02/11/2025 09:00;0,07;2
02/11/2025 10:00;0,09;2
02/11/2025 11:00;0,19;2
02/11/2025 12:00;0,39;2
02/11/2025 13:00;0,17;2
02/11/2025 14:00;0,1;2
02/11/2025 15:00;0,54;2
02/11/2025 16:00;0;2
02/11/2025 17:00;0,23;2
02/11/2025 18:00;0,08;2
02/11/2025 19:00;0,22;2
02/11/2025 20:00;0,23;2
02/11/2025 21:00;0,6;2
02/11/2025 22:00;0,36;2
02/11/2025 23:00;0,27;2
03/11/2025 00:00;0,33;2
03/11/2025 01:00;0,33;2
03/11/2025 02:00;0,25;2
03/11/2025 03:00;0,35;2
03/11/2025 04:00;0,03;2
03/11/2025 05:00;0,06;2
03/11/2025 06:00;0,17;2
03/11/2025 07:00;0,06;2
03/11/2025 08:00;0,22;2
03/11/2025 09:00;0,01;2
03/11/2025 10:00;0,13;2
03/11/2025 11:00;0,81;2
03/11/2025 12:00;0,48;2
03/11/2025 13:00;0,12;2
03/11/2025 14:00;0,53;2
03/11/2025 15:00;0,52;2
03/11/2025 16:00;0,5;2
03/11/2025 17:00;0,35;2
03/11/2025 18:00;2,24;2
03/11/2025 19:00;0,09;2
03/11/2025 20:00;0,08;2
03/11/2025 21:00;0,06;2
03/11/2025 22:00;0,34;2
03/11/2025 23:00;0,36;2
04/11/2025 00:00;0,08;2
04/11/2025 01:00;1,1;2
04/11/2025 02:00;1,86;2
04/11/2025 03:00;0,23;2
04/11/2025 04:00;0,18;2
04/11/2025 05:00;0,02;2
04/11/2025 06:00;1,39;2
04/11/2025 07:00;3,24;2
04/11/2025 08:00;3,01;2
04/11/2025 09:00;0,37;2
04/11/2025 10:00;0,12;2
04/11/2025 11:00;0,17;2
04/11/2025 12:00;0,18;2
04/11/2025 13:00;0;2
04/11/2025 14:00;0,2;2
04/11/2025 15:00;0,06;2
04/11/2025 16:00;0,17;2
04/11/2025 17:00;0,07;2
04/11/2025 18:00;0,32;2
04/11/2025 19:00;0;2
04/11/2025 20:00;1,1;2
04/11/2025 21:00;1,1;2
04/11/2025 22:00;0,43;2
04/11/2025 23:00;0,11;2
05/11/2025 00:00;1,1;2
05/11/2025 01:00;0,45;2
05/11/2025 02:00;0,11;2
05/11/2025 03:00;1,86;2
05/11/2025 04:00;0,39;2
05/11/2025 05:00;0,5;2
05/11/2025 06:00;0,4;2
05/11/2025 07:00;0,89;2
05/11/2025 08:00;3,33;2
05/11/2025 09:00;0,04;2
05/11/2025 10:00;0;2
05/11/2025 11:00;0,23;2
05/11/2025 12:00;0,31;2
05/11/2025 13:00;0;2
05/11/2025 14:00;0,03;2
05/11/2025 15:00;3,84;4,87
05/11/2025 16:00;1,72;4,62
05/11/2025 17:00;2,47;4,62
05/11/2025 18:00;3,84;4,87
05/11/2025 19:00;3,9;4,87
05/11/2025 20:00;3;4,87
05/11/2025 21:00;3,25;5,39
05/11/2025 22:00;3,24;5,39
05/11/2025 23:00;3,14;5,39
06/11/2025 00:00;3,28;5,39
06/11/2025 01:00;3,27;5,39
06/11/2025 02:00;3,28;5,39
06/11/2025 03:00;3,25;5,39
06/11/2025 04:00;3,2;5,64
06/11/2025 05:00;3,38;5,64
06/11/2025 06:00;2,37;5,9
06/11/2025 07:00;5,04;6,28
06/11/2025 08:00;2,59;7,04
06/11/2025 09:00;6,26;8,58
06/11/2025 10:00;3,57;7,43
06/11/2025 11:00;6,56;10,73
06/11/2025 12:00;5,13;7,43
06/11/2025 13:00;5,27;8,19
06/11/2025 14:00;8,4;19,41
06/11/2025 15:00;15,85;21,24
06/11/2025 16:00;12,96;16,52
06/11/2025 17:00;1,57;3,84
06/11/2025 18:00;3,8;12,25
06/11/2025 19:00;7,38;11,24
06/11/2025 20:00;8,53;16,52
06/11/2025 21:00;8,25;17,68
06/11/2025 22:00;5,5;11,75
06/11/2025 23:00;5,01;7,43
07/11/2025 00:00;4,97;7,04
07/11/2025 01:00;4,89;7,04
07/11/2025 02:00;4,96;6,66
07/11/2025 03:00;4,61;6,28
07/11/2025 04:00;4,72;6,28
07/11/2025 05:00;4,22;5,9
07/11/2025 06:00;1,51;5,9
07/11/2025 07:00;4,58;5,9
07/11/2025 08:00;3,56;5,64
07/11/2025 09:00;4,51;7,43
07/11/2025 10:00;0,31;3,84
07/11/2025 11:00;1,09;5,13
07/11/2025 12:00;4,14;5,39
07/11/2025 13:00;4,23;5,39
07/11/2025 14:00;4,02;5,13
07/11/2025 15:00;4,02;5,13
07/11/2025 16:00;3,88;5,13
07/11/2025 17:00;1,74;4,87
07/11/2025 18:00;3,54;4,87
07/11/2025 19:00;6,35;10,73
07/11/2025 20:00;7,25;12,75
07/11/2025 21:00;5,93;6,28
07/11/2025 22:00;5,87;5,64
07/11/2025 23:00;5,01;5,39
08/11/2025 00:00;1,9;5,64
08/11/2025 01:00;1,8;5,39
08/11/2025 02:00;4,1;5,39
08/11/2025 03:00;3,4;5,64
08/11/2025 04:00;4,09;6,28
08/11/2025 05:00;4,54;6,66
08/11/2025 06:00;2;7,04
08/11/2025 07:00;1,41;7,43
08/11/2025 08:00;4,98;7,43
08/11/2025 09:00;2,32;3,84
08/11/2025 10:00;4,73;6,66
08/11/2025 11:00;4,92;6,66
08/11/2025 12:00;5,23;7,04
08/11/2025 13:00;4,99;7,04
08/11/2025 14:00;1;6,28
08/11/2025 15:00;4,76;6,66
08/11/2025 16:00;4,81;6,66
08/11/2025 17:00;1,28;6,28
08/11/2025 18:00;4,07;6,28
08/11/2025 19:00;4,19;6,28
08/11/2025 20:00;6,1;6,28
08/11/2025 21:00;6,09;6,28
08/11/2025 22:00;4,46;6,28
08/11/2025 23:00;6,27;6,28
09/11/2025 00:00;4,93;7,81
09/11/2025 01:00;4,89;6,66
09/11/2025 02:00;4,02;6,66
09/11/2025 03:00;4,53;6,66
09/11/2025 04:00;4,64;6,66
09/11/2025 05:00;4,86;6,66
09/11/2025 06:00;4,72;6,28
09/11/2025 07:00;4,59;6,28
09/11/2025 08:00;4,47;6,28
09/11/2025 09:00;2,2;3,84
09/11/2025 10:00;4,22;5,39
09/11/2025 11:00;4,07;5,39
09/11/2025 12:00;4,06;5,39
09/11/2025 13:00;3,89;5,39
09/11/2025 14:00;4,01;5,39
09/11/2025 15:00;4,05;5,39
09/11/2025 16:00;3,87;5,39
09/11/2025 17:00;3,95;5,39
09/11/2025 18:00;1,08;5,13
09/11/2025 19:00;5,98;5,39
09/11/2025 20:00;8,49;15,36
09/11/2025 21:00;3,01;6,66
09/11/2025 22:00;3,41;5,9
09/11/2025 23:00;2,16;5,64
10/11/2025 00:00;3,52;5,9
10/11/2025 01:00;3,81;5,64
10/11/2025 02:00;3,9;5,64
10/11/2025 03:00;3,64;5,64
10/11/2025 04:00;3,88;5,64
10/11/2025 05:00;3,74;5,64
10/11/2025 06:00;3,73;5,64
10/11/2025 07:00;3,79;5,64
10/11/2025 08:00;3,94;5,64
10/11/2025 09:00;4,03;5,64
10/11/2025 10:00;2,76;5,64
10/11/2025 11:00;3,7;5,64
10/11/2025 12:00;3,76;5,64
10/11/2025 13:00;3,58;5,39
10/11/2025 14:00;3,16;5,64
10/11/2025 15:00;3,56;5,64
10/11/2025 16:00;3,76;5,64
10/11/2025 17:00;3,96;5,64
10/11/2025 18:00;0,36;5,39
10/11/2025 19:00;1,38;5,39
10/11/2025 20:00;2,96;5,64
10/11/2025 21:00;3,58;5,64
10/11/2025 22:00;3,61;5,64
10/11/2025 23:00;3,56;5,64
11/11/2025 00:00;3,51;5,64
11/11/2025 01:00;3,57;5,64
11/11/2025 02:00;3,58;5,64
11/11/2025 03:00;3,64;5,64
11/11/2025 04:00;3,42;5,64
11/11/2025 05:00;3,58;5,64
11/11/2025 06:00;3,32;5,64
11/11/2025 07:00;3,59;5,64
11/11/2025 08:00;3,7;5,64
11/11/2025 09:00;3,6;5,64
11/11/2025 10:00;3,7;5,64
11/11/2025 11:00;3,56;5,39
11/11/2025 12:00;3,39;5,39
11/11/2025 13:00;3,49;5,39
11/11/2025 14:00;3,41;5,64
11/11/2025 15:00;3,46;5,64
11/11/2025 16:00;3,56;5,64
11/11/2025 17:00;0,17;5,39
11/11/2025 18:00;3,62;5,39
11/11/2025 19:00;9,41;13,77
11/11/2025 20:00;8,95;14,27
11/11/2025 21:00;5,69;6,28
11/11/2025 22:00;5,48;5,64
11/11/2025 23:00;5,3;5,64
12/11/2025 00:00;3,49;5,64
12/11/2025 01:00;3,64;5,64
12/11/2025 02:00;3,69;5,64
12/11/2025 03:00;3,52;5,64
12/11/2025 04:00;3,58;5,64
12/11/2025 05:00;3,41;5,64
12/11/2025 06:00;3,48;5,64
12/11/2025 07:00;3,47;5,64
12/11/2025 08:00;3,43;5,64
12/11/2025 09:00;2,02;3,84
12/11/2025 10:00;0,74;3,84
12/11/2025 11:00;5,15;4,62
12/11/2025 12:00;5,18;4,87
12/11/2025 13:00;4;4,62
12/11/2025 14:00;3,26;5,13
12/11/2025 15:00;3,06;4,62
12/11/2025 16:00;3,01;4,87
12/11/2025 17:00;3,28;5,39
12/11/2025 18:00;3,5;5,39
12/11/2025 19:00;3,53;5,39
12/11/2025 20:00;4,21;5,39
12/11/2025 21:00;4,08;5,39
12/11/2025 22:00;4,14;5,39
12/11/2025 23:00;3,49;5,13
13/11/2025 00:00;3,13;5,39
13/11/2025 01:00;3,42;5,39
13/11/2025 02:00;4,56;5,64
13/11/2025 03:00;4,42;5,64
13/11/2025 04:00;4,44;5,64
13/11/2025 05:00;4,16;5,64
13/11/2025 06:00;4,41;5,39
13/11/2025 07:00;4,52;5,64
13/11/2025 08:00;4,48;5,64
13/11/2025 09:00;2,82;3,84
13/11/2025 10:00;2,99;3,84
13/11/2025 11:00;4,02;4,87
13/11/2025 12:00;3,97;4,87
13/11/2025 13:00;4,21;5,13
13/11/2025 14:00;4,12;5,13
13/11/2025 15:00;4,25;5,13
13/11/2025 16:00;4,23;5,13
13/11/2025 17:00;3,68;5,13
13/11/2025 18:00;3,97;5,13
13/11/2025 19:00;4,42;5,64
13/11/2025 20:00;4,2;5,64
13/11/2025 21:00;3,07;5,64
13/11/2025 22:00;3,78;5,64
13/11/2025 23:00;4,19;5,64
14/11/2025 00:00;1,38;5,64
14/11/2025 01:00;3,54;5,64
14/11/2025 02:00;4,25;5,9
14/11/2025 03:00;5,33;6,28
14/11/2025 04:00;5,87;6,66
14/11/2025 05:00;5,19;7,04
14/11/2025 06:00;6,77;7,43
14/11/2025 07:00;8,25;7,81
14/11/2025 08:00;6,14;8,19
14/11/2025 09:00;4,76;5,64
14/11/2025 10:00;5,36;5,64
14/11/2025 11:00;3,19;11,75
14/11/2025 12:00;8,01;10,73
14/11/2025 13:00;16,93;23,21
14/11/2025 14:00;NULL;47,2
14/11/2025 15:00;NULL;71,15
14/11/2025 16:00;NULL;66,13
14/11/2025 17:00;NULL;43,84
14/11/2025 18:00;39,7;40,6
14/11/2025 19:00;NULL;48,89
14/11/2025 20:00;NULL;48,05
14/11/2025 21:00;NULL;45,53
14/11/2025 22:00;NULL;49,73
14/11/2025 23:00;NULL;45,53
15/11/2025 00:00;NULL;47,2
15/11/2025 01:00;NULL;44,68
15/11/2025 02:00;NULL;43,84
15/11/2025 03:00;NULL;43,84
15/11/2025 04:00;NULL;43
15/11/2025 05:00;39,7;40,6
15/11/2025 06:00;38,14;39,04
15/11/2025 07:00;35,81;36,7
15/11/2025 08:00;35,8;36,7
15/11/2025 09:00;37,35;37,48
15/11/2025 10:00;34,22;34,36
15/11/2025 11:00;35,78;35,92
15/11/2025 12:00;35,8;36,7
15/11/2025 13:00;35,03;35,92
15/11/2025 14:00;32,02;32,92
15/11/2025 15:00;32,03;32,92
15/11/2025 16:00;30,59;31,48
15/11/2025 17:00;32,02;32,92
15/11/2025 18:00;30,59;31,48
15/11/2025 19:00;29,15;30,05
15/11/2025 20:00;29,15;30,05
15/11/2025 21:00;29,15;30,05
15/11/2025 22:00;30,59;31,48
15/11/2025 23:00;32,03;32,92
16/11/2025 00:00;32,02;32,92
16/11/2025 01:00;27,71;28,61
16/11/2025 02:00;28,44;29,33
16/11/2025 03:00;32,03;32,92
16/11/2025 04:00;34,24;35,14
16/11/2025 05:00;33,46;34,36
16/11/2025 06:00;32,03;32,92
16/11/2025 07:00;30,59;31,48
16/11/2025 08:00;30,59;31,48
16/11/2025 09:00;29,16;30,05
16/11/2025 10:00;6,92;7,81
16/11/2025 11:00;8,07;8,96
16/11/2025 12:00;19,93;10,23
16/11/2025 13:00;18,72;8,96
16/11/2025 14:00;19,42;9,72
16/11/2025 15:00;19,33;9,72
16/11/2025 16:00;11,28;5,64
16/11/2025 17:00;6,46;5,13
16/11/2025 18:00;7,14;6,28
16/11/2025 19:00;8,2;7,43
16/11/2025 20:00;6,12;5,39
16/11/2025 21:00;5,68;4,87
16/11/2025 22:00;6,89;6,28
16/11/2025 23:00;5,87;5,13
17/11/2025 00:00;5,21;4,36
17/11/2025 01:00;5,34;4,36
17/11/2025 02:00;5,04;4,1
17/11/2025 03:00;4,75;3,84
17/11/2025 04:00;4,67;3,84
17/11/2025 05:00;4,72;3,84
17/11/2025 06:00;4,26;3,84
17/11/2025 07:00;4,71;3,84
17/11/2025 08:00;0,91;3,84
17/11/2025 09:00;4,66;3,84
17/11/2025 10:00;4,69;3,84
17/11/2025 11:00;6,48;9,34
17/11/2025 12:00;6,18;8,96
17/11/2025 13:00;6,42;8,96
17/11/2025 14:00;6,44;8,96
17/11/2025 15:00;6,54;8,58
17/11/2025 16:00;6,55;8,19
17/11/2025 17:00;6,62;8,58
17/11/2025 18:00;7,29;14,78
17/11/2025 19:00;10,51;18,26
17/11/2025 20:00;14,63;23,21
17/11/2025 21:00;14,63;23,21
17/11/2025 22:00;14,57;23,21
17/11/2025 23:00;13,43;21,9
18/11/2025 00:00;13,39;21,9
18/11/2025 01:00;12,89;21,24
18/11/2025 02:00;13,39;21,9
18/11/2025 03:00;13,4;21,9
18/11/2025 04:00;13,03;21,24
18/11/2025 05:00;11,29;19,41
18/11/2025 06:00;11,1;19,41
18/11/2025 07:00;11,26;19,41
18/11/2025 08:00;13,07;21,24
18/11/2025 09:00;32,9;32,2
18/11/2025 10:00;15,44;14,78
18/11/2025 11:00;15,01;14,27
18/11/2025 12:00;11,32;10,73
18/11/2025 13:00;13,44;12,75
18/11/2025 14:00;8,12;7,43
18/11/2025 15:00;7,99;7,43
18/11/2025 16:00;17,61;17,1
18/11/2025 17:00;17,65;17,1
18/11/2025 18:00;21,6;21,24
18/11/2025 19:00;25,05;24,54
18/11/2025 20:00;24,4;23,88
18/11/2025 21:00;24,89;23,88
18/11/2025 22:00;19,53;18,84
18/11/2025 23:00;20,31;19,41
19/11/2025 00:00;18,9;18,26
19/11/2025 01:00;18,16;17,68
19/11/2025 02:00;8,9;8,19
19/11/2025 03:00;9,65;8,96
19/11/2025 04:00;15,88;15,36
19/11/2025 05:00;19,9;19,41
19/11/2025 06:00;14,37;13,77
19/11/2025 07:00;13,28;12,75
19/11/2025 08:00;20,5;20
19/11/2025 09:00;12,24;11,75
19/11/2025 10:00;14,8;14,27
19/11/2025 11:00;14,76;14,27
19/11/2025 12:00;18,27;17,68
19/11/2025 13:00;14,1;13,26
19/11/2025 14:00;14,49;13,77
19/11/2025 15:00;15,51;14,78
19/11/2025 16:00;6,43;15,36
19/11/2025 17:00;9,16;19,41
19/11/2025 18:00;10,65;23,88
19/11/2025 19:00;8,68;22,56
19/11/2025 20:00;9,86;22,56
19/11/2025 21:00;8,46;18,26
19/11/2025 22:00;6,72;15,36
19/11/2025 23:00;6,02;13,26
20/11/2025 00:00;6,49;11,75
20/11/2025 01:00;5,69;11,75
20/11/2025 02:00;6,13;10,23
20/11/2025 03:00;4,92;8,58
20/11/2025 04:00;6,08;6,28
20/11/2025 05:00;7,03;17,1
20/11/2025 06:00;5,06;14,27
20/11/2025 07:00;7,97;19,41
20/11/2025 08:00;17,24;17,68
20/11/2025 09:00;3,86;3,84
20/11/2025 10:00;13,85;13,77
20/11/2025 11:00;16,32;15,93
20/11/2025 12:00;15,1;16,52
20/11/2025 13:00;14,71;12,75
20/11/2025 14:00;15,86;13,77
20/11/2025 15:00;17,96;14,78
20/11/2025 16:00;7,52;13,26
20/11/2025 17:00;7,16;13,26
20/11/2025 18:00;7,95;22,56
20/11/2025 19:00;9,12;21,24
20/11/2025 20:00;9,29;21,24
20/11/2025 21:00;9,29;21,24
20/11/2025 22:00;9,51;21,24
20/11/2025 23:00;9,28;21,24
21/11/2025 00:00;6,2;13,77
21/11/2025 01:00;5,96;13,26
21/11/2025 02:00;5,74;12,25
21/11/2025 03:00;5,49;6,66
21/11/2025 04:00;2,66;5,9
21/11/2025 05:00;4,84;5,64
21/11/2025 06:00;5,99;5,64
21/11/2025 07:00;6,42;15,36
21/11/2025 08:00;5,59;13,26
21/11/2025 09:00;1,71;7,04
21/11/2025 10:00;4,37;12,75
21/11/2025 11:00;6,74;14,78
21/11/2025 12:00;7,95;16,52
21/11/2025 13:00;6,87;17,1
21/11/2025 14:00;6,93;15,36
21/11/2025 15:00;6,56;15,93
21/11/2025 16:00;6,7;15,93
21/11/2025 17:00;9,91;23,88
21/11/2025 18:00;6,81;9,34
21/11/2025 19:00;6,3;6,66
21/11/2025 20:00;6,43;6,66
21/11/2025 21:00;7,01;22,56
21/11/2025 22:00;5,97;6,66
21/11/2025 23:00;5,76;6,66
22/11/2025 00:00;5,38;5,64
22/11/2025 01:00;5,82;5,64
22/11/2025 02:00;4,47;8,19
22/11/2025 03:00;3,23;7,81
22/11/2025 04:00;5,79;5,64
22/11/2025 05:00;5,59;5,64
22/11/2025 06:00;4,96;5,9
22/11/2025 07:00;5,74;5,39
22/11/2025 08:00;5,94;5,64
22/11/2025 09:00;5,31;12,75
22/11/2025 10:00;5,51;6,66
22/11/2025 11:00;4,65;5,9
22/11/2025 12:00;5,04;5,39
22/11/2025 13:00;5,13;5,39
22/11/2025 14:00;5,31;5,39
22/11/2025 15:00;5,73;5,39
22/11/2025 16:00;5,96;5,39
22/11/2025 17:00;6,08;12,25
22/11/2025 18:00;5,77;16,52
22/11/2025 19:00;6,77;17,1
22/11/2025 20:00;8,1;21,24
22/11/2025 21:00;9,29;21,24
22/11/2025 22:00;8,99;21,24
22/11/2025 23:00;8,44;20
23/11/2025 00:00;5,98;13,77
23/11/2025 01:00;6,21;14,78
23/11/2025 02:00;5,72;10,73
23/11/2025 03:00;5,21;9,34
23/11/2025 04:00;5,59;10,23
23/11/2025 05:00;3,31;7,04
23/11/2025 06:00;4,65;7,43
23/11/2025 07:00;5,58;8,58
23/11/2025 08:00;5,7;9,34
23/11/2025 09:00;6,27;10,73
23/11/2025 10:00;0,03;10,23
23/11/2025 11:00;5,83;10,73
23/11/2025 12:00;6,38;10,23
23/11/2025 13:00;4,85;10,23
23/11/2025 14:00;3,95;9,72
23/11/2025 15:00;4,32;9,34
23/11/2025 16:00;5,12;9,34
23/11/2025 17:00;8,51;14,27
23/11/2025 18:00;10,72;16,52
23/11/2025 19:00;11,51;17,1
23/11/2025 20:00;15,93;22,56
23/11/2025 21:00;12,54;17,68
23/11/2025 22:00;11,74;17,1
23/11/2025 23:00;12,66;15,93
24/11/2025 00:00;13,16;16,52
24/11/2025 01:00;6,52;9,34
24/11/2025 02:00;6,02;8,19
24/11/2025 03:00;5,97;7,81
24/11/2025 04:00;5,77;7,81
24/11/2025 05:00;5,79;7,81
24/11/2025 06:00;6,22;7,81
24/11/2025 07:00;7,14;7,81
24/11/2025 08:00;9,88;11,75
24/11/2025 09:00;4,25;5,39
24/11/2025 10:00;5,39;4,36
24/11/2025 11:00;0,36;12,75
24/11/2025 12:00;6,88;7,43
24/11/2025 13:00;5,94;7,04
24/11/2025 14:00;2,18;7,04
24/11/2025 15:00;1,63;11,24
24/11/2025 16:00;5,88;7,43
24/11/2025 17:00;6,63;7,43
24/11/2025 18:00;7,11;7,43
24/11/2025 19:00;9,74;17,68
24/11/2025 20:00;9,62;19,41
24/11/2025 21:00;8,44;15,93
24/11/2025 22:00;7,31;9,34
24/11/2025 23:00;7,27;8,96
25/11/2025 00:00;7,52;9,34
25/11/2025 01:00;7,44;9,34
25/11/2025 02:00;7,32;9,34
25/11/2025 03:00;6,43;8,58
25/11/2025 04:00;6,64;8,19
25/11/2025 05:00;6,97;8,19
25/11/2025 06:00;4,33;7,81
25/11/2025 07:00;6,23;8,19
25/11/2025 08:00;3,62;7,81
25/11/2025 09:00;3,29;7,81
25/11/2025 10:00;2,75;4,36
25/11/2025 11:00;0,41;7,04
25/11/2025 12:00;5,04;7,04
25/11/2025 13:00;2,79;3,84
25/11/2025 14:00;4,05;3,84
25/11/2025 15:00;4,36;3,84
25/11/2025 16:00;0,91;3,84
25/11/2025 17:00;6,27;7,43
25/11/2025 18:00;6,93;7,04
25/11/2025 19:00;4,9;9,34
25/11/2025 20:00;5,43;7,43
25/11/2025 21:00;5,66;7,04
25/11/2025 22:00;5,56;7,04
25/11/2025 23:00;5,63;7,04
26/11/2025 00:00;5,74;7,04
26/11/2025 01:00;5,52;6,66
26/11/2025 02:00;5,39;6,66
26/11/2025 03:00;5,46;6,66
26/11/2025 04:00;5,41;6,66
26/11/2025 05:00;5,41;6,66
26/11/2025 06:00;4,54;6,66
26/11/2025 07:00;5,39;6,66
26/11/2025 08:00;6,43;6,66
26/11/2025 09:00;3,8;3,84
26/11/2025 10:00;6,28;6,28
26/11/2025 11:00;6,17;6,28
26/11/2025 12:00;6,16;6,28
26/11/2025 13:00;5,25;6,28
26/11/2025 14:00;5,72;6,28
26/11/2025 15:00;5,32;6,28
26/11/2025 16:00;5,29;6,28
26/11/2025 17:00;6,27;6,28
26/11/2025 18:00;6,33;6,28
26/11/2025 19:00;6,39;6,28
26/11/2025 20:00;6,29;6,28
26/11/2025 21:00;6,01;6,28
26/11/2025 22:00;6,53;6,28
26/11/2025 23:00;7,77;14,78
27/11/2025 00:00;7,7;14,78
27/11/2025 01:00;8,52;17,1
27/11/2025 02:00;8,14;17,1
27/11/2025 03:00;7,61;12,75
27/11/2025 04:00;6,7;8,19
27/11/2025 05:00;6,96;7,81
27/11/2025 06:00;6,91;7,81
27/11/2025 07:00;8,37;13,26
27/11/2025 08:00;8,09;14,78
27/11/2025 09:00;6,51;10,23
27/11/2025 10:00;10,97;20,58
27/11/2025 11:00;6,93;11,24
27/11/2025 12:00;7,79;14,27
27/11/2025 13:00;3,29;11,75
27/11/2025 14:00;4,67;6,66
27/11/2025 15:00;4,01;6,28
27/11/2025 16:00;2,16;6,28
27/11/2025 17:00;5,43;6,28
27/11/2025 18:00;8,01;21,24
27/11/2025 19:00;7,36;22,56
27/11/2025 20:00;8,09;21,24
27/11/2025 21:00;8,09;17,68
27/11/2025 22:00;5,11;7,43
27/11/2025 23:00;6,16;6,66
28/11/2025 00:00;5,65;13,26
28/11/2025 01:00;3,42;7,04
28/11/2025 02:00;4,93;6,66
28/11/2025 03:00;4,64;6,66
28/11/2025 04:00;4,44;6,66
28/11/2025 05:00;4,46;6,28
28/11/2025 06:00;1,88;5,9
28/11/2025 07:00;5,67;5,9
28/11/2025 08:00;4,09;13,26
28/11/2025 09:00;8;16,52
28/11/2025 10:00;6,28;14,27
28/11/2025 11:00;8,86;17,1
28/11/2025 12:00;6,09;14,27
28/11/2025 13:00;4,97;10,23
28/11/2025 14:00;5,11;8,96
28/11/2025 15:00;5,77;8,96
28/11/2025 16:00;5,65;8,58
28/11/2025 17:00;5,78;9,34
28/11/2025 18:00;8,93;18,26
28/11/2025 19:00;9,51;18,84
28/11/2025 20:00;6,77;19,41
28/11/2025 21:00;6,16;11,75
28/11/2025 22:00;5,63;11,75
28/11/2025 23:00;3,89;11,75
29/11/2025 00:00;3,74;8,96
29/11/2025 01:00;5,1;9,34
29/11/2025 02:00;3,67;8,96
29/11/2025 03:00;5,51;13,26
29/11/2025 04:00;3,63;13,26
29/11/2025 05:00;4,56;9,72
29/11/2025 06:00;6,07;6,66
29/11/2025 07:00;3,21;7,43
29/11/2025 08:00;6,34;7,43
29/11/2025 09:00;6,46;11,24
29/11/2025 10:00;4,37;10,23
29/11/2025 11:00;4;6,66
29/11/2025 12:00;5,36;6,28
29/11/2025 13:00;5,78;5,9
29/11/2025 14:00;4,53;9,72
29/11/2025 15:00;6,54;8,96
29/11/2025 16:00;5,81;10,73
29/11/2025 17:00;5,2;8,96
29/11/2025 18:00;7,36;14,78
29/11/2025 19:00;1,56;15,93
29/11/2025 20:00;4,14;6,66
29/11/2025 21:00;4,63;6,28
29/11/2025 22:00;6,15;5,9
29/11/2025 23:00;2,24;9,34
30/11/2025 00:00;6,56;7,81
30/11/2025 01:00;5,03;9,72
30/11/2025 02:00;4,71;7,43
30/11/2025 03:00;4,77;7,43
30/11/2025 04:00;3,23;7,04
30/11/2025 05:00;2,81;5,9
30/11/2025 06:00;3,26;5,9
30/11/2025 07:00;3,7;6,28
30/11/2025 08:00;4,2;6,28
30/11/2025 09:00;2,5;5,9
30/11/2025 10:00;4,98;6,28
30/11/2025 11:00;5,35;6,28
30/11/2025 12:00;2,75;5,9
30/11/2025 13:00;4,5;6,28
30/11/2025 14:00;4,4;6,28
30/11/2025 15:00;4,29;6,28
30/11/2025 16:00;2,44;5,64
30/11/2025 17:00;5,24;5,64
30/11/2025 18:00;6,04;10,23
30/11/2025 19:00;7,44;18,26
30/11/2025 20:00;8,81;20
30/11/2025 21:00;8,03;21,24
30/11/2025 22:00;8,16;15,36
30/11/2025 23:00;4,62;10,73
01/12/2025 00:00;5,03;6,28
01/12/2025 01:00;2,24;6,28
01/12/2025 02:00;3,97;6,28
01/12/2025 03:00;2,86;6,28
01/12/2025 04:00;3,56;6,28
01/12/2025 05:00;4,33;6,28
01/12/2025 06:00;0,53;5,64
01/12/2025 07:00;6,12;5,64
01/12/2025 08:00;4,86;11,24
01/12/2025 09:00;6,62;11,75
01/12/2025 10:00;3,51;7,04
01/12/2025 11:00;1,46;6,28
01/12/2025 12:00;2,82;5,9
01/12/2025 13:00;4,48;6,28
01/12/2025 14:00;4,61;6,28
01/12/2025 15:00;3,31;6,28
01/12/2025 16:00;0,75;5,64
01/12/2025 17:00;4,23;5,64
01/12/2025 18:00;2,76;5,64
01/12/2025 19:00;4,69;6,28
01/12/2025 20:00;4,9;6,28
01/12/2025 21:00;3,4;6,28
01/12/2025 22:00;2,72;6,28
01/12/2025 23:00;2,68;6,28
02/12/2025 00:00;3,2;6,66
02/12/2025 01:00;3,89;6,66
02/12/2025 02:00;3,98;6,66
02/12/2025 03:00;4,15;6,66
02/12/2025 04:00;3,28;6,66
02/12/2025 05:00;3,95;6,66
02/12/2025 06:00;3,95;6,66
02/12/2025 07:00;4,43;6,66
02/12/2025 08:00;3,94;6,66
02/12/2025 09:00;5,05;6,66
02/12/2025 10:00;4,61;6,66
02/12/2025 11:00;2,39;5,9
02/12/2025 12:00;5,67;5,9
02/12/2025 13:00;5,42;6,28
02/12/2025 14:00;5,87;6,28
02/12/2025 15:00;6,21;7,04
02/12/2025 16:00;4,46;8,96
02/12/2025 17:00;5,8;7,04
02/12/2025 18:00;6,56;7,04
02/12/2025 19:00;5,23;9,34
02/12/2025 20:00;6,56;8,96
02/12/2025 21:00;5,61;9,34
02/12/2025 22:00;5,4;8,58
02/12/2025 23:00;6,23;7,43
03/12/2025 00:00;5,29;7,04
03/12/2025 01:00;4,73;6,66
03/12/2025 02:00;5,35;6,28
03/12/2025 03:00;3,94;6,28
03/12/2025 04:00;5,51;6,28
03/12/2025 05:00;2,3;5,9
03/12/2025 06:00;3,92;6,66
03/12/2025 07:00;0,15;6,28
03/12/2025 08:00;4,91;6,28
03/12/2025 09:00;5,61;8,96
03/12/2025 10:00;3,63;8,19
03/12/2025 11:00;4,91;6,28
03/12/2025 12:00;4,97;5,9
03/12/2025 13:00;6,06;5,9
03/12/2025 14:00;7,06;3,84
03/12/2025 15:00;9,33;3,84
03/12/2025 16:00;4,07;4,36
03/12/2025 17:00;2,23;5,64
03/12/2025 18:00;6,04;5,9
03/12/2025 19:00;5,23;5,9
03/12/2025 20:00;5,03;5,64
03/12/2025 21:00;5,2;5,64
03/12/2025 22:00;4,7;5,64
03/12/2025 23:00;5,3;5,64
04/12/2025 00:00;5,09;5,64
04/12/2025 01:00;4,53;5,64
04/12/2025 02:00;2,73;5,9
04/12/2025 03:00;3,66;5,9
04/12/2025 04:00;3,63;5,9
04/12/2025 05:00;3,66;5,9
04/12/2025 06:00;3,31;5,9
04/12/2025 07:00;0,08;5,64
04/12/2025 08:00;6,19;5,64
04/12/2025 09:00;6,15;10,73
04/12/2025 10:00;5,03;7,04
04/12/2025 11:00;3,91;6,28
04/12/2025 12:00;2,74;5,9
04/12/2025 13:00;3,1;6,28
04/12/2025 14:00;1,56;3,84
04/12/2025 15:00;7,51;3,84
04/12/2025 16:00;0,31;3,84
04/12/2025 17:00;6,8;7,04
04/12/2025 18:00;8,3;18,26
04/12/2025 19:00;9,42;19,41
04/12/2025 20:00;8,9;18,84
04/12/2025 21:00;8,91;20
04/12/2025 22:00;8,6;19,41
04/12/2025 23:00;6,12;13,26
05/12/2025 00:00;6,36;12,75
05/12/2025 01:00;6,01;12,25
05/12/2025 02:00;5,32;11,24
05/12/2025 03:00;6,38;14,27
05/12/2025 04:00;5,55;9,34
05/12/2025 05:00;5,96;8,96
05/12/2025 06:00;5,73;11,24
05/12/2025 07:00;8,15;12,75
05/12/2025 08:00;9,89;21,24
05/12/2025 09:00;9,74;21,9
05/12/2025 10:00;7,99;20
05/12/2025 11:00;7,93;18,84
05/12/2025 12:00;8,34;20,58
05/12/2025 13:00;8,19;16,52
05/12/2025 14:00;6,04;13,26
05/12/2025 15:00;7,7;15,93
05/12/2025 16:00;8;16,52
05/12/2025 17:00;7,9;14,78
05/12/2025 18:00;7,2;14,27
05/12/2025 19:00;7,55;14,78
05/12/2025 20:00;6,04;11,75
05/12/2025 21:00;5,42;11,24
05/12/2025 22:00;6,1;10,73
05/12/2025 23:00;4,96;12,25
06/12/2025 00:00;3,42;8,58
06/12/2025 01:00;3,57;6,66
06/12/2025 02:00;3,63;6,66
06/12/2025 03:00;4,22;6,66
06/12/2025 04:00;4,39;6,66
06/12/2025 05:00;3,16;6,66
06/12/2025 06:00;3,68;6,66
06/12/2025 07:00;4,42;6,66
06/12/2025 08:00;4,18;6,28
06/12/2025 09:00;3,12;6,28
06/12/2025 10:00;3,31;6,28
06/12/2025 11:00;3,69;6,28
06/12/2025 12:00;4,26;6,28
06/12/2025 13:00;3,15;6,28
06/12/2025 14:00;3,62;6,28
06/12/2025 15:00;3,56;6,28
06/12/2025 16:00;1,47;5,9
06/12/2025 17:00;4,2;5,9
06/12/2025 18:00;6,11;8,19
06/12/2025 19:00;4,97;8,19
06/12/2025 20:00;5,14;7,04
06/12/2025 21:00;1,77;6,28
06/12/2025 22:00;3,37;6,28
06/12/2025 23:00;3,66;6,28
07/12/2025 00:00;3,7;6,28
07/12/2025 01:00;4,22;6,28
07/12/2025 02:00;4,3;6,28
07/12/2025 03:00;3,18;6,28
07/12/2025 04:00;3,69;6,28
07/12/2025 05:00;3,96;6,28
07/12/2025 06:00;4,56;6,66
07/12/2025 07:00;4,62;6,66
07/12/2025 08:00;3,34;6,66
07/12/2025 09:00;3,31;6,28
07/12/2025 10:00;4,04;6,28
07/12/2025 11:00;4,29;6,28
07/12/2025 12:00;4,35;6,28
07/12/2025 13:00;4,37;6,28
07/12/2025 14:00;4,56;6,28
07/12/2025 15:00;3,46;6,66
07/12/2025 16:00;4,06;6,66
07/12/2025 17:00;4,71;6,66
07/12/2025 18:00;4,7;6,66
07/12/2025 19:00;4,78;6,66
07/12/2025 20:00;4,64;6,66
07/12/2025 21:00;3,89;6,66
07/12/2025 22:00;0,59;6,28
07/12/2025 23:00;5,34;6,28
08/12/2025 00:00;5,44;6,66
08/12/2025 01:00;3,17;6,66
08/12/2025 02:00;3,87;6,66
08/12/2025 03:00;4,71;6,66
08/12/2025 04:00;4,59;6,66
08/12/2025 05:00;4,46;6,66
08/12/2025 06:00;4,01;6,66
08/12/2025 07:00;1,66;6,28
08/12/2025 08:00;2,74;6,28
08/12/2025 09:00;4;5,64
08/12/2025 10:00;2,48;3,84
08/12/2025 11:00;4,5;5,9
08/12/2025 12:00;4,62;5,9
08/12/2025 13:00;4,56;5,9
08/12/2025 14:00;4,47;6,28
08/12/2025 15:00;4,08;6,28
08/12/2025 16:00;4,16;6,28
08/12/2025 17:00;1,52;6,28
08/12/2025 18:00;4,56;6,28
08/12/2025 19:00;5,73;6,28
08/12/2025 20:00;4,83;9,34
08/12/2025 21:00;4,34;8,96
08/12/2025 22:00;4,74;6,28
08/12/2025 23:00;4,02;6,28
09/12/2025 00:00;4,24;6,28
09/12/2025 01:00;4,45;6,28
09/12/2025 02:00;2,96;6,28
09/12/2025 03:00;3,44;6,28
09/12/2025 04:00;3,72;6,28
09/12/2025 05:00;4,38;6,28
09/12/2025 06:00;4,51;6,28
09/12/2025 07:00;2,99;6,28
09/12/2025 08:00;3,75;6,28
09/12/2025 09:00;4,31;6,28
09/12/2025 10:00;2,65;5,64
09/12/2025 11:00;3,07;6,28
09/12/2025 12:00;3,74;6,28
09/12/2025 13:00;4,2;6,28
09/12/2025 14:00;4,24;6,28
09/12/2025 15:00;2,95;6,28
09/12/2025 16:00;3,68;6,28
09/12/2025 17:00;5,2;6,66
09/12/2025 18:00;4,36;6,28
09/12/2025 19:00;4,63;6,28
09/12/2025 20:00;4,75;6,28
09/12/2025 21:00;4,59;6,28
09/12/2025 22:00;4,66;6,28
09/12/2025 23:00;4,49;6,28
10/12/2025 00:00;4,56;6,28
10/12/2025 01:00;3,24;6,28
10/12/2025 02:00;3,8;6,28
10/12/2025 03:00;4,47;6,28
10/12/2025 04:00;4,57;6,28
10/12/2025 05:00;4,61;6,28
10/12/2025 06:00;4,47;6,28
10/12/2025 07:00;4,74;6,28
10/12/2025 08:00;0,75;5,9
10/12/2025 09:00;5,49;5,9
10/12/2025 10:00;6,75;15,93
10/12/2025 11:00;6,69;15,93
10/12/2025 12:00;7,75;14,78
10/12/2025 13:00;7,65;14,78
10/12/2025 14:00;7,47;14,27
10/12/2025 15:00;7,28;14,78
10/12/2025 16:00;6,73;12,75
10/12/2025 17:00;7,33;14,27
10/12/2025 18:00;8,64;19,41
10/12/2025 19:00;9,21;20
10/12/2025 20:00;8,68;19,41
10/12/2025 21:00;7,15;18,26
10/12/2025 22:00;8,11;14,78
10/12/2025 23:00;6,26;13,26
11/12/2025 00:00;5,93;9,72
11/12/2025 01:00;4,81;7,04
11/12/2025 02:00;2,21;6,66
11/12/2025 03:00;4,86;7,04
11/12/2025 04:00;4,74;6,66
11/12/2025 05:00;4,62;6,66
11/12/2025 06:00;2,07;6,28
11/12/2025 07:00;5,74;6,28
11/12/2025 08:00;7,71;16,52
11/12/2025 09:00;7,05;12,75
11/12/2025 10:00;7,5;13,77
11/12/2025 11:00;8,13;15,93
11/12/2025 12:00;6,53;8,58
11/12/2025 13:00;5,33;7,04
11/12/2025 14:00;5,43;7,04
11/12/2025 15:00;6,03;10,73
11/12/2025 16:00;6,94;8,96
11/12/2025 17:00;6,4;9,34
11/12/2025 18:00;6,11;13,26
11/12/2025 19:00;4,99;13,26
11/12/2025 20:00;5,71;12,75
11/12/2025 21:00;6,72;13,77
11/12/2025 22:00;6,13;8,96
11/12/2025 23:00;4,5;7,81
12/12/2025 00:00;4,89;6,28
12/12/2025 01:00;6,37;6,28
12/12/2025 02:00;2,84;6,66
12/12/2025 03:00;4,12;6,28
12/12/2025 04:00;3,12;6,28
12/12/2025 05:00;0,69;5,9
12/12/2025 06:00;5,12;5,9
12/12/2025 07:00;6,18;5,9
12/12/2025 08:00;6,24;10,23
12/12/2025 09:00;6,35;11,75
12/12/2025 10:00;5,24;7,81
12/12/2025 11:00;5,77;12,25
12/12/2025 12:00;3,89;6,66
12/12/2025 13:00;3,34;6,28
12/12/2025 14:00;0,08;5,9
12/12/2025 15:00;4,95;5,9
12/12/2025 16:00;4,6;7,43
12/12/2025 17:00;4,72;8,19
12/12/2025 18:00;4,74;8,96
12/12/2025 19:00;6,02;10,73
12/12/2025 20:00;5,97;10,73
12/12/2025 21:00;5,53;9,34
12/12/2025 22:00;5,42;9,34
12/12/2025 23:00;5,59;9,34
13/12/2025 00:00;6,1;8,58
13/12/2025 01:00;4,78;6,28
13/12/2025 02:00;3,84;5,9
13/12/2025 03:00;2,37;5,9
13/12/2025 04:00;4,43;6,28
13/12/2025 05:00;4,56;6,28
13/12/2025 06:00;0,86;5,9
13/12/2025 07:00;5,58;5,9
13/12/2025 08:00;4,43;5,64
13/12/2025 09:00;4,58;5,64
13/12/2025 10:00;3,17;5,64
13/12/2025 11:00;2,37;5,9
13/12/2025 12:00;4,28;5,9
13/12/2025 13:00;4,28;5,9
13/12/2025 14:00;4,23;5,9
13/12/2025 15:00;3,44;5,9
13/12/2025 16:00;0,12;5,64
13/12/2025 17:00;0,4;5,64
13/12/2025 18:00;6,24;7,43
13/12/2025 19:00;10,94;9,72
13/12/2025 20:00;11,59;10,23
13/12/2025 21:00;13,72;12,25
13/12/2025 22:00;4,57;7,04
13/12/2025 23:00;4,88;6,66
14/12/2025 00:00;2,65;6,28
14/12/2025 01:00;3,68;6,28
14/12/2025 02:00;1,04;6,28
14/12/2025 03:00;3,21;6,28
14/12/2025 04:00;4,5;6,28
14/12/2025 05:00;4,33;5,9
14/12/2025 06:00;2,63;5,9
14/12/2025 07:00;4,27;5,9
14/12/2025 08:00;3,03;5,9
14/12/2025 09:00;3,54;5,9
14/12/2025 10:00;3,82;5,9
14/12/2025 11:00;4,21;5,9
14/12/2025 12:00;4,23;5,9
14/12/2025 13:00;4,28;5,9
14/12/2025 14:00;4,23;5,9
14/12/2025 15:00;4,16;5,9
14/12/2025 16:00;4,16;5,9
14/12/2025 17:00;7,8;6,28
14/12/2025 18:00;12,7;11,24
14/12/2025 19:00;12,57;11,24
14/12/2025 20:00;12,58;11,24
14/12/2025 21:00;14,62;13,26
14/12/2025 22:00;12,92;11,75
14/12/2025 23:00;9,02;7,81
15/12/2025 00:00;8,54;7,04
15/12/2025 01:00;8,27;7,04
15/12/2025 02:00;2,22;6,66
15/12/2025 03:00;4,62;6,28
15/12/2025 04:00;1,77;6,28
15/12/2025 05:00;4,33;5,9
15/12/2025 06:00;4,22;5,9
15/12/2025 07:00;4,03;5,9
15/12/2025 08:00;3,06;5,9
15/12/2025 09:00;4,17;5,9
15/12/2025 10:00;2,81;3,84
15/12/2025 11:00;4,33;5,64
15/12/2025 12:00;4,4;5,9
15/12/2025 13:00;4,43;5,9
15/12/2025 14:00;4,22;5,9
15/12/2025 15:00;2,94;5,9
15/12/2025 16:00;3,61;5,9
15/12/2025 17:00;4,26;5,9
15/12/2025 18:00;6,63;5,9
15/12/2025 19:00;2,16;5,9
15/12/2025 20:00;4,68;5,9
15/12/2025 21:00;4,3;5,9
15/12/2025 22:00;4,59;5,9
15/12/2025 23:00;4,1;5,9
16/12/2025 00:00;4,51;5,9
16/12/2025 01:00;4,7;5,9
16/12/2025 02:00;4,71;5,9
16/12/2025 03:00;4,68;5,9
16/12/2025 04:00;4,71;5,9
16/12/2025 05:00;4,5;5,9
16/12/2025 06:00;4,34;5,9
16/12/2025 07:00;3,8;5,9
16/12/2025 08:00;5,14;5,9
16/12/2025 09:00;5,57;5,9
16/12/2025 10:00;6,03;5,9
16/12/2025 11:00;1,31;5,9
16/12/2025 12:00;4,41;5,9
16/12/2025 13:00;4,55;5,64
16/12/2025 14:00;2,89;5,64
16/12/2025 15:00;3,52;5,9
16/12/2025 16:00;4,02;5,9
16/12/2025 17:00;4,75;5,9
16/12/2025 18:00;7,87;6,28
16/12/2025 19:00;7,89;6,28
16/12/2025 20:00;8,36;7,04
16/12/2025 21:00;10,75;9,34
16/12/2025 22:00;10,81;9,72
16/12/2025 23:00;8,87;7,43
17/12/2025 00:00;7,45;7,04
17/12/2025 01:00;7,38;6,66
17/12/2025 02:00;6,98;6,28
17/12/2025 03:00;4,45;5,9
17/12/2025 04:00;4,8;6,28
17/12/2025 05:00;5,39;6,28
17/12/2025 06:00;7,77;6,28
17/12/2025 07:00;10;8,58
17/12/2025 08:00;10,07;8,58
17/12/2025 09:00;9,95;8,58
17/12/2025 10:00;10;8,58
17/12/2025 11:00;10,01;8,58
17/12/2025 12:00;5,62;8,19
17/12/2025 13:00;5,36;6,28
17/12/2025 14:00;5,47;6,28
17/12/2025 15:00;0,01;5,64
17/12/2025 16:00;2,64;5,64
17/12/2025 17:00;2,32;5,9
17/12/2025 18:00;1,92;5,64
17/12/2025 19:00;4,87;5,9
17/12/2025 20:00;5,48;8,96
17/12/2025 21:00;5,56;8,58
17/12/2025 22:00;6,05;5,9
17/12/2025 23:00;5,26;5,9
18/12/2025 00:00;2,22;6,28
18/12/2025 01:00;3,06;5,9
18/12/2025 02:00;4,75;5,9
18/12/2025 03:00;4,27;5,9
18/12/2025 04:00;4,42;5,9
18/12/2025 05:00;4,25;5,9
18/12/2025 06:00;2,85;5,9
18/12/2025 07:00;4,23;5,9
18/12/2025 08:00;4,36;5,9
18/12/2025 09:00;0,06;5,64
18/12/2025 10:00;3,76;3,84
18/12/2025 11:00;1,3;5,64
18/12/2025 12:00;3,21;5,64
18/12/2025 13:00;2,76;5,64
18/12/2025 14:00;3,94;5,64
18/12/2025 15:00;0,57;5,39
18/12/2025 16:00;5,67;5,39
18/12/2025 17:00;5,81;8,58
18/12/2025 18:00;0,6;7,04
18/12/2025 19:00;3,54;6,28
18/12/2025 20:00;4,14;5,9
18/12/2025 21:00;4,24;5,9
18/12/2025 22:00;4,36;5,9
18/12/2025 23:00;2,87;5,9
19/12/2025 00:00;3,59;5,9
19/12/2025 01:00;4,33;5,9
19/12/2025 02:00;4,36;5,9
19/12/2025 03:00;3,04;5,9
19/12/2025 04:00;3,51;5,9
19/12/2025 05:00;4,02;5,9
19/12/2025 06:00;4,14;5,9
19/12/2025 07:00;3,98;5,9
19/12/2025 08:00;2,65;5,39
19/12/2025 09:00;5,43;5,64
19/12/2025 10:00;3,85;4,62
19/12/2025 11:00;5,04;5,64
19/12/2025 12:00;5,58;5,64
19/12/2025 13:00;5,87;9,34
19/12/2025 14:00;5,56;9,34
19/12/2025 15:00;5,21;8,96
19/12/2025 16:00;6,45;7,81
19/12/2025 17:00;5,38;6,66
19/12/2025 18:00;5,34;8,19
19/12/2025 19:00;8,74;17,68
19/12/2025 20:00;8,81;17,68
19/12/2025 21:00;4,91;8,58
19/12/2025 22:00;5,34;7,43
19/12/2025 23:00;5,91;7,04
20/12/2025 00:00;5,38;6,28
20/12/2025 01:00;3,45;7,04
20/12/2025 02:00;3,54;6,28
20/12/2025 03:00;3,75;6,28
20/12/2025 04:00;4,33;6,28
20/12/2025 05:00;3,47;5,9
20/12/2025 06:00;3,4;5,9
20/12/2025 07:00;3,49;5,9
20/12/2025 08:00;0,21;5,64
20/12/2025 09:00;5,38;5,64
20/12/2025 10:00;5,36;9,72
20/12/2025 11:00;5,58;7,43
20/12/2025 12:00;6,01;7,04
20/12/2025 13:00;5,89;10,73
20/12/2025 14:00;7,03;12,25
20/12/2025 15:00;6,14;10,73
20/12/2025 16:00;6,25;8,96
20/12/2025 17:00;4,62;6,28
20/12/2025 18:00;4,23;6,66
20/12/2025 19:00;5,28;10,23
20/12/2025 20:00;4,53;6,66
20/12/2025 21:00;3,14;6,28
20/12/2025 22:00;0,68;5,9
20/12/2025 23:00;3,39;5,9
21/12/2025 00:00;3,45;6,28
21/12/2025 01:00;3,74;6,28
21/12/2025 02:00;4,16;6,28
21/12/2025 03:00;4,49;5,9
21/12/2025 04:00;3,32;5,9
21/12/2025 05:00;3,5;5,9
21/12/2025 06:00;3,79;5,9
21/12/2025 07:00;4,19;5,9
21/12/2025 08:00;3,56;5,9
21/12/2025 09:00;3,4;5,9
21/12/2025 10:00;3,31;5,9
21/12/2025 11:00;4,14;5,9
21/12/2025 12:00;4,24;5,9
21/12/2025 13:00;4,43;6,28
21/12/2025 14:00;4,87;6,66
21/12/2025 15:00;3,5;6,66
21/12/2025 16:00;4,18;7,04
21/12/2025 17:00;0,37;6,28
21/12/2025 18:00;3,34;6,28
21/12/2025 19:00;3,27;6,28
21/12/2025 20:00;6,17;9,34
21/12/2025 21:00;4,67;6,66
21/12/2025 22:00;4,86;6,28
21/12/2025 23:00;4,51;6,28
22/12/2025 00:00;2,84;6,66
22/12/2025 01:00;3,33;6,66
22/12/2025 02:00;3,69;6,28
22/12/2025 03:00;4,59;6,28
22/12/2025 04:00;4,47;6,28
22/12/2025 05:00;4,51;6,28
22/12/2025 06:00;4,45;6,28
22/12/2025 07:00;1,57;5,9
22/12/2025 08:00;5,5;5,9
22/12/2025 09:00;6;5,9
22/12/2025 10:00;6,43;11,75
22/12/2025 11:00;6,32;11,75
22/12/2025 12:00;7,35;14,27
22/12/2025 13:00;6,14;10,73
22/12/2025 14:00;4,86;9,72
22/12/2025 15:00;3,39;5,13
22/12/2025 16:00;5,97;5,9
22/12/2025 17:00;5,23;6,28
22/12/2025 18:00;6,28;5,9
22/12/2025 19:00;7,9;12,25
22/12/2025 20:00;5,99;10,73
22/12/2025 21:00;5,91;9,72
22/12/2025 22:00;6,86;7,81
22/12/2025 23:00;5,92;5,64
23/12/2025 00:00;1,54;5,64
23/12/2025 01:00;3,42;6,28
23/12/2025 02:00;3,51;5,9
23/12/2025 03:00;3,39;5,9
23/12/2025 04:00;3,97;5,64
23/12/2025 05:00;3,92;5,64
23/12/2025 06:00;3,21;5,64
23/12/2025 07:00;2,31;5,39
23/12/2025 08:00;4,99;5,39
23/12/2025 09:00;4,59;5,39
23/12/2025 10:00;4,61;9,72
23/12/2025 11:00;6,79;7,04
23/12/2025 12:00;6,44;7,81
23/12/2025 13:00;5,67;8,19
23/12/2025 14:00;5,24;7,81
23/12/2025 15:00;4,55;7,43
23/12/2025 16:00;6,19;5,9
23/12/2025 17:00;6,01;5,64
23/12/2025 18:00;6,31;7,43
23/12/2025 19:00;5,01;7,43
23/12/2025 20:00;6,07;5,9
23/12/2025 21:00;3,81;7,43
23/12/2025 22:00;0,17;5,64
23/12/2025 23:00;3,52;5,64
24/12/2025 00:00;1,61;5,39
24/12/2025 01:00;3,39;5,64
24/12/2025 02:00;3,32;5,64
24/12/2025 03:00;3,69;5,64
24/12/2025 04:00;3,65;5,64
24/12/2025 05:00;3,14;5,64
24/12/2025 06:00;3,02;5,64
24/12/2025 07:00;3,44;5,64
24/12/2025 08:00;3,87;5,64
24/12/2025 09:00;3,67;5,64
24/12/2025 10:00;3,13;5,64
24/12/2025 11:00;1,97;5,39
24/12/2025 12:00;4,86;5,64
24/12/2025 13:00;5,78;7,81
24/12/2025 14:00;6,67;5,9
24/12/2025 15:00;3,31;7,04
24/12/2025 16:00;3,57;5,9
24/12/2025 17:00;3,41;5,9
24/12/2025 18:00;3,65;5,9
24/12/2025 19:00;3,88;5,64
24/12/2025 20:00;3,29;5,64
24/12/2025 21:00;3,17;5,64
24/12/2025 22:00;3,46;5,64
24/12/2025 23:00;3,94;5,64
25/12/2025 00:00;3,87;5,64
25/12/2025 01:00;3,24;5,64
25/12/2025 02:00;3,18;5,64
25/12/2025 03:00;3,49;5,64
25/12/2025 04:00;3,95;5,64
25/12/2025 05:00;4,02;5,64
25/12/2025 06:00;3,06;5,64
25/12/2025 07:00;3,19;5,64
25/12/2025 08:00;3,48;5,64
25/12/2025 09:00;3,78;5,64
25/12/2025 10:00;4;5,64
25/12/2025 11:00;3,31;5,64
25/12/2025 12:00;3,57;5,64
25/12/2025 13:00;3,26;5,64
25/12/2025 14:00;3,89;5,64
25/12/2025 15:00;4,01;5,64
25/12/2025 16:00;3,96;5,64
25/12/2025 17:00;0,86;5,39
25/12/2025 18:00;5,36;5,64
25/12/2025 19:00;4,93;11,24
25/12/2025 20:00;5,43;9,72
25/12/2025 21:00;3,86;9,34
25/12/2025 22:00;6,81;9,72
25/12/2025 23:00;5,25;9,72
26/12/2025 00:00;5,8;9,72
26/12/2025 01:00;6,94;7,04
26/12/2025 02:00;4,86;6,66
26/12/2025 03:00;6,67;7,04
26/12/2025 04:00;2,72;7,04
26/12/2025 05:00;3,5;5,9
26/12/2025 06:00;0,04;5,64
26/12/2025 07:00;4,47;5,64
26/12/2025 08:00;5,81;6,66
26/12/2025 09:00;3,36;8,96
26/12/2025 10:00;5,44;10,73
26/12/2025 11:00;7,13;8,19
26/12/2025 12:00;5,82;8,19
26/12/2025 13:00;6,09;5,9
26/12/2025 14:00;4,61;7,81
26/12/2025 15:00;5,13;5,64
26/12/2025 16:00;5,01;5,64
26/12/2025 17:00;5,35;10,23
26/12/2025 18:00;6,81;14,27
26/12/2025 19:00;6,97;14,78
26/12/2025 20:00;6,82;14,78
26/12/2025 21:00;5,85;11,24
26/12/2025 22:00;5,46;8,58
26/12/2025 23:00;5,48;8,19
27/12/2025 00:00;5,29;7,04
27/12/2025 01:00;6,1;7,81
27/12/2025 02:00;4,59;5,64
27/12/2025 03:00;2,3;5,39
27/12/2025 04:00;3,4;5,9
27/12/2025 05:00;3,14;5,64
27/12/2025 06:00;3,48;5,64
27/12/2025 07:00;2,81;5,64
27/12/2025 08:00;5,02;5,64
27/12/2025 09:00;1,26;5,64
27/12/2025 10:00;4,6;5,13
27/12/2025 11:00;1,91;5,13
27/12/2025 12:00;3,24;5,64
27/12/2025 13:00;3,32;5,64
27/12/2025 14:00;3,21;5,64
27/12/2025 15:00;3,5;5,64
27/12/2025 16:00;2,25;5,39
27/12/2025 17:00;4,65;5,64
27/12/2025 18:00;5,09;7,81
27/12/2025 19:00;4,38;10,23
27/12/2025 20:00;6,61;6,66
27/12/2025 21:00;6,52;6,28
27/12/2025 22:00;4,77;6,66
27/12/2025 23:00;7,01;7,43
28/12/2025 00:00;8,87;16,52
28/12/2025 01:00;8,98;16,52
28/12/2025 02:00;7,31;16,52
28/12/2025 03:00;4,57;7,04
28/12/2025 04:00;4,95;5,64
28/12/2025 05:00;5,48;5,39
28/12/2025 06:00;5,76;5,39
28/12/2025 07:00;6,69;7,43
28/12/2025 08:00;6,84;7,04
28/12/2025 09:00;5,75;8,58
28/12/2025 10:00;3,58;7,43
28/12/2025 11:00;3,92;8,19
28/12/2025 12:00;3,85;6,66
28/12/2025 13:00;3,49;5,9
28/12/2025 14:00;3,47;5,64
28/12/2025 15:00;3;5,64
28/12/2025 16:00;0,86;5,39
28/12/2025 17:00;5,71;5,64
28/12/2025 18:00;5,74;9,72
28/12/2025 19:00;7,75;15,36
28/12/2025 20:00;8,14;13,26
28/12/2025 21:00;4,73;9,34
28/12/2025 22:00;5,47;7,81
28/12/2025 23:00;5,06;7,43
29/12/2025 00:00;6,07;5,9
29/12/2025 01:00;5,73;6,28
29/12/2025 02:00;6,85;7,43
29/12/2025 03:00;6,91;7,04
29/12/2025 04:00;6,12;5,9
29/12/2025 05:00;5,38;5,9
29/12/2025 06:00;4,58;6,28
29/12/2025 07:00;5,87;5,9
29/12/2025 08:00;6,36;8,58
29/12/2025 09:00;6,67;11,75
29/12/2025 10:00;26,61;25,2
29/12/2025 11:00;20,92;19,41
29/12/2025 12:00;21,4;20
29/12/2025 13:00;21,58;20
29/12/2025 14:00;21,54;20
29/12/2025 15:00;25,35;23,88
29/12/2025 16:00;22,86;21,24
29/12/2025 17:00;21,78;20
29/12/2025 18:00;24,79;23,21
29/12/2025 19:00;24,71;23,21
29/12/2025 20:00;25,53;23,88
29/12/2025 21:00;24,15;22,56
29/12/2025 22:00;21,14;19,41
29/12/2025 23:00;18,64;19,41
30/12/2025 00:00;18,51;18,84
30/12/2025 01:00;6,79;10,73
30/12/2025 02:00;12,19;13,26
30/12/2025 03:00;14,83;14,78
30/12/2025 04:00;14,4;14,78
30/12/2025 05:00;16,88;16,52
30/12/2025 06:00;9,7;13,77
30/12/2025 07:00;12,04;14,27
30/12/2025 08:00;14,27;14,78
30/12/2025 09:00;17,24;16,52
30/12/2025 10:00;10,04;10,73
30/12/2025 11:00;0,23;6,66
30/12/2025 12:00;5,24;5,9
30/12/2025 13:00;3,94;5,39
30/12/2025 14:00;5,06;5,39
30/12/2025 15:00;2,68;5,64
30/12/2025 16:00;1;5,39
30/12/2025 17:00;5,91;5,39
30/12/2025 18:00;7,24;7,43
30/12/2025 19:00;8,66;15,93
30/12/2025 20:00;8,73;15,93
30/12/2025 21:00;5,14;11,24
30/12/2025 22:00;5,79;7,43
30/12/2025 23:00;5,23;6,66
31/12/2025 00:00;5,4;7,81
31/12/2025 01:00;4,39;7,81
31/12/2025 02:00;4,09;6,28
31/12/2025 03:00;2,76;5,9
31/12/2025 04:00;4,41;5,39
31/12/2025 05:00;4,72;5,39
31/12/2025 06:00;4,27;5,39
31/12/2025 07:00;4,24;5,13
31/12/2025 08:00;4,26;5,39
31/12/2025 09:00;5,59;9,72
31/12/2025 10:00;2,97;8,96
31/12/2025 11:00;4,17;5,9
31/12/2025 12:00;4,16;5,39
31/12/2025 13:00;1,41;5,13
31/12/2025 14:00;2,79;5,39
31/12/2025 15:00;3,66;5,64
31/12/2025 16:00;1,93;5,39
31/12/2025 17:00;4,85;5,39
31/12/2025 18:00;7,34;13,26
31/12/2025 19:00;4,28;12,75
31/12/2025 20:00;5,42;7,81
31/12/2025 21:00;6,77;14,78
31/12/2025 22:00;4,91;6,66
31/12/2025 23:00;4,95;5,9
