Date et heure;Pont de la Reine Débit Aval Prise (m³/s);Pont de la Reine Débit Gave (m³/s)
01/01/2025 00:00;8,659;14,267
01/01/2025 01:00;8,823;14,239
01/01/2025 02:00;8,717;14,276
01/01/2025 03:00;8,807;14,248
01/01/2025 04:00;8,893;14,295
01/01/2025 05:00;8,794;14,267
01/01/2025 06:00;8,81;14,248
01/01/2025 07:00;8,95;14,257
01/01/2025 08:00;8,971;14,257
01/01/2025 09:00;8,924;14,267
01/01/2025 10:00;8,818;14,239
01/01/2025 11:00;8,943;14,202
01/01/2025 12:00;8,981;14,22
01/01/2025 13:00;8,823;14,22
01/01/2025 14:00;8,782;14,22
01/01/2025 15:00;8,808;14,211
01/01/2025 16:00;8,758;14,22
01/01/2025 17:00;9,033;14,22
01/01/2025 18:00;8,92;14,22
01/01/2025 19:00;9,166;14,22
01/01/2025 20:00;9,004;14,22
01/01/2025 21:00;8,933;14,22
01/01/2025 22:00;8,849;14,22
01/01/2025 23:00;8,911;14,22
02/01/2025 00:00;8,896;14,22
02/01/2025 01:00;9,068;14,22
02/01/2025 02:00;9,442;14,22
02/01/2025 03:00;8,938;14,22
02/01/2025 04:00;8,941;14,22
02/01/2025 05:00;9,057;14,22
02/01/2025 06:00;9,159;14,202
02/01/2025 07:00;9,079;14,183
02/01/2025 08:00;10,42;14,443
02/01/2025 09:00;13,841;15,974
02/01/2025 10:00;12,276;15,037
02/01/2025 11:00;11,898;14,806
02/01/2025 12:00;14,731;16,47
02/01/2025 13:00;12,81;15,363
02/01/2025 14:00;15,182;15,782
02/01/2025 15:00;15,24;16,698
02/01/2025 16:00;14,962;16,561
02/01/2025 17:00;15,106;16,738
02/01/2025 18:00;16,276;17,827
02/01/2025 19:00;17,107;19,497
02/01/2025 20:00;14,572;18,476
02/01/2025 21:00;12,197;15,735
02/01/2025 22:00;9,818;14,202
02/01/2025 23:00;9,401;14
03/01/2025 00:00;10,003;14,138
03/01/2025 01:00;8,743;14,037
03/01/2025 02:00;8,59;13,872
03/01/2025 03:00;8,728;13,688
03/01/2025 04:00;8,723;13,679
03/01/2025 05:00;9,459;13,753
03/01/2025 06:00;10,03;13,826
03/01/2025 07:00;10,667;13,927
03/01/2025 08:00;10,497;14,22
03/01/2025 09:00;14,706;16,397
03/01/2025 10:00;11,77;14,295
03/01/2025 11:00;11,174;14,22
03/01/2025 12:00;8,964;14,22
03/01/2025 13:00;9,074;14,229
03/01/2025 14:00;8,646;14,229
03/01/2025 15:00;8,927;14,649
03/01/2025 16:00;11,495;15,874
03/01/2025 17:00;16,007;19,191
03/01/2025 18:00;16,159;20,058
03/01/2025 19:00;18,079;21,826
03/01/2025 20:00;20,726;26,005
03/01/2025 21:00;14,904;21,35
03/01/2025 22:00;15,129;19,227
03/01/2025 23:00;17,077;20,989
04/01/2025 00:00;15,446;20,533
04/01/2025 01:00;14,051;17,776
04/01/2025 02:00;12,821;17,358
04/01/2025 03:00;11,993;17,31
04/01/2025 04:00;17,374;20,762
04/01/2025 05:00;18,34;22,601
04/01/2025 06:00;15,799;21,082
04/01/2025 07:00;12,163;18,703
04/01/2025 08:00;12,518;18,637
04/01/2025 09:00;13,499;18,81
04/01/2025 10:00;14,092;19,426
04/01/2025 11:00;14,212;19,184
04/01/2025 12:00;12,365;19,078
04/01/2025 13:00;14,484;18,757
04/01/2025 14:00;17,637;21,686
04/01/2025 15:00;19,851;25,479
04/01/2025 16:00;19,504;24,78
04/01/2025 17:00;13,32;19,065
04/01/2025 18:00;17,644;21,795
04/01/2025 19:00;19,927;24,956
04/01/2025 20:00;15,668;21,955
04/01/2025 21:00;14,424;19,537
04/01/2025 22:00;14,615;18,931
04/01/2025 23:00;10,295;18,03
05/01/2025 00:00;9,88;17,8
05/01/2025 01:00;10,945;17,814
05/01/2025 02:00;11,017;17,8
05/01/2025 03:00;11,219;17,8
05/01/2025 04:00;11,229;17,787
05/01/2025 05:00;11,26;17,8
05/01/2025 06:00;11,268;17,8
05/01/2025 07:00;11,491;17,787
05/01/2025 08:00;11,485;17,76
05/01/2025 09:00;10,799;17,773
05/01/2025 10:00;10,735;17,747
05/01/2025 11:00;10,361;17,573
05/01/2025 12:00;10,262;17,28
05/01/2025 13:00;10,48;17,16
05/01/2025 14:00;10,111;17,267
05/01/2025 15:00;10,395;17,52
05/01/2025 16:00;10,571;17,587
05/01/2025 17:00;10,708;17,64
05/01/2025 18:00;10,695;17,693
05/01/2025 19:00;10,792;17,627
05/01/2025 20:00;10,698;17,533
05/01/2025 21:00;10,725;17,6
05/01/2025 22:00;10,429;17,4
05/01/2025 23:00;10,499;17,52
06/01/2025 00:00;10,63;17,467
06/01/2025 01:00;10,717;17,68
06/01/2025 02:00;11,015;17,653
06/01/2025 03:00;11,189;17,787
06/01/2025 04:00;11,082;17,8
06/01/2025 05:00;10,975;17,8
06/01/2025 06:00;11,057;17,773
06/01/2025 07:00;10,861;17,72
06/01/2025 08:00;14,112;18,716
06/01/2025 09:00;11,749;17,854
06/01/2025 10:00;10,48;15,973
06/01/2025 11:00;9,449;16,661
06/01/2025 12:00;10,067;16,725
06/01/2025 13:00;9,934;16,588
06/01/2025 14:00;10,407;16,881
06/01/2025 15:00;10,327;17
06/01/2025 16:00;10,27;17,013
06/01/2025 17:00;10,554;17,32
06/01/2025 18:00;10,562;17,333
06/01/2025 19:00;10,308;17,013
06/01/2025 20:00;10,463;17
06/01/2025 21:00;10,275;17
06/01/2025 22:00;10,314;17
06/01/2025 23:00;10,408;16,991
07/01/2025 00:00;10,346;16,963
07/01/2025 01:00;10,358;17
07/01/2025 02:00;10,463;16,973
07/01/2025 03:00;10,403;16,963
07/01/2025 04:00;10,493;16,991
07/01/2025 05:00;10,301;16,954
07/01/2025 06:00;10,423;16,973
07/01/2025 07:00;10,704;16,991
07/01/2025 08:00;11,038;16,954
07/01/2025 09:00;10,937;16,918
07/01/2025 10:00;11,649;16,927
07/01/2025 11:00;8,703;15,611
07/01/2025 12:00;8,822;16,011
07/01/2025 13:00;8,943;16,03
07/01/2025 14:00;9,38;16,095
07/01/2025 15:00;9,029;15,881
07/01/2025 16:00;13,732;17,025
07/01/2025 17:00;9,829;16,343
07/01/2025 18:00;10,272;16,011
07/01/2025 19:00;10,206;15,909
07/01/2025 20:00;9,75;15,909
07/01/2025 21:00;9,972;15,946
07/01/2025 22:00;9,789;15,955
07/01/2025 23:00;9,962;15,927
08/01/2025 00:00;9,789;15,927
08/01/2025 01:00;9,937;15,946
08/01/2025 02:00;9,858;15,909
08/01/2025 03:00;9,906;15,918
08/01/2025 04:00;9,92;15,927
08/01/2025 05:00;10,016;15,927
08/01/2025 06:00;11,149;16,011
08/01/2025 07:00;12,846;16,441
08/01/2025 08:00;17,048;19,574
08/01/2025 09:00;14,881;18,487
08/01/2025 10:00;13,306;15,98
08/01/2025 11:00;12,817;16,249
08/01/2025 12:00;13,134;16,203
08/01/2025 13:00;12,278;16,03
08/01/2025 14:00;12,525;15,909
08/01/2025 15:00;16,406;19,112
08/01/2025 16:00;14,025;18,58
08/01/2025 17:00;10,988;15,852
08/01/2025 18:00;14,98;17,85
08/01/2025 19:00;13,199;16,706
08/01/2025 20:00;12,447;16,123
08/01/2025 21:00;11,629;16,02
08/01/2025 22:00;11,572;15,946
08/01/2025 23:00;13,19;16,477
09/01/2025 00:00;12,868;16,206
09/01/2025 01:00;12,024;15,955
09/01/2025 02:00;10,791;15,862
09/01/2025 03:00;9,634;15,675
09/01/2025 04:00;9,739;15,573
09/01/2025 05:00;9,414;15,545
09/01/2025 06:00;10,771;15,647
09/01/2025 07:00;12,237;15,769
09/01/2025 08:00;12,676;16,412
09/01/2025 09:00;11,394;15,656
09/01/2025 10:00;12;15,862
09/01/2025 11:00;8,818;15,778
09/01/2025 12:00;8,543;15,815
09/01/2025 13:00;9,62;15,582
09/01/2025 14:00;11,139;15,339
09/01/2025 15:00;8,499;15,591
09/01/2025 16:00;8,553;15,797
09/01/2025 17:00;13,779;17,64
09/01/2025 18:00;13,879;17,347
09/01/2025 19:00;16,46;19,385
09/01/2025 20:00;13,703;17,679
09/01/2025 21:00;10,58;15,965
09/01/2025 22:00;13,467;17,117
09/01/2025 23:00;9,938;16,34
10/01/2025 00:00;8,821;15,89
10/01/2025 01:00;8,57;15,89
10/01/2025 02:00;8,579;15,871
10/01/2025 03:00;11,539;16,349
10/01/2025 04:00;9,018;15,881
10/01/2025 05:00;9,254;16,752
10/01/2025 06:00;11,292;16,431
10/01/2025 07:00;16,036;18,582
10/01/2025 08:00;16,171;18,901
10/01/2025 09:00;17,572;20,731
10/01/2025 10:00;16,445;20,506
10/01/2025 11:00;15,957;17,612
10/01/2025 12:00;15,359;19,462
10/01/2025 13:00;14,053;17,934
10/01/2025 14:00;16,911;19,804
10/01/2025 15:00;14,906;18,28
10/01/2025 16:00;16,07;18,704
10/01/2025 17:00;16,942;19,681
10/01/2025 18:00;17,042;22,561
10/01/2025 19:00;18,814;23,34
10/01/2025 20:00;17,931;21,85
10/01/2025 21:00;17,205;22,801
10/01/2025 22:00;14,65;18,616
10/01/2025 23:00;14,718;18,369
11/01/2025 00:00;13,669;18,055
11/01/2025 01:00;12,811;17,277
11/01/2025 02:00;13,457;17,712
11/01/2025 03:00;11,976;17,829
11/01/2025 04:00;9,816;17,787
11/01/2025 05:00;11,156;18,3
11/01/2025 06:00;11,197;18,475
11/01/2025 07:00;16,482;21,526
11/01/2025 08:00;18,914;23,623
11/01/2025 09:00;19,081;24,144
11/01/2025 10:00;20,575;25,465
11/01/2025 11:00;21,472;26,275
11/01/2025 12:00;19,244;24,737
11/01/2025 13:00;20,825;25,506
11/01/2025 14:00;18,135;23,784
11/01/2025 15:00;16,546;23,153
11/01/2025 16:00;11,301;14,689
11/01/2025 17:00;16,519;21,329
11/01/2025 18:00;19,007;24,264
11/01/2025 19:00;18,999;24,372
11/01/2025 20:00;19,637;24,966
11/01/2025 21:00;16,083;23,031
11/01/2025 22:00;17,709;23,057
11/01/2025 23:00;16,698;22,696
12/01/2025 00:00;12,231;21,286
12/01/2025 01:00;17,696;23,22
12/01/2025 02:00;14,461;21,702
12/01/2025 03:00;13,232;21,593
12/01/2025 04:00;10,874;20,22
12/01/2025 05:00;11,217;20,261
12/01/2025 06:00;11,893;20,288
12/01/2025 07:00;15,872;21,501
12/01/2025 08:00;17,493;22,402
12/01/2025 09:00;17,941;22,776
12/01/2025 10:00;14,824;18,993
12/01/2025 11:00;14,06;19,978
12/01/2025 12:00;15,243;20,557
12/01/2025 13:00;14,319;20,02
12/01/2025 14:00;16,176;20,934
12/01/2025 15:00;10,238;19,133
12/01/2025 16:00;13,659;20,209
12/01/2025 17:00;17,553;22,187
12/01/2025 18:00;18,438;23,06
12/01/2025 19:00;19,143;24,777
12/01/2025 20:00;20,678;26,056
12/01/2025 21:00;22,653;27,173
12/01/2025 22:00;17,781;24,456
12/01/2025 23:00;11,822;19,602
13/01/2025 00:00;13,097;19,106
13/01/2025 01:00;15,644;20,397
13/01/2025 02:00;15,39;20,409
13/01/2025 03:00;15,897;20,477
13/01/2025 04:00;15,518;20,088
13/01/2025 05:00;16,554;21,045
13/01/2025 06:00;14,827;20,143
13/01/2025 07:00;18,129;22,469
13/01/2025 08:00;19,353;24,523
13/01/2025 09:00;20,275;25,788
13/01/2025 10:00;18,166;23,058
13/01/2025 11:00;17,269;23,139
13/01/2025 12:00;15,137;20,506
13/01/2025 13:00;14,193;19,254
13/01/2025 14:00;12,245;18,432
13/01/2025 15:00;15,888;19,724
13/01/2025 16:00;16,484;20,695
13/01/2025 17:00;17,627;21,516
13/01/2025 18:00;18,352;23,611
13/01/2025 19:00;19,996;25,022
13/01/2025 20:00;18,028;22,858
13/01/2025 21:00;17,005;22,172
13/01/2025 22:00;16,517;20,733
13/01/2025 23:00;16,735;20,841
14/01/2025 00:00;13,304;18,782
14/01/2025 01:00;13,656;18,472
14/01/2025 02:00;15,565;19,684
14/01/2025 03:00;16,085;19,872
14/01/2025 04:00;16,218;20,126
14/01/2025 05:00;16,241;19,939
14/01/2025 06:00;16,196;20,466
14/01/2025 07:00;17,741;21,516
14/01/2025 08:00;17,824;21,8
14/01/2025 09:00;16,735;20,001
14/01/2025 10:00;12,471;15,406
14/01/2025 11:00;14,202;18,197
14/01/2025 12:00;14,029;18,255
14/01/2025 13:00;13,188;17,852
14/01/2025 14:00;13,23;17,723
14/01/2025 15:00;13,642;17,842
14/01/2025 16:00;15,579;19,16
14/01/2025 17:00;15,044;18,891
14/01/2025 18:00;16,604;20,107
14/01/2025 19:00;17,629;21,354
14/01/2025 20:00;17,628;21,071
14/01/2025 21:00;17,502;20,976
14/01/2025 22:00;17,299;20,625
14/01/2025 23:00;16,33;20,046
15/01/2025 00:00;14,245;18,527
15/01/2025 01:00;13,117;17,466
15/01/2025 02:00;12,624;17,468
15/01/2025 03:00;14,505;18,504
15/01/2025 04:00;12,652;16,973
15/01/2025 05:00;14,746;18,164
15/01/2025 06:00;14,334;18,266
15/01/2025 07:00;17,644;21,098
15/01/2025 08:00;15,269;20,105
15/01/2025 09:00;14,325;18,244
15/01/2025 10:00;14,921;18,473
15/01/2025 11:00;14,69;18,191
15/01/2025 12:00;14,117;18,073
15/01/2025 13:00;14,885;18,246
15/01/2025 14:00;14,443;17,949
15/01/2025 15:00;12,725;16,978
15/01/2025 16:00;11,644;16,422
15/01/2025 17:00;13,181;17,169
15/01/2025 18:00;14,857;18,367
15/01/2025 19:00;14,901;18,313
15/01/2025 20:00;14,353;18,003
15/01/2025 21:00;13,558;17,613
15/01/2025 22:00;13,358;17,142
15/01/2025 23:00;13,082;17,454
16/01/2025 00:00;10,453;16,366
16/01/2025 01:00;10,511;16,319
16/01/2025 02:00;10,721;16,282
16/01/2025 03:00;10,331;16,151
16/01/2025 04:00;10,83;16,179
16/01/2025 05:00;10,496;16,114
16/01/2025 06:00;10,985;16,207
16/01/2025 07:00;11,581;16,198
16/01/2025 08:00;11,537;16,039
16/01/2025 09:00;11,4;15,909
16/01/2025 10:00;11,304;15,937
16/01/2025 11:00;11,362;15,89
16/01/2025 12:00;9,413;15,834
16/01/2025 13:00;10,781;15,992
16/01/2025 14:00;11,327;15,909
16/01/2025 15:00;16,262;16,105
16/01/2025 16:00;11,46;16,41
16/01/2025 17:00;14,744;18,103
16/01/2025 18:00;17,629;20,463
16/01/2025 19:00;17,201;19,829
16/01/2025 20:00;16,961;19,491
16/01/2025 21:00;16,955;19,41
16/01/2025 22:00;16,922;19,397
16/01/2025 23:00;10,94;16,207
17/01/2025 00:00;11,675;16,145
17/01/2025 01:00;11,974;16,002
17/01/2025 02:00;12,761;16,548
17/01/2025 03:00;13,177;16,626
17/01/2025 04:00;14,757;17,809
17/01/2025 05:00;12,495;16,142
17/01/2025 06:00;15,568;18,023
17/01/2025 07:00;16,802;19,157
17/01/2025 08:00;19,472;24,254
17/01/2025 09:00;20,461;25,681
17/01/2025 10:00;19,575;24,778
17/01/2025 11:00;18,561;23,367
17/01/2025 12:00;14,274;21,805
17/01/2025 13:00;13,388;17,558
17/01/2025 14:00;15,216;18,513
17/01/2025 15:00;12,434;16,564
17/01/2025 16:00;12,852;16,609
17/01/2025 17:00;15,856;18,493
17/01/2025 18:00;17,58;20,583
17/01/2025 19:00;19,24;23,865
17/01/2025 20:00;18,971;24,657
17/01/2025 21:00;18,532;23,353
17/01/2025 22:00;16,815;22,467
17/01/2025 23:00;16,458;20,409
18/01/2025 00:00;13,626;17,122
18/01/2025 01:00;14,385;17,363
18/01/2025 02:00;13,436;16,826
18/01/2025 03:00;12,879;16,519
18/01/2025 04:00;12,347;15,974
18/01/2025 05:00;11,835;15,834
18/01/2025 06:00;11,278;15,824
18/01/2025 07:00;12,938;16,472
18/01/2025 08:00;15,352;17,896
18/01/2025 09:00;17,287;19,992
18/01/2025 10:00;17,26;20,624
18/01/2025 11:00;14,086;17,293
18/01/2025 12:00;16,509;18,635
18/01/2025 13:00;14,267;17,938
18/01/2025 14:00;15,257;17,783
18/01/2025 15:00;12,678;16,114
18/01/2025 16:00;12,988;16,276
18/01/2025 17:00;15,679;18,115
18/01/2025 18:00;19,397;24,145
18/01/2025 19:00;19,601;25,344
18/01/2025 20:00;19,252;25,128
18/01/2025 21:00;19,191;25,033
18/01/2025 22:00;19,245;25,101
18/01/2025 23:00;19,211;25,128
19/01/2025 00:00;17,319;22,709
19/01/2025 01:00;14,05;18,677
19/01/2025 02:00;11,998;15,88
19/01/2025 03:00;11,869;15,761
19/01/2025 04:00;11,106;15,518
19/01/2025 05:00;10,532;15,321
19/01/2025 06:00;11,756;15,545
19/01/2025 07:00;12,505;15,685
19/01/2025 08:00;12,144;15,85
19/01/2025 09:00;13,212;16,298
19/01/2025 10:00;14,706;17,192
19/01/2025 11:00;13,998;16,699
19/01/2025 12:00;13,933;16,757
19/01/2025 13:00;12,659;15,984
19/01/2025 14:00;16,804;18,904
19/01/2025 15:00;15,732;18,985
19/01/2025 16:00;13,07;16,127
19/01/2025 17:00;14,249;16,964
19/01/2025 18:00;16,598;18,69
19/01/2025 19:00;17,81;20,705
19/01/2025 20:00;19,126;24,304
19/01/2025 21:00;16,548;22,645
19/01/2025 22:00;14,699;17,564
19/01/2025 23:00;12,825;17,032
20/01/2025 00:00;13,189;16,239
20/01/2025 01:00;10,955;15,518
20/01/2025 02:00;12,702;16,325
20/01/2025 03:00;11,23;15,666
20/01/2025 04:00;12,474;16,293
20/01/2025 05:00;9,944;15,263
20/01/2025 06:00;14,095;16,564
20/01/2025 07:00;16,316;18,232
20/01/2025 08:00;16,686;18,581
20/01/2025 09:00;19,326;24,198
20/01/2025 10:00;18,26;22,53
20/01/2025 11:00;18,827;23,997
20/01/2025 12:00;17,884;23,018
20/01/2025 13:00;16,47;20,841
20/01/2025 14:00;17,317;20,625
20/01/2025 15:00;18,825;23,543
20/01/2025 16:00;18,81;23,93
20/01/2025 17:00;18,749;23,903
20/01/2025 18:00;19,025;24,264
20/01/2025 19:00;19,144;24,534
20/01/2025 20:00;18,968;24,318
20/01/2025 21:00;18,732;23,943
20/01/2025 22:00;17,269;22,333
20/01/2025 23:00;13,763;18,812
21/01/2025 00:00;11,455;15,323
21/01/2025 01:00;11,459;15,048
21/01/2025 02:00;16,556;16,515
21/01/2025 03:00;13,801;16,091
21/01/2025 04:00;11,615;14,658
21/01/2025 05:00;13,173;15,335
21/01/2025 06:00;11,468;14,676
21/01/2025 07:00;15,6;16,959
21/01/2025 08:00;16,292;17,573
21/01/2025 09:00;18,103;21,136
21/01/2025 10:00;18,482;22,682
21/01/2025 11:00;18,319;22,574
21/01/2025 12:00;13,794;19,604
21/01/2025 13:00;11,666;15,148
21/01/2025 14:00;14,641;16,522
21/01/2025 15:00;15,586;17,24
21/01/2025 16:00;15,782;17,221
21/01/2025 17:00;17,526;20,185
21/01/2025 18:00;18,382;22,573
21/01/2025 19:00;18,428;22,816
21/01/2025 20:00;18,296;22,667
21/01/2025 21:00;15,661;20,773
21/01/2025 22:00;14,813;16,884
21/01/2025 23:00;11,098;14,77
22/01/2025 00:00;11,263;14,807
22/01/2025 01:00;12,24;15,084
22/01/2025 02:00;11,817;14,842
22/01/2025 03:00;7,947;14,211
22/01/2025 04:00;8,67;14,22
22/01/2025 05:00;9,141;14,35
22/01/2025 06:00;11,721;14,434
22/01/2025 07:00;16,43;17,602
22/01/2025 08:00;17,532;20,236
22/01/2025 09:00;18,553;22,924
22/01/2025 10:00;18,376;22,91
22/01/2025 11:00;17,512;22,44
22/01/2025 12:00;16,216;19,187
22/01/2025 13:00;17,107;20,318
22/01/2025 14:00;17,146;20,128
22/01/2025 15:00;17,416;20,261
22/01/2025 16:00;15,419;18,702
22/01/2025 17:00;14,828;16,988
22/01/2025 18:00;14,544;16,261
22/01/2025 19:00;16,437;17,696
22/01/2025 20:00;14,478;20,96
22/01/2025 21:00;13,304;16,761
22/01/2025 22:00;12,88;15,361
22/01/2025 23:00;12,006;14,76
23/01/2025 00:00;10,013;14,398
23/01/2025 01:00;12,905;15,948
23/01/2025 02:00;10,28;14,592
23/01/2025 03:00;8,003;14,239
23/01/2025 04:00;9,206;14,211
23/01/2025 05:00;9,321;14,139
23/01/2025 06:00;8,797;14,092
23/01/2025 07:00;13,155;15,539
23/01/2025 08:00;15,043;16,419
23/01/2025 09:00;16,58;18,326
23/01/2025 10:00;13,147;17,332
23/01/2025 11:00;9,296;14,092
23/01/2025 12:00;9,715;13,593
23/01/2025 13:00;8,591;14,603
23/01/2025 14:00;12,271;14,239
23/01/2025 15:00;10,499;14,176
23/01/2025 16:00;7,721;14,443
23/01/2025 17:00;8,653;14,472
23/01/2025 18:00;10,073;14,528
23/01/2025 19:00;12,082;14,592
23/01/2025 20:00;10,069;14,546
23/01/2025 21:00;7,766;14,202
23/01/2025 22:00;8,403;13,963
23/01/2025 23:00;8,106;14,165
24/01/2025 00:00;8,18;13,762
24/01/2025 01:00;8,286;14,101
24/01/2025 02:00;8,108;13,817
24/01/2025 03:00;8,457;13,982
24/01/2025 04:00;8,066;13,863
24/01/2025 05:00;8,449;13,927
24/01/2025 06:00;8,037;13,991
24/01/2025 07:00;8,436;13,688
24/01/2025 08:00;8,019;13,872
24/01/2025 09:00;8,374;13,605
24/01/2025 10:00;8,126;13,789
24/01/2025 11:00;8,075;13,661
24/01/2025 12:00;8,066;13,661
24/01/2025 13:00;8,162;13,679
24/01/2025 14:00;7,981;13,623
24/01/2025 15:00;8,31;13,586
24/01/2025 16:00;8,882;13,744
24/01/2025 17:00;8,035;13,437
24/01/2025 18:00;8,218;13,138
24/01/2025 19:00;8,249;13,119
24/01/2025 20:00;8,488;13,063
24/01/2025 21:00;8,127;13,427
24/01/2025 22:00;8,098;13,651
24/01/2025 23:00;8,006;13,67
25/01/2025 00:00;8,08;13,586
25/01/2025 01:00;7,875;13,595
25/01/2025 02:00;8,282;13,493
25/01/2025 03:00;8,023;13,67
25/01/2025 04:00;8,041;13,53
25/01/2025 05:00;7,862;13,577
25/01/2025 06:00;8,219;13,427
25/01/2025 07:00;7,978;13,661
25/01/2025 08:00;9,167;13,642
25/01/2025 09:00;8,667;13,213
25/01/2025 10:00;8,225;13,633
25/01/2025 11:00;8,013;13,67
25/01/2025 12:00;7,857;13,343
25/01/2025 13:00;8,189;13,633
25/01/2025 14:00;8,098;13,67
25/01/2025 15:00;8,179;13,67
25/01/2025 16:00;8,053;13,67
25/01/2025 17:00;9,056;13,651
25/01/2025 18:00;8,012;13,753
25/01/2025 19:00;8,15;14,128
25/01/2025 20:00;8,016;13,927
25/01/2025 21:00;8,407;13,954
25/01/2025 22:00;8,06;13,908
25/01/2025 23:00;8,04;13,78
26/01/2025 00:00;8,398;14,073
26/01/2025 01:00;8,021;13,853
26/01/2025 02:00;8,054;13,604
26/01/2025 03:00;8,174;13,67
26/01/2025 04:00;9,117;13,623
26/01/2025 05:00;8,216;13,67
26/01/2025 06:00;7,666;13,67
26/01/2025 07:00;8,185;13,502
26/01/2025 08:00;8,189;13,67
26/01/2025 09:00;7,878;13,53
26/01/2025 10:00;8,299;13,493
26/01/2025 11:00;8,242;13,651
26/01/2025 12:00;8,06;13,651
26/01/2025 13:00;8,495;13,502
26/01/2025 14:00;9,168;13,558
26/01/2025 15:00;9,503;13,175
26/01/2025 16:00;9,977;13,465
26/01/2025 17:00;9,944;13,586
26/01/2025 18:00;8,671;13,427
26/01/2025 19:00;10,028;13,891
26/01/2025 20:00;8,668;13,623
26/01/2025 21:00;8,385;13,916
26/01/2025 22:00;7,894;13,688
26/01/2025 23:00;7,93;13,511
27/01/2025 00:00;8,197;13,633
27/01/2025 01:00;7,97;13,716
27/01/2025 02:00;8,002;13,679
27/01/2025 03:00;8,205;13,734
27/01/2025 04:00;8,039;13,853
27/01/2025 05:00;8,048;13,918
27/01/2025 06:00;8,158;13,89
27/01/2025 07:00;9,17;14,128
27/01/2025 08:00;9,279;14,229
27/01/2025 09:00;9,379;14,248
27/01/2025 10:00;8,774;12,865
27/01/2025 11:00;9,481;13,963
27/01/2025 12:00;10,589;14,138
27/01/2025 13:00;10,972;14,193
27/01/2025 14:00;11,882;14,416
27/01/2025 15:00;12,407;14,761
27/01/2025 16:00;12,369;14,826
27/01/2025 17:00;11,387;15,229
27/01/2025 18:00;11,064;14,78
27/01/2025 19:00;10,856;14,78
27/01/2025 20:00;10,79;14,853
27/01/2025 21:00;10,969;15,33
27/01/2025 22:00;10,926;15,303
27/01/2025 23:00;10,278;15,266
28/01/2025 00:00;9,856;15
28/01/2025 01:00;9,679;14,808
28/01/2025 02:00;9,564;14,78
28/01/2025 03:00;9,322;14,78
28/01/2025 04:00;9,372;14,78
28/01/2025 05:00;9,366;14,78
28/01/2025 06:00;9,132;14,771
28/01/2025 07:00;9,123;14,78
28/01/2025 08:00;9,719;14,771
28/01/2025 09:00;10,212;14,242
28/01/2025 10:00;9,957;13,361
28/01/2025 11:00;10,14;13,982
28/01/2025 12:00;10,113;13,982
28/01/2025 13:00;9,219;13,881
28/01/2025 14:00;8,051;13,918
28/01/2025 15:00;8,726;13,89
28/01/2025 16:00;8,974;13,762
28/01/2025 17:00;8,721;13,734
28/01/2025 18:00;9,037;14,028
28/01/2025 19:00;12,613;15,55
28/01/2025 20:00;11,049;15,293
28/01/2025 21:00;9,617;14,444
28/01/2025 22:00;8,598;14,425
28/01/2025 23:00;7,728;14,528
29/01/2025 00:00;7,348;14,257
29/01/2025 01:00;7,425;14,211
29/01/2025 02:00;7,501;14,165
29/01/2025 03:00;8,536;14,11
29/01/2025 04:00;9,106;14,037
29/01/2025 05:00;9,047;13,963
29/01/2025 06:00;9,037;13,918
29/01/2025 07:00;8,913;13,844
29/01/2025 08:00;8,691;13,472
29/01/2025 09:00;11,274;13,798
29/01/2025 10:00;10,267;13,612
29/01/2025 11:00;9,818;13,661
29/01/2025 12:00;12,847;14,66
29/01/2025 13:00;12,228;14,593
29/01/2025 14:00;10,494;14,307
29/01/2025 15:00;8,796;13,873
29/01/2025 16:00;12,328;14,289
29/01/2025 17:00;14,504;16,222
29/01/2025 18:00;16,862;19,078
29/01/2025 19:00;16,291;17,707
29/01/2025 20:00;14,969;16,755
29/01/2025 21:00;13,909;15,574
29/01/2025 22:00;12,285;14,768
29/01/2025 23:00;10,879;14,258
30/01/2025 00:00;8,919;14,193
30/01/2025 01:00;9,101;14,193
30/01/2025 02:00;9,144;14,22
30/01/2025 03:00;9,116;14,165
30/01/2025 04:00;9,132;14,22
30/01/2025 05:00;9,089;14,202
30/01/2025 06:00;10,309;14,622
30/01/2025 07:00;13,449;15,397
30/01/2025 08:00;15,519;16,378
30/01/2025 09:00;13,198;14,092
30/01/2025 10:00;11,752;13,854
30/01/2025 11:00;11,99;13,938
30/01/2025 12:00;13,208;15,411
30/01/2025 13:00;10,87;14,687
30/01/2025 14:00;12,845;15,204
30/01/2025 15:00;11,914;15,01
30/01/2025 16:00;12,277;14,76
30/01/2025 17:00;13,499;15,697
30/01/2025 18:00;15,356;16,711
30/01/2025 19:00;15,176;16,808
30/01/2025 20:00;14,338;16,402
30/01/2025 21:00;12,764;15,946
30/01/2025 22:00;12,744;15,473
30/01/2025 23:00;11,744;14,982
31/01/2025 00:00;9,952;14,872
31/01/2025 01:00;8,732;14,863
31/01/2025 02:00;9,118;14,752
31/01/2025 03:00;8,899;14,379
31/01/2025 04:00;8,743;14,267
31/01/2025 05:00;8,799;14,22
31/01/2025 06:00;8,839;14,22
31/01/2025 07:00;10,563;14,756
31/01/2025 08:00;13,404;15,214
31/01/2025 09:00;13,54;15,592
31/01/2025 10:00;14,731;15,653
31/01/2025 11:00;10,362;14,027
31/01/2025 12:00;10,448;13,707
31/01/2025 13:00;9,251;13,661
31/01/2025 14:00;7,961;13,679
31/01/2025 15:00;8,219;13,688
31/01/2025 16:00;10,626;14,085
31/01/2025 17:00;12,442;14,408
31/01/2025 18:00;13,004;15,448
31/01/2025 19:00;15,926;16,724
31/01/2025 20:00;13,479;15,623
31/01/2025 21:00;13,212;14,796
31/01/2025 22:00;13,361;14,833
31/01/2025 23:00;12,808;14,519
01/02/2025 00:00;11,419;14,215
01/02/2025 01:00;11,614;14,066
01/02/2025 02:00;11,364;14,149
01/02/2025 03:00;11,048;14,622
01/02/2025 04:00;8,09;13,863
01/02/2025 05:00;8,033;13,67
01/02/2025 06:00;9,901;14,292
01/02/2025 07:00;13,124;15,658
01/02/2025 08:00;16,608;18,192
01/02/2025 09:00;14,809;17,487
01/02/2025 10:00;13,065;15,541
01/02/2025 11:00;8,73;14,584
01/02/2025 12:00;8,315;14,472
01/02/2025 13:00;11,018;14,862
01/02/2025 14:00;11,916;14,658
01/02/2025 15:00;12,322;15,24
01/02/2025 16:00;11,955;14,667
01/02/2025 17:00;14,233;15,668
01/02/2025 18:00;14,702;16,315
01/02/2025 19:00;14,535;16,243
01/02/2025 20:00;11,72;15,215
01/02/2025 21:00;11,696;15,028
01/02/2025 22:00;12,991;15,306
01/02/2025 23:00;11,216;15,074
02/02/2025 00:00;12,551;15,154
02/02/2025 01:00;11,674;14,416
02/02/2025 02:00;13,626;15,287
02/02/2025 03:00;13,872;15,519
02/02/2025 04:00;15,35;16,39
02/02/2025 05:00;16,937;18,652
02/02/2025 06:00;17,426;20,572
02/02/2025 07:00;14,19;16,836
02/02/2025 08:00;14,263;15,965
02/02/2025 09:00;14,411;15,937
02/02/2025 10:00;12,169;14,861
02/02/2025 11:00;11,218;14,147
02/02/2025 12:00;11,341;14,166
02/02/2025 13:00;10,046;13,89
02/02/2025 14:00;8,117;13,698
02/02/2025 15:00;9,856;14,177
02/02/2025 16:00;11,8;14,211
02/02/2025 17:00;12,993;14,987
02/02/2025 18:00;14,207;15,986
02/02/2025 19:00;14,879;16,287
02/02/2025 20:00;17,519;19,94
02/02/2025 21:00;15,778;18,4
02/02/2025 22:00;13,151;15,661
02/02/2025 23:00;12,805;15,222
03/02/2025 00:00;12;15,029
03/02/2025 01:00;13,941;15,613
03/02/2025 02:00;11,576;14,406
03/02/2025 03:00;11,988;14,778
03/02/2025 04:00;13,327;15,214
03/02/2025 05:00;13,352;15,251
03/02/2025 06:00;15,097;16,38
03/02/2025 07:00;16,411;17,604
03/02/2025 08:00;18,818;23,165
03/02/2025 09:00;17,835;21,024
03/02/2025 10:00;18,193;22,534
03/02/2025 11:00;13,932;17,8
03/02/2025 12:00;13,753;15,419
03/02/2025 13:00;11,038;13,993
03/02/2025 14:00;12,556;14,585
03/02/2025 15:00;11,42;13,983
03/02/2025 16:00;13,54;14,827
03/02/2025 17:00;15,706;16,495
03/02/2025 18:00;17,128;19,142
03/02/2025 19:00;18,608;22,993
03/02/2025 20:00;18,441;23,032
03/02/2025 21:00;18,31;22,816
03/02/2025 22:00;17,435;21,244
03/02/2025 23:00;11,644;16,74
04/02/2025 00:00;12,676;14,696
04/02/2025 01:00;12,512;15,996
04/02/2025 02:00;12,137;14,502
04/02/2025 03:00;13,015;14,483
04/02/2025 04:00;13,121;14,732
04/02/2025 05:00;11,236;13,659
04/02/2025 06:00;15,587;16,203
04/02/2025 07:00;15,761;16,678
04/02/2025 08:00;18,68;22,669
04/02/2025 09:00;10,748;18,009
04/02/2025 10:00;9,159;11,705
04/02/2025 11:00;8,894;14,677
04/02/2025 12:00;7,333;13,185
04/02/2025 13:00;9,091;13,555
04/02/2025 14:00;9,558;12,146
04/02/2025 15:00;10,411;14,25
04/02/2025 16:00;11,121;13,483
04/02/2025 17:00;15,181;15,77
04/02/2025 18:00;12,594;15,197
04/02/2025 19:00;16,217;20,084
04/02/2025 20:00;16,527;18,904
04/02/2025 21:00;16,322;22,333
04/02/2025 22:00;13,324;16,199
04/02/2025 23:00;12,934;18,695
05/02/2025 00:00;13,948;15,872
05/02/2025 01:00;13,402;16,747
05/02/2025 02:00;11,894;14,419
05/02/2025 03:00;10,23;13,835
05/02/2025 04:00;8,21;13,67
05/02/2025 05:00;10,414;13,974
05/02/2025 06:00;13,641;15,268
05/02/2025 07:00;15,656;16,627
05/02/2025 08:00;15,387;16,422
05/02/2025 09:00;14,175;15,818
05/02/2025 10:00;14,5;16,105
05/02/2025 11:00;13,808;17,695
05/02/2025 12:00;12,011;14,973
05/02/2025 13:00;10,881;13,845
05/02/2025 14:00;11,304;13,844
05/02/2025 15:00;13,225;13,305
05/02/2025 16:00;13,86;14,407
05/02/2025 17:00;15,198;15,371
05/02/2025 18:00;13,638;14,879
05/02/2025 19:00;15,02;15,638
05/02/2025 20:00;16,336;18,352
05/02/2025 21:00;15,522;15,946
05/02/2025 22:00;12,984;14,12
05/02/2025 23:00;11,821;13,639
06/02/2025 00:00;10,922;13,164
06/02/2025 01:00;11,493;13,137
06/02/2025 02:00;12,784;13,971
06/02/2025 03:00;12,999;13,971
06/02/2025 04:00;11,768;13,238
06/02/2025 05:00;9,829;12,559
06/02/2025 06:00;13,354;13,943
06/02/2025 07:00;15,177;15,37
06/02/2025 08:00;16,014;16,412
06/02/2025 09:00;16,492;18,1
06/02/2025 10:00;14,999;17,378
06/02/2025 11:00;7,367;12,588
06/02/2025 12:00;9,461;12,748
06/02/2025 13:00;12,983;14,944
06/02/2025 14:00;19,03;15,75
06/02/2025 15:00;13,151;13,722
06/02/2025 16:00;10,728;12,37
06/02/2025 17:00;14,421;14,843
06/02/2025 18:00;12,436;13,511
06/02/2025 19:00;15,248;14,932
06/02/2025 20:00;17,179;18,681
06/02/2025 21:00;15,996;19,252
06/02/2025 22:00;12,121;14,393
06/02/2025 23:00;10,538;12,524
07/02/2025 00:00;10,826;12,478
07/02/2025 01:00;11,327;12,541
07/02/2025 02:00;7,753;12,046
07/02/2025 03:00;10,095;12,629
07/02/2025 04:00;7,823;12,009
07/02/2025 05:00;8,045;13,575
07/02/2025 06:00;11,321;13,683
07/02/2025 07:00;14,848;15,148
07/02/2025 08:00;14,6;15,446
07/02/2025 09:00;14,64;15,027
07/02/2025 10:00;14,02;13,563
07/02/2025 11:00;14,158;14,131
07/02/2025 12:00;11,874;12,438
07/02/2025 13:00;13,483;13,319
07/02/2025 14:00;11,88;12,737
07/02/2025 15:00;12,899;12,861
07/02/2025 16:00;13,501;13,446
07/02/2025 17:00;14,062;13,871
07/02/2025 18:00;13,929;13,74
07/02/2025 19:00;13,367;13,464
07/02/2025 20:00;11,844;12,488
07/02/2025 21:00;11,983;12,449
07/02/2025 22:00;12,02;12,458
07/02/2025 23:00;12,01;12,487
08/02/2025 00:00;11,361;12,508
08/02/2025 01:00;7,624;12,174
08/02/2025 02:00;7,654;12,504
08/02/2025 03:00;7,66;12,541
08/02/2025 04:00;7,583;12,367
08/02/2025 05:00;7,663;12,119
08/02/2025 06:00;7,558;12,009
08/02/2025 07:00;7,98;12,092
08/02/2025 08:00;11,705;12,572
08/02/2025 09:00;12,11;12,541
08/02/2025 10:00;11,375;12,587
08/02/2025 11:00;10,693;12,243
08/02/2025 12:00;11,308;12,297
08/02/2025 13:00;10,445;12,114
08/02/2025 14:00;10,742;12,216
08/02/2025 15:00;10,192;12,009
08/02/2025 16:00;10,653;12,198
08/02/2025 17:00;13,834;13,703
08/02/2025 18:00;14,264;14,298
08/02/2025 19:00;13,94;14,019
08/02/2025 20:00;14,982;14,556
08/02/2025 21:00;11,316;12,584
08/02/2025 22:00;11,152;12,262
08/02/2025 23:00;9,529;11,718
09/02/2025 00:00;10,866;12,22
09/02/2025 01:00;10,031;11,6
09/02/2025 02:00;10,588;11,718
09/02/2025 03:00;10,235;11,727
09/02/2025 04:00;10,169;11,552
09/02/2025 05:00;9,617;11,25
09/02/2025 06:00;9,777;11,283
09/02/2025 07:00;9,694;11,375
09/02/2025 08:00;10,099;11,533
09/02/2025 09:00;10,049;11,6
09/02/2025 10:00;9,125;11,3
09/02/2025 11:00;8,932;11,4
09/02/2025 12:00;7,727;11,45
09/02/2025 13:00;7,073;11,5
09/02/2025 14:00;7,016;11,5
09/02/2025 15:00;9,402;12,14
09/02/2025 16:00;11,148;12,287
09/02/2025 17:00;15,42;15,584
09/02/2025 18:00;15,777;16,057
09/02/2025 19:00;16,847;18,594
09/02/2025 20:00;17,189;19,898
09/02/2025 21:00;15,896;17,468
09/02/2025 22:00;12,308;14,464
09/02/2025 23:00;12,044;13,613
10/02/2025 00:00;8,253;12,774
10/02/2025 01:00;7,582;12,569
10/02/2025 02:00;8,63;12,783
10/02/2025 03:00;7,681;12,55
10/02/2025 04:00;7,908;13,257
10/02/2025 05:00;7,567;12,615
10/02/2025 06:00;9,297;12,699
10/02/2025 07:00;12,682;13,399
10/02/2025 08:00;13,989;14,916
10/02/2025 09:00;8,112;12,525
10/02/2025 10:00;15,262;27,008
10/02/2025 11:00;17,253;30,776
10/02/2025 12:00;15,822;28,946
10/02/2025 13:00;16,014;28,933
10/02/2025 14:00;17,17;30,225
10/02/2025 15:00;17,749;30,913
10/02/2025 16:00;16,697;29,686
10/02/2025 17:00;19,187;27,978
10/02/2025 18:00;16,2;17,555
10/02/2025 19:00;16,297;16,871
10/02/2025 20:00;16,439;16,807
10/02/2025 21:00;15,152;17,044
10/02/2025 22:00;9,852;14,168
10/02/2025 23:00;7,868;13,67
11/02/2025 00:00;8,166;13,623
11/02/2025 01:00;8,737;13,623
11/02/2025 02:00;10,206;14,04
11/02/2025 03:00;11,911;13,947
11/02/2025 04:00;13,593;15,409
11/02/2025 05:00;12,084;14,232
11/02/2025 06:00;11,392;13,845
11/02/2025 07:00;12,445;14,159
11/02/2025 08:00;13,875;15,197
11/02/2025 09:00;11,859;17,421
11/02/2025 10:00;20,528;34,526
11/02/2025 11:00;19,434;30,574
11/02/2025 12:00;11,2;16,727
11/02/2025 13:00;10,929;13,129
11/02/2025 14:00;15,536;15,631
11/02/2025 15:00;13,203;15,761
11/02/2025 16:00;13,619;14,408
11/02/2025 17:00;15,555;15,899
11/02/2025 18:00;16,625;18,548
11/02/2025 19:00;17,655;20,908
11/02/2025 20:00;17,297;20,369
11/02/2025 21:00;18,175;22,386
11/02/2025 22:00;16,483;19,187
11/02/2025 23:00;12,861;14,63
12/02/2025 00:00;12,481;14,454
12/02/2025 01:00;10,878;13,24
12/02/2025 02:00;7,792;12,951
12/02/2025 03:00;7,899;12,802
12/02/2025 04:00;11,458;13,805
12/02/2025 05:00;10,106;12,886
12/02/2025 06:00;12,32;14,739
12/02/2025 07:00;12,522;14,872
12/02/2025 08:00;9,688;13,545
12/02/2025 09:00;11,854;19,379
12/02/2025 10:00;8,78;14,545
12/02/2025 11:00;11,711;14,012
12/02/2025 12:00;14,893;18,686
12/02/2025 13:00;10,845;15,632
12/02/2025 14:00;13,333;14,177
12/02/2025 15:00;12,962;14,01
12/02/2025 16:00;14,249;14,952
12/02/2025 17:00;14,877;15,502
12/02/2025 18:00;15,875;16,969
12/02/2025 19:00;19,065;23,488
12/02/2025 20:00;17,687;22,361
12/02/2025 21:00;17,345;21,326
12/02/2025 22:00;13,755;15,828
12/02/2025 23:00;12,624;14,695
13/02/2025 00:00;11,054;13,622
13/02/2025 01:00;11,955;14,056
13/02/2025 02:00;10,829;13,768
13/02/2025 03:00;7,668;13,157
13/02/2025 04:00;9,085;13,258
13/02/2025 05:00;10,105;13,101
13/02/2025 06:00;10,642;13,62
13/02/2025 07:00;14,399;15,168
13/02/2025 08:00;16,364;17,797
13/02/2025 09:00;17,399;21,03
13/02/2025 10:00;14,604;16,357
13/02/2025 11:00;14,348;15,566
13/02/2025 12:00;13,825;14,639
13/02/2025 13:00;12,643;13,278
13/02/2025 14:00;14,513;13,545
13/02/2025 15:00;15,174;15,277
13/02/2025 16:00;12,476;13,722
13/02/2025 17:00;15,564;15,612
13/02/2025 18:00;14,87;16,351
13/02/2025 19:00;17,022;20,651
13/02/2025 20:00;16,505;19,725
13/02/2025 21:00;16,587;19,546
13/02/2025 22:00;13,25;16,193
13/02/2025 23:00;12,722;14,084
14/02/2025 00:00;10,544;12,988
14/02/2025 01:00;10,267;12,96
14/02/2025 02:00;7,71;13,091
14/02/2025 03:00;7,934;13,212
14/02/2025 04:00;8,117;13,11
14/02/2025 05:00;7,552;13,11
14/02/2025 06:00;9,838;13,611
14/02/2025 07:00;11,181;13,601
14/02/2025 08:00;13,542;15,093
14/02/2025 09:00;12,354;13,871
14/02/2025 10:00;10,465;13,462
14/02/2025 11:00;7,324;11,9
14/02/2025 12:00;8,301;13,297
14/02/2025 13:00;9,716;18,044
14/02/2025 14:00;8,105;13,833
14/02/2025 15:00;8,095;13,11
14/02/2025 16:00;8,254;13,11
14/02/2025 17:00;10,818;17,583
14/02/2025 18:00;14,721;16,191
14/02/2025 19:00;14,649;18,238
14/02/2025 20:00;15,603;18,136
14/02/2025 21:00;12,816;15,224
14/02/2025 22:00;12,992;14,851
14/02/2025 23:00;10,209;13,676
15/02/2025 00:00;11,627;13,973
15/02/2025 01:00;10,429;13,231
15/02/2025 02:00;10,767;14,491
15/02/2025 03:00;8,51;13,278
15/02/2025 04:00;7,645;13,175
15/02/2025 05:00;8,227;13,11
15/02/2025 06:00;11,117;14,12
15/02/2025 07:00;11,577;13,629
15/02/2025 08:00;12,971;14,852
15/02/2025 09:00;13,754;15,122
15/02/2025 10:00;11,339;14,158
15/02/2025 11:00;10,086;13,045
15/02/2025 12:00;10,351;13,017
15/02/2025 13:00;8,562;12,905
15/02/2025 14:00;7,716;12,811
15/02/2025 15:00;8,083;13,017
15/02/2025 16:00;9,897;13,517
15/02/2025 17:00;11,958;13,592
15/02/2025 18:00;15,648;16,471
15/02/2025 19:00;16,39;18,621
15/02/2025 20:00;15,54;17,966
15/02/2025 21:00;14,845;16,673
15/02/2025 22:00;11,882;13,768
15/02/2025 23:00;11,987;13,816
16/02/2025 00:00;12,887;14,269
16/02/2025 01:00;11,654;13,548
16/02/2025 02:00;11,346;13,481
16/02/2025 03:00;12,373;13,973
16/02/2025 04:00;10,823;13,147
16/02/2025 05:00;9,874;12,933
16/02/2025 06:00;10,687;14,249
16/02/2025 07:00;11,056;15,9
16/02/2025 08:00;10,965;15,632
16/02/2025 09:00;11,177;16,198
16/02/2025 10:00;10,501;14,399
16/02/2025 11:00;10,364;14,39
16/02/2025 12:00;10,176;13,138
16/02/2025 13:00;8,787;13,045
16/02/2025 14:00;7,412;12,858
16/02/2025 15:00;7,889;12,793
16/02/2025 16:00;9,575;13,313
16/02/2025 17:00;11,045;13,082
16/02/2025 18:00;14,202;15,048
16/02/2025 19:00;15,321;16,049
16/02/2025 20:00;16,698;18,713
16/02/2025 21:00;16,364;20,518
16/02/2025 22:00;12,106;15,208
16/02/2025 23:00;11,772;13,76
17/02/2025 00:00;12,277;14,8
17/02/2025 01:00;11,121;13,583
17/02/2025 02:00;11,119;13,388
17/02/2025 03:00;10,894;13,212
17/02/2025 04:00;12,218;13,805
17/02/2025 05:00;10,489;13,156
17/02/2025 06:00;10,28;13,063
17/02/2025 07:00;14,416;15,222
17/02/2025 08:00;15,306;15,631
17/02/2025 09:00;14,511;16,985
17/02/2025 10:00;10,529;15,499
17/02/2025 11:00;9,149;12,616
17/02/2025 12:00;7,905;13,248
17/02/2025 13:00;10,044;12,57
17/02/2025 14:00;11,09;13,1
17/02/2025 15:00;7,815;12,915
17/02/2025 16:00;10,52;12,858
17/02/2025 17:00;11,473;13,202
17/02/2025 18:00;14,652;14,778
17/02/2025 19:00;15,866;16,664
17/02/2025 20:00;14,618;15,91
17/02/2025 21:00;14,943;16,049
17/02/2025 22:00;13,314;14,352
17/02/2025 23:00;11,434;13,916
18/02/2025 00:00;11,061;12,774
18/02/2025 01:00;9,917;12,625
18/02/2025 02:00;9,005;12,541
18/02/2025 03:00;7,786;12,513
18/02/2025 04:00;7,78;12,513
18/02/2025 05:00;8,166;12,504
18/02/2025 06:00;10,383;12,616
18/02/2025 07:00;15,162;15,269
18/02/2025 08:00;19,71;20,642
18/02/2025 09:00;22,895;24,375
18/02/2025 10:00;13,01;17,739
18/02/2025 11:00;7,227;12,839
18/02/2025 12:00;7,672;12,55
18/02/2025 13:00;8,618;12,468
18/02/2025 14:00;7,747;12,248
18/02/2025 15:00;7,895;12,443
18/02/2025 16:00;8,297;12,477
18/02/2025 17:00;9,996;12,709
18/02/2025 18:00;13,304;14,017
18/02/2025 19:00;10,563;13,451
18/02/2025 20:00;10,753;13,007
18/02/2025 21:00;8,601;12,56
18/02/2025 22:00;7,673;12,523
18/02/2025 23:00;7,733;12,523
19/02/2025 00:00;7,74;12,44
19/02/2025 01:00;8,215;12,449
19/02/2025 02:00;8,023;12,458
19/02/2025 03:00;8,18;12,523
19/02/2025 04:00;8,213;12,486
19/02/2025 05:00;8,32;12,532
19/02/2025 06:00;10,634;12,551
19/02/2025 07:00;9,907;12,615
19/02/2025 08:00;8,819;12,523
19/02/2025 09:00;11,353;12,793
19/02/2025 10:00;8,348;13,582
19/02/2025 11:00;7,613;13,649
19/02/2025 12:00;7,811;12,56
19/02/2025 13:00;13,266;24,552
19/02/2025 14:00;11,362;21,838
19/02/2025 15:00;9,466;14
19/02/2025 16:00;11,785;13,49
19/02/2025 17:00;14,626;15,244
19/02/2025 18:00;16,615;16,819
19/02/2025 19:00;19,343;19,48
19/02/2025 20:00;14,02;15,835
19/02/2025 21:00;15,222;16,921
19/02/2025 22:00;11,402;13,696
19/02/2025 23:00;8,637;12,625
20/02/2025 00:00;9,36;12,866
20/02/2025 01:00;8,321;12,97
20/02/2025 02:00;8,004;14,065
20/02/2025 03:00;8,499;12,793
20/02/2025 04:00;7,946;12,55
20/02/2025 05:00;8,11;12,774
20/02/2025 06:00;9,708;12,643
20/02/2025 07:00;10,073;14,26
20/02/2025 08:00;20,863;23,359
20/02/2025 09:00;13,257;19,99
20/02/2025 10:00;11,879;14,877
20/02/2025 11:00;14,703;13,85
20/02/2025 12:00;11,612;14,111
20/02/2025 13:00;14,069;15,216
20/02/2025 14:00;6,784;4,034
20/02/2025 15:00;7,898;10,564
20/02/2025 16:00;7,673;12,449
20/02/2025 17:00;8,782;11,95
20/02/2025 18:00;12,749;13,323
20/02/2025 19:00;15,133;15,509
20/02/2025 20:00;12,394;13,739
20/02/2025 21:00;12,747;13,444
20/02/2025 22:00;10,477;12,193
20/02/2025 23:00;8,332;12
21/02/2025 00:00;7,793;12
21/02/2025 01:00;8,429;12
21/02/2025 02:00;8,737;12,084
21/02/2025 03:00;8,609;12,009
21/02/2025 04:00;8,821;12
21/02/2025 05:00;8,715;12
21/02/2025 06:00;8,752;12
21/02/2025 07:00;8,639;12
21/02/2025 08:00;9,812;12,119
21/02/2025 09:00;7,967;12
21/02/2025 10:00;8,609;12,064
21/02/2025 11:00;8,62;12,064
21/02/2025 12:00;8,561;11,993
21/02/2025 13:00;8,742;11,917
21/02/2025 14:00;8,486;11,917
21/02/2025 15:00;8,357;11,933
21/02/2025 16:00;8,137;11,983
21/02/2025 17:00;8,286;12
21/02/2025 18:00;8,182;12
21/02/2025 19:00;8,387;12
21/02/2025 20:00;8,462;12,009
21/02/2025 21:00;8,713;12,009
21/02/2025 22:00;10,005;12,184
21/02/2025 23:00;7,557;12,037
22/02/2025 00:00;8,066;12,064
22/02/2025 01:00;8,505;12,312
22/02/2025 02:00;8,452;12
22/02/2025 03:00;8,268;12,009
22/02/2025 04:00;9,931;12,332
22/02/2025 05:00;12,111;12,532
22/02/2025 06:00;12,135;12,69
22/02/2025 07:00;9,254;12,737
22/02/2025 08:00;8,624;12,55
22/02/2025 09:00;9,068;12,643
22/02/2025 10:00;8,956;13,129
22/02/2025 11:00;9,314;13,595
22/02/2025 12:00;13,133;14,447
22/02/2025 13:00;9,534;14,14
22/02/2025 14:00;9,053;13,11
22/02/2025 15:00;9,222;13,231
22/02/2025 16:00;8,675;12,821
22/02/2025 17:00;9,177;12,811
22/02/2025 18:00;14,767;15,057
22/02/2025 19:00;15,62;16,282
22/02/2025 20:00;15,833;16,559
22/02/2025 21:00;15,298;16,244
22/02/2025 22:00;15,809;16,717
22/02/2025 23:00;14,117;13,795
23/02/2025 00:00;9,947;13,128
23/02/2025 01:00;9,925;13,332
23/02/2025 02:00;8,258;12,699
23/02/2025 03:00;9,171;12,55
23/02/2025 04:00;9,225;12,55
23/02/2025 05:00;9,618;12,55
23/02/2025 06:00;10,808;12,829
23/02/2025 07:00;10,888;12,755
23/02/2025 08:00;12,628;13,284
23/02/2025 09:00;8,425;12,588
23/02/2025 10:00;8,932;12,468
23/02/2025 11:00;8,939;12,321
23/02/2025 12:00;8,798;12,174
23/02/2025 13:00;8,71;12,092
23/02/2025 14:00;8,668;12,092
23/02/2025 15:00;8,773;12,11
23/02/2025 16:00;8,817;12,202
23/02/2025 17:00;9,017;12,284
23/02/2025 18:00;11,15;12,608
23/02/2025 19:00;9,5;12,495
23/02/2025 20:00;9,142;12,551
23/02/2025 21:00;8,888;12,385
23/02/2025 22:00;9,291;12,293
23/02/2025 23:00;9,332;12,193
24/02/2025 00:00;9,46;12,165
24/02/2025 01:00;9,327;12,147
24/02/2025 02:00;9,564;12,266
24/02/2025 03:00;9,433;12,238
24/02/2025 04:00;9,499;12,284
24/02/2025 05:00;9,331;12,266
24/02/2025 06:00;10,691;12,469
24/02/2025 07:00;11,446;12,552
24/02/2025 08:00;10,888;12,867
24/02/2025 09:00;12,249;12,802
24/02/2025 10:00;9,169;11,86
24/02/2025 11:00;8,274;11,983
24/02/2025 12:00;8,564;12
24/02/2025 13:00;8,626;11,967
24/02/2025 14:00;8,559;11,9
24/02/2025 15:00;8,465;11,867
24/02/2025 16:00;8,652;11,85
24/02/2025 17:00;10,454;11,992
24/02/2025 18:00;12,047;12,506
24/02/2025 19:00;11,554;12,569
24/02/2025 20:00;12,23;12,562
24/02/2025 21:00;10,756;12,185
24/02/2025 22:00;11,459;12,055
24/02/2025 23:00;9,454;12,018
25/02/2025 00:00;12,059;12,049
25/02/2025 01:00;8,533;11,95
25/02/2025 02:00;8,827;11,983
25/02/2025 03:00;8,685;11,983
25/02/2025 04:00;8,76;11,983
25/02/2025 05:00;8,269;11,883
25/02/2025 06:00;11,82;12,038
25/02/2025 07:00;11,41;12,138
25/02/2025 08:00;12,696;13,211
25/02/2025 09:00;9,786;13,061
25/02/2025 10:00;6,118;11,31
25/02/2025 11:00;6,69;12,121
25/02/2025 12:00;7,538;12,275
25/02/2025 13:00;8,198;12,914
25/02/2025 14:00;7,966;12,541
25/02/2025 15:00;7,945;12,486
25/02/2025 16:00;8,322;12,468
25/02/2025 17:00;8,2;12,449
25/02/2025 18:00;13,108;12,97
25/02/2025 19:00;13,935;14,146
25/02/2025 20:00;13,929;15,539
25/02/2025 21:00;13,498;15,501
25/02/2025 22:00;11,961;14,306
25/02/2025 23:00;11,18;12,941
26/02/2025 00:00;8,64;12,431
26/02/2025 01:00;9,025;12,551
26/02/2025 02:00;8,922;12,569
26/02/2025 03:00;9,123;12,663
26/02/2025 04:00;8,986;12,551
26/02/2025 05:00;8,86;12,403
26/02/2025 06:00;9,406;12,394
26/02/2025 07:00;12,693;13,628
26/02/2025 08:00;11,779;12,793
26/02/2025 09:00;10,715;12,692
26/02/2025 10:00;7,245;11,271
26/02/2025 11:00;8,032;10,746
26/02/2025 12:00;8,523;12,211
26/02/2025 13:00;7,989;12,009
26/02/2025 14:00;7,287;12
26/02/2025 15:00;7,299;12
26/02/2025 16:00;9,315;12,007
26/02/2025 17:00;9,002;12,609
26/02/2025 18:00;10,79;12,803
26/02/2025 19:00;10,228;12,313
26/02/2025 20:00;10,048;12,238
26/02/2025 21:00;10,598;12,415
26/02/2025 22:00;10,831;12,378
26/02/2025 23:00;9,525;12,223
27/02/2025 00:00;8,668;12,138
27/02/2025 01:00;8,551;12,462
27/02/2025 02:00;8,589;12,303
27/02/2025 03:00;8,451;12,037
27/02/2025 04:00;8,08;12,055
27/02/2025 05:00;8,316;12,055
27/02/2025 06:00;9,49;12,157
27/02/2025 07:00;10,292;12,11
27/02/2025 08:00;10,317;12,064
27/02/2025 09:00;10,409;12,165
27/02/2025 10:00;9,846;11,225
27/02/2025 11:00;7,771;11,943
27/02/2025 12:00;8,562;12,014
27/02/2025 13:00;9,627;12,877
27/02/2025 14:00;11,916;12,924
27/02/2025 15:00;9,733;12,578
27/02/2025 16:00;11,09;12,867
27/02/2025 17:00;9,981;12,344
27/02/2025 18:00;8,854;11,233
27/02/2025 19:00;9,081;11,383
27/02/2025 20:00;9,56;11,317
27/02/2025 21:00;8,76;11,083
27/02/2025 22:00;8,225;11,183
27/02/2025 23:00;8,244;11,1
28/02/2025 00:00;9,459;11,283
28/02/2025 01:00;8,17;11,167
28/02/2025 02:00;7,165;11,018
28/02/2025 03:00;7,486;11,05
28/02/2025 04:00;7,467;11,017
28/02/2025 05:00;8,331;11,067
28/02/2025 06:00;13,233;11,965
28/02/2025 07:00;16,029;14,024
28/02/2025 08:00;15,094;18,477
28/02/2025 09:00;11,845;14,809
28/02/2025 10:00;11,697;12,296
28/02/2025 11:00;7,475;10,956
28/02/2025 12:00;10,477;11,517
28/02/2025 13:00;10,214;11,163
28/02/2025 14:00;8,766;11,578
28/02/2025 15:00;7,874;11,025
28/02/2025 16:00;7,896;11,622
28/02/2025 17:00;12,609;11,72
28/02/2025 18:00;12,137;13,059
28/02/2025 19:00;15,638;15,686
28/02/2025 20:00;14,391;16,22
28/02/2025 21:00;14,709;15,266
28/02/2025 22:00;11,258;12,67
28/02/2025 23:00;7,409;11,327
01/03/2025 00:00;10,444;12,104
01/03/2025 01:00;9,578;12,016
01/03/2025 02:00;9,745;12,609
01/03/2025 03:00;8,27;11,896
01/03/2025 04:00;8,244;11,8
01/03/2025 05:00;9,166;11,799
01/03/2025 06:00;8,496;11,86
01/03/2025 07:00;9,6;11,86
01/03/2025 08:00;9,716;11,877
01/03/2025 09:00;9,751;11,889
01/03/2025 10:00;8,126;11,766
01/03/2025 11:00;7,066;11,971
01/03/2025 12:00;6,425;11,714
01/03/2025 13:00;6,853;11,5
03/03/2025 21:00;9,907;11,183
03/03/2025 22:00;9,269;11,008
03/03/2025 23:00;8,183;10,958
04/03/2025 00:00;8,331;10,983
04/03/2025 01:00;6,786;10,825
04/03/2025 02:00;7,143;11,3
04/03/2025 03:00;6,666;11,083
04/03/2025 04:00;7,112;10,725
04/03/2025 05:00;6,87;10,992
04/03/2025 06:00;10,204;11,084
04/03/2025 07:00;10,686;11,217
04/03/2025 08:00;10,379;11,308
04/03/2025 09:00;9,518;11,162
04/03/2025 10:00;8,506;10,692
04/03/2025 11:00;7,636;10,982
04/03/2025 12:00;6,938;10,576
04/03/2025 13:00;7,562;10,325
04/03/2025 14:00;7,41;10,467
04/03/2025 15:00;7,243;10,658
04/03/2025 16:00;7,468;10,575
04/03/2025 17:00;7,086;10,6
04/03/2025 18:00;11,582;12,026
04/03/2025 19:00;12,532;12,652
04/03/2025 20:00;13,079;12,84
04/03/2025 21:00;10,564;11,401
04/03/2025 22:00;9,973;11,058
04/03/2025 23:00;10,111;11,283
05/03/2025 00:00;8,991;10,917
05/03/2025 01:00;7,7;10,933
05/03/2025 02:00;6,575;10,942
05/03/2025 03:00;6,838;10,942
05/03/2025 04:00;6,83;10,667
05/03/2025 05:00;10,618;11,231
05/03/2025 06:00;9,298;10,983
05/03/2025 07:00;9,717;11,042
05/03/2025 08:00;8,552;10,942
05/03/2025 09:00;8,379;10,908
05/03/2025 10:00;6,503;10,159
05/03/2025 11:00;5,903;10,542
05/03/2025 12:00;6,828;10,192
05/03/2025 13:00;6,584;10,5
05/03/2025 14:00;5,666;10,45
05/03/2025 20:00;8,536;10,694
05/03/2025 21:00;9,485;10,8
05/03/2025 22:00;9,22;10,758
05/03/2025 23:00;8,949;10,7
06/03/2025 00:00;7,57;10,617
06/03/2025 01:00;7,403;10,65
06/03/2025 02:00;7,374;10,567
06/03/2025 03:00;6,681;10,525
06/03/2025 04:00;6,476;10,5
06/03/2025 05:00;6,792;10,5
06/03/2025 06:00;9,73;10,683
06/03/2025 07:00;9,029;10,508
06/03/2025 08:00;6,565;10,525
06/03/2025 09:00;7,605;10,533
06/03/2025 10:00;6,352;10,5
06/03/2025 11:00;6,37;10,5
06/03/2025 12:00;6,602;10,492
06/03/2025 13:00;6,711;10,714
06/03/2025 14:00;8,303;13,583
06/03/2025 15:00;8,421;14,221
06/03/2025 16:00;7,868;13,144
06/03/2025 17:00;7,73;12,277
06/03/2025 18:00;13,08;11,372
06/03/2025 19:00;14,754;14,176
06/03/2025 20:00;7,075;10,38
06/03/2025 21:00;9,238;10,342
06/03/2025 22:00;7,611;10,158
06/03/2025 23:00;7,549;10,025
07/03/2025 00:00;7,674;10
07/03/2025 01:00;7,124;10,025
07/03/2025 02:00;7,291;10
07/03/2025 03:00;6,866;10,392
07/03/2025 04:00;6,318;10,508
07/03/2025 05:00;6,883;10,333
07/03/2025 06:00;6,506;10,5
07/03/2025 07:00;8,505;10,283
07/03/2025 08:00;8,494;10,133
07/03/2025 09:00;8,594;10,117
07/03/2025 10:00;6,706;10,083
07/03/2025 11:00;6,951;10,058
07/03/2025 12:00;6,637;10,5
07/03/2025 13:00;6,363;10,358
07/03/2025 14:00;6,842;10,35
07/03/2025 15:00;6,472;10,492
07/03/2025 16:00;6,998;10,242
07/03/2025 17:00;6,599;10,5
07/03/2025 18:00;10,471;10,325
07/03/2025 19:00;7,334;10,017
07/03/2025 20:00;6,736;10,025
07/03/2025 21:00;7,115;10,117
07/03/2025 22:00;6,631;10,5
07/03/2025 23:00;6,424;10,25
08/03/2025 00:00;7,83;10,133
08/03/2025 01:00;6,69;9,992
08/03/2025 02:00;6,786;10
08/03/2025 03:00;6,872;10,317
08/03/2025 04:00;6,36;10,55
08/03/2025 05:00;6,307;10,55
08/03/2025 06:00;7,024;10,667
08/03/2025 07:00;6,757;10,9
08/03/2025 08:00;6,685;10,625
08/03/2025 09:00;7,005;10,95
08/03/2025 10:00;6,768;10,95
08/03/2025 11:00;6,712;10,875
08/03/2025 12:00;6,617;10,817
08/03/2025 13:00;6,605;10,758
08/03/2025 14:00;7,219;10,917
08/03/2025 15:00;7,175;10,975
08/03/2025 16:00;7,251;11
08/03/2025 17:00;7,318;11,017
08/03/2025 18:00;7,496;11,05
08/03/2025 19:00;7,714;11,217
08/03/2025 20:00;7,616;10,967
08/03/2025 21:00;8,241;10,708
08/03/2025 22:00;8,62;10,958
08/03/2025 23:00;8,814;10,992
09/03/2025 00:00;8,664;11,183
09/03/2025 01:00;9,442;11,967
09/03/2025 02:00;9,575;12,673
09/03/2025 03:00;9,981;13,724
09/03/2025 04:00;10,671;15,379
09/03/2025 05:00;10,653;15,993
09/03/2025 06:00;10,71;15,507
09/03/2025 07:00;10,207;14,89
09/03/2025 08:00;10,263;14,332
09/03/2025 09:00;9,58;13,945
09/03/2025 10:00;9,639;13,511
09/03/2025 11:00;9,144;13,129
09/03/2025 12:00;9,387;13,082
09/03/2025 13:00;9,555;12,942
09/03/2025 14:00;9,533;12,634
09/03/2025 15:00;15,069;15,083
09/03/2025 16:00;16,001;17,024
09/03/2025 17:00;16,647;17,71
09/03/2025 18:00;17,341;18,501
09/03/2025 19:00;17,832;19,01
09/03/2025 20:00;17,63;20,007
09/03/2025 21:00;9,705;15,367
09/03/2025 22:00;9,299;12,541
09/03/2025 23:00;10,046;14,073
10/03/2025 00:00;9,66;13,398
10/03/2025 01:00;9,608;13,231
10/03/2025 02:00;9,75;14,029
10/03/2025 03:00;9,474;13,721
10/03/2025 04:00;8,489;13,147
10/03/2025 05:00;8,397;12,495
10/03/2025 06:00;8,434;12,238
10/03/2025 07:00;11,562;12,804
10/03/2025 08:00;12,896;13,657
10/03/2025 09:00;10,603;12,453
10/03/2025 10:00;9,709;11,428
10/03/2025 11:00;9,063;11,767
10/03/2025 12:00;7,513;11,767
10/03/2025 13:00;7,742;11,817
10/03/2025 14:00;7,15;11,367
10/03/2025 15:00;6,716;11,067
10/03/2025 16:00;10,279;13,57
10/03/2025 17:00;8,272;12,553
10/03/2025 18:00;13,301;18,995
10/03/2025 19:00;14,59;23,327
10/03/2025 20:00;13,541;20,557
10/03/2025 21:00;14,265;22,654
10/03/2025 22:00;16,138;17,543
10/03/2025 23:00;20,365;24,343
11/03/2025 00:00;14,86;25,857
11/03/2025 01:00;13,977;26,462
11/03/2025 02:00;15,075;23,838
11/03/2025 03:00;12,403;20,598
11/03/2025 04:00;12,542;20,18
11/03/2025 05:00;12,359;20,045
11/03/2025 06:00;11,546;19,856
11/03/2025 07:00;12,26;21,74
11/03/2025 08:00;12,643;24,482
11/03/2025 09:00;12,832;25,87
11/03/2025 10:00;12,724;20,491
11/03/2025 11:00;13,337;22,64
11/03/2025 12:00;12,595;21,19
11/03/2025 13:00;10,662;16,334
11/03/2025 14:00;10,47;14,796
11/03/2025 15:00;9,583;13,375
11/03/2025 16:00;8,983;11,986
11/03/2025 17:00;10,701;11,461
11/03/2025 18:00;14,046;14,65
11/03/2025 19:00;26,836;21,372
11/03/2025 20:00;37,954;25,789
11/03/2025 21:00;39,861;27,054
11/03/2025 22:00;32,559;23,879
11/03/2025 23:00;35,122;25,131
12/03/2025 00:00;17,949;16,525
12/03/2025 01:00;14,807;15,156
12/03/2025 02:00;18,544;16,09
12/03/2025 03:00;12,777;12,487
12/03/2025 04:00;15,328;14,585
12/03/2025 05:00;13,812;13,5
12/03/2025 06:00;20,425;16,583
12/03/2025 07:00;13,975;13,277
12/03/2025 08:00;17,296;14,944
12/03/2025 09:00;17,726;15,575
12/03/2025 10:00;16,413;14,313
12/03/2025 11:00;20,335;16,525
12/03/2025 12:00;24,48;18,216
12/03/2025 13:00;27,641;20,115
12/03/2025 14:00;27,611;20,058
12/03/2025 15:00;27,65;20,031
12/03/2025 16:00;14,711;13,082
12/03/2025 17:00;11,601;11,832
12/03/2025 18:00;14,156;14,177
12/03/2025 19:00;13,829;16,31
12/03/2025 20:00;14,886;15,592
12/03/2025 21:00;14,51;15,187
12/03/2025 22:00;10,505;13,63
12/03/2025 23:00;9,846;11,794
13/03/2025 00:00;8,466;11,654
13/03/2025 01:00;10,05;11,15
13/03/2025 02:00;11,478;12,599
13/03/2025 03:00;9,801;11,829
13/03/2025 04:00;8,792;11,612
13/03/2025 05:00;8,742;11,603
13/03/2025 06:00;8,526;11,017
13/03/2025 07:00;7,802;10,983
13/03/2025 08:00;8,148;10,958
13/03/2025 09:00;7,999;10,983
13/03/2025 10:00;7,667;10,958
13/03/2025 11:00;6,603;10,983
13/03/2025 12:00;6,985;10,858
13/03/2025 13:00;8,286;10,825
13/03/2025 14:00;7,506;6,948
13/03/2025 15:00;7,4;9,297
13/03/2025 16:00;7,126;11
13/03/2025 17:00;7,3;11,033
13/03/2025 18:00;8,01;10,967
13/03/2025 19:00;8,974;10,942
13/03/2025 20:00;8,957;10,983
13/03/2025 21:00;11,688;12,426
13/03/2025 22:00;9,839;11,557
13/03/2025 23:00;7,017;10,892
14/03/2025 00:00;9,396;11,053
14/03/2025 01:00;8,343;11
14/03/2025 02:00;8,409;11,05
14/03/2025 03:00;8,419;10,992
14/03/2025 04:00;8,372;10,925
14/03/2025 05:00;9,089;11,017
14/03/2025 06:00;9,123;11
14/03/2025 07:00;7,521;10,717
14/03/2025 08:00;8,485;10,6
14/03/2025 09:00;8,4;10,617
14/03/2025 10:00;8,171;10,542
14/03/2025 11:00;7,23;10,517
14/03/2025 12:00;7,322;10,5
14/03/2025 13:00;7,716;10,525
14/03/2025 14:00;7,698;10,508
14/03/2025 15:00;7,719;10,5
14/03/2025 16:00;7,244;10,5
14/03/2025 17:00;7,483;10,5
14/03/2025 18:00;8,442;10,517
14/03/2025 19:00;13,941;13,648
14/03/2025 20:00;10,952;12,284
14/03/2025 21:00;9,034;10,792
14/03/2025 22:00;6,045;10,5
14/03/2025 23:00;6,162;10,5
15/03/2025 00:00;6,661;10,5
15/03/2025 01:00;8,744;10,517
15/03/2025 02:00;8,071;10,5
15/03/2025 03:00;8,154;10,5
15/03/2025 04:00;8,123;10,5
15/03/2025 05:00;8,051;10,5
15/03/2025 06:00;8,191;10,5
15/03/2025 07:00;8,119;10,5
15/03/2025 08:00;6,727;10,5
15/03/2025 09:00;6,773;10,483
15/03/2025 10:00;6,971;10,467
15/03/2025 11:00;7,35;10,467
15/03/2025 12:00;7,366;10,342
15/03/2025 13:00;7,393;10,475
15/03/2025 14:00;6,977;10,392
15/03/2025 15:00;7,177;10,467
15/03/2025 16:00;7,424;10,492
15/03/2025 17:00;7,295;10,492
15/03/2025 18:00;7,073;10,475
15/03/2025 19:00;7,893;10,5
15/03/2025 20:00;7,541;10,5
15/03/2025 21:00;6,959;10,5
15/03/2025 22:00;7,214;10,5
15/03/2025 23:00;7,056;10,483
16/03/2025 00:00;7,103;10,5
16/03/2025 01:00;7,222;10,492
16/03/2025 02:00;7,183;10,5
16/03/2025 03:00;7,184;10,5
16/03/2025 04:00;7,032;10,492
16/03/2025 05:00;7,05;10,492
16/03/2025 06:00;6,93;10,5
16/03/2025 07:00;7,063;10,492
16/03/2025 08:00;7,032;10,475
16/03/2025 09:00;6,95;10,475
16/03/2025 10:00;6,916;10,45
16/03/2025 11:00;6,891;10,375
16/03/2025 12:00;6,775;10,392
16/03/2025 13:00;6,977;10,383
16/03/2025 14:00;7,078;10,433
16/03/2025 15:00;7,095;10,492
16/03/2025 16:00;6,943;10,442
16/03/2025 17:00;7,018;10,492
16/03/2025 18:00;8,186;10,5
16/03/2025 19:00;7,836;10,492
16/03/2025 20:00;6,605;10,5
16/03/2025 21:00;7,216;10,692
16/03/2025 22:00;8,287;10,492
16/03/2025 23:00;6,398;10,5
17/03/2025 00:00;6,732;10,5
17/03/2025 01:00;6,836;10,475
17/03/2025 02:00;6,649;10,292
17/03/2025 03:00;6,614;10,275
17/03/2025 04:00;6,665;10,342
17/03/2025 05:00;6,559;10,233
17/03/2025 06:00;6,551;10,267
17/03/2025 07:00;6,754;10,292
17/03/2025 08:00;7,433;10,242
17/03/2025 09:00;6,576;10,2
17/03/2025 10:00;6,55;10,208
17/03/2025 11:00;6,608;10,175
17/03/2025 12:00;6,489;10,042
17/03/2025 13:00;6,454;10,042
17/03/2025 14:00;6,439;10,067
17/03/2025 15:00;6,385;10,05
17/03/2025 16:00;6,492;10,158
17/03/2025 17:00;6,586;10,233
17/03/2025 18:00;7,88;10,4
17/03/2025 19:00;6,652;10,45
17/03/2025 20:00;6,807;10,45
17/03/2025 21:00;6,771;10,417
17/03/2025 22:00;7,666;10,158
17/03/2025 23:00;6,27;10,067
18/03/2025 00:00;7,29;10,092
18/03/2025 01:00;6,487;10,092
18/03/2025 02:00;6,479;10
18/03/2025 03:00;6,445;10,05
18/03/2025 04:00;6,484;10,025
18/03/2025 05:00;6,483;10,025
18/03/2025 06:00;7,898;10,042
18/03/2025 07:00;7,668;10,075
18/03/2025 08:00;7,329;10,292
18/03/2025 09:00;6,536;10,183
18/03/2025 10:00;6,606;10
18/03/2025 11:00;6,78;10,417
18/03/2025 12:00;6,389;10,492
18/03/2025 13:00;6,382;10,5
18/03/2025 14:00;6,338;10,492
18/03/2025 15:00;6,298;10,492
18/03/2025 16:00;6,267;10,5
18/03/2025 17:00;6,266;10,5
18/03/2025 18:00;9,071;10,283
18/03/2025 19:00;7,609;10
18/03/2025 20:00;7,466;10,142
18/03/2025 21:00;7,438;10,067
18/03/2025 22:00;6,334;10
18/03/2025 23:00;6,877;10,017
19/03/2025 00:00;6,682;10,492
19/03/2025 01:00;6,421;10,5
19/03/2025 02:00;6,391;10,492
19/03/2025 03:00;6,372;10,5
19/03/2025 04:00;6,347;10,5
19/03/2025 05:00;6,346;10,5
19/03/2025 06:00;10,273;10,694
19/03/2025 07:00;9,023;10,3
19/03/2025 08:00;7,476;10
19/03/2025 09:00;7,359;10,2
19/03/2025 10:00;5,984;9,529
19/03/2025 11:00;6,589;9,992
19/03/2025 12:00;7,099;10,233
19/03/2025 13:00;6,461;10,492
19/03/2025 14:00;6,428;10,5
19/03/2025 15:00;6,364;10,433
19/03/2025 16:00;6,348;10,417
19/03/2025 17:00;6,386;10,5
19/03/2025 18:00;11,146;11,004
19/03/2025 19:00;9,831;10,492
19/03/2025 20:00;10,077;10,533
19/03/2025 21:00;8,286;10,242
19/03/2025 22:00;7,207;10
19/03/2025 23:00;6,398;10
20/03/2025 00:00;6,959;10
20/03/2025 01:00;6,148;10
20/03/2025 02:00;7,68;10
20/03/2025 03:00;7,629;10
20/03/2025 04:00;6,922;10
20/03/2025 05:00;6,613;10
20/03/2025 06:00;6,557;10
20/03/2025 07:00;8,642;10,033
20/03/2025 08:00;9,488;10,367
20/03/2025 09:00;6,999;10,175
20/03/2025 10:00;6,259;10,042
20/03/2025 11:00;6,828;10
20/03/2025 12:00;6,517;10,15
20/03/2025 13:00;6,031;10,071
20/03/2025 14:00;3,06;4
20/03/2025 15:00;3,34;4
20/03/2025 16:00;9,98;9,142
20/03/2025 17:00;6,619;9,992
20/03/2025 18:00;8,39;10,612
20/03/2025 19:00;9,633;10,5
20/03/2025 20:00;9,983;10,492
20/03/2025 21:00;10,434;10,525
20/03/2025 22:00;6,667;10,258
20/03/2025 23:00;6,338;10,292
21/03/2025 00:00;6,803;10,208
21/03/2025 01:00;7,1;10,392
21/03/2025 02:00;6,685;10,492
21/03/2025 03:00;6,663;10,508
21/03/2025 04:00;6,623;10,567
21/03/2025 05:00;7,166;10,967
21/03/2025 06:00;8,084;11,877
21/03/2025 07:00;9,387;13,278
21/03/2025 08:00;10,279;14,379
21/03/2025 09:00;12,664;16,641
21/03/2025 10:00;13,82;17,488
21/03/2025 11:00;13,484;16,297
21/03/2025 12:00;15,041;11,836
21/03/2025 13:00;16,342;13,427
21/03/2025 14:00;15,815;13,185
21/03/2025 15:00;16,068;12,84
21/03/2025 16:00;12,99;11,036
21/03/2025 17:00;14,456;17,275
21/03/2025 18:00;21,272;26,838
21/03/2025 19:00;23,819;26,851
21/03/2025 20:00;25,78;27,777
21/03/2025 21:00;21,258;25,612
21/03/2025 22:00;15,638;22,64
21/03/2025 23:00;15,774;22,24
22/03/2025 00:00;13,949;21,813
22/03/2025 01:00;14,383;21,705
22/03/2025 02:00;14,014;21,219
22/03/2025 03:00;14,189;20,963
22/03/2025 04:00;14,203;20,855
22/03/2025 05:00;14,033;20,652
22/03/2025 06:00;15,06;22,36
22/03/2025 07:00;15,043;22,816
22/03/2025 08:00;15,254;24,118
22/03/2025 09:00;15,098;24,441
22/03/2025 10:00;15,517;24,21
22/03/2025 11:00;15,586;24,172
22/03/2025 12:00;15,977;23,058
22/03/2025 13:00;15,307;22,36
22/03/2025 14:00;15,899;21,893
22/03/2025 15:00;15,235;21,557
22/03/2025 16:00;14,527;21,084
22/03/2025 17:00;15,014;20,99
22/03/2025 18:00;15,592;20,638
22/03/2025 19:00;25,987;27,252
22/03/2025 20:00;18,64;25,492
22/03/2025 21:00;15,888;26,126
22/03/2025 22:00;16,133;25,843
22/03/2025 23:00;15,738;25,654
23/03/2025 00:00;15,941;25,182
23/03/2025 01:00;16,267;23,623
23/03/2025 02:00;16,004;22,426
23/03/2025 03:00;13,768;18,03
23/03/2025 04:00;13,257;17,36
23/03/2025 05:00;13,038;16,945
23/03/2025 06:00;12,704;16,624
23/03/2025 07:00;13,059;16,505
23/03/2025 08:00;12,688;16,45
23/03/2025 09:00;12,288;16,459
23/03/2025 10:00;12,858;16,45
23/03/2025 11:00;12,454;16,441
23/03/2025 12:00;12,372;16,441
23/03/2025 13:00;12,605;16,263
23/03/2025 14:00;11,739;15,647
23/03/2025 15:00;12,09;15,33
23/03/2025 16:00;11,671;15,33
23/03/2025 17:00;12,15;15,33
23/03/2025 18:00;14,397;16,072
23/03/2025 19:00;15,252;16,551
23/03/2025 20:00;19,126;19,146
23/03/2025 21:00;20,482;21,422
23/03/2025 22:00;20,225;21,584
23/03/2025 23:00;21,223;22,656
24/03/2025 00:00;17,197;21,971
24/03/2025 01:00;14,698;20,018
24/03/2025 02:00;14,555;19,304
24/03/2025 03:00;12,775;16,817
24/03/2025 04:00;11,633;15,267
24/03/2025 05:00;11,229;14,798
24/03/2025 06:00;13,878;15,447
24/03/2025 07:00;15,811;16,11
24/03/2025 08:00;16,413;17,045
24/03/2025 09:00;13,473;11,653
24/03/2025 10:00;11,307;13,983
24/03/2025 11:00;10,957;14,205
24/03/2025 12:00;9,076;13,203
24/03/2025 13:00;8,484;13,129
24/03/2025 14:00;8,724;13,11
24/03/2025 15:00;8,522;13,11
24/03/2025 16:00;8,787;13,11
24/03/2025 17:00;10,726;13,49
24/03/2025 18:00;11,99;13,927
24/03/2025 19:00;14,134;15,414
24/03/2025 20:00;13,45;15,092
24/03/2025 21:00;14,174;15,958
24/03/2025 22:00;11,372;14,521
24/03/2025 23:00;14,643;16,457
25/03/2025 00:00;12,005;14,703
25/03/2025 01:00;9,521;13,67
25/03/2025 02:00;9,282;13,679
25/03/2025 03:00;8,781;13,661
25/03/2025 04:00;8,651;13,67
25/03/2025 05:00;8,875;13,661
25/03/2025 06:00;10,366;13,706
25/03/2025 07:00;10,742;13,427
25/03/2025 08:00;8,462;13,399
25/03/2025 09:00;10,369;13,343
25/03/2025 10:00;8,48;12,332
25/03/2025 11:00;8,431;12,85
25/03/2025 12:00;7,975;13,157
25/03/2025 13:00;8,785;13,521
25/03/2025 14:00;8,282;13,194
25/03/2025 15:00;8,214;13,129
25/03/2025 16:00;8,369;13,241
25/03/2025 17:00;8,53;14,14
25/03/2025 18:00;8,206;13,427
25/03/2025 19:00;10,564;13,548
25/03/2025 20:00;12,961;14,38
25/03/2025 21:00;13,862;15,573
25/03/2025 22:00;13,73;15,296
25/03/2025 23:00;10,562;13,845
26/03/2025 00:00;8,625;13,623
26/03/2025 01:00;8,099;13,25
26/03/2025 02:00;8,149;13,147
26/03/2025 03:00;8,07;13,119
26/03/2025 04:00;7,892;13,11
26/03/2025 05:00;8,092;13,11
26/03/2025 06:00;11,178;13,408
26/03/2025 07:00;14,193;15,425
26/03/2025 08:00;13,643;15,251
26/03/2025 09:00;12,455;14,638
26/03/2025 10:00;8,699;12,569
26/03/2025 11:00;7,936;12,914
26/03/2025 12:00;8,042;13,082
26/03/2025 13:00;8,16;13,045
26/03/2025 14:00;5,373;6,858
26/03/2025 15:00;9,779;11,664
26/03/2025 16:00;7,601;13,026
26/03/2025 17:00;9,042;13,741
26/03/2025 18:00;10,67;13,11
26/03/2025 19:00;14,023;15,036
26/03/2025 20:00;13,159;14,693
26/03/2025 21:00;14,235;15,258
26/03/2025 22:00;13,051;14,388
26/03/2025 23:00;11,267;13,424
27/03/2025 00:00;12,445;13,694
27/03/2025 01:00;12,67;14,674
27/03/2025 02:00;10,002;12,83
27/03/2025 03:00;10,119;13,045
27/03/2025 04:00;10,051;12,989
27/03/2025 05:00;10,224;12,895
27/03/2025 06:00;10,536;12,951
27/03/2025 07:00;13,813;14,696
27/03/2025 08:00;11,818;13,832
27/03/2025 09:00;8,687;11,564
27/03/2025 10:00;5,347;7,92
27/03/2025 11:00;9,984;12,147
27/03/2025 12:00;9,188;12,027
27/03/2025 13:00;8,624;12,134
27/03/2025 14:00;7,05;8,732
27/03/2025 15:00;6,699;7,648
27/03/2025 16:00;9,111;11,569
27/03/2025 17:00;8,943;13,269
27/03/2025 18:00;9,444;12,802
27/03/2025 19:00;9,71;12,821
27/03/2025 20:00;13,165;14,149
27/03/2025 21:00;13,532;14,87
27/03/2025 22:00;12,586;13,147
27/03/2025 23:00;13,124;14,418
28/03/2025 00:00;10,74;13,017
28/03/2025 01:00;8,929;12,55
28/03/2025 02:00;9,264;12,55
28/03/2025 03:00;9,073;12,55
28/03/2025 04:00;9,154;12,523
28/03/2025 05:00;9,321;12,55
28/03/2025 06:00;9,131;12,541
28/03/2025 07:00;9,239;12,55
28/03/2025 08:00;9,02;12,55
28/03/2025 09:00;8,958;12,55
28/03/2025 10:00;8,925;12,55
28/03/2025 11:00;8,957;12,55
28/03/2025 12:00;9,251;12,587
28/03/2025 13:00;9,355;12,55
28/03/2025 14:00;8,946;12,55
28/03/2025 15:00;9,381;12,541
28/03/2025 16:00;9,443;12,468
28/03/2025 17:00;8,751;12,569
28/03/2025 18:00;8,791;12,55
28/03/2025 19:00;8,796;12,55
28/03/2025 20:00;8,85;12,55
28/03/2025 21:00;9,243;12,55
28/03/2025 22:00;9,041;12,699
28/03/2025 23:00;8,639;12,886
29/03/2025 00:00;8,586;12,895
29/03/2025 01:00;8,587;13,026
29/03/2025 02:00;8,715;13,157
29/03/2025 03:00;9,268;13,577
29/03/2025 04:00;9,159;13,651
29/03/2025 05:00;9,227;13,67
29/03/2025 06:00;8,892;13,427
29/03/2025 07:00;9,04;13,511
29/03/2025 08:00;8,84;13,418
29/03/2025 09:00;9,1;13,661
29/03/2025 10:00;9,006;13,549
29/03/2025 11:00;8,741;13,203
29/03/2025 12:00;8,511;13,119
29/03/2025 13:00;8,53;13,11
29/03/2025 14:00;8,629;13,166
29/03/2025 15:00;8,516;13,11
29/03/2025 16:00;8,39;13,11
29/03/2025 17:00;8,565;13,11
29/03/2025 18:00;10,928;13,333
29/03/2025 19:00;10,776;13,101
29/03/2025 20:00;9,886;12,989
29/03/2025 21:00;8,979;13,231
29/03/2025 22:00;8,497;13,073
29/03/2025 23:00;8,672;12,97
30/03/2025 00:00;8,637;12,961
30/03/2025 01:00;8,525;12,811
30/03/2025 03:00;8,668;12,97
30/03/2025 04:00;8,48;12,877
30/03/2025 05:00;8,761;13,091
30/03/2025 06:00;8,562;12,923
30/03/2025 07:00;8,658;12,979
30/03/2025 08:00;8,442;12,858
30/03/2025 09:00;10,176;12,83
30/03/2025 10:00;9,346;12,905
30/03/2025 11:00;7,968;12,634
30/03/2025 12:00;8,106;12,793
30/03/2025 13:00;8,247;12,578
30/03/2025 14:00;8,262;12,662
30/03/2025 15:00;8,352;12,783
30/03/2025 16:00;8,576;12,998
30/03/2025 17:00;8,583;13,082
30/03/2025 18:00;8,59;13,11
30/03/2025 19:00;8,569;13,11
30/03/2025 20:00;8,527;13,11
30/03/2025 21:00;8,663;13,11
30/03/2025 22:00;8,665;13,091
30/03/2025 23:00;8,512;13,054
31/03/2025 00:00;8,568;13,026
31/03/2025 01:00;10,202;12,858
31/03/2025 02:00;9,483;12,55
31/03/2025 03:00;8,64;12,699
31/03/2025 04:00;8,664;13,007
31/03/2025 05:00;8,439;12,821
31/03/2025 06:00;12,206;13,795
31/03/2025 07:00;12,333;14,176
31/03/2025 08:00;13,347;14,205
31/03/2025 09:00;10,889;12,785
31/03/2025 10:00;8,361;12,229
31/03/2025 11:00;7,641;12,046
31/03/2025 12:00;8,272;12,009
31/03/2025 13:00;8,496;12
31/03/2025 14:00;10,264;12,055
31/03/2025 15:00;8,221;12
31/03/2025 16:00;8,671;12,211
31/03/2025 17:00;8,16;12,046
31/03/2025 18:00;7,982;12,018
31/03/2025 19:00;11,957;13,044
31/03/2025 20:00;11,67;13,664
31/03/2025 21:00;12,389;13,49
31/03/2025 22:00;12,064;13,353
31/03/2025 23:00;10,158;12,693
01/04/2025 00:00;8,51;12,358
01/04/2025 01:00;9,147;12,367
01/04/2025 02:00;8,483;12,321
01/04/2025 03:00;8,031;12,193
01/04/2025 04:00;8,034;12,248
01/04/2025 05:00;7,86;12,275
01/04/2025 06:00;11,315;13,146
01/04/2025 07:00;11,25;13,164
01/04/2025 08:00;16,056;13,017
01/04/2025 09:00;9,196;12,961
01/04/2025 10:00;8,582;14,579
01/04/2025 11:00;14,559;17,227
01/04/2025 12:00;23,23;20,947
01/04/2025 13:00;17,393;16,005
01/04/2025 14:00;16,256;13,773
01/04/2025 15:00;16,585;16,486
01/04/2025 16:00;8,614;12,391
01/04/2025 17:00;10,486;12,073
01/04/2025 18:00;7,696;12,073
01/04/2025 19:00;8,728;12,44
01/04/2025 20:00;9,815;12,709
01/04/2025 21:00;8,54;12,532
01/04/2025 22:00;7,863;12,55
01/04/2025 23:00;9,028;12,541
02/04/2025 00:00;9,253;12,541
02/04/2025 01:00;9,246;12,55
02/04/2025 02:00;9,113;12,55
02/04/2025 03:00;9,007;12,55
02/04/2025 04:00;9,31;12,55
02/04/2025 05:00;9,314;12,55
02/04/2025 06:00;9,512;12,55
02/04/2025 07:00;13,23;13,015
02/04/2025 08:00;12,431;13,351
02/04/2025 09:00;11,243;12,57
02/04/2025 10:00;21,905;15,486
02/04/2025 11:00;9,235;6,638
02/04/2025 12:00;8,655;5,864
02/04/2025 13:00;11,317;6,918
02/04/2025 14:00;18,966;10,459
02/04/2025 15:00;15,758;8,927
02/04/2025 16:00;17,757;19,944
02/04/2025 17:00;8,107;12,652
02/04/2025 18:00;8,41;12,55
02/04/2025 19:00;9,029;12,495
02/04/2025 20:00;9,348;12,183
02/04/2025 21:00;9,453;12,422
02/04/2025 22:00;9,623;12,541
02/04/2025 23:00;9,376;12,55
03/04/2025 00:00;9,205;12,55
03/04/2025 01:00;8,587;12,55
03/04/2025 02:00;7,51;12,55
03/04/2025 03:00;9,013;13,007
03/04/2025 04:00;9,492;13,119
03/04/2025 05:00;9,505;13,11
03/04/2025 06:00;9,629;13,11
03/04/2025 07:00;10,918;13,054
03/04/2025 08:00;13,874;14,613
03/04/2025 09:00;23,193;22,058
03/04/2025 10:00;26,919;26,005
03/04/2025 11:00;26,303;25,722
03/04/2025 12:00;26,572;25,938
03/04/2025 13:00;19,099;22,278
03/04/2025 14:00;12,465;17,481
03/04/2025 15:00;11,91;15,559
03/04/2025 16:00;8,727;12,028
03/04/2025 17:00;8,508;12,037
03/04/2025 18:00;10,47;12,239
03/04/2025 19:00;10,227;12,523
03/04/2025 20:00;13,189;13,907
03/04/2025 21:00;9,649;12,756
03/04/2025 22:00;11,633;13,257
03/04/2025 23:00;10,991;13,062
04/04/2025 00:00;10,48;12,588
04/04/2025 01:00;8,558;12,495
04/04/2025 02:00;8,15;12,477
04/04/2025 03:00;8,42;12,431
04/04/2025 04:00;8,84;12,248
04/04/2025 05:00;7,668;12,33
04/04/2025 06:00;9,498;12,468
04/04/2025 07:00;12,865;13,73
04/04/2025 08:00;12,862;13,712
04/04/2025 09:00;12,133;13,631
04/04/2025 10:00;10,272;11,431
04/04/2025 11:00;9,005;12,403
04/04/2025 12:00;7,655;12,083
04/04/2025 13:00;8,096;12,083
04/04/2025 14:00;9,093;12,128
04/04/2025 15:00;8,831;12,138
04/04/2025 16:00;9,359;12,348
04/04/2025 17:00;9,136;12,55
04/04/2025 18:00;9,079;12,653
04/04/2025 19:00;12,431;13,25
04/04/2025 20:00;10,4;13,119
04/04/2025 21:00;13,822;14,859
04/04/2025 22:00;10,286;13,453
04/04/2025 23:00;9,363;13,166
05/04/2025 00:00;9,62;13,11
05/04/2025 01:00;8,744;13,11
05/04/2025 02:00;8,025;13,11
05/04/2025 03:00;8,395;13,101
05/04/2025 04:00;8,216;13,11
05/04/2025 05:00;8,209;13,11
05/04/2025 06:00;8,166;13,11
05/04/2025 07:00;8,162;13,119
05/04/2025 08:00;8,145;13,119
05/04/2025 09:00;8,142;13,119
05/04/2025 10:00;14,554;15,785
05/04/2025 11:00;25,569;21,597
05/04/2025 12:00;25,512;21,475
05/04/2025 13:00;25,927;21,705
05/04/2025 14:00;25,531;21,529
05/04/2025 15:00;25,148;21,287
05/04/2025 16:00;24,789;21,127
05/04/2025 17:00;8,417;13,25
05/04/2025 18:00;7,905;13,185
05/04/2025 19:00;8,221;13,11
05/04/2025 20:00;8,663;13,11
05/04/2025 21:00;9,155;13,147
05/04/2025 22:00;9,14;13,138
05/04/2025 23:00;8,283;13,325
06/04/2025 00:00;8,763;13,222
06/04/2025 01:00;8,401;13,325
06/04/2025 02:00;8,664;13,194
06/04/2025 03:00;8,639;13,222
06/04/2025 04:00;8,806;13,231
06/04/2025 05:00;8,501;13,119
06/04/2025 06:00;8,326;13,213
06/04/2025 07:00;8,6;13,11
06/04/2025 08:00;10,533;14,131
06/04/2025 09:00;27,154;22,568
06/04/2025 10:00;30,384;24,026
06/04/2025 11:00;38,596;28,235
06/04/2025 12:00;39,391;28,517
06/04/2025 13:00;39,24;28,383
06/04/2025 14:00;33,434;26,848
06/04/2025 15:00;26,777;22,214
06/04/2025 16:00;27,456;22,561
06/04/2025 17:00;24,959;20,895
06/04/2025 18:00;8,336;13,231
06/04/2025 19:00;8,529;13,166
06/04/2025 20:00;8,997;13,595
06/04/2025 21:00;9,62;13,595
06/04/2025 22:00;10,143;13,661
06/04/2025 23:00;9,938;13,67
07/04/2025 00:00;8,988;13,614
07/04/2025 01:00;9,502;13,651
07/04/2025 02:00;10,046;13,67
07/04/2025 03:00;10,073;13,67
07/04/2025 04:00;9,868;13,67
07/04/2025 05:00;10,489;13,679
07/04/2025 06:00;10,16;13,954
07/04/2025 07:00;15,01;16,011
07/04/2025 08:00;11,341;14,557
07/04/2025 09:00;14,942;16,347
07/04/2025 10:00;10,972;14,15
07/04/2025 11:00;9,826;12,978
07/04/2025 12:00;10,32;13,623
07/04/2025 13:00;9,673;13,203
07/04/2025 14:00;8,261;13,091
07/04/2025 15:00;8,3;13,101
07/04/2025 16:00;9,294;13,11
07/04/2025 17:00;8,084;13,11
07/04/2025 18:00;9,198;13,306
07/04/2025 19:00;9,738;13,595
07/04/2025 20:00;9,969;13,67
07/04/2025 21:00;16,003;16,45
07/04/2025 22:00;10,497;14,694
07/04/2025 23:00;10,133;14,277
08/04/2025 00:00;10,518;14,981
08/04/2025 01:00;10,669;15,509
08/04/2025 02:00;10,103;14,388
08/04/2025 03:00;10,433;14,545
08/04/2025 04:00;10,995;16,375
08/04/2025 05:00;10,801;16,45
08/04/2025 06:00;10,809;16,45
08/04/2025 07:00;11,305;16,441
08/04/2025 08:00;19,137;19,682
08/04/2025 09:00;15,605;19,064
08/04/2025 10:00;10,721;16,338
08/04/2025 11:00;10,152;16,03
08/04/2025 12:00;10,728;15,815
08/04/2025 13:00;10,129;15,479
08/04/2025 14:00;11,046;16,28
08/04/2025 15:00;9,122;15,89
08/04/2025 16:00;10,549;16,17
08/04/2025 17:00;9,79;15,899
08/04/2025 18:00;10,262;16,011
08/04/2025 19:00;20,383;20,247
08/04/2025 20:00;19,821;21,435
08/04/2025 21:00;20,19;21,893
08/04/2025 22:00;20,392;22,187
08/04/2025 23:00;20,708;22,507
09/04/2025 00:00;15,926;19,883
09/04/2025 01:00;21,711;18,379
09/04/2025 02:00;20,186;18,03
09/04/2025 03:00;14,784;17,787
09/04/2025 04:00;13,092;17,667
09/04/2025 05:00;12,691;17,573
09/04/2025 06:00;13,517;17,653
09/04/2025 07:00;13,002;17,453
09/04/2025 08:00;12,733;17,213
09/04/2025 09:00;11,717;17,173
09/04/2025 10:00;12,119;15,589
09/04/2025 11:00;10,787;17,117
09/04/2025 12:00;11,619;18,192
09/04/2025 13:00;11,597;17,483
09/04/2025 14:00;9,548;16,161
09/04/2025 15:00;10,806;16,133
09/04/2025 16:00;10,286;16,226
09/04/2025 17:00;10,897;15,974
09/04/2025 18:00;10,471;16,123
09/04/2025 19:00;10,339;16,385
09/04/2025 20:00;10,619;16,551
09/04/2025 21:00;10,471;16,991
09/04/2025 22:00;10,693;17,427
09/04/2025 23:00;11,379;17,868
10/04/2025 00:00;11,057;18,529
10/04/2025 01:00;11,41;18,623
10/04/2025 02:00;10,988;18,663
10/04/2025 03:00;11,294;18,435
10/04/2025 04:00;11,441;18,057
10/04/2025 05:00;11,109;18,327
10/04/2025 06:00;11,427;18,097
10/04/2025 07:00;11,239;18,003
10/04/2025 08:00;11,125;17,814
10/04/2025 09:00;10,787;17,814
10/04/2025 10:00;11,414;17,8
10/04/2025 11:00;10,734;17,574
10/04/2025 12:00;10,374;15,742
10/04/2025 13:00;10,634;14,621
10/04/2025 14:00;7,918;6,711
10/04/2025 15:00;8,381;8,572
10/04/2025 16:00;10,243;14,119
10/04/2025 17:00;9,859;14,295
10/04/2025 18:00;9,942;14,229
10/04/2025 19:00;10,381;14,248
10/04/2025 20:00;10,548;14,369
10/04/2025 21:00;10,348;14,519
10/04/2025 22:00;10,661;14,621
10/04/2025 23:00;10,378;14,631
11/04/2025 00:00;10,444;14,677
11/04/2025 01:00;11,266;15,457
11/04/2025 02:00;11,682;18,273
11/04/2025 03:00;11,266;18,219
11/04/2025 04:00;11,3;18,556
11/04/2025 05:00;11,599;18,394
11/04/2025 06:00;13,197;18,865
11/04/2025 07:00;12,397;18,556
11/04/2025 08:00;20,175;21,583
11/04/2025 09:00;19,698;21,853
11/04/2025 10:00;12,656;17,026
11/04/2025 11:00;11,088;17,587
11/04/2025 12:00;11,154;17,027
11/04/2025 13:00;10,299;17
11/04/2025 14:00;10,85;16,643
11/04/2025 15:00;10,839;16,496
11/04/2025 16:00;11,383;16,44
11/04/2025 17:00;11,266;16,853
11/04/2025 18:00;10,695;16,789
11/04/2025 19:00;10,854;16,478
11/04/2025 20:00;11,093;16,505
11/04/2025 21:00;10,908;16,505
11/04/2025 22:00;10,972;16,743
11/04/2025 23:00;11,028;15,501
12/04/2025 00:00;11,006;14,724
12/04/2025 01:00;10,218;14,248
12/04/2025 02:00;10,497;14,556
12/04/2025 03:00;10,445;14,537
12/04/2025 04:00;10,43;14,472
12/04/2025 05:00;10,15;14,649
12/04/2025 06:00;10,302;14,463
12/04/2025 07:00;11,063;16,316
12/04/2025 08:00;10,876;17,107
12/04/2025 09:00;10,897;17,027
12/04/2025 10:00;11,248;17,213
12/04/2025 11:00;11,243;17,013
12/04/2025 12:00;10,871;17,035
12/04/2025 13:00;10,33;16,918
12/04/2025 14:00;11,4;16,881
12/04/2025 15:00;11,17;17
12/04/2025 16:00;10,774;16,954
12/04/2025 17:00;10,534;15,881
12/04/2025 18:00;10,765;15,018
12/04/2025 19:00;10,936;15,321
12/04/2025 20:00;10,69;15,303
12/04/2025 21:00;10,871;15,33
12/04/2025 22:00;10,746;15,303
12/04/2025 23:00;10,96;15,321
13/04/2025 00:00;11,158;15,33
13/04/2025 01:00;10,848;15,545
13/04/2025 02:00;10,272;16,217
13/04/2025 03:00;10,511;15,955
13/04/2025 04:00;11,915;19,063
13/04/2025 05:00;10,44;16,914
13/04/2025 06:00;10,237;15,601
13/04/2025 07:00;10,359;15,33
13/04/2025 08:00;10,125;15,33
13/04/2025 09:00;12,992;15,769
13/04/2025 10:00;17,159;16,99
13/04/2025 11:00;38,184;28,959
13/04/2025 12:00;38,295;28,931
13/04/2025 13:00;37,498;28,41
13/04/2025 14:00;21,761;17,827
13/04/2025 15:00;10,75;15,33
13/04/2025 16:00;10,213;15,33
13/04/2025 17:00;10,496;15,358
13/04/2025 18:00;10,409;15,647
13/04/2025 19:00;10,637;15,862
13/04/2025 20:00;10,549;15,769
13/04/2025 21:00;10,403;15,853
13/04/2025 22:00;10,445;15,834
13/04/2025 23:00;10,964;15,89
14/04/2025 00:00;10,982;15,862
14/04/2025 01:00;11,02;15,871
14/04/2025 02:00;11,271;16,59
14/04/2025 03:00;12,193;20,882
14/04/2025 04:00;11,892;21,111
14/04/2025 05:00;11,512;21,192
14/04/2025 06:00;11,72;21,098
14/04/2025 07:00;11,982;21,057
14/04/2025 08:00;12,371;21,044
14/04/2025 09:00;12,01;21,098
14/04/2025 10:00;11,963;21,246
14/04/2025 11:00;12,893;21,017
14/04/2025 12:00;12,621;20,706
14/04/2025 13:00;11,906;20,22
14/04/2025 14:00;11,746;20,18
14/04/2025 15:00;12,079;20,126
14/04/2025 16:00;11,598;20,193
14/04/2025 17:00;11,845;20,504
14/04/2025 18:00;12,928;21,314
14/04/2025 19:00;12,909;21,853
14/04/2025 20:00;12,818;22,695
14/04/2025 21:00;13,25;23,477
14/04/2025 22:00;12,993;23,65
14/04/2025 23:00;13,349;23,396
15/04/2025 00:00;13,55;23,315
15/04/2025 01:00;13,272;23,018
15/04/2025 02:00;12,662;22,789
15/04/2025 03:00;13,463;22,613
15/04/2025 04:00;12,794;22,493
15/04/2025 05:00;13,278;22,587
15/04/2025 06:00;12,87;22,32
15/04/2025 07:00;12,477;22,067
15/04/2025 08:00;11,834;21,867
15/04/2025 09:00;12,661;22,107
15/04/2025 10:00;13,675;20,029
15/04/2025 11:00;11,727;21,3
15/04/2025 12:00;12,276;21,813
15/04/2025 13:00;12,047;21,88
15/04/2025 14:00;12,463;22,333
15/04/2025 15:00;12,188;22,187
15/04/2025 16:00;12,432;22,2
15/04/2025 17:00;12,618;22,6
15/04/2025 18:00;12,97;22,52
15/04/2025 19:00;12,622;22,413
15/04/2025 20:00;12,482;22,681
15/04/2025 21:00;12,528;22,64
15/04/2025 22:00;12,225;22,253
15/04/2025 23:00;12,197;22
16/04/2025 00:00;12,462;21,84
16/04/2025 01:00;12,063;21,746
16/04/2025 02:00;12,392;21,152
16/04/2025 03:00;11,422;17,897
16/04/2025 04:00;11,778;18,369
16/04/2025 05:00;12,176;20,625
16/04/2025 06:00;12,199;20,315
16/04/2025 07:00;11,981;20,22
16/04/2025 08:00;12,109;20,166
16/04/2025 09:00;12,465;20,301
16/04/2025 10:00;12,192;20,963
16/04/2025 11:00;12,25;20,814
16/04/2025 12:00;11,456;19,01
16/04/2025 13:00;10,831;17,03
16/04/2025 14:00;10,492;16,105
16/04/2025 15:00;11,17;15,909
16/04/2025 16:00;10,019;15,899
16/04/2025 17:00;10,768;15,909
16/04/2025 18:00;10,343;15,899
16/04/2025 19:00;11,168;15,862
16/04/2025 20:00;10,843;15,89
16/04/2025 21:00;10,557;15,881
16/04/2025 22:00;10,282;15,899
16/04/2025 23:00;10,492;15,909
17/04/2025 00:00;10,703;15,937
17/04/2025 01:00;10,486;15,871
17/04/2025 02:00;10,217;15,423
17/04/2025 03:00;10,196;15,386
17/04/2025 04:00;10,374;15,33
17/04/2025 05:00;10,339;15,312
17/04/2025 06:00;10,361;15,312
17/04/2025 07:00;10,351;15,229
17/04/2025 08:00;10,353;15,284
17/04/2025 09:00;9,813;14,973
17/04/2025 10:00;10,205;15,147
17/04/2025 11:00;10,036;14,954
17/04/2025 12:00;9,915;15,073
17/04/2025 13:00;11,869;14,936
17/04/2025 14:00;12,219;14,963
17/04/2025 15:00;9,669;14,78
17/04/2025 16:00;10,15;14,789
17/04/2025 17:00;10,368;14,78
17/04/2025 18:00;10,125;14,78
17/04/2025 19:00;9,956;14,808
17/04/2025 20:00;9,745;14,78
17/04/2025 21:00;9,931;14,798
17/04/2025 22:00;10,171;14,78
17/04/2025 23:00;9,979;14,78
18/04/2025 00:00;10,159;14,78
18/04/2025 01:00;10,181;14,78
18/04/2025 02:00;10,021;14,78
18/04/2025 03:00;10,053;14,771
18/04/2025 04:00;9,952;14,78
18/04/2025 05:00;10,242;14,78
18/04/2025 06:00;10,125;14,733
18/04/2025 07:00;10,15;14,761
18/04/2025 08:00;10,125;14,724
18/04/2025 09:00;10,109;14,752
18/04/2025 10:00;10,387;14,696
18/04/2025 11:00;10,777;14,565
18/04/2025 12:00;8,775;14,481
18/04/2025 13:00;9,073;14,304
18/04/2025 14:00;9,23;14,267
18/04/2025 15:00;9,15;14,453
18/04/2025 16:00;8,206;14,481
18/04/2025 17:00;9,425;14,583
18/04/2025 18:00;9,682;15,416
18/04/2025 19:00;9,278;14,705
18/04/2025 20:00;12,219;14,528
18/04/2025 21:00;8,913;14,472
18/04/2025 22:00;8,717;14,285
18/04/2025 23:00;9,303;14,313
19/04/2025 00:00;9,885;14,677
19/04/2025 01:00;10,126;14,817
19/04/2025 02:00;10,238;15,275
19/04/2025 03:00;10,646;16,105
19/04/2025 04:00;10,371;16,45
19/04/2025 05:00;10,104;16,679
19/04/2025 06:00;10,218;17
19/04/2025 07:00;9,992;16,762
19/04/2025 08:00;10,205;16,385
19/04/2025 09:00;10,443;16,329
19/04/2025 10:00;10,639;16,254
19/04/2025 11:00;10,45;16,151
19/04/2025 12:00;10,762;16,123
19/04/2025 13:00;10,565;15,965
19/04/2025 14:00;10,796;16,941
19/04/2025 15:00;11,397;17,963
19/04/2025 16:00;11,288;18,394
19/04/2025 17:00;11,175;17,881
19/04/2025 18:00;10,729;17,653
19/04/2025 19:00;10,615;17,6
19/04/2025 20:00;10,514;17,093
19/04/2025 21:00;10,744;17,04
19/04/2025 22:00;11,106;16,991
19/04/2025 23:00;10,887;16,991
20/04/2025 00:00;11,177;17
20/04/2025 01:00;11,941;18,492
20/04/2025 02:00;13,265;23,476
20/04/2025 03:00;12,56;22,415
20/04/2025 04:00;12,547;21,326
20/04/2025 05:00;12,342;19,911
20/04/2025 06:00;11,152;17,361
20/04/2025 07:00;11,096;17
20/04/2025 08:00;11,232;16,982
20/04/2025 09:00;11,03;16,908
20/04/2025 10:00;11,032;16,514
20/04/2025 11:00;11,252;16,459
20/04/2025 12:00;10,736;16,067
20/04/2025 13:00;10,886;15,89
20/04/2025 14:00;10,624;15,881
20/04/2025 15:00;10,356;15,713
20/04/2025 16:00;10,529;15,825
20/04/2025 17:00;10,447;15,778
20/04/2025 18:00;10,115;15,647
20/04/2025 19:00;10,354;15,825
20/04/2025 20:00;10,764;15,815
20/04/2025 21:00;10,772;15,955
20/04/2025 22:00;10,893;16,086
20/04/2025 23:00;10,733;16,077
21/04/2025 00:00;11,047;15,927
21/04/2025 01:00;11,167;16,133
21/04/2025 02:00;11,028;16,45
21/04/2025 03:00;10,906;16,704
21/04/2025 04:00;11,315;17,58
21/04/2025 05:00;11,76;16,918
21/04/2025 06:00;11,089;16,78
21/04/2025 07:00;10,683;16,086
21/04/2025 08:00;10,352;15,806
21/04/2025 09:00;10,418;15,797
21/04/2025 10:00;10,675;15,871
21/04/2025 11:00;10,281;15,563
21/04/2025 12:00;9,87;15,591
21/04/2025 13:00;9,992;15,405
21/04/2025 14:00;9,495;15,414
21/04/2025 15:00;10,174;15,349
21/04/2025 16:00;9,427;15,33
21/04/2025 17:00;10,026;15,339
21/04/2025 18:00;9,805;15,321
21/04/2025 19:00;9,823;15,339
21/04/2025 20:00;9,984;15,321
21/04/2025 21:00;9,743;15,33
21/04/2025 22:00;12,218;15,303
21/04/2025 23:00;11,769;15,33
22/04/2025 00:00;14,196;15,544
22/04/2025 01:00;14,626;15,563
22/04/2025 02:00;13,085;15,479
22/04/2025 03:00;13,579;15,638
22/04/2025 04:00;14,201;17,802
22/04/2025 05:00;12,186;18,016
22/04/2025 06:00;14,491;18,245
22/04/2025 07:00;12,371;18,34
22/04/2025 08:00;12,603;18,543
22/04/2025 09:00;12,213;17,081
22/04/2025 10:00;13,899;16,933
22/04/2025 11:00;13,596;18,125
22/04/2025 12:00;12,491;19,439
22/04/2025 13:00;11,574;18,043
22/04/2025 14:00;11,439;17,8
22/04/2025 15:00;10,988;16,794
22/04/2025 16:00;10,954;16,133
22/04/2025 17:00;10,95;15,983
22/04/2025 18:00;12,15;16,459
22/04/2025 19:00;12,415;16,31
22/04/2025 20:00;12,088;16,002
22/04/2025 21:00;12,066;15,937
22/04/2025 22:00;12,294;15,871
22/04/2025 23:00;12,507;15,89
23/04/2025 00:00;12,596;15,899
23/04/2025 01:00;11,141;15,778
23/04/2025 02:00;10,602;15,647
23/04/2025 03:00;10,726;15,33
23/04/2025 04:00;10,742;15,321
23/04/2025 05:00;10,767;15,33
23/04/2025 06:00;10,706;15,321
23/04/2025 07:00;11,802;15,526
23/04/2025 08:00;11,851;15,405
23/04/2025 09:00;11,957;15,563
23/04/2025 10:00;11,343;14,896
23/04/2025 11:00;10,668;15,202
23/04/2025 12:00;10,514;15,037
23/04/2025 13:00;10,295;14,844
23/04/2025 14:00;10,344;14,78
23/04/2025 15:00;10,39;14,78
23/04/2025 16:00;10,362;14,826
23/04/2025 17:00;10,27;14,835
23/04/2025 18:00;11,168;15,074
23/04/2025 19:00;11,438;15,037
23/04/2025 20:00;11,599;15,128
23/04/2025 21:00;11,536;15,064
23/04/2025 22:00;11,526;14,918
23/04/2025 23:00;12,328;15,257
24/04/2025 00:00;11,935;15,24
24/04/2025 01:00;10,77;14,78
24/04/2025 02:00;10,773;14,808
24/04/2025 03:00;10,71;14,872
24/04/2025 04:00;10,902;15,119
24/04/2025 05:00;10,988;15,174
24/04/2025 06:00;12,475;15,656
24/04/2025 07:00;12,625;15,759
24/04/2025 08:00;12,485;15,666
24/04/2025 09:00;12,48;15,629
24/04/2025 10:00;12,344;15,47
24/04/2025 11:00;12,344;15,433
24/04/2025 12:00;12,412;15,937
24/04/2025 13:00;10,366;14,29
24/04/2025 14:00;6,47;5,372
24/04/2025 15:00;6,134;4
24/04/2025 16:00;9,475;10,902
24/04/2025 17:00;10,649;15,229
24/04/2025 18:00;10,984;14,965
24/04/2025 19:00;11,374;15,064
24/04/2025 20:00;11,67;15,157
24/04/2025 21:00;13,266;16,091
24/04/2025 22:00;13,571;16,198
24/04/2025 23:00;14,07;16,521
25/04/2025 00:00;13,875;16,487
25/04/2025 01:00;14,022;16,541
25/04/2025 02:00;13,96;16,769
25/04/2025 03:00;12,437;15,797
25/04/2025 04:00;12,245;15,545
25/04/2025 05:00;12,673;16,085
25/04/2025 06:00;12,918;17,151
25/04/2025 07:00;12,728;17,107
25/04/2025 08:00;12,061;16,9
25/04/2025 09:00;13,641;16,987
25/04/2025 10:00;12,713;17,058
25/04/2025 11:00;12,836;17,053
25/04/2025 12:00;12,448;16,771
25/04/2025 13:00;12,654;16,844
25/04/2025 14:00;12,593;16,753
25/04/2025 15:00;12,672;16,633
25/04/2025 16:00;12,377;16,458
25/04/2025 17:00;12,519;16,643
25/04/2025 18:00;12,492;16,606
25/04/2025 19:00;14,149;17,574
25/04/2025 20:00;14,008;17,602
25/04/2025 21:00;13,717;17,735
25/04/2025 22:00;14,747;18,434
25/04/2025 23:00;14,691;18,635
26/04/2025 00:00;14,977;18,93
26/04/2025 01:00;15,293;19,197
26/04/2025 02:00;14,67;18,929
26/04/2025 03:00;11,704;16,476
26/04/2025 04:00;11,607;15,629
26/04/2025 05:00;11,808;15,918
26/04/2025 06:00;11,886;16,459
26/04/2025 07:00;13,667;17,373
26/04/2025 08:00;10,701;16,377
26/04/2025 09:00;9,815;15,899
26/04/2025 10:00;9,757;15,89
26/04/2025 11:00;9,746;15,881
26/04/2025 12:00;9,744;15,89
26/04/2025 13:00;9,764;15,881
26/04/2025 14:00;9,799;15,89
26/04/2025 15:00;9,718;15,881
26/04/2025 16:00;9,632;15,909
26/04/2025 17:00;9,863;15,927
26/04/2025 18:00;9,441;15,937
26/04/2025 19:00;10,34;16,011
26/04/2025 20:00;10,092;16,105
26/04/2025 21:00;10,153;16,31
26/04/2025 22:00;10,238;16,403
26/04/2025 23:00;11,062;16,45
27/04/2025 00:00;11,157;16,45
27/04/2025 01:00;11,464;17,041
27/04/2025 02:00;11,558;17,48
27/04/2025 03:00;12,179;18,419
27/04/2025 04:00;12,159;18,795
27/04/2025 05:00;11,638;17,841
27/04/2025 06:00;11,602;17,814
27/04/2025 07:00;12,255;18,219
27/04/2025 08:00;23,206;23,407
27/04/2025 09:00;38,343;31,569
27/04/2025 10:00;37,365;29,253
27/04/2025 11:00;36,441;28,718
27/04/2025 12:00;36,573;28,703
27/04/2025 13:00;36,335;28,57
27/04/2025 14:00;35,398;28,006
27/04/2025 15:00;35,361;27,979
27/04/2025 16:00;20,283;18,154
27/04/2025 17:00;10,115;16,496
27/04/2025 18:00;9,952;16,468
27/04/2025 19:00;9,883;16,478
27/04/2025 20:00;9,881;16,478
27/04/2025 21:00;10,793;16,487
27/04/2025 22:00;10,967;16,468
27/04/2025 23:00;11,156;16,45
28/04/2025 00:00;11,13;16,459
28/04/2025 01:00;11,385;16,945
28/04/2025 02:00;11,394;17
28/04/2025 03:00;11,282;16,982
28/04/2025 04:00;11,302;16,958
28/04/2025 05:00;12,663;19,103
28/04/2025 06:00;12,559;19,41
28/04/2025 07:00;12,591;19,41
28/04/2025 08:00;12,58;19,383
28/04/2025 09:00;12,56;19,37
28/04/2025 10:00;12,033;18,396
28/04/2025 11:00;12,5;18,877
28/04/2025 12:00;11,978;18,703
28/04/2025 13:00;11,369;17,122
28/04/2025 14:00;13,543;20,193
28/04/2025 15:00;11,651;18,353
28/04/2025 16:00;11,47;17,398
28/04/2025 17:00;11,302;19,469
28/04/2025 18:00;12,037;19,17
28/04/2025 19:00;11,242;17,588
28/04/2025 20:00;10,932;17,133
28/04/2025 21:00;10,536;17,133
28/04/2025 22:00;10,723;17,68
28/04/2025 23:00;11,159;17,44
29/04/2025 00:00;11,37;17,747
29/04/2025 01:00;11,277;17,667
29/04/2025 02:00;11,185;17,76
29/04/2025 03:00;11,341;17,747
29/04/2025 04:00;11,142;17,787
29/04/2025 05:00;11,66;17,707
29/04/2025 06:00;11,463;17,707
29/04/2025 07:00;11,689;17,787
29/04/2025 08:00;11,245;17,627
29/04/2025 09:00;13,177;17,828
29/04/2025 10:00;15,23;17,829
29/04/2025 11:00;35,627;28,556
29/04/2025 12:00;34,544;28,638
29/04/2025 13:00;31,512;25,519
29/04/2025 14:00;37,56;28,623
29/04/2025 15:00;38,014;28,677
29/04/2025 16:00;32,917;27,307
29/04/2025 17:00;12,077;15,997
29/04/2025 18:00;10,106;15,358
29/04/2025 19:00;9,852;15,423
29/04/2025 20:00;10,235;15,629
29/04/2025 21:00;10,067;15,685
29/04/2025 22:00;10,288;15,89
29/04/2025 23:00;10,867;15,853
30/04/2025 00:00;10,667;15,871
30/04/2025 01:00;10,643;15,946
30/04/2025 02:00;10,86;16,095
30/04/2025 03:00;11,124;16,282
30/04/2025 04:00;10,789;15,965
30/04/2025 05:00;10,448;15,955
30/04/2025 06:00;10,353;16,095
30/04/2025 07:00;10,802;16,982
30/04/2025 08:00;10,758;17,044
30/04/2025 09:00;11,014;17,04
30/04/2025 10:00;10,673;17,013
30/04/2025 11:00;11,153;17,187
30/04/2025 12:00;10,006;16,771
30/04/2025 13:00;9,913;16,588
30/04/2025 14:00;10,563;16,263
30/04/2025 15:00;9,869;16,661
30/04/2025 16:00;9,109;16,45
30/04/2025 17:00;10,789;16,441
30/04/2025 18:00;10,049;16,45
30/04/2025 19:00;10,403;16,523
30/04/2025 20:00;10,572;16,725
30/04/2025 21:00;10,715;16,991
30/04/2025 22:00;10,261;17,32
30/04/2025 23:00;10,742;17,773
01/05/2025 00:00;10,654;18,421
01/05/2025 01:00;10,865;18,623
01/05/2025 02:00;10,804;18,823
01/05/2025 03:00;11,431;19,13
01/05/2025 04:00;11,394;19,223
01/05/2025 05:00;10,521;17,184
01/05/2025 06:00;11,168;16,468
01/05/2025 07:00;10,96;16,422
01/05/2025 08:00;11,049;16,431
01/05/2025 09:00;12,917;16,476
01/05/2025 10:00;19,155;17,415
01/05/2025 11:00;35,59;31,425
01/05/2025 12:00;NULL;30,67
01/05/2025 13:00;NULL;30,683
01/05/2025 14:00;39,909;30,386
01/05/2025 15:00;39,886;30,575
01/05/2025 16:00;31,977;28,407
01/05/2025 17:00;11,569;15,862
01/05/2025 18:00;10,585;15,881
01/05/2025 19:00;10,251;16,105
01/05/2025 20:00;10,852;16,347
01/05/2025 21:00;11,148;16,441
01/05/2025 22:00;11,143;16,441
01/05/2025 23:00;10,918;16,45
02/05/2025 00:00;10,436;16,679
02/05/2025 01:00;11,112;16,954
02/05/2025 02:00;11,082;17,047
02/05/2025 03:00;11,999;20,652
02/05/2025 04:00;13,475;21,098
02/05/2025 05:00;12,347;21,071
02/05/2025 06:00;14,512;21,449
02/05/2025 07:00;13,89;21,651
02/05/2025 08:00;14,436;21,732
02/05/2025 09:00;13,796;21,813
02/05/2025 10:00;13,823;21,827
02/05/2025 11:00;13,562;21,638
02/05/2025 12:00;13,798;21,557
02/05/2025 13:00;12,677;21,503
02/05/2025 14:00;12,973;21,368
02/05/2025 15:00;11,963;21,719
02/05/2025 16:00;12,002;21,933
02/05/2025 17:00;12,814;22,816
02/05/2025 18:00;17,627;24,36
02/05/2025 19:00;19,454;25,977
02/05/2025 20:00;23,997;29,08
02/05/2025 21:00;26,431;32,081
02/05/2025 22:00;31,513;36,42
02/05/2025 23:00;35,899;40,558
03/05/2025 00:00;NULL;43,978
03/05/2025 01:00;NULL;45,912
03/05/2025 02:00;NULL;46,648
03/05/2025 03:00;NULL;46,014
03/05/2025 04:00;NULL;45,532
03/05/2025 05:00;NULL;44,799
03/05/2025 06:00;NULL;44,571
03/05/2025 07:00;NULL;42,732
03/05/2025 08:00;38,38;41,46
03/05/2025 09:00;NULL;40,921
03/05/2025 10:00;NULL;40,382
03/05/2025 11:00;39,91;39,497
03/05/2025 12:00;39,484;38,035
03/05/2025 13:00;28,832;35,884
03/05/2025 14:00;26,717;32,227
03/05/2025 15:00;25,208;31,142
03/05/2025 16:00;26,78;31,693
03/05/2025 17:00;26,965;32,04
03/05/2025 18:00;27,818;32,698
03/05/2025 19:00;27,404;32,698
03/05/2025 20:00;27,348;32,778
03/05/2025 21:00;28,019;33,101
03/05/2025 22:00;27,752;33,477
03/05/2025 23:00;28,843;34,888
04/05/2025 00:00;33,429;39,35
04/05/2025 01:00;33,392;38,799
04/05/2025 02:00;31,921;38,437
04/05/2025 03:00;31,539;37,982
04/05/2025 04:00;31,658;37,862
04/05/2025 05:00;30,126;37,039
04/05/2025 06:00;29,975;36,782
04/05/2025 07:00;29,502;36,217
04/05/2025 08:00;28,627;35,589
04/05/2025 09:00;27,395;34,848
04/05/2025 10:00;26,608;33,975
04/05/2025 11:00;22,56;29,887
04/05/2025 12:00;20,973;28,863
04/05/2025 13:00;20,509;28,289
04/05/2025 14:00;19,826;27,737
04/05/2025 15:00;16,301;27,482
04/05/2025 16:00;15,775;27,295
04/05/2025 17:00;15,424;26,747
04/05/2025 18:00;15,826;27,04
04/05/2025 19:00;16,114;27,027
04/05/2025 20:00;19,669;27,296
04/05/2025 21:00;19,639;26,92
04/05/2025 22:00;19,849;26,987
04/05/2025 23:00;19,428;27,053
05/05/2025 00:00;23,803;31,37
05/05/2025 01:00;24,349;31,68
05/05/2025 02:00;23,079;31,169
05/05/2025 03:00;23,734;31,532
05/05/2025 04:00;22,861;30,832
05/05/2025 05:00;22,841;30,967
05/05/2025 06:00;19,481;30,575
05/05/2025 07:00;18,685;30,305
05/05/2025 08:00;18,6;29,887
05/05/2025 09:00;18,272;29,846
05/05/2025 10:00;12,189;17,795
05/05/2025 11:00;23,608;29,158
05/05/2025 12:00;21,555;29,131
05/05/2025 13:00;23,593;29,065
05/05/2025 14:00;21,165;28,463
05/05/2025 15:00;19,501;28,262
05/05/2025 16:00;16,741;28,209
05/05/2025 17:00;16,312;27,804
05/05/2025 18:00;16,357;27,615
05/05/2025 19:00;18,602;28,112
05/05/2025 20:00;19,441;27,696
05/05/2025 21:00;19,179;27,575
05/05/2025 22:00;15,67;27,027
05/05/2025 23:00;14,892;26,773
06/05/2025 00:00;14,6;26,693
06/05/2025 01:00;14,852;26,68
06/05/2025 02:00;14,976;26,64
06/05/2025 03:00;14,299;26,559
06/05/2025 04:00;14,623;26,14
06/05/2025 05:00;14,559;26,005
06/05/2025 06:00;13,959;25,87
06/05/2025 07:00;13,911;25,789
06/05/2025 08:00;14,24;25,506
06/05/2025 09:00;13,204;25,411
06/05/2025 10:00;16,638;27,602
06/05/2025 11:00;19,982;32,67
06/05/2025 12:00;16,33;25,222
06/05/2025 13:00;18,473;25,222
06/05/2025 14:00;27,76;26,648
06/05/2025 15:00;30,435;28,732
06/05/2025 16:00;19,257;25,141
06/05/2025 17:00;17,152;24,252
06/05/2025 18:00;13,559;23,45
06/05/2025 19:00;12,709;23,369
06/05/2025 20:00;13,052;23,302
06/05/2025 21:00;12,953;23,167
06/05/2025 22:00;12,888;22,775
06/05/2025 23:00;12,548;22,694
07/05/2025 00:00;12,975;22,681
07/05/2025 01:00;12,971;22,627
07/05/2025 02:00;13,127;22,654
07/05/2025 03:00;13,031;22,64
07/05/2025 04:00;12,936;22,64
07/05/2025 05:00;13,237;22,613
07/05/2025 06:00;13,461;22,937
07/05/2025 07:00;16,9;27,669
07/05/2025 08:00;14,813;22,695
07/05/2025 09:00;13,691;22,053
07/05/2025 10:00;15,027;21,986
07/05/2025 11:00;14,042;21,678
07/05/2025 12:00;13,204;21,179
07/05/2025 13:00;14,102;20,05
07/05/2025 14:00;7,474;5,44
07/05/2025 15:00;12,03;11,945
07/05/2025 16:00;11,859;20,463
07/05/2025 17:00;11,785;20,288
07/05/2025 18:00;12,277;19,493
07/05/2025 19:00;11,759;18,73
07/05/2025 20:00;12,254;18,81
07/05/2025 21:00;11,691;18,556
07/05/2025 22:00;12,105;18,637
07/05/2025 23:00;12,199;18,57
08/05/2025 00:00;11,871;18,583
08/05/2025 01:00;12,1;18,475
08/05/2025 02:00;11,467;18,232
08/05/2025 03:00;12,012;18,34
08/05/2025 04:00;11,273;17,976
08/05/2025 05:00;12,029;18,084
08/05/2025 06:00;12,06;17,976
08/05/2025 07:00;12,034;17,827
08/05/2025 08:00;11,256;17,881
08/05/2025 09:00;11,863;17,787
08/05/2025 10:00;11,488;17,8
08/05/2025 11:00;12,085;17,587
08/05/2025 12:00;10,204;17,067
08/05/2025 13:00;9,825;16,438
08/05/2025 14:00;9,76;15,778
08/05/2025 15:00;9,854;15,619
08/05/2025 16:00;10,066;15,395
08/05/2025 17:00;9,735;15,33
08/05/2025 18:00;9,444;15,339
08/05/2025 19:00;10,777;15,461
08/05/2025 20:00;10,747;15,339
08/05/2025 21:00;10,688;15,395
08/05/2025 22:00;10,316;15,395
08/05/2025 23:00;10,75;15,545
09/05/2025 00:00;10,501;15,367
09/05/2025 01:00;10,795;15,414
09/05/2025 02:00;10,78;15,405
09/05/2025 03:00;10,888;15,619
09/05/2025 04:00;10,74;15,405
09/05/2025 05:00;10,989;15,498
09/05/2025 06:00;10,765;15,33
09/05/2025 07:00;10,993;16,142
09/05/2025 08:00;11,465;16,422
09/05/2025 09:00;11,03;16,357
09/05/2025 10:00;11,135;16,273
09/05/2025 11:00;9,958;16,235
09/05/2025 12:00;9,72;15,703
09/05/2025 13:00;10,099;15,275
09/05/2025 14:00;10,154;14,954
09/05/2025 15:00;9,453;14,89
09/05/2025 16:00;8,908;14,844
09/05/2025 17:00;9,219;14,78
09/05/2025 18:00;9,092;14,808
09/05/2025 19:00;9,432;14,78
09/05/2025 20:00;10,139;14,863
09/05/2025 21:00;10,363;14,789
09/05/2025 22:00;10,417;14,908
09/05/2025 23:00;10,856;14,982
10/05/2025 00:00;10,446;15,275
10/05/2025 01:00;10,665;15,028
10/05/2025 02:00;10,561;15,284
10/05/2025 03:00;10,618;15,266
10/05/2025 04:00;10,74;15,284
10/05/2025 05:00;10,936;15,22
10/05/2025 06:00;11,072;15,321
10/05/2025 07:00;10,759;15,211
10/05/2025 08:00;10,949;15,321
10/05/2025 09:00;10,822;15,339
10/05/2025 10:00;17,986;16,8
10/05/2025 11:00;33,425;26,662
10/05/2025 12:00;32,215;25,735
10/05/2025 13:00;30,683;25,047
10/05/2025 14:00;31,008;25,182
10/05/2025 15:00;31,567;25,519
10/05/2025 16:00;31,483;25,492
10/05/2025 17:00;26,583;26,154
10/05/2025 18:00;13,029;17,737
10/05/2025 19:00;10,994;16,011
10/05/2025 20:00;11,71;18,357
10/05/2025 21:00;12,578;21,462
10/05/2025 22:00;17,634;28,705
10/05/2025 23:00;21,548;33,919
11/05/2025 00:00;30,858;30,477
11/05/2025 01:00;34,661;22,735
11/05/2025 02:00;34,616;22,628
11/05/2025 03:00;33,766;22,093
11/05/2025 04:00;33,98;22,173
11/05/2025 05:00;34,267;22,427
11/05/2025 06:00;33,988;22,267
11/05/2025 07:00;33,408;21,878
11/05/2025 08:00;33,251;21,57
11/05/2025 09:00;32,512;21,233
11/05/2025 10:00;32,575;21,138
11/05/2025 11:00;32,563;20,936
11/05/2025 12:00;28,884;17,625
11/05/2025 13:00;27,894;16,512
11/05/2025 14:00;27,87;16,235
11/05/2025 15:00;27,307;16,086
11/05/2025 16:00;27,285;15,983
11/05/2025 17:00;27,587;15,993
11/05/2025 18:00;12,501;15,103
11/05/2025 19:00;12,118;19,797
11/05/2025 20:00;13,6;22,507
11/05/2025 21:00;12,975;23,167
11/05/2025 22:00;12,303;22,721
11/05/2025 23:00;13,263;22,654
12/05/2025 00:00;13,759;24,2
12/05/2025 01:00;14,065;25,411
12/05/2025 02:00;14,125;25,195
12/05/2025 03:00;13,851;25,101
12/05/2025 04:00;13,597;25,033
12/05/2025 05:00;13,904;24,804
12/05/2025 06:00;13,026;24,331
12/05/2025 07:00;13,431;24,318
12/05/2025 08:00;13,64;24,25
12/05/2025 09:00;13,846;20,475
12/05/2025 10:00;13,528;23,757
12/05/2025 11:00;12,927;23,477
12/05/2025 12:00;13,055;23,383
12/05/2025 13:00;13,323;23,234
12/05/2025 14:00;12,482;22,91
12/05/2025 15:00;12,67;22,667
12/05/2025 16:00;12,604;22,627
12/05/2025 17:00;13,117;22,627
12/05/2025 18:00;13,2;22,507
12/05/2025 19:00;16,006;22,562
12/05/2025 20:00;22,923;25,088
12/05/2025 21:00;24,17;26,194
12/05/2025 22:00;23,822;25,924
12/05/2025 23:00;23,632;25,843
13/05/2025 00:00;14,267;22,441
13/05/2025 01:00;12,551;21,098
13/05/2025 02:00;12,407;21,057
13/05/2025 03:00;12,7;21,071
13/05/2025 04:00;12,289;21,03
13/05/2025 05:00;12,475;21,017
13/05/2025 06:00;12,725;20,963
13/05/2025 07:00;12,552;20,841
13/05/2025 08:00;12,619;20,936
13/05/2025 09:00;12,176;20,612
13/05/2025 10:00;12,759;20,45
13/05/2025 11:00;12,769;20,315
13/05/2025 12:00;12,431;20,193
13/05/2025 13:00;12,274;19,883
13/05/2025 14:00;13,126;17,743
13/05/2025 15:00;11,545;19,964
13/05/2025 16:00;12,407;19,505
13/05/2025 17:00;14,31;20,207
13/05/2025 18:00;14,132;20,207
13/05/2025 19:00;13,61;19,545
13/05/2025 20:00;13,61;19,303
13/05/2025 21:00;14,833;19,384
13/05/2025 22:00;13,43;19,237
13/05/2025 23:00;14,852;19,518
14/05/2025 00:00;21,619;22,44
14/05/2025 01:00;15,92;21,85
14/05/2025 02:00;14,869;19,991
14/05/2025 03:00;15,095;19,064
14/05/2025 04:00;13,014;19,103
14/05/2025 05:00;23,102;22,857
14/05/2025 06:00;22,334;24,345
14/05/2025 07:00;22,154;24,277
14/05/2025 08:00;21,986;24,17
14/05/2025 09:00;16,21;20,556
14/05/2025 10:00;13,628;18,621
14/05/2025 11:00;11,057;17,8
14/05/2025 12:00;11,533;17,733
14/05/2025 13:00;11,305;17,68
14/05/2025 14:00;11,226;17,627
14/05/2025 15:00;10,935;17,2
14/05/2025 16:00;11,743;17,64
14/05/2025 17:00;11,151;17,52
14/05/2025 18:00;12,253;17,8
14/05/2025 19:00;11,575;18,178
14/05/2025 20:00;14,082;19,587
14/05/2025 21:00;22,229;23,166
14/05/2025 22:00;22,72;24,642
14/05/2025 23:00;15,237;21,312
15/05/2025 00:00;13,555;19,493
15/05/2025 01:00;11,783;18,837
15/05/2025 02:00;12,036;18,65
15/05/2025 03:00;12,106;18,556
15/05/2025 04:00;11,565;17,774
15/05/2025 05:00;11,994;17,895
15/05/2025 06:00;11,27;17,854
15/05/2025 07:00;11,801;17,827
15/05/2025 08:00;11,17;17,8
15/05/2025 09:00;11,316;17,8
15/05/2025 10:00;11,708;17,76
15/05/2025 11:00;11,627;17,4
15/05/2025 12:00;11,308;16,899
15/05/2025 13:00;11,99;16,505
15/05/2025 14:00;18,23;16,624
15/05/2025 15:00;18,522;16,908
15/05/2025 16:00;10,748;16,356
15/05/2025 17:00;10,423;15,853
15/05/2025 18:00;9,762;15,367
15/05/2025 19:00;10,799;15,479
15/05/2025 20:00;11,074;15,881
15/05/2025 21:00;10,977;15,834
15/05/2025 22:00;10,805;15,853
15/05/2025 23:00;10,833;15,573
16/05/2025 00:00;10,719;15,675
16/05/2025 01:00;10,804;16,151
16/05/2025 02:00;11,198;16,273
16/05/2025 03:00;10,957;16,133
16/05/2025 04:00;10,505;15,89
16/05/2025 05:00;11,072;15,89
16/05/2025 06:00;10,882;16,493
16/05/2025 07:00;11,044;17
16/05/2025 08:00;11,445;16,991
16/05/2025 09:00;12,501;16,243
16/05/2025 10:00;10,863;16,991
16/05/2025 11:00;11,669;16,927
16/05/2025 12:00;11,501;16,346
16/05/2025 13:00;11,252;15,582
16/05/2025 14:00;10,913;15,358
16/05/2025 15:00;9,35;15,257
16/05/2025 16:00;10,615;14,826
16/05/2025 17:00;9,762;14,798
16/05/2025 18:00;9,518;14,808
16/05/2025 19:00;10,261;14,835
16/05/2025 20:00;10,345;14,936
16/05/2025 21:00;9,966;15
16/05/2025 22:00;10,325;14,954
16/05/2025 23:00;9,298;14,936
17/05/2025 00:00;9,571;14,945
17/05/2025 01:00;9,601;14,963
17/05/2025 02:00;10,089;14,954
17/05/2025 03:00;10,675;15,083
17/05/2025 04:00;10,735;15
17/05/2025 05:00;10,45;15,33
17/05/2025 06:00;10,676;15,451
17/05/2025 07:00;10,92;15,423
17/05/2025 08:00;10,954;15,824
17/05/2025 09:00;10,921;16,771
17/05/2025 10:00;10,538;16,835
17/05/2025 11:00;10,179;15,862
17/05/2025 12:00;10,148;14,954
17/05/2025 13:00;8,793;14,78
17/05/2025 14:00;9,003;14,743
17/05/2025 15:00;10,369;14,491
17/05/2025 16:00;9,619;14,603
17/05/2025 17:00;8,732;14,453
17/05/2025 18:00;9,019;14,733
17/05/2025 19:00;9,171;14,743
17/05/2025 20:00;9,619;14,826
17/05/2025 21:00;9,461;14,798
17/05/2025 22:00;9,379;14,908
17/05/2025 23:00;10,377;14,808
18/05/2025 00:00;10,532;15,064
18/05/2025 01:00;10,386;14,835
18/05/2025 02:00;10,481;15,055
18/05/2025 03:00;10,407;14,835
18/05/2025 04:00;10,605;14,991
18/05/2025 05:00;10,286;14,817
18/05/2025 06:00;10,421;14,991
18/05/2025 07:00;10,108;14,798
18/05/2025 08:00;10,393;14,945
18/05/2025 09:00;10,318;14,808
18/05/2025 10:00;10,196;14,872
18/05/2025 11:00;10,24;14,789
18/05/2025 12:00;9,415;14,761
18/05/2025 13:00;9,235;14,733
18/05/2025 14:00;9,677;14,612
18/05/2025 15:00;8,899;14,687
18/05/2025 16:00;9,229;14,397
18/05/2025 17:00;9,449;14,593
18/05/2025 18:00;10,131;14,64
18/05/2025 19:00;10,124;14,78
18/05/2025 20:00;10,544;14,817
18/05/2025 21:00;10,77;14,945
18/05/2025 22:00;11,26;15,156
18/05/2025 23:00;14,064;15,212
19/05/2025 00:00;14,037;15,369
19/05/2025 01:00;13,574;15,489
19/05/2025 02:00;13,936;16,466
19/05/2025 03:00;12,695;20,976
19/05/2025 04:00;13,274;22,24
19/05/2025 05:00;13,372;23,528
19/05/2025 06:00;13,995;24,777
19/05/2025 07:00;17,478;25,141
19/05/2025 08:00;18,158;25,411
19/05/2025 09:00;17,554;25,114
19/05/2025 10:00;16,73;25,02
19/05/2025 11:00;18,857;26,14
19/05/2025 12:00;19,087;26,339
19/05/2025 13:00;17,736;25,438
19/05/2025 14:00;17,955;25,371
19/05/2025 15:00;17,321;25,087
19/05/2025 16:00;17,89;25,047
19/05/2025 17:00;18,588;25,411
19/05/2025 18:00;18,72;25,143
19/05/2025 19:00;19,816;26,206
19/05/2025 20:00;19,837;26,585
19/05/2025 21:00;20,515;27,027
19/05/2025 22:00;20,247;26,92
19/05/2025 23:00;19,905;26,76
20/05/2025 00:00;19,808;26,772
20/05/2025 01:00;19,823;26,747
20/05/2025 02:00;19,309;26,72
20/05/2025 03:00;19,453;27,133
20/05/2025 04:00;20,04;27,467
20/05/2025 05:00;20,616;27,737
20/05/2025 06:00;19,912;27,507
20/05/2025 07:00;19,861;27,293
20/05/2025 08:00;19,09;26,747
20/05/2025 09:00;27,997;30,265
20/05/2025 10:00;30,42;32,623
20/05/2025 11:00;NULL;27,023
20/05/2025 12:00;NULL;24,601
20/05/2025 13:00;NULL;26,072
20/05/2025 14:00;38,533;25,021
20/05/2025 15:00;NULL;23,677
20/05/2025 16:00;34,646;28,705
20/05/2025 17:00;13,169;21,636
20/05/2025 18:00;16,661;23,581
20/05/2025 19:00;15,66;22,613
20/05/2025 20:00;14,442;21,907
20/05/2025 21:00;14,479;21,84
20/05/2025 22:00;14,241;21,8
20/05/2025 23:00;14,063;21,759
21/05/2025 00:00;12,918;21,233
21/05/2025 01:00;11,598;21,098
21/05/2025 02:00;11,992;21,03
21/05/2025 03:00;11,916;21,03
21/05/2025 04:00;15,164;21,259
21/05/2025 05:00;13,956;20,99
21/05/2025 06:00;13,393;20,814
21/05/2025 07:00;13,354;20,342
21/05/2025 08:00;21,674;23,717
21/05/2025 09:00;21,907;24,012
21/05/2025 10:00;20,84;23,086
21/05/2025 11:00;17,342;21,726
21/05/2025 12:00;13,666;19,334
21/05/2025 13:00;14,69;19,185
21/05/2025 14:00;11,444;19,587
21/05/2025 15:00;13,711;22,871
21/05/2025 16:00;11,661;21,893
21/05/2025 17:00;13,144;21,638
21/05/2025 18:00;12,313;21,732
21/05/2025 19:00;12,385;21,813
21/05/2025 20:00;12,093;21,88
21/05/2025 21:00;15,622;22,227
21/05/2025 22:00;15,155;22,6
21/05/2025 23:00;15,339;22,613
22/05/2025 00:00;14,84;22,64
22/05/2025 01:00;14,933;22,64
22/05/2025 02:00;14,18;22,627
22/05/2025 03:00;12,64;22,627
22/05/2025 04:00;12,463;22,64
22/05/2025 05:00;12,527;22,748
22/05/2025 06:00;12,328;23,45
22/05/2025 07:00;12,731;23,717
22/05/2025 08:00;12,236;23,837
22/05/2025 09:00;15,81;23,785
22/05/2025 10:00;18,889;24,418
22/05/2025 11:00;25,184;27,361
22/05/2025 12:00;23,817;26,085
22/05/2025 13:00;23,473;25,627
22/05/2025 14:00;22,89;21,149
22/05/2025 15:00;13,279;9,645
22/05/2025 16:00;22,211;20,435
22/05/2025 17:00;14,395;21,853
22/05/2025 18:00;13,997;21,786
22/05/2025 19:00;13,51;21,53
22/05/2025 20:00;13,678;21,273
22/05/2025 21:00;13,884;21,206
22/05/2025 22:00;13,393;21,071
22/05/2025 23:00;13,324;21,071
23/05/2025 00:00;12,874;21,03
23/05/2025 01:00;12,13;21,003
23/05/2025 02:00;12,287;21,03
23/05/2025 03:00;12,535;20,963
23/05/2025 04:00;14,281;21,125
23/05/2025 05:00;14,159;21,03
23/05/2025 06:00;13,56;20,949
23/05/2025 07:00;13,398;20,598
23/05/2025 08:00;15,187;20,585
23/05/2025 09:00;14,214;19,688
23/05/2025 10:00;13,935;20,517
23/05/2025 11:00;15,899;20,463
23/05/2025 12:00;15,067;20,597
23/05/2025 13:00;16,687;22,09
23/05/2025 14:00;13,762;19,424
23/05/2025 15:00;12,949;19,41
23/05/2025 16:00;14,366;19,143
23/05/2025 17:00;12,222;18,797
23/05/2025 18:00;11,029;18,61
23/05/2025 19:00;11,859;18,57
23/05/2025 20:00;11,057;18,623
23/05/2025 21:00;10,848;18,837
23/05/2025 22:00;10,602;19,01
23/05/2025 23:00;11,293;18,97
24/05/2025 00:00;11,419;19,09
24/05/2025 01:00;11,283;19,343
24/05/2025 02:00;11,738;19,41
24/05/2025 03:00;11,8;19,397
24/05/2025 04:00;11,413;19,277
24/05/2025 05:00;11,518;19,317
24/05/2025 06:00;11,874;19,343
24/05/2025 07:00;11,974;19,143
24/05/2025 08:00;11,627;19,05
24/05/2025 09:00;11,683;18,903
24/05/2025 10:00;11,381;18,637
24/05/2025 11:00;11,475;18,57
24/05/2025 12:00;11,062;18,475
24/05/2025 13:00;10,704;18,273
24/05/2025 14:00;11,688;18,003
24/05/2025 15:00;10,309;17,814
24/05/2025 16:00;10,461;17,8
24/05/2025 17:00;11,373;17,787
24/05/2025 18:00;10,776;17,72
24/05/2025 19:00;10,242;17,68
24/05/2025 20:00;10,443;17,733
24/05/2025 21:00;11,325;17,693
24/05/2025 22:00;11;17,773
24/05/2025 23:00;10,932;17,8
25/05/2025 00:00;11,074;17,868
25/05/2025 01:00;11,161;18,259
25/05/2025 02:00;11,605;18,583
25/05/2025 03:00;11,406;18,61
25/05/2025 04:00;11,314;18,61
25/05/2025 05:00;11,698;18,597
25/05/2025 06:00;11,355;18,61
25/05/2025 07:00;14,029;18,636
25/05/2025 08:00;20,092;19,053
25/05/2025 09:00;26,126;18,348
25/05/2025 10:00;25,753;14,952
25/05/2025 11:00;25,371;14,389
25/05/2025 12:00;24,348;13,844
25/05/2025 13:00;24,004;13,677
25/05/2025 14:00;21,836;12,653
25/05/2025 15:00;21,641;12,636
25/05/2025 16:00;21,6;12,525
25/05/2025 17:00;31,196;24,257
25/05/2025 18:00;10,463;15,506
25/05/2025 19:00;9,528;15,33
25/05/2025 20:00;10,096;15,33
25/05/2025 21:00;9,814;15,33
25/05/2025 22:00;10,356;15,405
25/05/2025 23:00;10,107;15,349
26/05/2025 00:00;13,229;15,853
26/05/2025 01:00;11,782;15,722
26/05/2025 02:00;11,064;15,825
26/05/2025 03:00;11,846;17,573
26/05/2025 04:00;11,974;18,743
26/05/2025 05:00;11,71;18,81
26/05/2025 06:00;10,734;18,73
26/05/2025 07:00;10,827;18,65
26/05/2025 08:00;11,226;18,623
26/05/2025 09:00;11,329;19,682
26/05/2025 10:00;11,8;17,141
26/05/2025 11:00;11,33;18,259
26/05/2025 12:00;10,916;17,895
26/05/2025 13:00;10,976;17,814
26/05/2025 14:00;11,236;17,773
26/05/2025 15:00;10,02;17,333
26/05/2025 16:00;10,195;17,107
26/05/2025 17:00;10,974;17,107
26/05/2025 18:00;11,205;17,227
26/05/2025 19:00;13,956;17,801
26/05/2025 20:00;12,193;18,259
26/05/2025 21:00;12,843;18,77
26/05/2025 22:00;12,672;19,41
26/05/2025 23:00;13,5;20,166
27/05/2025 00:00;13,706;20,747
27/05/2025 01:00;13,604;20,963
27/05/2025 02:00;13,631;21,03
27/05/2025 03:00;13,255;21,017
27/05/2025 04:00;13,79;20,895
27/05/2025 05:00;11,944;20,747
27/05/2025 06:00;11,956;20,436
27/05/2025 07:00;11,838;20,315
27/05/2025 08:00;11,688;20,153
27/05/2025 09:00;11,853;20,126
27/05/2025 10:00;12,952;19,707
27/05/2025 11:00;12,977;19,653
27/05/2025 12:00;15,108;19,384
27/05/2025 13:00;13,932;18,239
27/05/2025 14:00;14,673;14,891
27/05/2025 15:00;31,289;32,495
27/05/2025 16:00;16,443;26,097
27/05/2025 17:00;11,163;18,165
27/05/2025 18:00;11,429;17,8
27/05/2025 19:00;11,426;17,827
27/05/2025 20:00;11,043;17,8
27/05/2025 21:00;11,68;18,367
27/05/2025 22:00;13,167;19,05
27/05/2025 23:00;12,78;19,384
28/05/2025 00:00;14,89;19,856
28/05/2025 01:00;13,695;20,207
28/05/2025 02:00;11,565;20,193
28/05/2025 03:00;12,083;20,18
28/05/2025 04:00;11,801;20,193
28/05/2025 05:00;13,432;20,409
28/05/2025 06:00;14,041;20,139
28/05/2025 07:00;13,512;20,18
28/05/2025 08:00;13,724;19,761
28/05/2025 09:00;13,392;19,424
28/05/2025 10:00;12,138;18,328
28/05/2025 11:00;10,876;18,677
28/05/2025 12:00;11,667;18,61
28/05/2025 13:00;11,21;18,516
28/05/2025 14:00;11,25;18,057
28/05/2025 15:00;11,004;17,8
28/05/2025 16:00;12,071;17,8
28/05/2025 17:00;10,303;17,64
28/05/2025 18:00;13,134;17,976
28/05/2025 19:00;14,172;18,299
28/05/2025 20:00;12,985;18,354
28/05/2025 21:00;12,909;18,596
28/05/2025 22:00;14,365;19,37
28/05/2025 23:00;13,58;20,22
29/05/2025 00:00;13,883;20,828
29/05/2025 01:00;14,42;21,084
29/05/2025 02:00;14,134;21,26
29/05/2025 03:00;14,213;21,327
29/05/2025 04:00;14,062;21,179
29/05/2025 05:00;13,826;21,138
29/05/2025 06:00;13,698;21,03
29/05/2025 07:00;13,887;21,003
29/05/2025 08:00;12,09;21,03
29/05/2025 09:00;12,285;20,49
29/05/2025 10:00;12,723;20,234
29/05/2025 11:00;11,776;19,883
29/05/2025 12:00;11,309;19,437
29/05/2025 13:00;11,422;19,357
29/05/2025 14:00;10,927;19,077
29/05/2025 15:00;11,077;18,61
29/05/2025 16:00;12,38;18,85
29/05/2025 17:00;14,517;18,81
29/05/2025 18:00;12,751;18,903
29/05/2025 19:00;13,485;19,077
29/05/2025 20:00;13,649;19,694
29/05/2025 21:00;14,401;20,652
29/05/2025 22:00;14,86;21,853
29/05/2025 23:00;15,669;22,627
30/05/2025 00:00;16,359;23,423
30/05/2025 01:00;17,077;23,863
30/05/2025 02:00;16,374;23,81
30/05/2025 03:00;16,214;23,77
30/05/2025 04:00;16,503;23,837
30/05/2025 05:00;16,682;23,85
30/05/2025 06:00;16,092;23,517
30/05/2025 07:00;15,66;23,248
30/05/2025 08:00;15,918;23,342
30/05/2025 09:00;15,593;22,964
30/05/2025 10:00;15,116;22,64
30/05/2025 11:00;14,027;21,608
30/05/2025 12:00;13,947;21,853
30/05/2025 13:00;12,275;21,395
30/05/2025 14:00;11,316;20,99
30/05/2025 15:00;12,968;21,03
30/05/2025 16:00;13,086;20,544
30/05/2025 17:00;14,558;21,165
30/05/2025 18:00;15,449;21,597
30/05/2025 19:00;15,899;22,294
30/05/2025 20:00;16,618;23,248
30/05/2025 21:00;18,552;24,723
30/05/2025 22:00;17,403;24,291
30/05/2025 23:00;18,659;25,074
31/05/2025 00:00;18,384;25,006
31/05/2025 01:00;18,877;25,371
31/05/2025 02:00;19,041;25,344
31/05/2025 03:00;17,857;25,047
31/05/2025 04:00;18,162;25,033
31/05/2025 05:00;18,052;24,993
31/05/2025 06:00;17,606;24,723
31/05/2025 07:00;16,969;24,453
31/05/2025 08:00;17,685;24,696
31/05/2025 09:00;17,415;24,304
31/05/2025 10:00;17,021;24,197
31/05/2025 11:00;15,943;23,53
31/05/2025 12:00;16,153;23,437
31/05/2025 13:00;15,832;23,045
31/05/2025 14:00;15,296;22,654
31/05/2025 15:00;15,641;22,587
31/05/2025 16:00;15,672;22,573
31/05/2025 17:00;15,564;22,453
31/05/2025 18:00;15,945;22,681
31/05/2025 19:00;16,847;23,329
31/05/2025 20:00;18,411;24,468
31/05/2025 21:00;18,331;25,074
31/05/2025 22:00;20,426;26,329
31/05/2025 23:00;19,527;26,275
01/06/2025 00:00;20,192;26,732
01/06/2025 01:00;20,011;26,585
01/06/2025 02:00;19,245;26,289
01/06/2025 03:00;19,44;26,262
01/06/2025 04:00;19,149;25,992
01/06/2025 05:00;18,486;25,897
01/06/2025 06:00;19,135;25,708
01/06/2025 07:00;16,738;24,308
01/06/2025 08:00;16,603;23,865
01/06/2025 09:00;14,069;20,49
01/06/2025 10:00;17,034;24,347
01/06/2025 11:00;16,617;24,21
01/06/2025 12:00;16,549;23,783
01/06/2025 13:00;15,911;23,983
01/06/2025 14:00;15,996;23,583
01/06/2025 15:00;16,081;23,45
01/06/2025 16:00;15,667;23,45
01/06/2025 17:00;15,651;23,503
01/06/2025 18:00;16,676;23,877
01/06/2025 19:00;17,373;24,304
01/06/2025 20:00;19,224;27,207
01/06/2025 21:00;NULL;39,712
01/06/2025 22:00;NULL;24,388
01/06/2025 23:00;NULL;25,641
02/06/2025 00:00;NULL;26,113
02/06/2025 01:00;NULL;26,504
02/06/2025 02:00;NULL;26,032
02/06/2025 03:00;NULL;26,491
02/06/2025 04:00;NULL;26,167
02/06/2025 05:00;NULL;26,032
02/06/2025 06:00;NULL;25,506
02/06/2025 07:00;NULL;25,938
02/06/2025 08:00;NULL;27,174
02/06/2025 09:00;NULL;29,39
02/06/2025 10:00;35,969;29,996
02/06/2025 11:00;36,433;36,084
02/06/2025 12:00;NULL;38,409
02/06/2025 13:00;NULL;39,376
02/06/2025 14:00;33,123;32,309
02/06/2025 15:00;34,024;32,068
02/06/2025 16:00;36,072;34,592
02/06/2025 17:00;36,449;35,265
02/06/2025 18:00;36,305;35,358
02/06/2025 19:00;35,302;34,821
02/06/2025 20:00;34,838;58,734
02/06/2025 21:00;NULL;69,029
02/06/2025 22:00;NULL;69,863
02/06/2025 23:00;NULL;76,311
03/06/2025 00:00;NULL;75,526
03/06/2025 01:00;NULL;74,515
03/06/2025 02:00;NULL;71,379
03/06/2025 03:00;NULL;61,896
03/06/2025 04:00;NULL;55,524
03/06/2025 05:00;NULL;49,15
03/06/2025 06:00;NULL;45,255
03/06/2025 07:00;NULL;41,586
03/06/2025 08:00;NULL;40,658
03/06/2025 09:00;NULL;39,309
03/06/2025 10:00;36,034;36,299
03/06/2025 11:00;37,11;36,125
03/06/2025 12:00;NULL;37,523
03/06/2025 13:00;NULL;36,097
03/06/2025 14:00;NULL;35,17
03/06/2025 15:00;NULL;34,539
03/06/2025 16:00;NULL;37,079
03/06/2025 17:00;NULL;37,416
03/06/2025 18:00;NULL;36,676
03/06/2025 19:00;NULL;36,34
03/06/2025 20:00;NULL;35,869
03/06/2025 21:00;NULL;36,017
03/06/2025 22:00;NULL;37,093
03/06/2025 23:00;NULL;36,407
04/06/2025 00:00;NULL;36,219
04/06/2025 01:00;NULL;36,972
04/06/2025 02:00;NULL;48,109
04/06/2025 03:00;NULL;45,708
04/06/2025 04:00;NULL;43,048
04/06/2025 05:00;NULL;43,183
04/06/2025 06:00;NULL;41,578
04/06/2025 07:00;NULL;40,424
04/06/2025 08:00;NULL;39,551
04/06/2025 09:00;NULL;34,486
04/06/2025 10:00;NULL;32,309
04/06/2025 11:00;32,44;30,883
04/06/2025 12:00;29,721;27,027
04/06/2025 13:00;29,637;26,986
04/06/2025 14:00;28,683;26,005
04/06/2025 15:00;28,182;25,303
04/06/2025 16:00;26,968;24,09
04/06/2025 17:00;26,495;23,61
04/06/2025 18:00;26,123;23,059
04/06/2025 19:00;25,689;22,521
04/06/2025 20:00;25,685;22,413
04/06/2025 21:00;25,65;22,307
04/06/2025 22:00;25,541;22,2
04/06/2025 23:00;25,252;21,812
05/06/2025 00:00;24,781;21,3
05/06/2025 01:00;24,2;20,733
05/06/2025 02:00;23,672;20,18
05/06/2025 03:00;23,209;19,694
05/06/2025 04:00;22,571;18,996
05/06/2025 05:00;22,291;18,703
05/06/2025 06:00;22,311;18,623
05/06/2025 07:00;21,768;18,043
05/06/2025 08:00;21,5;17,788
05/06/2025 09:00;21,085;17,387
05/06/2025 10:00;20,143;16,824
05/06/2025 11:00;20,265;16,56
05/06/2025 12:00;19,306;15,946
05/06/2025 13:00;19,479;16,021
05/06/2025 14:00;27,426;19,616
05/06/2025 15:00;27,649;18,742
05/06/2025 16:00;25,796;18,623
05/06/2025 17:00;28,57;27,252
05/06/2025 18:00;25,451;31,907
05/06/2025 19:00;24,948;31,706
05/06/2025 20:00;25,239;31,987
05/06/2025 21:00;25,985;32,416
05/06/2025 22:00;25,743;32,563
05/06/2025 23:00;26,283;32,98
06/06/2025 00:00;26,551;33,115
06/06/2025 01:00;25,436;32,496
06/06/2025 02:00;25,471;32,536
06/06/2025 03:00;26,299;32,631
06/06/2025 04:00;25,43;32,147
06/06/2025 05:00;24,373;31,747
06/06/2025 06:00;24,011;31,546
06/06/2025 07:00;24,113;31,33
06/06/2025 08:00;23,401;30,845
06/06/2025 09:00;19,012;24,113
06/06/2025 10:00;21,888;22,394
06/06/2025 11:00;24,479;29,833
06/06/2025 12:00;21,745;28,917
06/06/2025 13:00;20,355;28,69
06/06/2025 14:00;16,64;28,33
06/06/2025 15:00;17,176;28,29
06/06/2025 16:00;17,74;28,25
06/06/2025 17:00;16,818;28,277
06/06/2025 18:00;17,253;27,348
06/06/2025 19:00;20,661;27,267
06/06/2025 20:00;22,159;27,953
06/06/2025 21:00;20,829;27,549
06/06/2025 22:00;21,872;28,463
06/06/2025 23:00;22,578;28,85
07/06/2025 00:00;22,958;29,213
07/06/2025 01:00;22,077;29,037
07/06/2025 02:00;22,643;29,145
07/06/2025 03:00;22,687;29,239
07/06/2025 04:00;22,519;29,266
07/06/2025 05:00;22,71;29,63
07/06/2025 06:00;23,844;29,995
07/06/2025 07:00;23,002;29,441
07/06/2025 08:00;22,672;29,374
07/06/2025 09:00;22,658;29,333
07/06/2025 10:00;22,81;29,144
07/06/2025 11:00;21,89;28,877
07/06/2025 12:00;21,442;28,517
07/06/2025 13:00;21,559;28,29
07/06/2025 14:00;21,13;28,223
07/06/2025 15:00;21,068;28,088
07/06/2025 16:00;21,419;28,262
07/06/2025 17:00;22,17;28,557
07/06/2025 18:00;22,014;28,61
07/06/2025 19:00;23,341;29,563
07/06/2025 20:00;23,964;30,238
07/06/2025 21:00;25,212;31,183
07/06/2025 22:00;24,866;31,302
07/06/2025 23:00;26,12;32,12
08/06/2025 00:00;25,164;31,704
08/06/2025 01:00;24,862;31,57
08/06/2025 02:00;25,269;31,478
08/06/2025 03:00;23,226;30,305
08/06/2025 04:00;22,928;29,981
08/06/2025 05:00;22,813;29,671
08/06/2025 06:00;21,822;29,063
08/06/2025 07:00;21,433;28,73
08/06/2025 08:00;21,219;28,343
08/06/2025 09:00;20,784;28,007
08/06/2025 10:00;20,011;27,642
08/06/2025 11:00;20,122;27,507
08/06/2025 12:00;20,009;27,267
08/06/2025 13:00;18,903;26,733
08/06/2025 14:00;16,362;26,586
08/06/2025 15:00;16,024;25,978
08/06/2025 16:00;16,507;25,843
08/06/2025 17:00;15,763;25,762
08/06/2025 18:00;16,153;25,816
08/06/2025 19:00;18,254;26,154
08/06/2025 20:00;19,684;26,598
08/06/2025 21:00;19,71;27,04
08/06/2025 22:00;20,285;27,387
08/06/2025 23:00;20,293;27,642
09/06/2025 00:00;20,392;27,953
09/06/2025 01:00;20,518;28,02
09/06/2025 02:00;20,521;27,737
09/06/2025 03:00;20,228;27,561
09/06/2025 04:00;19,832;27,4
09/06/2025 05:00;20,099;27,333
09/06/2025 06:00;22,442;27,656
09/06/2025 07:00;33,626;42,634
09/06/2025 08:00;NULL;41,441
09/06/2025 09:00;39,87;39,229
09/06/2025 10:00;39,707;38,652
09/06/2025 11:00;39,665;39,148
09/06/2025 12:00;39,288;38,772
09/06/2025 13:00;39,346;37,565
09/06/2025 14:00;39,66;40,296
09/06/2025 15:00;NULL;40,995
09/06/2025 16:00;NULL;41,187
09/06/2025 17:00;NULL;40,652
09/06/2025 18:00;NULL;40,585
09/06/2025 19:00;39,607;37,672
09/06/2025 20:00;39,306;37,646
09/06/2025 21:00;39,424;38,315
09/06/2025 22:00;39,935;38,666
09/06/2025 23:00;NULL;39,188
10/06/2025 00:00;NULL;39,953
10/06/2025 01:00;NULL;39,98
10/06/2025 02:00;NULL;39,887
10/06/2025 03:00;NULL;39,967
10/06/2025 04:00;NULL;42,635
10/06/2025 05:00;NULL;43,673
10/06/2025 06:00;NULL;43,945
10/06/2025 07:00;NULL;43,215
10/06/2025 08:00;NULL;42,6
10/06/2025 09:00;38,246;40,211
10/06/2025 10:00;37,855;38,974
10/06/2025 11:00;35,752;36,26
10/06/2025 12:00;33,849;34,096
10/06/2025 13:00;35,691;33,826
10/06/2025 14:00;38,634;37,242
10/06/2025 15:00;39,962;38,061
10/06/2025 16:00;NULL;39,189
10/06/2025 17:00;NULL;38,704
10/06/2025 18:00;NULL;41,397
10/06/2025 19:00;NULL;45,073
10/06/2025 20:00;NULL;51,074
10/06/2025 21:00;32,505;24,847
10/06/2025 22:00;30,181;20,611
10/06/2025 23:00;29,181;20,031
11/06/2025 00:00;28,826;19,829
11/06/2025 01:00;28,523;19,627
11/06/2025 02:00;29,065;20,018
11/06/2025 03:00;28,31;19,667
11/06/2025 04:00;28,19;19,09
11/06/2025 05:00;26,517;17,775
11/06/2025 06:00;25,512;17,045
11/06/2025 07:00;25,483;16,725
11/06/2025 08:00;25,476;16,661
11/06/2025 09:00;25,131;16,384
11/06/2025 10:00;24,284;16,011
11/06/2025 11:00;23,44;15,416
11/06/2025 12:00;22,94;15,018
11/06/2025 13:00;22,288;14,601
11/06/2025 14:00;22,883;14,509
11/06/2025 15:00;23,46;14,446
11/06/2025 16:00;21,276;13,843
11/06/2025 17:00;20,953;13,78
11/06/2025 18:00;21,702;14,156
11/06/2025 19:00;22,098;14,454
11/06/2025 20:00;21,794;14,462
11/06/2025 21:00;22,264;14,769
11/06/2025 22:00;22,703;14,971
11/06/2025 23:00;21,89;14,769
12/06/2025 00:00;22,477;15,065
12/06/2025 01:00;23,038;15,341
12/06/2025 02:00;22,663;15,368
12/06/2025 03:00;22,401;15,259
12/06/2025 04:00;23,046;15,47
12/06/2025 05:00;22,233;15,036
12/06/2025 06:00;21,653;14,732
12/06/2025 07:00;21,465;14,611
12/06/2025 08:00;21,737;14,676
12/06/2025 09:00;21,619;14,556
12/06/2025 10:00;21,208;14,305
12/06/2025 11:00;21,015;14,139
12/06/2025 12:00;20,319;13,752
12/06/2025 13:00;20,727;13,88
12/06/2025 14:00;21,553;13,281
12/06/2025 15:00;21,255;13,473
12/06/2025 16:00;19,636;12,818
12/06/2025 17:00;20,499;13,492
12/06/2025 18:00;21,02;13,826
12/06/2025 19:00;21,285;14,009
12/06/2025 20:00;21,97;14,436
12/06/2025 21:00;21,851;14,703
12/06/2025 22:00;22,093;15,119
12/06/2025 23:00;22,536;15,426
13/06/2025 00:00;22,885;15,601
13/06/2025 01:00;22,711;15,564
13/06/2025 02:00;22,259;15,239
13/06/2025 03:00;21,594;14,999
13/06/2025 04:00;21,347;14,712
13/06/2025 05:00;21,276;14,528
13/06/2025 06:00;19,278;13,703
13/06/2025 07:00;16,32;12,487
13/06/2025 08:00;15,92;12,202
13/06/2025 09:00;15,855;12,084
13/06/2025 10:00;23,512;19,426
13/06/2025 11:00;31,356;27,615
13/06/2025 12:00;31,48;27,71
13/06/2025 13:00;32,202;28,154
13/06/2025 14:00;30,729;27,013
13/06/2025 15:00;30,457;26,638
13/06/2025 16:00;35,093;29,163
13/06/2025 17:00;37,112;29,63
13/06/2025 18:00;36,435;29,309
13/06/2025 19:00;37,146;30,076
13/06/2025 20:00;37,88;31,021
13/06/2025 21:00;39,065;32,418
13/06/2025 22:00;39,024;32,698
13/06/2025 23:00;39,195;33,087
14/06/2025 00:00;39,266;33,449
14/06/2025 01:00;39,325;33,65
14/06/2025 02:00;39,62;33,143
14/06/2025 03:00;39,253;33,462
14/06/2025 04:00;39,349;33,356
14/06/2025 05:00;38,833;32,792
14/06/2025 06:00;38,481;32,376
14/06/2025 07:00;37,61;31,907
14/06/2025 08:00;37,307;30,359
14/06/2025 09:00;37,292;30,143
14/06/2025 10:00;36,352;29,536
14/06/2025 11:00;35,674;29,052
14/06/2025 12:00;36,372;29,402
14/06/2025 13:00;35,886;28,903
14/06/2025 14:00;35,155;28,407
14/06/2025 15:00;34,531;27,952
14/06/2025 16:00;35,782;28,582
14/06/2025 17:00;38,013;29,7
14/06/2025 18:00;37,446;30,103
14/06/2025 19:00;38,777;30,832
14/06/2025 20:00;39,298;31,492
14/06/2025 21:00;NULL;34,149
14/06/2025 22:00;NULL;35,186
14/06/2025 23:00;NULL;37,47
15/06/2025 00:00;NULL;38,544
15/06/2025 01:00;NULL;38,583
15/06/2025 02:00;NULL;37,671
15/06/2025 03:00;NULL;37,699
15/06/2025 04:00;30,457;20,624
15/06/2025 05:00;31,005;20,436
15/06/2025 06:00;30,586;20,072
15/06/2025 07:00;28,982;19,118
15/06/2025 08:00;22,369;15,645
15/06/2025 09:00;18,778;13,78
15/06/2025 10:00;17,798;12,942
15/06/2025 11:00;18,226;13,082
15/06/2025 12:00;19,023;14,159
15/06/2025 13:00;19,287;14,481
15/06/2025 14:00;19,261;14,24
15/06/2025 15:00;18,579;13,826
15/06/2025 16:00;18,38;13,696
15/06/2025 17:00;18,921;13,752
15/06/2025 18:00;27,721;16,561
15/06/2025 19:00;28,64;17,128
15/06/2025 20:00;28,678;17,293
15/06/2025 21:00;28,912;17,533
15/06/2025 22:00;29,281;17,761
15/06/2025 23:00;29,207;17,747
16/06/2025 00:00;28,903;17,574
16/06/2025 01:00;28,382;17,187
16/06/2025 02:00;28,115;16,998
16/06/2025 03:00;28,027;16,789
16/06/2025 04:00;27,663;16,597
16/06/2025 05:00;27,616;16,56
16/06/2025 06:00;27,648;16,44
16/06/2025 07:00;27,401;16,357
16/06/2025 08:00;15,242;11,802
16/06/2025 09:00;17,939;12,684
16/06/2025 10:00;17,154;12,128
16/06/2025 11:00;21,002;13,346
16/06/2025 12:00;23,118;14,325
16/06/2025 13:00;24,479;14,529
16/06/2025 14:00;23,037;13,945
16/06/2025 15:00;23,655;14,129
16/06/2025 16:00;21,25;12,85
16/06/2025 17:00;21,201;12,886
16/06/2025 18:00;21,788;13,045
16/06/2025 19:00;21,626;13,054
16/06/2025 20:00;21,253;13,278
16/06/2025 21:00;22,806;13,954
16/06/2025 22:00;22,222;13,899
16/06/2025 23:00;22,172;14,048
17/06/2025 00:00;23,137;14,399
17/06/2025 01:00;21,881;13,982
17/06/2025 02:00;23,182;14,454
17/06/2025 03:00;22,292;14,083
17/06/2025 04:00;22,57;14,12
17/06/2025 05:00;22,062;13,797
17/06/2025 06:00;20,178;12,984
17/06/2025 07:00;19,58;12,646
17/06/2025 08:00;19,438;12,478
17/06/2025 09:00;17,269;16,913
17/06/2025 10:00;NULL;38,812
17/06/2025 11:00;NULL;38,424
17/06/2025 12:00;NULL;38,114
17/06/2025 13:00;NULL;38,033
17/06/2025 14:00;NULL;37,928
17/06/2025 15:00;36,86;34,336
17/06/2025 16:00;35,263;32,886
17/06/2025 17:00;34,719;32,455
17/06/2025 18:00;37,169;34,511
17/06/2025 19:00;36,278;33,73
17/06/2025 20:00;35,628;33,424
17/06/2025 21:00;36,184;33,717
17/06/2025 22:00;36,689;34,309
17/06/2025 23:00;36,221;34,173
18/06/2025 00:00;36,944;34,619
18/06/2025 01:00;37,362;34,983
18/06/2025 02:00;36,572;34,619
18/06/2025 03:00;37,336;35,064
18/06/2025 04:00;36,961;34,74
18/06/2025 05:00;36,182;34,227
18/06/2025 06:00;36,514;34,376
18/06/2025 07:00;36,661;34,416
18/06/2025 08:00;35,739;33,744
18/06/2025 09:00;37,289;34,094
18/06/2025 10:00;37,017;33,851
18/06/2025 11:00;35,312;33,088
18/06/2025 12:00;34,924;32,832
18/06/2025 13:00;38,463;36,044
18/06/2025 14:00;NULL;36,272
18/06/2025 15:00;NULL;35,815
18/06/2025 16:00;39,183;35,13
18/06/2025 17:00;39,139;34,848
18/06/2025 18:00;39,954;34,686
18/06/2025 19:00;NULL;34,902
18/06/2025 20:00;39,802;34,821
18/06/2025 21:00;39,545;34,578
18/06/2025 22:00;39,81;35,25
18/06/2025 23:00;39,99;35,883
19/06/2025 00:00;35,525;32,846
19/06/2025 01:00;35,317;32,995
19/06/2025 02:00;35,954;33,436
19/06/2025 03:00;34,935;32,416
19/06/2025 04:00;33,268;31,075
19/06/2025 05:00;33,404;31,128
19/06/2025 06:00;33,711;31,183
19/06/2025 07:00;33,456;31,007
19/06/2025 08:00;33,03;30,724
19/06/2025 09:00;33,49;30,859
19/06/2025 10:00;33,532;30,643
19/06/2025 11:00;32,124;29,657
19/06/2025 12:00;31,453;29,077
19/06/2025 13:00;25,299;26,393
19/06/2025 14:00;16,59;12,803
19/06/2025 15:00;18,676;12,027
19/06/2025 16:00;35,569;30,331
19/06/2025 17:00;38,031;32,632
19/06/2025 18:00;37,708;32,296
19/06/2025 19:00;38,092;32,364
19/06/2025 20:00;37,461;32,671
19/06/2025 21:00;38,355;32,589
19/06/2025 22:00;38,456;33,1
19/06/2025 23:00;38,916;33,208
20/06/2025 00:00;33,461;30,157
20/06/2025 01:00;31,926;29,455
20/06/2025 02:00;32,409;29,725
20/06/2025 03:00;34,391;31,906
20/06/2025 04:00;34,886;32,564
20/06/2025 05:00;34,954;32,592
20/06/2025 06:00;35,327;32,712
20/06/2025 07:00;34,613;32,256
20/06/2025 08:00;34,31;32,014
20/06/2025 09:00;34,928;32,323
20/06/2025 10:00;34,493;31,96
20/06/2025 11:00;33,857;31,626
20/06/2025 12:00;33,988;31,544
20/06/2025 13:00;34,098;31,385
20/06/2025 14:00;33,106;30,845
20/06/2025 15:00;32,907;30,548
20/06/2025 16:00;38,089;34,472
20/06/2025 17:00;38,552;34,054
20/06/2025 18:00;38,897;34,23
20/06/2025 19:00;38,663;33,961
20/06/2025 20:00;39,073;34,054
20/06/2025 21:00;39,248;34,242
20/06/2025 22:00;39,604;34,86
20/06/2025 23:00;NULL;35,345
21/06/2025 00:00;39,818;35,775
21/06/2025 01:00;NULL;36,246
21/06/2025 02:00;NULL;35,964
21/06/2025 03:00;NULL;35,897
21/06/2025 04:00;NULL;36,165
21/06/2025 05:00;NULL;36,083
21/06/2025 06:00;35,193;32,685
21/06/2025 07:00;34,374;31,68
21/06/2025 08:00;34,259;31,52
21/06/2025 09:00;33,283;30,913
21/06/2025 10:00;33,941;31,183
21/06/2025 11:00;30,602;29,215
21/06/2025 12:00;21,821;24,455
21/06/2025 13:00;26,996;26,824
21/06/2025 14:00;27,203;26,934
21/06/2025 15:00;27,32;26,864
21/06/2025 16:00;27,001;26,504
21/06/2025 17:00;26,675;26,545
21/06/2025 18:00;32,846;30,318
21/06/2025 19:00;34,593;30,4
21/06/2025 20:00;35,011;30,616
21/06/2025 21:00;35,477;30,832
21/06/2025 22:00;35,374;30,791
21/06/2025 23:00;38,317;32,229
22/06/2025 00:00;31,949;29,188
22/06/2025 01:00;31,176;28,771
22/06/2025 02:00;31,245;28,838
22/06/2025 03:00;31,902;29,185
22/06/2025 04:00;31,505;29,011
22/06/2025 05:00;31,715;29,428
22/06/2025 06:00;31,685;29,282
22/06/2025 07:00;28,003;26,528
22/06/2025 08:00;19,493;14,365
22/06/2025 09:00;13,934;8,492
22/06/2025 10:00;14,123;8,508
22/06/2025 11:00;13,318;8,208
22/06/2025 12:00;13,13;8,138
22/06/2025 13:00;13,36;8,215
22/06/2025 14:00;12,631;7,904
22/06/2025 15:00;12,631;7,883
22/06/2025 16:00;12,988;8,016
22/06/2025 17:00;15,621;11,499
22/06/2025 18:00;28,32;27,052
22/06/2025 19:00;28,827;27,521
22/06/2025 20:00;29,904;28,25
22/06/2025 21:00;30,856;28,676
22/06/2025 22:00;30,71;28,569
22/06/2025 23:00;36,756;31,447
23/06/2025 00:00;37,413;32,418
23/06/2025 01:00;38,221;32,283
23/06/2025 02:00;38,179;32,498
23/06/2025 03:00;31,103;28,744
23/06/2025 04:00;23,739;25,33
23/06/2025 05:00;23,243;25,087
23/06/2025 06:00;22,266;24,253
23/06/2025 07:00;21,445;23,797
23/06/2025 08:00;21,51;23,837
23/06/2025 09:00;21,417;23,877
23/06/2025 10:00;19,824;23,193
23/06/2025 11:00;20,364;23,423
23/06/2025 12:00;19,104;22,748
23/06/2025 13:00;19,611;23,018
23/06/2025 14:00;18,936;22,56
23/06/2025 15:00;18,779;22,387
23/06/2025 16:00;19,275;22,643
23/06/2025 17:00;18,621;22,215
23/06/2025 18:00;19,039;22,496
23/06/2025 19:00;26,285;26,259
23/06/2025 20:00;27,173;26,729
23/06/2025 21:00;28,226;27,267
23/06/2025 22:00;29,391;27,966
23/06/2025 23:00;30,508;28,527
24/06/2025 00:00;36,555;32,417
24/06/2025 01:00;38,918;32,766
24/06/2025 02:00;39,064;32,78
24/06/2025 03:00;37,675;32,284
24/06/2025 04:00;35,458;31,838
24/06/2025 05:00;32,909;30,44
24/06/2025 06:00;32,861;30,481
24/06/2025 07:00;32,21;30,184
24/06/2025 08:00;32,188;30,116
24/06/2025 09:00;32,418;30,116
24/06/2025 10:00;31,778;29,738
24/06/2025 11:00;31,05;29,334
24/06/2025 12:00;23,664;25,586
24/06/2025 13:00;27,635;27,375
24/06/2025 14:00;23,454;25,035
24/06/2025 15:00;23,401;24,715
24/06/2025 16:00;19,926;22,965
24/06/2025 17:00;23,997;25,654
24/06/2025 18:00;31,937;29,002
24/06/2025 19:00;35,856;31,087
24/06/2025 20:00;35,768;31,1
24/06/2025 21:00;35,895;31,156
24/06/2025 22:00;35,519;30,967
24/06/2025 23:00;37,632;32
25/06/2025 00:00;31,793;29,134
25/06/2025 01:00;30,871;28,69
25/06/2025 02:00;30,85;28,717
25/06/2025 03:00;30,751;28,703
25/06/2025 04:00;31,174;28,904
25/06/2025 05:00;30,828;28,907
25/06/2025 06:00;31,806;29,779
25/06/2025 07:00;32,062;29,9
25/06/2025 08:00;31,377;29,495
25/06/2025 09:00;33,994;31,514
25/06/2025 10:00;35,122;32,104
25/06/2025 11:00;29,508;28,098
25/06/2025 12:00;29,269;28,464
25/06/2025 13:00;29,19;27,749
25/06/2025 14:00;32,109;29,162
25/06/2025 15:00;31,673;28,959
25/06/2025 16:00;23,865;24,914
25/06/2025 17:00;29,023;27,44
25/06/2025 18:00;31,38;28,638
25/06/2025 19:00;31,758;28,838
25/06/2025 20:00;31,791;28,823
25/06/2025 21:00;32,399;29,495
25/06/2025 22:00;32,841;29,846
25/06/2025 23:00;34,87;30,872
26/06/2025 00:00;34,337;30,575
26/06/2025 01:00;34,142;30,346
26/06/2025 02:00;33,703;30,076
26/06/2025 03:00;33,405;29,887
26/06/2025 04:00;33,259;29,765
26/06/2025 05:00;32,997;29,604
26/06/2025 06:00;32,761;29,55
26/06/2025 07:00;26,742;26,555
26/06/2025 08:00;24,319;25,249
26/06/2025 09:00;29,275;27,736
26/06/2025 10:00;28,908;27,56
26/06/2025 11:00;24,462;25,316
26/06/2025 12:00;30,554;28,905
26/06/2025 13:00;30,611;28,394
26/06/2025 14:00;25,3;25,704
26/06/2025 15:00;22,004;23,973
26/06/2025 16:00;22,186;24,051
26/06/2025 17:00;29,978;28,153
26/06/2025 18:00;30,341;28,394
26/06/2025 19:00;30,236;28,128
26/06/2025 20:00;30,314;28,14
26/06/2025 21:00;30,345;28,179
26/06/2025 22:00;30,575;28,3
26/06/2025 23:00;31,037;28,502
27/06/2025 00:00;31,435;28,702
27/06/2025 01:00;31,348;28,689
27/06/2025 02:00;24,034;25,076
27/06/2025 03:00;23,116;24,547
27/06/2025 04:00;23,161;24,574
27/06/2025 05:00;23,404;24,709
27/06/2025 06:00;22,753;24,426
27/06/2025 07:00;30,105;27,968
27/06/2025 08:00;30,48;28,233
27/06/2025 09:00;29,916;28,006
27/06/2025 10:00;29,916;28,018
27/06/2025 11:00;25,129;25,547
27/06/2025 12:00;18,095;21,822
27/06/2025 13:00;10,279;15,299
27/06/2025 14:00;16,46;18,188
27/06/2025 15:00;17,557;20,342
27/06/2025 16:00;16,727;19,723
27/06/2025 17:00;15,258;18,354
27/06/2025 18:00;15,76;18,834
27/06/2025 19:00;15,453;18,568
27/06/2025 20:00;32,086;28,438
27/06/2025 21:00;36,554;31,034
27/06/2025 22:00;36,979;31,314
27/06/2025 23:00;34,227;29,931
28/06/2025 00:00;19,66;22,562
28/06/2025 01:00;13,719;18,202
28/06/2025 02:00;29,246;27,025
28/06/2025 03:00;26,747;26,204
28/06/2025 04:00;14,858;19,729
28/06/2025 05:00;16,708;19,675
28/06/2025 06:00;16,898;20,031
28/06/2025 07:00;16,785;19,829
28/06/2025 08:00;16,429;19,574
28/06/2025 09:00;21,676;22,99
28/06/2025 10:00;22,32;23,502
28/06/2025 11:00;22,389;23,553
28/06/2025 12:00;22,492;23,568
28/06/2025 13:00;21,804;23,072
28/06/2025 14:00;21,479;22,87
28/06/2025 15:00;21,58;22,964
28/06/2025 16:00;21,511;22,829
28/06/2025 17:00;21,323;22,708
28/06/2025 18:00;21,291;22,627
28/06/2025 19:00;28,564;26,877
28/06/2025 20:00;34,378;29,945
28/06/2025 21:00;35,219;30,386
28/06/2025 22:00;36,285;30,872
28/06/2025 23:00;36,517;30,993
29/06/2025 00:00;37,343;31,37
29/06/2025 01:00;29,257;27,523
29/06/2025 02:00;27,204;26,434
29/06/2025 03:00;22,215;23,906
29/06/2025 04:00;22,484;24,067
29/06/2025 05:00;22,845;24,307
29/06/2025 06:00;29,64;27,591
29/06/2025 07:00;29,491;27,578
29/06/2025 08:00;30,018;27,954
29/06/2025 09:00;22,809;24,268
29/06/2025 10:00;15,867;20,34
29/06/2025 11:00;14,612;18,282
29/06/2025 12:00;15,751;18,797
29/06/2025 13:00;15,164;18,259
29/06/2025 14:00;15,19;18,259
29/06/2025 15:00;14,975;18,004
29/06/2025 16:00;15,023;18,003
29/06/2025 17:00;15,666;18,44
29/06/2025 18:00;24,886;24,041
29/06/2025 19:00;24,717;24,887
29/06/2025 20:00;22,437;23,704
29/06/2025 21:00;29,951;27,373
29/06/2025 22:00;30,371;28,88
29/06/2025 23:00;34,815;30,143
30/06/2025 00:00;30,912;28,058
30/06/2025 01:00;34,946;30,17
30/06/2025 02:00;35,879;30,575
30/06/2025 03:00;36,343;30,926
30/06/2025 04:00;28,611;27,051
30/06/2025 05:00;27,773;26,719
30/06/2025 06:00;27,841;26,772
30/06/2025 07:00;27,971;26,825
30/06/2025 08:00;27,709;26,624
30/06/2025 09:00;31,817;26,476
30/06/2025 10:00;37,073;29,564
30/06/2025 11:00;39,7;30,708
30/06/2025 12:00;39,719;29,51
30/06/2025 13:00;38,556;28,81
30/06/2025 14:00;33,468;24,486
30/06/2025 15:00;19,292;10,554
30/06/2025 16:00;31,057;15,259
30/06/2025 17:00;32,344;15,799
30/06/2025 18:00;34,072;16,189
30/06/2025 19:00;33,592;15,889
30/06/2025 20:00;36,151;16,89
30/06/2025 21:00;35,492;16,743
30/06/2025 22:00;34,429;16,403
30/06/2025 23:00;34,284;16,3
01/07/2025 00:00;36,741;17,093
01/07/2025 01:00;25,729;12,865
01/07/2025 02:00;22,793;11,662
01/07/2025 03:00;19,97;10,383
01/07/2025 04:00;19,247;10,1
01/07/2025 05:00;19,487;10,167
01/07/2025 06:00;19,864;10,325
01/07/2025 07:00;21,34;11,061
01/07/2025 08:00;21,406;11,126
01/07/2025 09:00;20,471;10,678
01/07/2025 10:00;21,396;11,223
01/07/2025 11:00;22,733;11,574
01/07/2025 12:00;19,335;9,875
01/07/2025 13:00;14,817;7,935
01/07/2025 14:00;11,882;6,946
01/07/2025 15:00;12,699;7,19
01/07/2025 16:00;16,43;8,424
01/07/2025 17:00;16,618;8,901
01/07/2025 18:00;36,91;17,511
01/07/2025 19:00;38,958;20,356
01/07/2025 20:00;NULL;25,332
01/07/2025 21:00;NULL;25,776
01/07/2025 22:00;NULL;25,627
01/07/2025 23:00;NULL;25,546
02/07/2025 00:00;NULL;25,735
02/07/2025 01:00;NULL;25,465
02/07/2025 02:00;NULL;25,695
02/07/2025 03:00;NULL;25,897
02/07/2025 04:00;NULL;25,749
02/07/2025 05:00;NULL;25,533
02/07/2025 06:00;NULL;25,33
02/07/2025 07:00;NULL;22,91
02/07/2025 08:00;39,032;19,225
02/07/2025 09:00;37,765;17,669
02/07/2025 10:00;37,366;17,28
02/07/2025 11:00;38,803;19,346
02/07/2025 12:00;20,248;10,363
02/07/2025 13:00;18,58;9,561
02/07/2025 14:00;34,695;16,158
02/07/2025 15:00;37,052;17,038
02/07/2025 16:00;37,276;17,211
02/07/2025 17:00;39,309;19,748
02/07/2025 18:00;39,42;20,625
02/07/2025 19:00;39,4;20,828
02/07/2025 20:00;NULL;22,683
02/07/2025 21:00;NULL;23,957
02/07/2025 22:00;NULL;24,549
02/07/2025 23:00;NULL;25,533
03/07/2025 00:00;NULL;25,383
03/07/2025 01:00;NULL;25,815
03/07/2025 02:00;NULL;24,304
03/07/2025 03:00;NULL;24,09
03/07/2025 04:00;NULL;23,837
03/07/2025 05:00;39,43;22,885
03/07/2025 06:00;38,023;20,614
03/07/2025 07:00;NULL;20,976
03/07/2025 08:00;NULL;21,327
03/07/2025 09:00;NULL;21,435
03/07/2025 10:00;NULL;21,583
03/07/2025 11:00;NULL;21,57
03/07/2025 12:00;39,395;20,774
03/07/2025 13:00;38,775;19,003
03/07/2025 14:00;37,459;17,498
03/07/2025 15:00;36,814;16,903
03/07/2025 16:00;36,586;16,789
03/07/2025 17:00;36,712;16,844
03/07/2025 18:00;36,911;16,916
03/07/2025 19:00;38,611;19,239
03/07/2025 20:00;38,029;18,716
03/07/2025 21:00;38,134;19,442
03/07/2025 22:00;NULL;25,074
03/07/2025 23:00;NULL;25,263
04/07/2025 00:00;NULL;25,816
04/07/2025 01:00;NULL;25,384
04/07/2025 02:00;NULL;24,709
04/07/2025 03:00;NULL;24,628
04/07/2025 04:00;NULL;24,104
04/07/2025 05:00;NULL;23,755
04/07/2025 06:00;NULL;21,719
04/07/2025 07:00;NULL;23,383
04/07/2025 08:00;NULL;24,402
04/07/2025 09:00;NULL;23,14
04/07/2025 10:00;26,77;15,882
04/07/2025 11:00;15,322;8,477
04/07/2025 12:00;11,541;6,915
04/07/2025 13:00;9,935;6,545
04/07/2025 14:00;8,77;6,068
04/07/2025 15:00;9,661;5,651
04/07/2025 16:00;11,435;6,408
04/07/2025 17:00;11,488;6,482
04/07/2025 18:00;27,422;13,157
04/07/2025 19:00;37,102;17,624
04/07/2025 20:00;NULL;23,943
04/07/2025 21:00;NULL;25,061
04/07/2025 22:00;NULL;25,762
04/07/2025 23:00;NULL;25,182
05/07/2025 00:00;21,735;15,442
05/07/2025 01:00;20,551;10,686
05/07/2025 02:00;17,893;9,267
05/07/2025 03:00;14,586;8,059
05/07/2025 04:00;11,455;6,929
05/07/2025 05:00;10,036;6,41
05/07/2025 06:00;10,813;6,683
05/07/2025 07:00;10,877;6,716
05/07/2025 08:00;9,677;6,284
05/07/2025 09:00;9,791;5,888
05/07/2025 10:00;12,165;6,77
05/07/2025 11:00;12,01;6,827
05/07/2025 12:00;11,193;6,465
05/07/2025 13:00;11,264;6,39
05/07/2025 14:00;11,832;6,684
05/07/2025 15:00;11,562;6,469
05/07/2025 16:00;10,011;5,686
05/07/2025 17:00;10,474;5,854
05/07/2025 18:00;11,136;6,153
05/07/2025 19:00;11,448;6,304
05/07/2025 20:00;32,536;15,064
05/07/2025 21:00;37,478;17,701
05/07/2025 22:00;39,053;22,413
05/07/2025 23:00;20,079;19,323
06/07/2025 00:00;29,295;15,21
06/07/2025 01:00;18,936;9,565
06/07/2025 02:00;17,329;8,95
06/07/2025 03:00;12,956;7,4
06/07/2025 04:00;11,053;6,767
06/07/2025 05:00;10,32;6,494
06/07/2025 06:00;10,225;6,488
06/07/2025 07:00;8,83;5,873
06/07/2025 08:00;10,077;5,665
06/07/2025 09:00;11,168;6,173
06/07/2025 10:00;11,018;6,142
06/07/2025 11:00;9,309;5,298
06/07/2025 12:00;10,282;5,701
06/07/2025 13:00;10,963;6,06
06/07/2025 14:00;10,902;6,048
06/07/2025 15:00;8,899;5,108
06/07/2025 16:00;10,091;5,621
06/07/2025 17:00;10,804;6,003
06/07/2025 18:00;10,656;5,946
06/07/2025 19:00;8,74;5,088
06/07/2025 20:00;10,065;5,614
06/07/2025 21:00;10,833;6,048
06/07/2025 22:00;32,597;15,085
06/07/2025 23:00;26,253;13,149
07/07/2025 00:00;9,425;5,936
07/07/2025 01:00;10,841;6,002
07/07/2025 02:00;10,969;6,102
07/07/2025 03:00;9,544;5,427
07/07/2025 04:00;9,994;5,516
07/07/2025 05:00;11,029;5,952
07/07/2025 06:00;33,251;15,103
07/07/2025 07:00;37,212;16,968
07/07/2025 08:00;10,797;6,654
07/07/2025 09:00;7,999;4,745
07/07/2025 10:00;10,374;5,752
07/07/2025 11:00;16,983;12,316
07/07/2025 12:00;20,454;16,288
07/07/2025 13:00;18,684;15,147
07/07/2025 14:00;21,78;16,863
07/07/2025 15:00;20,973;16,459
07/07/2025 16:00;19,529;15,67
07/07/2025 17:00;18,775;15,209
07/07/2025 18:00;20,448;16,161
07/07/2025 19:00;20,278;15,993
07/07/2025 20:00;18,59;15,141
07/07/2025 21:00;19,265;15,481
07/07/2025 22:00;20,615;16,207
07/07/2025 23:00;20,584;16,207
08/07/2025 00:00;18,688;15,206
08/07/2025 01:00;20,058;15,892
08/07/2025 02:00;21,033;16,43
08/07/2025 03:00;21,415;16,569
08/07/2025 04:00;18,648;15,249
08/07/2025 05:00;20,687;16,155
08/07/2025 06:00;21,482;16,514
08/07/2025 07:00;21,051;16,329
08/07/2025 08:00;29,623;21,791
08/07/2025 09:00;22,163;17,993
08/07/2025 10:00;17,412;15,231
08/07/2025 11:00;16,322;14,038
08/07/2025 12:00;20,565;16,302
08/07/2025 13:00;20,241;16,123
08/07/2025 14:00;18,834;15,418
08/07/2025 15:00;16,979;14,351
08/07/2025 16:00;18,929;15,353
08/07/2025 17:00;20,081;15,918
08/07/2025 18:00;21,881;17,024
08/07/2025 19:00;22,613;17,517
08/07/2025 20:00;26,698;22,56
08/07/2025 21:00;NULL;35,144
08/07/2025 22:00;NULL;37,845
08/07/2025 23:00;NULL;43,801
09/07/2025 00:00;NULL;43,363
09/07/2025 01:00;NULL;46,192
09/07/2025 02:00;39,535;39,986
09/07/2025 03:00;25,948;21,486
09/07/2025 04:00;20,168;17,174
09/07/2025 05:00;20,414;16,304
09/07/2025 06:00;20,935;16,486
09/07/2025 07:00;22,571;17,546
09/07/2025 08:00;28,601;21,121
09/07/2025 09:00;29,577;21,65
09/07/2025 10:00;25,448;19,265
09/07/2025 11:00;19,794;15,941
09/07/2025 12:00;18,743;15,273
09/07/2025 13:00;19,7;15,75
09/07/2025 14:00;19,13;15,424
09/07/2025 15:00;16,143;13,899
09/07/2025 16:00;20,045;16,118
09/07/2025 17:00;23,442;18,03
09/07/2025 18:00;25,119;24,027
09/07/2025 19:00;NULL;34,606
09/07/2025 20:00;NULL;38,25
09/07/2025 21:00;NULL;44,582
09/07/2025 22:00;NULL;43,067
09/07/2025 23:00;NULL;46,293
10/07/2025 00:00;NULL;46,7
10/07/2025 01:00;NULL;47,053
10/07/2025 02:00;NULL;46,926
10/07/2025 03:00;NULL;44,118
10/07/2025 04:00;NULL;43,099
10/07/2025 05:00;NULL;40,664
10/07/2025 06:00;NULL;40,718
10/07/2025 07:00;NULL;38,488
10/07/2025 08:00;NULL;36,273
10/07/2025 09:00;23,723;28,249
10/07/2025 10:00;27,319;21,285
10/07/2025 11:00;24,685;19,509
10/07/2025 12:00;20,58;17,231
10/07/2025 13:00;16,565;14,685
10/07/2025 14:00;15,637;13,694
10/07/2025 15:00;15,611;13,66
10/07/2025 16:00;17,761;14,035
10/07/2025 17:00;18,706;15,166
10/07/2025 18:00;18,392;15,168
10/07/2025 19:00;24,232;20,917
10/07/2025 20:00;NULL;33,732
10/07/2025 21:00;NULL;36,543
10/07/2025 22:00;NULL;39,741
10/07/2025 23:00;NULL;43,853
11/07/2025 00:00;29,389;33,054
11/07/2025 01:00;32,033;24,335
11/07/2025 02:00;32,665;23,809
11/07/2025 03:00;31,947;23,299
11/07/2025 04:00;28,905;21,663
11/07/2025 05:00;31,738;23,153
11/07/2025 06:00;33,325;24,09
11/07/2025 07:00;32,735;23,703
11/07/2025 08:00;31,279;23,031
11/07/2025 09:00;30,853;22,723
11/07/2025 10:00;32,816;23,905
11/07/2025 11:00;30,75;22,086
11/07/2025 12:00;30,784;22,71
11/07/2025 13:00;22,648;18,281
11/07/2025 14:00;19,099;15,942
11/07/2025 15:00;22,408;17,209
11/07/2025 16:00;24,484;18,516
11/07/2025 17:00;23,325;17,783
11/07/2025 18:00;26,993;20,236
11/07/2025 19:00;30,007;22,213
11/07/2025 20:00;30,805;25,506
11/07/2025 21:00;NULL;34,889
11/07/2025 22:00;NULL;35,064
11/07/2025 23:00;NULL;41,221
12/07/2025 00:00;NULL;43,094
12/07/2025 01:00;NULL;42,622
12/07/2025 02:00;NULL;43,367
12/07/2025 03:00;26,689;37,356
12/07/2025 04:00;30,867;25,425
12/07/2025 05:00;28,748;25,197
12/07/2025 06:00;39,78;28,623
12/07/2025 07:00;25,224;20,515
12/07/2025 08:00;22,088;18,1
12/07/2025 09:00;17,635;14,86
12/07/2025 10:00;19,234;15,416
12/07/2025 11:00;18,48;15,046
12/07/2025 12:00;18,014;14,797
12/07/2025 13:00;19,124;15,416
12/07/2025 14:00;22,037;17,231
12/07/2025 15:00;23,932;18,461
12/07/2025 16:00;20,676;16,305
12/07/2025 17:00;21,714;16,856
12/07/2025 18:00;23,154;21,22
12/07/2025 19:00;NULL;35,307
12/07/2025 20:00;NULL;35,361
12/07/2025 21:00;NULL;40,72
12/07/2025 22:00;NULL;42,334
12/07/2025 23:00;NULL;47,531
13/07/2025 00:00;36,743;42,984
13/07/2025 01:00;NULL;37,76
13/07/2025 02:00;NULL;37,362
13/07/2025 03:00;NULL;42,524
13/07/2025 04:00;35,56;31,08
13/07/2025 05:00;30,848;23,179
13/07/2025 06:00;32,474;23,757
13/07/2025 07:00;32,202;23,595
13/07/2025 08:00;31,464;23,22
13/07/2025 09:00;23,707;19,05
13/07/2025 10:00;22,61;18,487
13/07/2025 11:00;20,201;17,12
13/07/2025 12:00;19,884;16,991
13/07/2025 13:00;16,145;13,944
13/07/2025 14:00;20,958;16,41
13/07/2025 15:00;20,179;15,965
13/07/2025 16:00;18,129;14,888
13/07/2025 17:00;18,073;14,867
13/07/2025 18:00;19,679;15,685
13/07/2025 19:00;21,797;19,137
13/07/2025 20:00;NULL;35,293
13/07/2025 21:00;NULL;37,818
13/07/2025 22:00;NULL;42,772
13/07/2025 23:00;NULL;43,895
14/07/2025 00:00;NULL;46,265
14/07/2025 01:00;37,065;34,292
14/07/2025 02:00;32,397;23,987
14/07/2025 03:00;31,13;22,991
14/07/2025 04:00;29,598;22,173
14/07/2025 05:00;23,779;19,01
14/07/2025 06:00;19,365;16,556
14/07/2025 07:00;16,634;14,274
14/07/2025 08:00;19,628;15,704
14/07/2025 09:00;19,584;15,703
14/07/2025 10:00;16,631;14,241
14/07/2025 11:00;18,125;14,943
14/07/2025 12:00;19,32;15,498
14/07/2025 13:00;18,297;15,026
14/07/2025 14:00;15,827;13,67
14/07/2025 15:00;18,465;14,982
14/07/2025 16:00;18,654;15,064
14/07/2025 17:00;16,608;14,064
14/07/2025 18:00;20,542;16,168
14/07/2025 19:00;34,86;34,271
14/07/2025 20:00;NULL;37,107
14/07/2025 21:00;NULL;38,33
14/07/2025 22:00;NULL;39,162
14/07/2025 23:00;NULL;39,431
15/07/2025 00:00;29,612;34,713
15/07/2025 01:00;32,922;25,224
15/07/2025 02:00;29,159;21,93
15/07/2025 03:00;28,276;21,354
15/07/2025 04:00;28,01;21,3
15/07/2025 05:00;26,12;20,195
15/07/2025 06:00;25,66;32,995
15/07/2025 07:00;NULL;36,609
15/07/2025 08:00;36,913;34,27
15/07/2025 09:00;31,943;24,443
15/07/2025 10:00;27,444;20,599
15/07/2025 11:00;31,686;22,976
15/07/2025 12:00;30,382;22,556
15/07/2025 13:00;27,347;21,666
15/07/2025 14:00;16,501;14,104
15/07/2025 15:00;17,839;14,69
15/07/2025 16:00;19,949;15,8
15/07/2025 17:00;19,162;15,395
15/07/2025 18:00;17,263;14,38
15/07/2025 19:00;17,652;14,669
15/07/2025 20:00;29,981;21,742
15/07/2025 21:00;33,416;23,863
15/07/2025 22:00;34,406;24,847
15/07/2025 23:00;39,161;29,603
16/07/2025 00:00;39,403;29,846
16/07/2025 01:00;39,307;29,765
16/07/2025 02:00;28,16;23,462
16/07/2025 03:00;18,123;15,176
16/07/2025 04:00;20,358;16,129
16/07/2025 05:00;20,221;16,021
16/07/2025 06:00;18,661;15,233
16/07/2025 07:00;17,837;14,636
16/07/2025 08:00;19,853;15,791
16/07/2025 09:00;19,764;15,722
16/07/2025 10:00;17,217;14,979
16/07/2025 11:00;13,378;12,55
16/07/2025 12:00;14,171;13,311
16/07/2025 13:00;19,729;17,08
16/07/2025 14:00;15,966;14,726
16/07/2025 15:00;10,353;10,642
16/07/2025 16:00;11,296;12,186
16/07/2025 17:00;24,022;20,655
16/07/2025 18:00;16,281;14,196
16/07/2025 19:00;23,734;18,001
16/07/2025 20:00;26,649;20,31
16/07/2025 21:00;37,671;27,898
16/07/2025 22:00;39,174;28,864
16/07/2025 23:00;39,262;29,051
17/07/2025 00:00;39,305;29,158
17/07/2025 01:00;39,32;29,333
17/07/2025 02:00;39,3;29,212
17/07/2025 03:00;30,8;24,264
17/07/2025 04:00;18,926;15,401
17/07/2025 05:00;27,109;19,916
17/07/2025 06:00;34,183;24,564
17/07/2025 07:00;37,846;28,462
17/07/2025 08:00;35,937;25,411
17/07/2025 09:00;21,777;16,923
17/07/2025 10:00;15,959;13,82
17/07/2025 11:00;18,022;14,796
17/07/2025 12:00;18,636;15,009
17/07/2025 13:00;17,455;14,445
17/07/2025 14:00;15,8;13,546
17/07/2025 15:00;18,036;14,593
17/07/2025 16:00;17,914;14,491
17/07/2025 17:00;31,989;22,747
17/07/2025 18:00;35,308;25,183
17/07/2025 19:00;36,324;29,298
17/07/2025 20:00;NULL;33,356
17/07/2025 21:00;NULL;37,538
17/07/2025 22:00;NULL;37,956
17/07/2025 23:00;NULL;37,97
18/07/2025 00:00;NULL;38,063
18/07/2025 01:00;39,142;34,472
18/07/2025 02:00;29,332;21,853
18/07/2025 03:00;18,978;15,295
18/07/2025 04:00;18,709;15,018
18/07/2025 05:00;15,668;13,435
18/07/2025 06:00;18,224;14,694
18/07/2025 07:00;32,222;22,884
18/07/2025 08:00;35,167;24,966
18/07/2025 09:00;34,802;29,82
18/07/2025 10:00;NULL;32,793
18/07/2025 11:00;27,356;25,868
18/07/2025 12:00;23,368;18,111
18/07/2025 13:00;25,724;19,036
18/07/2025 14:00;25,158;18,637
18/07/2025 15:00;24,69;18,259
18/07/2025 16:00;17,612;14,288
18/07/2025 17:00;31,331;22,095
18/07/2025 18:00;34,745;24,539
18/07/2025 19:00;27,792;23,812
18/07/2025 20:00;32,747;23,476
18/07/2025 21:00;35,758;25,519
18/07/2025 22:00;37,52;36,651
18/07/2025 23:00;NULL;37,903
19/07/2025 00:00;31,566;35,212
19/07/2025 01:00;21,514;19,546
19/07/2025 02:00;19,28;15,417
19/07/2025 03:00;19,563;15,536
19/07/2025 04:00;19,274;15,248
19/07/2025 05:00;19,095;15,138
19/07/2025 06:00;18,998;15,083
19/07/2025 07:00;16,292;13,725
19/07/2025 08:00;18,877;15,01
19/07/2025 09:00;19,312;15,293
19/07/2025 10:00;18,932;15,028
19/07/2025 11:00;18,835;14,982
19/07/2025 12:00;18,981;15,083
19/07/2025 13:00;18,7;14,899
19/07/2025 14:00;18,579;14,835
19/07/2025 15:00;18,676;14,881
19/07/2025 16:00;16,798;13,842
19/07/2025 17:00;16,488;13,758
19/07/2025 18:00;18,197;14,575
19/07/2025 19:00;17,881;14,351
19/07/2025 20:00;23,91;17,851
19/07/2025 21:00;28,214;20,48
19/07/2025 22:00;19,365;15,749
19/07/2025 23:00;18,194;14,612
20/07/2025 00:00;18,216;14,621
20/07/2025 01:00;16,338;13,722
20/07/2025 02:00;17,227;14,129
20/07/2025 03:00;18,134;14,565
20/07/2025 04:00;17,852;14,435
20/07/2025 05:00;17,874;14,519
20/07/2025 06:00;18,044;14,537
20/07/2025 07:00;18,096;14,612
20/07/2025 08:00;17,681;14,36
20/07/2025 09:00;17,644;14,351
20/07/2025 10:00;17,895;14,5
20/07/2025 11:00;17,501;14,229
20/07/2025 12:00;17,074;14,036
20/07/2025 13:00;15,358;13,165
20/07/2025 14:00;17,346;14,129
20/07/2025 15:00;17,435;14,183
20/07/2025 16:00;17,353;14,055
20/07/2025 17:00;17,394;14,128
20/07/2025 18:00;17,259;14,055
20/07/2025 19:00;17,181;14,009
20/07/2025 20:00;22,962;17,306
20/07/2025 21:00;33,572;23,503
20/07/2025 22:00;36,74;28,409
20/07/2025 23:00;NULL;33,436
21/07/2025 00:00;28,889;29,201
21/07/2025 01:00;17,756;15,119
21/07/2025 02:00;19,247;15,388
21/07/2025 03:00;19,193;15,202
21/07/2025 04:00;19,271;15,266
21/07/2025 05:00;18,971;15,083
21/07/2025 06:00;17,738;14,581
21/07/2025 07:00;14,603;13,466
21/07/2025 08:00;18,019;15,125
21/07/2025 09:00;19,796;15,771
21/07/2025 10:00;17,833;13,904
21/07/2025 11:00;18,169;14,574
21/07/2025 12:00;17,971;14,435
21/07/2025 13:00;17,736;14,229
21/07/2025 14:00;17,174;13,917
21/07/2025 15:00;14,825;12,689
21/07/2025 16:00;16,841;13,703
21/07/2025 17:00;16,887;13,669
21/07/2025 18:00;16,969;13,661
21/07/2025 19:00;16,836;13,651
21/07/2025 20:00;16,8;13,651
21/07/2025 21:00;31,551;22,179
21/07/2025 22:00;35,388;25,156
21/07/2025 23:00;37,708;35,076
22/07/2025 00:00;37,545;32,216
22/07/2025 01:00;30,526;25,075
22/07/2025 02:00;21,669;16,717
22/07/2025 03:00;17,248;13,991
22/07/2025 04:00;16,818;13,698
22/07/2025 05:00;17,259;13,991
22/07/2025 06:00;22,754;17,127
22/07/2025 07:00;33,628;23,463
22/07/2025 08:00;36,454;28,128
22/07/2025 09:00;24,223;22,313
22/07/2025 10:00;16,209;13,88
22/07/2025 11:00;16,548;13,769
22/07/2025 12:00;15,681;13,175
22/07/2025 13:00;16,145;13,315
22/07/2025 14:00;12,778;11,652
22/07/2025 15:00;10,712;10,661
22/07/2025 16:00;18,49;15,67
22/07/2025 17:00;15,238;13,257
22/07/2025 18:00;14,553;12,578
22/07/2025 19:00;14,482;12,55
22/07/2025 20:00;30,555;21,606
22/07/2025 21:00;33,781;23,53
22/07/2025 22:00;35,551;29,918
22/07/2025 23:00;NULL;33,787
23/07/2025 00:00;NULL;31,921
23/07/2025 01:00;NULL;34,15
23/07/2025 02:00;37,631;30,346
23/07/2025 03:00;34,858;26,084
23/07/2025 04:00;25,431;21,4
23/07/2025 05:00;31,37;22,27
23/07/2025 06:00;34,931;24,687
23/07/2025 07:00;37,464;31,06
23/07/2025 08:00;NULL;34,929
23/07/2025 09:00;NULL;34,821
23/07/2025 10:00;NULL;34,916
23/07/2025 11:00;NULL;35,091
23/07/2025 12:00;30,37;29,646
23/07/2025 13:00;35,776;25,518
23/07/2025 14:00;29,844;24,161
23/07/2025 15:00;30,312;22,721
23/07/2025 16:00;35,307;25,06
23/07/2025 17:00;36,113;26,648
23/07/2025 18:00;34,618;24,373
23/07/2025 19:00;36,949;28,545
23/07/2025 20:00;NULL;34,834
23/07/2025 21:00;NULL;36,688
23/07/2025 22:00;NULL;36,998
23/07/2025 23:00;NULL;36,313
24/07/2025 00:00;38,474;33,745
24/07/2025 01:00;36,656;27,265
24/07/2025 02:00;34,935;24,723
24/07/2025 03:00;37,215;28,398
24/07/2025 04:00;26,431;27,674
24/07/2025 05:00;34,447;26,298
24/07/2025 06:00;35,94;25,773
24/07/2025 07:00;37,492;33,626
24/07/2025 08:00;NULL;35,494
24/07/2025 09:00;NULL;35,669
24/07/2025 10:00;27,614;29,93
24/07/2025 11:00;18,626;16,542
24/07/2025 12:00;28,421;20,696
24/07/2025 13:00;29,73;21,825
24/07/2025 14:00;18,203;16,149
24/07/2025 15:00;13,328;11,764
24/07/2025 16:00;14,548;12,55
24/07/2025 17:00;15,68;12,905
24/07/2025 18:00;29,11;20,589
24/07/2025 19:00;34,485;24,257
24/07/2025 20:00;37,008;33,019
24/07/2025 21:00;NULL;34,281
24/07/2025 22:00;NULL;35,519
24/07/2025 23:00;NULL;35,492
25/07/2025 00:00;NULL;34,308
25/07/2025 01:00;27,737;27,601
25/07/2025 02:00;11,329;11,23
25/07/2025 03:00;15,942;13,359
25/07/2025 04:00;14,646;12,606
25/07/2025 05:00;15,649;13,073
25/07/2025 06:00;14,486;12,55
25/07/2025 07:00;14,498;12,559
25/07/2025 08:00;14,401;12,541
25/07/2025 09:00;14,284;12,468
25/07/2025 10:00;14,594;12,56
25/07/2025 11:00;14,492;12,55
25/07/2025 12:00;14,168;12,193
25/07/2025 13:00;14,377;12,458
25/07/2025 14:00;13,916;12,092
25/07/2025 15:00;15,094;12,663
25/07/2025 16:00;14,007;12,037
25/07/2025 17:00;13,935;12
25/07/2025 18:00;13,928;12
25/07/2025 19:00;27,835;19,798
25/07/2025 20:00;33,994;23,946
25/07/2025 21:00;34,445;24,377
25/07/2025 22:00;34,669;24,524
25/07/2025 23:00;38,553;29,996
26/07/2025 00:00;27,901;29,337
26/07/2025 01:00;21,837;19,862
26/07/2025 02:00;16,436;14,519
26/07/2025 03:00;14,693;12,802
26/07/2025 04:00;14,51;12,55
26/07/2025 05:00;14,545;12,56
26/07/2025 06:00;14,311;12,422
26/07/2025 07:00;14,141;12,303
26/07/2025 08:00;14,245;12,303
26/07/2025 09:00;15,394;12,914
26/07/2025 10:00;14,506;12,541
26/07/2025 11:00;14,462;12,532
26/07/2025 12:00;14,007;12,147
26/07/2025 13:00;13,833;12,009
26/07/2025 14:00;13,785;12
26/07/2025 15:00;14,339;12,257
26/07/2025 16:00;14,103;12,083
26/07/2025 17:00;12,436;11
26/07/2025 18:00;13,949;12
26/07/2025 19:00;13,898;12
26/07/2025 20:00;13,842;12
26/07/2025 21:00;13,814;12
26/07/2025 22:00;25,579;18,452
26/07/2025 23:00;30,793;21,543
27/07/2025 00:00;24,754;18,207
27/07/2025 01:00;15,569;12,888
27/07/2025 02:00;20,157;15,387
27/07/2025 03:00;20,914;15,881
27/07/2025 04:00;21,021;15,899
27/07/2025 05:00;21,17;16,039
27/07/2025 06:00;21,102;15,993
27/07/2025 07:00;21,181;16,039
27/07/2025 08:00;21,128;15,983
27/07/2025 09:00;19,457;15,065
27/07/2025 10:00;15,472;12,84
27/07/2025 11:00;13,979;12,073
27/07/2025 12:00;13,98;12,083
27/07/2025 13:00;13,814;12
27/07/2025 14:00;13,793;12
27/07/2025 15:00;13,774;12
27/07/2025 16:00;13,746;12
27/07/2025 17:00;13,264;11,736
27/07/2025 18:00;11,705;10,545
27/07/2025 19:00;13,806;12
27/07/2025 20:00;13,707;11,983
27/07/2025 21:00;18,322;14,295
27/07/2025 22:00;20,525;15,638
27/07/2025 23:00;18,62;14,517
28/07/2025 00:00;20,047;15,326
28/07/2025 01:00;20,87;15,815
28/07/2025 02:00;20,769;15,778
28/07/2025 03:00;19,012;14,768
28/07/2025 04:00;15,4;12,802
28/07/2025 05:00;14,833;12,569
28/07/2025 06:00;18,089;14,258
28/07/2025 07:00;19,717;15,188
28/07/2025 08:00;21,187;16,114
28/07/2025 09:00;21,12;16,039
28/07/2025 10:00;19,43;15,075
28/07/2025 11:00;15,512;12,867
28/07/2025 12:00;14,685;12,55
28/07/2025 13:00;14,5;12,431
28/07/2025 14:00;13,963;12,055
28/07/2025 15:00;12,631;11,165
28/07/2025 16:00;13,896;12
28/07/2025 17:00;13,841;12
28/07/2025 18:00;13,761;12
28/07/2025 19:00;27,561;19,633
28/07/2025 20:00;33,101;22,856
28/07/2025 21:00;34,244;24,012
28/07/2025 22:00;35,337;25,128
28/07/2025 23:00;35,375;25,195
29/07/2025 00:00;24,788;19,13
29/07/2025 01:00;20,997;16,203
29/07/2025 02:00;16,873;13,676
29/07/2025 03:00;14,583;12,532
29/07/2025 04:00;14,119;12,22
29/07/2025 05:00;13,864;12,046
29/07/2025 06:00;13,828;12,073
29/07/2025 07:00;16,469;13,425
29/07/2025 08:00;20,618;15,75
29/07/2025 09:00;20,589;15,703
29/07/2025 10:00;18,395;14,221
29/07/2025 11:00;15,016;12,625
29/07/2025 12:00;14,676;12,709
29/07/2025 13:00;14,447;12,55
29/07/2025 14:00;11,589;10,647
29/07/2025 15:00;13,887;12,009
29/07/2025 16:00;13,82;12
29/07/2025 17:00;13,765;12
29/07/2025 18:00;17,278;13,874
29/07/2025 19:00;30,299;21,229
29/07/2025 20:00;34,227;24,067
29/07/2025 21:00;35,375;25,157
29/07/2025 22:00;36,625;26,424
29/07/2025 23:00;38,365;28,489
30/07/2025 00:00;NULL;35,079
30/07/2025 01:00;NULL;38,17
30/07/2025 02:00;NULL;37,16
30/07/2025 03:00;NULL;36,004
30/07/2025 04:00;29,494;28,559
30/07/2025 05:00;27,158;25,279
30/07/2025 06:00;18,837;16,999
30/07/2025 07:00;15,82;14,048
30/07/2025 08:00;17,207;14,259
30/07/2025 09:00;18,026;14,594
30/07/2025 10:00;14,871;13,324
30/07/2025 11:00;13,732;13,253
30/07/2025 12:00;18,182;16,123
30/07/2025 13:00;14,571;12,709
30/07/2025 14:00;14,356;12,55
30/07/2025 15:00;14,299;12,532
30/07/2025 16:00;11,783;10,902
30/07/2025 17:00;23,844;17,502
30/07/2025 18:00;18,592;14,885
30/07/2025 19:00;17,976;14,27
30/07/2025 20:00;20,167;15,625
30/07/2025 21:00;32,539;22,778
30/07/2025 22:00;34,702;24,499
30/07/2025 23:00;36,006;25,776
31/07/2025 00:00;28,863;21,598
31/07/2025 01:00;18,213;14,937
31/07/2025 02:00;16,38;13,889
31/07/2025 03:00;28,786;20,612
31/07/2025 04:00;33,661;23,45
31/07/2025 05:00;33,658;23,45
31/07/2025 06:00;35,268;25,304
31/07/2025 07:00;NULL;29,927
31/07/2025 08:00;29,948;26,634
31/07/2025 09:00;22,104;20,18
31/07/2025 10:00;17,58;16,137
31/07/2025 11:00;12,963;11,986
31/07/2025 12:00;14,759;12,895
31/07/2025 13:00;11,227;10,561
31/07/2025 14:00;16,182;13,183
31/07/2025 15:00;15,084;12,83
31/07/2025 16:00;14,413;12,504
31/07/2025 17:00;14,187;12,348
31/07/2025 18:00;11,242;10,464
31/07/2025 19:00;27,808;19,811
31/07/2025 20:00;33,613;23,41
31/07/2025 21:00;33,621;23,436
31/07/2025 22:00;36,395;27,308
31/07/2025 23:00;NULL;30,521
01/08/2025 00:00;30,686;30,023
01/08/2025 01:00;29,168;24,685
01/08/2025 02:00;22,351;19,693
01/08/2025 03:00;16,807;14,88
01/08/2025 04:00;15,073;13,203
01/08/2025 05:00;13,688;12,2
01/08/2025 06:00;9,589;9,312
01/08/2025 07:00;27,883;20,15
01/08/2025 08:00;33,509;23,369
01/08/2025 09:00;27,22;19,861
01/08/2025 10:00;14,508;12,606
01/08/2025 11:00;14,089;13,565
01/08/2025 12:00;16,468;14,519
01/08/2025 13:00;14,744;12,877
01/08/2025 14:00;9,32;9,278
01/08/2025 15:00;14,051;12,081
01/08/2025 16:00;14,595;12,578
01/08/2025 17:00;14,442;12,532
01/08/2025 18:00;7,824;8,194
01/08/2025 19:00;14,069;12,162
01/08/2025 20:00;25,729;18,67
01/08/2025 21:00;31,025;21,865
01/08/2025 22:00;33,659;23,423
01/08/2025 23:00;34,052;23,824
02/08/2025 00:00;30,378;22,144
02/08/2025 01:00;20,91;16,432
02/08/2025 02:00;15,93;13,304
02/08/2025 03:00;11,865;10,936
02/08/2025 04:00;12,642;11,168
02/08/2025 05:00;14,42;12,55
02/08/2025 06:00;14,339;12,55
02/08/2025 07:00;11,524;10,79
02/08/2025 08:00;10,651;9,887
02/08/2025 09:00;14,513;12,578
02/08/2025 10:00;12,125;11,127
02/08/2025 11:00;12,847;11,413
02/08/2025 12:00;14,438;12,55
02/08/2025 13:00;8,344;8,594
02/08/2025 14:00;14,33;12,344
02/08/2025 15:00;14,396;12,513
02/08/2025 16:00;10,427;9,941
02/08/2025 17:00;14,329;12,372
02/08/2025 18:00;10,68;10,112
02/08/2025 19:00;11,931;10,918
02/08/2025 20:00;13,443;12
02/08/2025 21:00;18,983;14,913
02/08/2025 22:00;23,611;17,517
02/08/2025 23:00;20,719;15,977
03/08/2025 00:00;31,49;22,143
03/08/2025 01:00;33,701;23,463
03/08/2025 02:00;27,405;20,21
03/08/2025 03:00;14,78;12,858
03/08/2025 04:00;12,359;11,277
03/08/2025 05:00;9,791;9,281
03/08/2025 06:00;14,488;12,55
03/08/2025 07:00;14,399;12,55
03/08/2025 08:00;13,821;12,278
03/08/2025 09:00;17,079;13,56
03/08/2025 10:00;27,736;19,977
03/08/2025 11:00;14,778;12,69
03/08/2025 12:00;14,411;12,541
03/08/2025 13:00;8,628;8,744
03/08/2025 14:00;12,895;11,417
03/08/2025 15:00;14,043;12,156
03/08/2025 16:00;10,147;9,639
03/08/2025 17:00;14,19;12,202
03/08/2025 18:00;11,221;10,369
03/08/2025 19:00;9,566;9,141
03/08/2025 20:00;13,755;12
03/08/2025 21:00;16,305;13,372
03/08/2025 22:00;19,629;15,246
03/08/2025 23:00;16,279;13,455
04/08/2025 00:00;19,544;15,212
04/08/2025 01:00;14,444;12,479
04/08/2025 02:00;10,354;9,379
04/08/2025 03:00;13,714;12
04/08/2025 04:00;13,768;12,009
04/08/2025 05:00;13,824;12,018
04/08/2025 06:00;10,127;9,573
04/08/2025 07:00;10,338;10,024
04/08/2025 08:00;7,521;8,018
04/08/2025 09:00;12,095;10,874
04/08/2025 10:00;13,718;11,748
04/08/2025 11:00;13,141;11,538
04/08/2025 12:00;7,48;7,641
04/08/2025 13:00;13,282;11,252
04/08/2025 14:00;9,299;8,787
04/08/2025 15:00;13,153;11,15
04/08/2025 16:00;11,412;10,146
04/08/2025 17:00;7,666;7,597
04/08/2025 18:00;12,918;11
04/08/2025 19:00;23,119;16,776
04/08/2025 20:00;22,613;16,62
04/08/2025 21:00;11,182;9,961
04/08/2025 22:00;15,083;12,261
04/08/2025 23:00;12,935;11
05/08/2025 00:00;7,971;7,982
05/08/2025 01:00;13,075;11,04
05/08/2025 02:00;17,377;13,564
05/08/2025 03:00;14,506;12,074
05/08/2025 04:00;13,191;11,267
05/08/2025 05:00;10,7;9,757
05/08/2025 06:00;10,605;9,634
05/08/2025 07:00;13,511;11,567
05/08/2025 08:00;26,421;18,816
05/08/2025 09:00;17,438;13,843
05/08/2025 10:00;16,414;13,091
05/08/2025 11:00;15,084;12,295
05/08/2025 12:00;13,229;11,15
05/08/2025 13:00;12,37;10,759
05/08/2025 14:00;7,669;7,626
05/08/2025 15:00;12,937;11
05/08/2025 16:00;10,433;9,545
05/08/2025 17:00;12,794;11
05/08/2025 18:00;10,142;9,399
05/08/2025 19:00;16,485;12,754
05/08/2025 20:00;22,4;16,507
05/08/2025 21:00;14,953;12,144
05/08/2025 22:00;30,602;21,219
05/08/2025 23:00;19,972;15,17
06/08/2025 00:00;18,791;14,453
06/08/2025 01:00;18,163;14,083
06/08/2025 02:00;14,857;12,355
06/08/2025 03:00;12,361;10,857
06/08/2025 04:00;9,951;9,227
06/08/2025 05:00;12,704;11
06/08/2025 06:00;12,662;11
06/08/2025 07:00;18,983;14,548
06/08/2025 08:00;28,059;19,891
06/08/2025 09:00;15,24;12,555
06/08/2025 10:00;20,295;15,431
06/08/2025 11:00;13,509;11,725
06/08/2025 12:00;8,439;8,301
06/08/2025 13:00;13,192;11,25
06/08/2025 14:00;12,885;11,017
06/08/2025 15:00;9,368;8,862
06/08/2025 16:00;12,983;11,05
06/08/2025 17:00;6,996;7,375
06/08/2025 18:00;13,337;11,279
06/08/2025 19:00;15,691;12,406
06/08/2025 20:00;30,232;21,001
06/08/2025 21:00;32,904;22,627
06/08/2025 22:00;33,401;23,153
06/08/2025 23:00;34,289;24,063
07/08/2025 00:00;28,538;20,667
07/08/2025 01:00;17,983;14,546
07/08/2025 02:00;13,954;12
07/08/2025 03:00;13,597;11,858
07/08/2025 04:00;7,501;7,69
07/08/2025 05:00;13,852;11,95
07/08/2025 06:00;13,073;11,473
07/08/2025 07:00;11,237;10,186
07/08/2025 08:00;11,098;10,2
07/08/2025 09:00;9,91;9,191
07/08/2025 10:00;10,072;9,478
07/08/2025 11:00;13,868;11,858
07/08/2025 12:00;13,274;11,383
07/08/2025 13:00;8,051;8,06
07/08/2025 14:00;11,02;9,751
07/08/2025 15:00;12,932;11
07/08/2025 16:00;9,255;8,646
07/08/2025 17:00;13,555;11,38
07/08/2025 18:00;6,303;6,904
07/08/2025 19:00;14,005;11,373
07/08/2025 20:00;28,297;20,074
07/08/2025 21:00;27,602;19,488
07/08/2025 22:00;30,138;20,924
07/08/2025 23:00;30,144;21,177
08/08/2025 00:00;24,281;18,19
08/08/2025 01:00;13,511;11,617
08/08/2025 02:00;17,304;13,622
08/08/2025 03:00;14,417;12,147
08/08/2025 04:00;8,568;8,444
08/08/2025 05:00;27,028;19,162
08/08/2025 06:00;28,583;20,153
08/08/2025 07:00;32,488;22,412
08/08/2025 08:00;27,414;19,52
08/08/2025 09:00;19,447;15,193
08/08/2025 10:00;14,961;12,5
08/08/2025 11:00;13,687;11,783
08/08/2025 12:00;7,203;7,462
08/08/2025 13:00;15,201;12,34
08/08/2025 14:00;12,954;11
08/08/2025 15:00;12,863;11
08/08/2025 16:00;8,621;8,388
08/08/2025 17:00;11,03;9,725
08/08/2025 18:00;12,931;11
08/08/2025 19:00;21,739;15,994
08/08/2025 20:00;31,738;21,915
08/08/2025 21:00;32,856;22,587
08/08/2025 22:00;33,603;23,355
08/08/2025 23:00;33,8;23,583
09/08/2025 00:00;34,264;24,063
09/08/2025 01:00;22,214;17,015
09/08/2025 02:00;17,727;14,101
09/08/2025 03:00;13,836;11,85
09/08/2025 04:00;10,182;9,442
09/08/2025 05:00;11,075;9,812
09/08/2025 06:00;13,322;11,167
09/08/2025 07:00;12,96;11,017
09/08/2025 08:00;8,055;8,011
09/08/2025 09:00;25,143;18,039
09/08/2025 10:00;15,277;12,547
09/08/2025 11:00;16,023;12,898
09/08/2025 12:00;13,057;11,1
09/08/2025 13:00;7,623;7,745
09/08/2025 14:00;13,331;11,159
09/08/2025 15:00;12,918;11
09/08/2025 16:00;11,917;10,486
09/08/2025 17:00;7,313;7,505
09/08/2025 18:00;8,502;8,219
09/08/2025 19:00;12,967;11
09/08/2025 20:00;24,083;17,253
09/08/2025 21:00;32,674;22,466
09/08/2025 22:00;32,882;22,64
09/08/2025 23:00;34,17;23,957
10/08/2025 00:00;31,434;22,967
10/08/2025 01:00;23,61;18,274
10/08/2025 02:00;17,162;13,628
10/08/2025 03:00;14,371;12,092
10/08/2025 04:00;12,252;10,969
10/08/2025 05:00;12,421;10,856
10/08/2025 06:00;12,955;11,117
10/08/2025 07:00;13,031;11,25
10/08/2025 08:00;12,643;11,017
10/08/2025 09:00;8,326;8,184
10/08/2025 10:00;14,086;12,037
10/08/2025 11:00;13,549;11,65
10/08/2025 12:00;13,001;11,183
10/08/2025 13:00;7,21;7,505
10/08/2025 14:00;12,437;10,666
10/08/2025 15:00;12,9;11
10/08/2025 16:00;9,127;8,66
10/08/2025 17:00;12,853;11
10/08/2025 18:00;7,263;7,507
10/08/2025 19:00;14,45;11,775
10/08/2025 20:00;27,599;19,414
10/08/2025 21:00;27,644;19,472
10/08/2025 22:00;30,429;21,608
10/08/2025 23:00;17,722;14,777
11/08/2025 00:00;19,388;14,853
11/08/2025 01:00;26,675;19,027
11/08/2025 02:00;28,512;20,072
11/08/2025 03:00;32,85;22,613
11/08/2025 04:00;24,079;17,628
11/08/2025 05:00;19,013;14,926
11/08/2025 06:00;22,349;16,581
11/08/2025 07:00;29,719;20,8
11/08/2025 08:00;23,247;17,136
11/08/2025 09:00;19,264;14,795
11/08/2025 10:00;19,38;14,841
11/08/2025 11:00;18,538;14,378
11/08/2025 12:00;14,886;12,327
11/08/2025 13:00;13,598;11,522
11/08/2025 14:00;13,046;11,117
11/08/2025 15:00;12,854;11
11/08/2025 16:00;6,913;7,283
11/08/2025 17:00;17,21;13,402
11/08/2025 18:00;27,229;19,092
11/08/2025 19:00;32,401;22,187
11/08/2025 20:00;32,688;22,453
11/08/2025 21:00;25,925;18,96
11/08/2025 22:00;32,169;22,461
11/08/2025 23:00;33,439;23,207
12/08/2025 00:00;32,991;22,761
12/08/2025 01:00;34,374;24,17
12/08/2025 02:00;34,143;23,957
12/08/2025 03:00;34,58;24,304
12/08/2025 04:00;34,399;24,13
12/08/2025 05:00;34,507;24,25
12/08/2025 06:00;34,402;24,143
12/08/2025 07:00;34,469;24,25
12/08/2025 08:00;34,411;24,236
12/08/2025 09:00;33,607;23,767
12/08/2025 10:00;30,794;21,593
12/08/2025 11:00;19,443;15,04
12/08/2025 12:00;14,43;12,099
12/08/2025 13:00;11,861;10,667
12/08/2025 14:00;9,341;9,068
12/08/2025 15:00;10,791;9,749
12/08/2025 16:00;11,526;10,492
12/08/2025 17:00;11,696;10,5
12/08/2025 18:00;13,346;11,458
12/08/2025 19:00;18,317;14,169
12/08/2025 20:00;18,536;14,288
12/08/2025 21:00;25,967;18,59
12/08/2025 22:00;33,006;22,869
12/08/2025 23:00;33,191;22,977
13/08/2025 00:00;33,125;22,923
13/08/2025 01:00;33,974;23,81
13/08/2025 02:00;33,938;23,757
13/08/2025 03:00;34,457;24,223
13/08/2025 04:00;34,306;24,077
13/08/2025 05:00;34,377;24,223
13/08/2025 06:00;34,245;24,09
13/08/2025 07:00;34,403;24,25
13/08/2025 08:00;34,09;23,997
13/08/2025 09:00;26,359;19,562
13/08/2025 10:00;31,09;23,937
13/08/2025 11:00;18,474;15,388
13/08/2025 12:00;12,509;11,192
13/08/2025 13:00;10,23;9,24
13/08/2025 14:00;6,926;7,088
13/08/2025 15:00;11,108;9,817
13/08/2025 16:00;22,336;16,091
13/08/2025 17:00;28,004;19,427
13/08/2025 18:00;32,12;21,92
13/08/2025 19:00;32,715;22,494
13/08/2025 20:00;33,663;23,463
13/08/2025 21:00;33,666;23,49
13/08/2025 22:00;33,657;23,517
13/08/2025 23:00;25,222;18,612
14/08/2025 00:00;33,004;22,915
14/08/2025 01:00;24,135;17,716
14/08/2025 02:00;12,582;11,125
14/08/2025 03:00;11,012;10
14/08/2025 04:00;10,957;10
14/08/2025 05:00;10,88;10
14/08/2025 06:00;10,824;10
14/08/2025 07:00;7,033;7,366
14/08/2025 08:00;9,001;8,465
14/08/2025 09:00;11,043;10,008
14/08/2025 10:00;10,956;10
14/08/2025 11:00;10,906;10
14/08/2025 12:00;9,581;9,094
14/08/2025 13:00;7,196;7,284
14/08/2025 14:00;11,104;10,017
14/08/2025 15:00;11,025;9,983
14/08/2025 16:00;10,857;9,85
14/08/2025 17:00;12,348;10,55
14/08/2025 18:00;26,258;18,443
14/08/2025 19:00;25,849;18,169
14/08/2025 20:00;28,144;19,55
14/08/2025 21:00;26,467;18,564
14/08/2025 22:00;29,513;20,49
14/08/2025 23:00;27,513;19,293
15/08/2025 00:00;20,765;15,462
15/08/2025 01:00;11,072;10,044
15/08/2025 02:00;5,915;6,455
15/08/2025 03:00;11,814;10,375
15/08/2025 04:00;7,613;7,643
15/08/2025 05:00;11,693;10,317
15/08/2025 06:00;7,816;7,724
15/08/2025 07:00;11,615;10,343
15/08/2025 08:00;8,282;8,016
15/08/2025 09:00;11,168;10,108
15/08/2025 10:00;8,368;8,149
15/08/2025 11:00;11,026;10,059
15/08/2025 12:00;9,032;8,415
15/08/2025 13:00;9,879;9,301
15/08/2025 14:00;9,191;8,484
15/08/2025 15:00;9,465;8,992
15/08/2025 16:00;9,537;8,715
15/08/2025 17:00;8,828;8,561
15/08/2025 18:00;9,984;9,031
15/08/2025 19:00;18,406;13,987
15/08/2025 20:00;27,892;19,485
15/08/2025 21:00;28,911;20,075
15/08/2025 22:00;32,607;22,347
15/08/2025 23:00;32,661;22,413
16/08/2025 00:00;33,171;22,951
16/08/2025 01:00;32,843;22,911
16/08/2025 02:00;16,832;13,457
16/08/2025 03:00;9,521;9,041
16/08/2025 04:00;8,65;8,166
16/08/2025 05:00;10,629;9,732
16/08/2025 06:00;8,846;8,308
16/08/2025 07:00;10,494;9,598
16/08/2025 08:00;9,226;8,525
16/08/2025 09:00;9,929;9,288
16/08/2025 10:00;9,668;8,925
16/08/2025 11:00;9,446;9,032
16/08/2025 12:00;10,042;9,12
16/08/2025 13:00;8,918;8,655
16/08/2025 14:00;10,236;9,225
16/08/2025 15:00;8,285;8,178
16/08/2025 16:00;10,684;9,519
16/08/2025 17:00;7,758;7,817
16/08/2025 18:00;23,133;16,539
16/08/2025 19:00;26,174;18,367
16/08/2025 20:00;27,625;19,414
16/08/2025 21:00;31,794;21,876
16/08/2025 22:00;32,774;22,533
16/08/2025 23:00;30,695;21,35
17/08/2025 00:00;18,381;14,363
17/08/2025 01:00;7,847;7,952
17/08/2025 02:00;10,162;9,267
17/08/2025 03:00;8,669;8,508
17/08/2025 04:00;10,423;9,45
17/08/2025 05:00;9,198;8,92
17/08/2025 06:00;10,338;9,412
17/08/2025 07:00;9,201;8,945
17/08/2025 08:00;10,522;9,566
17/08/2025 09:00;19,617;14,898
17/08/2025 10:00;13,312;11,469
17/08/2025 11:00;6,881;7,341
17/08/2025 12:00;11,307;10,059
17/08/2025 13:00;8,232;8,221
17/08/2025 14:00;11,087;9,863
17/08/2025 15:00;7,671;7,791
17/08/2025 16:00;11,301;9,996
17/08/2025 17:00;8,733;8,499
17/08/2025 18:00;14,802;11,809
17/08/2025 19:00;24,973;17,788
17/08/2025 20:00;24,966;17,709
17/08/2025 21:00;26,695;18,862
17/08/2025 22:00;30,535;21,152
17/08/2025 23:00;27,703;19,494
18/08/2025 00:00;20,518;15,444
18/08/2025 01:00;7,212;7,53
18/08/2025 02:00;9,843;9,39
18/08/2025 03:00;10,092;9,694
18/08/2025 04:00;7,125;7,374
18/08/2025 05:00;11,228;10,2
18/08/2025 06:00;6,587;7,107
18/08/2025 07:00;11,214;10,288
18/08/2025 08:00;5,296;6,186
18/08/2025 09:00;5,24;6,13
18/08/2025 10:00;5,246;6,136
18/08/2025 11:00;7,998;8,888
18/08/2025 12:00;8,61;9,5
18/08/2025 13:00;8,61;9,5
18/08/2025 14:00;9,758;10,193
18/08/2025 15:00;25,422;19,711
18/08/2025 16:00;18,673;16,225
18/08/2025 17:00;8,768;9,658
18/08/2025 18:00;8,636;9,5
18/08/2025 19:00;9,459;10,07
18/08/2025 20:00;11,24;12,13
18/08/2025 21:00;9,793;10,683
18/08/2025 22:00;12,006;12,896
18/08/2025 23:00;14,76;15,65
19/08/2025 00:00;17,705;18,595
19/08/2025 01:00;16,449;17,339
19/08/2025 02:00;16,911;17,801
19/08/2025 03:00;16,819;17,709
19/08/2025 04:00;16,11;17
19/08/2025 05:00;15,632;16,522
19/08/2025 06:00;13,61;14,5
19/08/2025 07:00;12,752;13,642
19/08/2025 08:00;12,257;13,147
19/08/2025 09:00;12,22;13,11
19/08/2025 10:00;12,183;13,073
19/08/2025 11:00;11,875;12,765
19/08/2025 12:00;11,819;12,709
19/08/2025 13:00;11,533;12,424
19/08/2025 14:00;11,541;12,431
19/08/2025 15:00;11,11;12
19/08/2025 16:00;11,11;12
19/08/2025 17:00;11,11;12
19/08/2025 18:00;11,11;12
19/08/2025 19:00;11,027;11,917
19/08/2025 20:00;11,06;11,95
19/08/2025 21:00;10,727;11,617
19/08/2025 22:00;11,077;11,967
19/08/2025 23:00;11,321;12,211
20/08/2025 00:00;11,903;12,793
20/08/2025 01:00;13,129;14,019
20/08/2025 02:00;14,358;15,248
20/08/2025 03:00;14,248;15,138
20/08/2025 04:00;13,055;13,945
20/08/2025 05:00;11,744;12,634
20/08/2025 06:00;11,688;12,578
20/08/2025 07:00;11,66;12,55
20/08/2025 08:00;11,66;12,55
20/08/2025 09:00;11,66;12,55
20/08/2025 10:00;11,605;12,495
20/08/2025 11:00;11,614;12,504
20/08/2025 12:00;11,257;12,147
20/08/2025 13:00;11,119;12,009
20/08/2025 14:00;11,026;11,916
20/08/2025 15:00;11,284;12,174
20/08/2025 16:00;11,11;12
20/08/2025 17:00;11,11;12
20/08/2025 18:00;11,11;12
20/08/2025 19:00;10,91;11,8
20/08/2025 20:00;10,51;11,4
20/08/2025 21:00;10,177;11,067
20/08/2025 22:00;10,21;11,1
20/08/2025 23:00;10,143;11,033
21/08/2025 00:00;10,135;11
21/08/2025 01:00;10,11;11
21/08/2025 02:00;10,31;11,2
21/08/2025 03:00;11,242;12,119
21/08/2025 04:00;11,825;12,69
21/08/2025 05:00;12,323;13,213
21/08/2025 06:00;12,793;13,67
21/08/2025 07:00;12,248;13,138
21/08/2025 08:00;11,781;12,671
21/08/2025 09:00;9,009;9,899
21/08/2025 10:00;9,61;10,5
21/08/2025 11:00;9,61;10,5
21/08/2025 12:00;9,777;10,667
21/08/2025 13:00;10,002;10,892
21/08/2025 14:00;10,102;10,992
21/08/2025 15:00;10,102;10,992
21/08/2025 16:00;9,785;10,675
21/08/2025 17:00;9,61;10,5
21/08/2025 18:00;9,468;10,358
21/08/2025 19:00;9,177;10,067
21/08/2025 20:00;9,127;10,017
21/08/2025 21:00;9,152;10,042
21/08/2025 22:00;9,352;10,242
21/08/2025 23:00;9,602;10,492
22/08/2025 00:00;9,61;10,5
22/08/2025 01:00;10,482;11,373
22/08/2025 02:00;13,248;14,138
22/08/2025 03:00;11,224;12,114
22/08/2025 04:00;9,96;10,85
22/08/2025 05:00;9,782;10,672
22/08/2025 06:00;9,61;10,5
22/08/2025 07:00;9,61;10,5
22/08/2025 08:00;9,61;10,5
22/08/2025 09:00;9,609;10,5
22/08/2025 10:00;9,233;10,125
22/08/2025 11:00;8,985;9,875
22/08/2025 12:00;9,677;10,567
22/08/2025 13:00;9,61;10,5
22/08/2025 14:00;10,11;11
22/08/2025 15:00;10,443;11,334
22/08/2025 16:00;12,961;13,851
22/08/2025 17:00;14,848;15,738
22/08/2025 18:00;11,81;12,7
22/08/2025 19:00;11,623;12,513
22/08/2025 20:00;9,188;10,078
22/08/2025 21:00;11,143;12,033
22/08/2025 22:00;8,827;9,717
22/08/2025 23:00;11,103;11,993
23/08/2025 00:00;9,11;10
23/08/2025 01:00;13,138;14,028
23/08/2025 02:00;11,754;12,644
23/08/2025 03:00;11,65;12,541
23/08/2025 04:00;12,579;13,47
23/08/2025 05:00;13,888;14,78
23/08/2025 06:00;13,887;14,78
23/08/2025 07:00;13,89;14,78
23/08/2025 08:00;13,676;14,566
23/08/2025 09:00;11,921;12,811
23/08/2025 10:00;11,568;12,458
23/08/2025 11:00;8,993;9,883
23/08/2025 12:00;10,916;11,806
23/08/2025 13:00;8,702;9,592
23/08/2025 14:00;10,76;11,65
23/08/2025 15:00;8,477;9,367
23/08/2025 16:00;10,552;11,442
23/08/2025 17:00;8,252;9,142
23/08/2025 18:00;10,51;11,4
23/08/2025 19:00;8,227;9,117
23/08/2025 20:00;10,335;11,225
23/08/2025 21:00;8,51;9,4
23/08/2025 22:00;10,214;11,092
23/08/2025 23:00;8,593;9,483
24/08/2025 00:00;10,028;10,918
24/08/2025 01:00;12,09;12,979
24/08/2025 02:00;12,176;13,008
24/08/2025 03:00;13,747;14,295
24/08/2025 04:00;13,161;13,443
24/08/2025 05:00;12,215;12,348
24/08/2025 06:00;10,739;10,869
24/08/2025 07:00;10,217;10,576
24/08/2025 08:00;10,285;10,605
24/08/2025 09:00;9,497;10,349
24/08/2025 10:00;9,888;10,769
24/08/2025 11:00;9,018;9,908
24/08/2025 12:00;9,86;10,75
24/08/2025 13:00;8,46;9,35
24/08/2025 14:00;10,052;10,942
24/08/2025 15:00;8,235;9,125
24/08/2025 16:00;10,185;11,075
24/08/2025 17:00;8,085;8,975
24/08/2025 18:00;10,127;11,017
24/08/2025 19:00;8,152;9,042
24/08/2025 20:00;9,985;10,875
24/08/2025 21:00;8,293;9,183
24/08/2025 22:00;9,535;10,425
24/08/2025 23:00;10,694;11,552
25/08/2025 00:00;19,216;20,093
25/08/2025 01:00;16,304;17,131
25/08/2025 02:00;13,372;14,073
25/08/2025 03:00;11,728;12,589
25/08/2025 04:00;11,231;12,045
25/08/2025 05:00;8,76;9,5
25/08/2025 06:00;10,897;11,47
25/08/2025 07:00;8,955;9,45
25/08/2025 08:00;10,459;11,067
25/08/2025 09:00;8,391;9,243
25/08/2025 10:00;8,024;8,914
25/08/2025 11:00;8,278;9,168
25/08/2025 12:00;7,879;8,769
25/08/2025 13:00;8,185;9,075
25/08/2025 14:00;6,87;7,76
25/08/2025 15:00;6,74;7,63
25/08/2025 16:00;8,221;9,111
25/08/2025 17:00;6,833;7,723
25/08/2025 18:00;6,74;7,63
25/08/2025 19:00;6,999;7,889
25/08/2025 20:00;12,82;13,71
25/08/2025 21:00;18,942;19,832
25/08/2025 22:00;17,747;18,637
25/08/2025 23:00;18,093;18,983
26/08/2025 00:00;18,253;19,143
26/08/2025 01:00;12,967;13,857
26/08/2025 02:00;9,102;9,992
26/08/2025 03:00;7,885;8,775
26/08/2025 04:00;7,802;8,692
26/08/2025 05:00;7,868;8,758
26/08/2025 06:00;9,797;10,687
26/08/2025 07:00;19,153;20,043
26/08/2025 08:00;18,52;19,41
26/08/2025 09:00;18,52;19,41
26/08/2025 10:00;17,693;18,583
26/08/2025 11:00;8,977;9,867
26/08/2025 12:00;9,61;10,5
26/08/2025 13:00;11,027;11,917
26/08/2025 14:00;11,128;12,018
26/08/2025 15:00;13,387;14,277
26/08/2025 16:00;19,08;19,97
26/08/2025 17:00;10,041;10,931
26/08/2025 18:00;7,927;8,817
26/08/2025 19:00;8,061;8,9
26/08/2025 20:00;15,108;15,819
26/08/2025 21:00;21,15;21,876
26/08/2025 22:00;20,316;21,017
26/08/2025 23:00;19,759;20,598
27/08/2025 00:00;19,573;20,463
27/08/2025 01:00;20,689;21,579
27/08/2025 02:00;20,273;21,163
27/08/2025 03:00;21,94;22,83
27/08/2025 04:00;22,546;23,436
27/08/2025 05:00;22,452;23,342
27/08/2025 06:00;22,317;23,207
27/08/2025 07:00;22,452;23,342
27/08/2025 08:00;22,073;22,951
27/08/2025 09:00;21,55;22,414
27/08/2025 10:00;20,111;20,988
27/08/2025 11:00;17,804;18,694
27/08/2025 12:00;10,502;11,393
27/08/2025 13:00;14,009;14,899
27/08/2025 14:00;17,852;18,743
27/08/2025 15:00;18,79;19,681
27/08/2025 16:00;17,72;18,61
27/08/2025 17:00;17,947;18,837
27/08/2025 18:00;16,074;16,964
27/08/2025 19:00;19,166;20,056
27/08/2025 20:00;23,652;24,264
27/08/2025 21:00;23,656;24,547
27/08/2025 22:00;24,17;25,06
27/08/2025 23:00;24,913;25,6
28/08/2025 00:00;20,962;21,623
28/08/2025 01:00;22,371;23,261
28/08/2025 02:00;22,889;23,716
28/08/2025 03:00;26,228;27,105
28/08/2025 04:00;28,741;29,631
28/08/2025 05:00;24,642;25,532
28/08/2025 06:00;32,076;32,966
28/08/2025 07:00;35,194;36,084
28/08/2025 08:00;33,768;34,646
28/08/2025 09:00;33,874;34,727
28/08/2025 10:00;35,772;36,663
28/08/2025 11:00;29,656;30,546
28/08/2025 12:00;25,357;26,247
28/08/2025 13:00;23,845;24,736
28/08/2025 14:00;22,719;23,609
28/08/2025 15:00;21,296;22,187
28/08/2025 16:00;20,314;21,206
28/08/2025 17:00;19,518;20,409
28/08/2025 18:00;19,515;20,407
28/08/2025 19:00;23,602;24,493
28/08/2025 20:00;21,426;22,318
28/08/2025 21:00;24,034;24,927
28/08/2025 22:00;27,165;28,061
28/08/2025 23:00;27,127;28,007
29/08/2025 00:00;27,27;27,723
29/08/2025 01:00;20,122;20,898
29/08/2025 02:00;16,558;17,128
29/08/2025 03:00;16,576;16,798
29/08/2025 04:00;16,275;16,496
29/08/2025 05:00;16,014;16,338
29/08/2025 06:00;15,804;16,226
29/08/2025 07:00;15,644;15,918
29/08/2025 08:00;15,45;15,871
29/08/2025 09:00;15,393;15,675
29/08/2025 10:00;15,219;15,629
29/08/2025 11:00;14,514;15,358
29/08/2025 12:00;14,175;15,065
29/08/2025 13:00;14,064;14,954
29/08/2025 14:00;14,339;15,229
29/08/2025 15:00;13,996;14,89
29/08/2025 16:00;14,302;15,125
29/08/2025 17:00;22,387;19,665
29/08/2025 18:00;18,226;15,649
29/08/2025 19:00;22,069;17,501
29/08/2025 20:00;22,951;18,084
29/08/2025 21:00;22,022;17,402
29/08/2025 22:00;23,5;18,192
29/08/2025 23:00;23,314;18,273
30/08/2025 00:00;34,583;24,888
30/08/2025 01:00;37,463;27,039
30/08/2025 02:00;28,464;22,589
30/08/2025 03:00;23,039;18,313
30/08/2025 04:00;23,05;18,086
30/08/2025 05:00;23,097;17,965
30/08/2025 06:00;22,368;17,544
30/08/2025 07:00;22,411;17,588
30/08/2025 08:00;22,179;17,532
30/08/2025 09:00;22,492;17,744
30/08/2025 10:00;22,13;17,516
30/08/2025 11:00;20,435;16,474
30/08/2025 12:00;16,95;14,537
30/08/2025 13:00;15,371;13,771
30/08/2025 14:00;14,645;13,381
30/08/2025 15:00;14,254;13,119
30/08/2025 16:00;14,441;13,129
30/08/2025 17:00;14,104;13,091
30/08/2025 18:00;14,067;13,063
30/08/2025 19:00;15,878;13,869
30/08/2025 20:00;20,039;15,992
30/08/2025 21:00;20,939;16,533
30/08/2025 22:00;21,62;16,78
30/08/2025 23:00;21,116;16,623
31/08/2025 00:00;21,194;16,679
31/08/2025 01:00;21,161;16,594
31/08/2025 02:00;20,834;16,383
31/08/2025 03:00;20,671;16,366
31/08/2025 04:00;18,899;15,399
31/08/2025 05:00;15,381;13,649
31/08/2025 06:00;14,277;13,157
31/08/2025 07:00;14,091;13,11
31/08/2025 08:00;15,486;13,722
31/08/2025 09:00;19,479;15,667
31/08/2025 10:00;16,135;13,983
31/08/2025 11:00;14,214;13,073
31/08/2025 12:00;13,87;12,83
31/08/2025 13:00;13,646;12,662
31/08/2025 14:00;13,506;12,55
31/08/2025 15:00;13,487;12,55
31/08/2025 16:00;13,464;12,55
31/08/2025 17:00;13,443;12,55
31/08/2025 18:00;13,424;12,55
31/08/2025 19:00;7,628;8,412
31/08/2025 20:00;14,392;15,282
31/08/2025 21:00;25,394;26,286
31/08/2025 22:00;26,563;27,453
31/08/2025 23:00;26,819;27,71
01/09/2025 00:00;25,126;26,016
01/09/2025 01:00;17,247;18,138
01/09/2025 02:00;19,853;20,747
01/09/2025 03:00;20,667;21,557
01/09/2025 04:00;20,707;21,597
01/09/2025 05:00;23,811;24,701
01/09/2025 06:00;25,327;26,221
01/09/2025 07:00;24,98;25,87
01/09/2025 08:00;23,432;24,322
01/09/2025 09:00;19,234;20,126
01/09/2025 10:00;17,004;17,897
01/09/2025 11:00;16,703;17,593
01/09/2025 12:00;13,257;14,147
01/09/2025 13:00;10,306;11,2
01/09/2025 14:00;11,592;12,484
01/09/2025 15:00;15,564;16,454
01/09/2025 16:00;14,609;15,499
01/09/2025 17:00;13,441;14,334
01/09/2025 18:00;13,099;13,991
01/09/2025 19:00;12,817;13,707
01/09/2025 20:00;12,789;13,679
01/09/2025 21:00;12,765;13,661
01/09/2025 22:00;12,78;13,67
01/09/2025 23:00;12,805;13,67
02/09/2025 00:00;12,909;13,67
02/09/2025 01:00;12,915;13,67
02/09/2025 02:00;13,211;13,67
02/09/2025 03:00;13,224;13,633
02/09/2025 04:00;13,157;13,661
02/09/2025 05:00;12,967;13,493
02/09/2025 06:00;13,187;13,381
02/09/2025 07:00;13,046;13,409
02/09/2025 08:00;13,06;13,343
02/09/2025 09:00;12,709;13,194
02/09/2025 10:00;12,279;13,147
02/09/2025 11:00;12,346;13,241
02/09/2025 12:00;12,304;13,194
02/09/2025 13:00;12,192;13,082
02/09/2025 14:00;11,992;12,886
02/09/2025 15:00;11,826;12,718
02/09/2025 16:00;11,679;12,569
02/09/2025 17:00;11,66;12,55
02/09/2025 18:00;11,658;12,55
02/09/2025 19:00;11,659;12,55
02/09/2025 20:00;11,651;12,541
02/09/2025 21:00;11,66;12,55
02/09/2025 22:00;11,659;12,541
02/09/2025 23:00;11,651;12,541
03/09/2025 00:00;11,698;12,55
03/09/2025 01:00;11,922;12,55
03/09/2025 02:00;11,984;12,532
03/09/2025 03:00;12,342;12,523
03/09/2025 04:00;12,391;12,55
03/09/2025 05:00;12,237;12,449
03/09/2025 06:00;12,334;12,477
03/09/2025 07:00;12,398;12,541
03/09/2025 08:00;12,141;12,504
03/09/2025 09:00;12,261;12,431
03/09/2025 10:00;11,713;12,477
03/09/2025 11:00;11,48;12,376
03/09/2025 12:00;11,218;12,11
03/09/2025 13:00;11,156;12,046
03/09/2025 14:00;11,11;12
03/09/2025 15:00;11,077;11,967
03/09/2025 16:00;11,11;12
03/09/2025 17:00;11,11;12
03/09/2025 18:00;11,093;11,983
03/09/2025 19:00;10,843;11,733
03/09/2025 20:00;10,443;11,333
03/09/2025 21:00;10,71;11,6
03/09/2025 22:00;11,01;11,9
03/09/2025 23:00;10,99;11,883
04/09/2025 00:00;11,11;12
04/09/2025 01:00;10,977;11,867
04/09/2025 02:00;11,11;12
04/09/2025 03:00;11,11;12
04/09/2025 04:00;10,925;11,817
04/09/2025 05:00;11,06;11,95
04/09/2025 06:00;11,093;11,983
04/09/2025 07:00;11,086;11,976
04/09/2025 08:00;11,345;12,238
04/09/2025 09:00;19,186;20,076
04/09/2025 10:00;11,243;12,133
04/09/2025 11:00;11,443;12,333
04/09/2025 12:00;11,118;12,009
04/09/2025 13:00;11,089;11,983
04/09/2025 14:00;11,093;11,983
04/09/2025 15:00;10,877;11,767
04/09/2025 16:00;10,927;11,817
04/09/2025 17:00;10,577;11,467
04/09/2025 18:00;10,373;11,267
04/09/2025 19:00;10,41;11,3
04/09/2025 20:00;10,68;11,57
04/09/2025 21:00;19,923;20,813
04/09/2025 22:00;21,857;22,75
04/09/2025 23:00;21,764;22,655
05/09/2025 00:00;21,323;22,213
05/09/2025 01:00;14,933;15,823
05/09/2025 02:00;10,398;11,293
05/09/2025 03:00;11,01;11,9
05/09/2025 04:00;11,043;11,933
05/09/2025 05:00;10,752;11,617
05/09/2025 06:00;10,803;11,55
05/09/2025 07:00;12,153;12,743
05/09/2025 08:00;26,657;27,307
05/09/2025 09:00;23,551;24,303
05/09/2025 10:00;24,843;25,695
05/09/2025 11:00;11,427;12,317
05/09/2025 12:00;8,893;9,783
05/09/2025 13:00;9,206;10,1
05/09/2025 14:00;9,01;9,9
05/09/2025 15:00;9,06;9,95
05/09/2025 16:00;8,835;9,725
05/09/2025 17:00;8,748;9,642
05/09/2025 18:00;8,785;9,675
05/09/2025 19:00;13,846;14,736
05/09/2025 20:00;24,859;25,749
05/09/2025 21:00;25,179;26,073
05/09/2025 22:00;24,831;25,708
05/09/2025 23:00;24,852;25,641
06/09/2025 00:00;25,54;25,83
06/09/2025 01:00;23,115;23,387
06/09/2025 02:00;9,936;10,066
06/09/2025 03:00;9,47;9,6
06/09/2025 04:00;9,964;10,1
06/09/2025 05:00;9,87;10
06/09/2025 06:00;9,87;10
06/09/2025 07:00;9,841;9,975
06/09/2025 08:00;9,868;10
06/09/2025 09:00;9,832;9,975
06/09/2025 10:00;9,662;10
06/09/2025 11:00;9,079;9,95
06/09/2025 12:00;9,061;9,85
06/09/2025 13:00;8,944;9,833
06/09/2025 14:00;8,91;9,767
06/09/2025 15:00;8,737;9,617
06/09/2025 16:00;8,62;9,5
06/09/2025 17:00;8,62;9,5
06/09/2025 18:00;8,636;9,517
06/09/2025 19:00;8,727;9,617
06/09/2025 20:00;8,61;9,5
06/09/2025 21:00;8,727;9,617
06/09/2025 22:00;8,777;9,667
06/09/2025 23:00;8,835;9,725
07/09/2025 00:00;8,731;9,608
07/09/2025 01:00;8,885;9,775
07/09/2025 02:00;8,918;9,808
07/09/2025 03:00;8,94;9,825
07/09/2025 04:00;9,132;9,958
07/09/2025 05:00;9,178;9,942
07/09/2025 06:00;9,262;9,925
07/09/2025 07:00;9,176;9,967
07/09/2025 08:00;9,113;9,925
07/09/2025 09:00;9,165;9,992
07/09/2025 10:00;9,123;9,975
07/09/2025 11:00;9,014;9,892
07/09/2025 12:00;8,935;9,825
07/09/2025 13:00;8,838;9,725
07/09/2025 14:00;8,756;9,642
07/09/2025 15:00;8,794;9,683
07/09/2025 16:00;8,785;9,675
07/09/2025 17:00;8,618;9,508
07/09/2025 18:00;8,61;9,5
07/09/2025 19:00;17,46;18,35
07/09/2025 20:00;24,413;25,303
07/09/2025 21:00;24,616;25,506
07/09/2025 22:00;23,244;24,134
07/09/2025 23:00;17,21;18,1
08/09/2025 00:00;9,035;9,925
08/09/2025 01:00;9,318;10,208
08/09/2025 02:00;9,427;10,317
08/09/2025 03:00;9,243;10,133
08/09/2025 04:00;9,318;10,208
08/09/2025 05:00;9,285;10,175
08/09/2025 06:00;9,335;10,225
08/09/2025 07:00;13,517;14,407
08/09/2025 08:00;21,121;22,011
08/09/2025 09:00;25,6;26,49
08/09/2025 10:00;23,608;24,498
08/09/2025 11:00;19,015;19,905
08/09/2025 12:00;9,77;10,66
08/09/2025 13:00;9,393;10,283
08/09/2025 14:00;8,489;9,379
08/09/2025 15:00;9,135;10,025
08/09/2025 16:00;9,393;10,283
08/09/2025 17:00;9,879;10,769
08/09/2025 18:00;11,287;12,178
08/09/2025 19:00;10,883;11,773
08/09/2025 20:00;19,83;20,72
08/09/2025 21:00;23,631;24,523
08/09/2025 22:00;20,558;21,451
08/09/2025 23:00;15,953;16,846
09/09/2025 00:00;12,763;13,657
09/09/2025 01:00;14,759;15,649
09/09/2025 02:00;14,934;15,825
09/09/2025 03:00;15,114;16,004
09/09/2025 04:00;14,738;15,631
09/09/2025 05:00;14,328;15,22
09/09/2025 06:00;13,703;14,593
09/09/2025 07:00;15,29;16,18
09/09/2025 08:00;28,174;29,064
09/09/2025 09:00;24,606;25,5
09/09/2025 10:00;11,882;12,773
09/09/2025 11:00;12,248;13,138
09/09/2025 12:00;12,191;13,082
09/09/2025 13:00;11,711;12,606
09/09/2025 14:00;11,66;12,55
09/09/2025 15:00;11,614;12,504
09/09/2025 16:00;11,367;12,257
09/09/2025 17:00;11,235;12,128
09/09/2025 18:00;10,951;11,842
09/09/2025 19:00;11,596;12,486
09/09/2025 20:00;19,991;20,882
09/09/2025 21:00;21,801;22,696
09/09/2025 22:00;21,537;22,427
09/09/2025 23:00;21,203;22,093
10/09/2025 00:00;14,523;15,417
10/09/2025 01:00;10,679;11,507
10/09/2025 02:00;11,276;11,8
10/09/2025 03:00;11,528;11,967
10/09/2025 04:00;10,987;11,35
10/09/2025 05:00;11,115;11,283
10/09/2025 06:00;10,802;11,033
10/09/2025 07:00;10,814;11
10/09/2025 08:00;10,487;11,1
10/09/2025 09:00;10,258;11
10/09/2025 10:00;10,421;10,983
10/09/2025 11:00;10,142;11
10/09/2025 12:00;10,11;11
10/09/2025 13:00;10,093;10,983
10/09/2025 14:00;10,015;10,908
10/09/2025 15:00;10,059;10,95
10/09/2025 16:00;9,96;10,85
10/09/2025 17:00;10,126;11
12/09/2025 11:00;9,541;10,431
12/09/2025 12:00;9,61;10,5
12/09/2025 13:00;9,571;10,467
12/09/2025 14:00;9,585;10,475
12/09/2025 15:00;9,477;10,367
12/09/2025 16:00;9,309;10,2
12/09/2025 17:00;8,682;9,575
12/09/2025 18:00;8,951;9,842
12/09/2025 19:00;9,56;10,45
12/09/2025 20:00;19,051;19,945
12/09/2025 21:00;22,546;23,437
12/09/2025 22:00;9,412;10,303
12/09/2025 23:00;9,335;10,225
13/09/2025 00:00;9,638;10,533
13/09/2025 01:00;9,64;10,492
13/09/2025 02:00;9,577;10,467
13/09/2025 03:00;9,588;10,483
13/09/2025 04:00;9,647;10,5
13/09/2025 05:00;9,693;10,583
13/09/2025 06:00;9,75;10,642
13/09/2025 07:00;9,618;10,5
13/09/2025 08:00;9,693;10,583
13/09/2025 09:00;9,61;10,5
13/09/2025 10:00;9,796;10,692
13/09/2025 11:00;10,338;11,216
13/09/2025 12:00;9,068;9,958
13/09/2025 13:00;10,14;11,033
13/09/2025 14:00;9,624;10,517
13/09/2025 15:00;9,677;10,567
13/09/2025 16:00;9,602;10,492
13/09/2025 17:00;9,688;10,583
13/09/2025 18:00;9,626;10,517
13/09/2025 19:00;9,668;10,558
13/09/2025 20:00;11,016;11,908
13/09/2025 21:00;25,192;26,086
13/09/2025 22:00;25,448;26,262
13/09/2025 23:00;25,424;26,275
14/09/2025 00:00;19,005;19,812
14/09/2025 01:00;9,099;9,908
14/09/2025 02:00;10,465;11
14/09/2025 03:00;10,28;10,717
14/09/2025 04:00;10,06;10,65
14/09/2025 05:00;10,302;10,558
14/09/2025 06:00;10,511;10,642
14/09/2025 07:00;10,405;10,592
14/09/2025 08:00;10,37;10,5
14/09/2025 09:00;10,19;10,525
14/09/2025 10:00;9,857;10,475
14/09/2025 11:00;9,677;10,517
14/09/2025 12:00;9,564;10,442
14/09/2025 13:00;9,464;10,358
14/09/2025 14:00;9,525;10,417
14/09/2025 15:00;9,343;10,233
14/09/2025 16:00;9,385;10,275
14/09/2025 17:00;9,152;10,042
14/09/2025 18:00;9,285;10,175
14/09/2025 19:00;9,218;10,108
14/09/2025 20:00;9,185;10,075
14/09/2025 21:00;9,366;10,258
14/09/2025 22:00;9,168;10,058
14/09/2025 23:00;9,468;10,358
15/09/2025 00:00;9,339;10,167
15/09/2025 01:00;9,433;10,325
15/09/2025 02:00;9,378;10,192
15/09/2025 03:00;9,511;10,25
15/09/2025 04:00;9,449;10,242
15/09/2025 05:00;9,282;10,108
15/09/2025 06:00;9,426;10,242
15/09/2025 07:00;9,174;10,017
15/09/2025 08:00;9,553;10,325
15/09/2025 09:00;9,194;10,033
15/09/2025 10:00;9,398;10,275
15/09/2025 11:00;9,871;10,767
15/09/2025 12:00;11,245;12,135
15/09/2025 13:00;8,926;9,817
15/09/2025 14:00;9,285;10,175
15/09/2025 15:00;10,374;11,265
15/09/2025 16:00;9,174;10,067
15/09/2025 17:00;9,143;10,033
15/09/2025 18:00;9,152;10,042
15/09/2025 19:00;9,11;10
15/09/2025 20:00;9,074;9,967
15/09/2025 21:00;9,151;10,042
15/09/2025 22:00;9,11;10
15/09/2025 23:00;9,227;10,117
16/09/2025 00:00;9,109;10
16/09/2025 01:00;9,232;10,125
16/09/2025 02:00;9,11;10
16/09/2025 03:00;9,252;10,142
16/09/2025 04:00;9,148;10,042
16/09/2025 05:00;9,266;10,158
16/09/2025 06:00;9,285;10,175
16/09/2025 07:00;9,26;10,15
16/09/2025 08:00;9,196;10,092
16/09/2025 09:00;9,335;10,225
16/09/2025 10:00;5,785;6,676
16/09/2025 11:00;8,54;9,433
16/09/2025 12:00;8,516;9,408
16/09/2025 13:00;8,568;9,458
16/09/2025 14:00;8,585;9,475
16/09/2025 15:00;8,542;9,433
16/09/2025 16:00;8,543;9,433
16/09/2025 17:00;8,143;9,033
16/09/2025 18:00;8,418;9,308
16/09/2025 19:00;8,298;9,192
16/09/2025 20:00;8,385;9,275
16/09/2025 21:00;13,292;14,182
16/09/2025 22:00;13,136;14,017
16/09/2025 23:00;8,659;9,5
17/09/2025 00:00;9,017;9,375
17/09/2025 01:00;9,357;9,5
17/09/2025 02:00;9,168;9,317
17/09/2025 03:00;9,362;9,492
17/09/2025 04:00;9,162;9,292
17/09/2025 05:00;9,221;9,358
17/09/2025 06:00;9,278;9,408
17/09/2025 07:00;9,237;9,367
17/09/2025 08:00;9,266;9,4
17/09/2025 09:00;9,126;9,258
17/09/2025 10:00;9,228;9,358
17/09/2025 11:00;8,613;9,2
17/09/2025 12:00;8,437;9,333
17/09/2025 13:00;8,218;9,108
17/09/2025 14:00;8,302;9,192
17/09/2025 15:00;8,135;9,025
17/09/2025 16:00;8,135;9,025
17/09/2025 17:00;8,11;9
17/09/2025 18:00;8,16;9,05
17/09/2025 19:00;8,141;9,033
17/09/2025 20:00;8,311;9,175
17/09/2025 21:00;8,26;9,125
17/09/2025 22:00;8,308;9,008
17/09/2025 23:00;8,397;9
18/09/2025 00:00;8,398;9,008
18/09/2025 01:00;8,88;9,175
18/09/2025 02:00;8,853;9
18/09/2025 03:00;9,045;9,175
18/09/2025 04:00;8,891;9,033
18/09/2025 05:00;9,143;9,275
18/09/2025 06:00;8,957;9,092
18/09/2025 07:00;9,045;9,175
18/09/2025 08:00;8,869;9
18/09/2025 09:00;9,113;9,25
18/09/2025 10:00;8,952;9,183
18/09/2025 11:00;8,243;9,092
18/09/2025 12:00;8,113;9,008
18/09/2025 13:00;8,015;8,908
18/09/2025 14:00;8,177;9,067
18/09/2025 15:00;12,172;12,16
18/09/2025 16:00;10,344;10,4
18/09/2025 17:00;9,425;9,5
18/09/2025 18:00;7,977;8,378
18/09/2025 19:00;8,974;8,715
18/09/2025 20:00;9,866;9,409
18/09/2025 21:00;8,087;8,032
18/09/2025 22:00;11,281;10,258
18/09/2025 23:00;7,224;7,068
19/09/2025 00:00;12,058;10,5
19/09/2025 01:00;7,145;7,062
19/09/2025 02:00;11,317;10
19/09/2025 03:00;9,504;8,73
19/09/2025 04:00;9,512;8,556
19/09/2025 05:00;10,774;9,54
19/09/2025 06:00;8,715;8,015
19/09/2025 07:00;11,66;10,171
19/09/2025 08:00;7,855;7,441
19/09/2025 09:00;11,933;10,417
19/09/2025 10:00;6,971;7,042
19/09/2025 11:00;11,007;10,158
19/09/2025 12:00;7,562;7,784
19/09/2025 13:00;9,239;8,952
19/09/2025 14:00;9,679;9,33
19/09/2025 15:00;7,062;7,409
19/09/2025 16:00;9,806;9,608
19/09/2025 17:00;18,231;14,095
19/09/2025 18:00;21,335;15,918
19/09/2025 19:00;21,272;15,927
19/09/2025 20:00;21,251;15,89
19/09/2025 21:00;21,106;15,778
19/09/2025 22:00;21,315;15,899
19/09/2025 23:00;21,548;16,077
20/09/2025 00:00;10,865;10,264
20/09/2025 01:00;8,37;8,603
20/09/2025 02:00;6,966;7,479
20/09/2025 03:00;9,438;9,5
20/09/2025 04:00;20,437;15,395
20/09/2025 05:00;21,291;15,918
20/09/2025 06:00;14,044;11,942
20/09/2025 07:00;9,65;9,533
20/09/2025 08:00;6,2;6,727
20/09/2025 09:00;9,62;9,517
20/09/2025 10:00;9,552;9,508
20/09/2025 11:00;5,899;6,655
20/09/2025 12:00;9,734;9,575
20/09/2025 13:00;9,55;9,5
20/09/2025 14:00;5,931;6,659
20/09/2025 15:00;9,545;9,461
20/09/2025 16:00;9,543;9,5
20/09/2025 17:00;6,056;6,761
20/09/2025 18:00;9,387;9,332
20/09/2025 19:00;7,501;7,909
20/09/2025 20:00;4,86;5,75
20/09/2025 21:00;4,86;5,75
20/09/2025 22:00;7,84;8,73
20/09/2025 23:00;8,428;9,167
21/09/2025 00:00;8,813;9,475
21/09/2025 01:00;8,609;9,5
21/09/2025 02:00;9,027;9,917
21/09/2025 03:00;9,035;9,925
21/09/2025 04:00;9,207;9,983
21/09/2025 05:00;9,316;10,208
21/09/2025 06:00;9,767;10,658
21/09/2025 07:00;13,381;13,754
21/09/2025 08:00;16,078;16,488
21/09/2025 09:00;21,687;21,772
21/09/2025 10:00;22,193;21,893
21/09/2025 11:00;24,656;23,529
21/09/2025 12:00;23,749;23,41
21/09/2025 13:00;22,774;22,708
21/09/2025 14:00;25,814;24,254
21/09/2025 15:00;29,866;26,124
21/09/2025 16:00;28,093;23,247
21/09/2025 17:00;24,593;20,005
21/09/2025 18:00;22,96;18,34
21/09/2025 19:00;26,735;20,235
21/09/2025 20:00;26,35;19,937
21/09/2025 21:00;22,095;17,585
21/09/2025 22:00;27,223;22,414
21/09/2025 23:00;26,536;21,931
22/09/2025 00:00;30,402;23,019
22/09/2025 01:00;29,956;22,253
22/09/2025 02:00;27,899;20,652
22/09/2025 03:00;28,018;20,679
22/09/2025 04:00;27,176;20,166
22/09/2025 05:00;18,854;15,305
22/09/2025 06:00;18,157;14,733
22/09/2025 07:00;18,375;14,824
22/09/2025 08:00;18,413;14,852
22/09/2025 09:00;19,241;15,185
22/09/2025 10:00;17,38;14,156
22/09/2025 11:00;17,498;14,379
22/09/2025 12:00;24,739;18,547
22/09/2025 13:00;26,098;19,491
22/09/2025 14:00;15,767;13,453
22/09/2025 15:00;16,151;13,638
22/09/2025 16:00;15,692;13,371
22/09/2025 17:00;15,506;13,287
22/09/2025 18:00;15,753;13,381
22/09/2025 19:00;15,587;13,343
22/09/2025 20:00;16,279;13,899
22/09/2025 21:00;16,197;13,899
22/09/2025 22:00;15,657;13,661
22/09/2025 23:00;15,84;13,614
23/09/2025 00:00;15,876;13,715
23/09/2025 01:00;15,695;13,715
23/09/2025 02:00;15,959;13,806
23/09/2025 03:00;15,89;13,77
23/09/2025 04:00;15,679;13,465
23/09/2025 05:00;15,52;13,437
23/09/2025 06:00;23,377;17,805
23/09/2025 07:00;23,476;17,897
23/09/2025 08:00;23,986;18,138
23/09/2025 09:00;23,486;17,91
23/09/2025 10:00;23,325;17,763
23/09/2025 11:00;24,059;18,205
23/09/2025 12:00;15,955;13,725
23/09/2025 13:00;14,073;12,588
23/09/2025 14:00;14,768;12,942
23/09/2025 15:00;14,697;12,923
23/09/2025 16:00;26,465;19,507
23/09/2025 17:00;14,443;12,86
23/09/2025 18:00;19,809;15,739
23/09/2025 19:00;26,726;19,626
23/09/2025 20:00;26,786;19,68
23/09/2025 21:00;26,625;19,546
23/09/2025 22:00;26,764;19,627
23/09/2025 23:00;15,184;13,164
24/09/2025 00:00;14,064;12,449
24/09/2025 01:00;21,928;16,515
24/09/2025 02:00;22,131;16,775
24/09/2025 03:00;22,88;17,217
24/09/2025 04:00;14,197;12,452
24/09/2025 05:00;13,776;12,208
24/09/2025 06:00;14,026;12,303
24/09/2025 07:00;11,413;10,575
24/09/2025 08:00;7,535;7,977
24/09/2025 09:00;26,161;24,065
24/09/2025 10:00;19,969;17,842
24/09/2025 11:00;14,112;12,513
24/09/2025 12:00;13,35;12,055
24/09/2025 13:00;13,786;12,312
24/09/2025 14:00;13,262;11,998
24/09/2025 15:00;9,505;9,363
24/09/2025 16:00;15,483;13,934
24/09/2025 17:00;13,129;12,058
24/09/2025 18:00;12,069;11,244
24/09/2025 19:00;24,689;18,251
24/09/2025 20:00;25,741;18,876
24/09/2025 21:00;26,024;18,983
24/09/2025 22:00;25,979;18,85
24/09/2025 23:00;25,963;18,863
25/09/2025 00:00;25,673;18,809
25/09/2025 01:00;14,064;12,271
25/09/2025 02:00;12,183;11,069
25/09/2025 03:00;12,529;11,15
25/09/2025 04:00;13,692;11,967
25/09/2025 05:00;13,012;11,383
25/09/2025 06:00;25,123;18,089
25/09/2025 07:00;26,048;18,62
25/09/2025 08:00;26,335;18,769
25/09/2025 09:00;24,282;17,613
25/09/2025 10:00;25,895;18,924
25/09/2025 11:00;14,876;13,285
25/09/2025 12:00;11,849;11,068
25/09/2025 13:00;11,19;10,675
25/09/2025 14:00;11,946;11
25/09/2025 15:00;11,963;11,036
25/09/2025 16:00;11,821;10,967
25/09/2025 17:00;25,118;18,466
25/09/2025 18:00;14,582;12,648
25/09/2025 19:00;27,381;19,854
25/09/2025 20:00;33,861;23,69
25/09/2025 21:00;33,965;23,823
25/09/2025 22:00;28,612;20,646
25/09/2025 23:00;24,651;18,205
26/09/2025 00:00;24,968;18,326
26/09/2025 01:00;24,929;18,367
26/09/2025 02:00;25,058;18,381
26/09/2025 03:00;20,379;15,793
26/09/2025 04:00;12,266;11,223
26/09/2025 05:00;10,689;10,5
26/09/2025 06:00;10,482;10,392
26/09/2025 07:00;23,362;17,4
26/09/2025 08:00;24,854;18,247
26/09/2025 09:00;24,911;18,286
26/09/2025 10:00;24,667;18,11
26/09/2025 11:00;22,066;15,566
26/09/2025 12:00;22,925;16,55
26/09/2025 13:00;18,348;14,023
26/09/2025 14:00;10,232;9,492
26/09/2025 15:00;9,209;9
26/09/2025 16:00;21,214;15,51
26/09/2025 17:00;22,857;16,447
26/09/2025 18:00;22,923;16,461
26/09/2025 19:00;31,383;21,62
26/09/2025 20:00;31,86;21,811
26/09/2025 21:00;32,102;21,827
26/09/2025 22:00;32,012;21,638
26/09/2025 23:00;23,841;16,693
27/09/2025 00:00;23,071;16,254
27/09/2025 01:00;23,642;16,595
27/09/2025 02:00;23,193;16,282
27/09/2025 03:00;23,655;16,615
27/09/2025 04:00;22,917;16,338
27/09/2025 05:00;23,143;16,421
27/09/2025 06:00;23,183;16,329
27/09/2025 07:00;23,333;16,45
27/09/2025 08:00;23,003;16,291
27/09/2025 09:00;23,304;16,413
27/09/2025 10:00;22,201;16,058
27/09/2025 11:00;11,449;10,159
27/09/2025 12:00;9,11;9
27/09/2025 13:00;9,078;9
27/09/2025 14:00;9,045;9
27/09/2025 15:00;8,891;8,858
27/09/2025 16:00;8,66;8,617
27/09/2025 17:00;8,524;8,592
27/09/2025 18:00;19,347;14,448
27/09/2025 19:00;29,861;20,553
27/09/2025 20:00;31,587;21,367
27/09/2025 21:00;27,057;18,622
27/09/2025 22:00;22,918;16,142
27/09/2025 23:00;22,716;16,049
28/09/2025 00:00;22,804;16,105
28/09/2025 01:00;13,149;10,717
28/09/2025 02:00;9,954;9,017
28/09/2025 03:00;9,738;9
28/09/2025 04:00;9,68;9
28/09/2025 05:00;7,18;6,961
28/09/2025 06:00;9,879;8,865
28/09/2025 07:00;9,877;9
28/09/2025 08:00;9,803;9
28/09/2025 09:00;9,748;9
28/09/2025 10:00;9,297;9
28/09/2025 11:00;13,424;11,363
28/09/2025 12:00;21,77;15,937
28/09/2025 13:00;10,882;9,956
28/09/2025 14:00;9,108;9
28/09/2025 15:00;9,124;9
28/09/2025 16:00;9,036;8,95
28/09/2025 17:00;8,951;8,9
28/09/2025 18:00;11,84;10,096
28/09/2025 19:00;21,295;15,602
28/09/2025 20:00;30,032;20,803
28/09/2025 21:00;26,37;18,67
28/09/2025 22:00;22,087;16,067
28/09/2025 23:00;21,926;16,002
29/09/2025 00:00;22,221;16,151
29/09/2025 01:00;11,821;10,352
29/09/2025 02:00;9,227;9
29/09/2025 03:00;6,641;6,844
29/09/2025 04:00;9,29;9
29/09/2025 05:00;12,037;10,459
29/09/2025 06:00;21,832;15,798
29/09/2025 07:00;22,534;16,179
29/09/2025 08:00;22,314;16,058
29/09/2025 09:00;22,34;16,086
29/09/2025 10:00;21,944;16,077
29/09/2025 11:00;10,989;10,014
29/09/2025 12:00;9,136;9
29/09/2025 13:00;7,881;8,108
29/09/2025 14:00;5,862;5,987
29/09/2025 15:00;5,562;5,505
29/09/2025 16:00;8,494;8,517
29/09/2025 17:00;11,414;10,048
29/09/2025 18:00;21,084;15,426
29/09/2025 19:00;29,052;20,111
29/09/2025 20:00;30,362;21,057
29/09/2025 21:00;25,569;18,268
29/09/2025 22:00;21,466;15,768
29/09/2025 23:00;21,391;15,722
30/09/2025 00:00;11,826;10,439
30/09/2025 01:00;6,784;7,23
30/09/2025 02:00;8,202;8,232
30/09/2025 03:00;9,14;9
30/09/2025 04:00;9,075;9
30/09/2025 05:00;7,847;8,081
30/09/2025 06:00;7,495;7,471
30/09/2025 07:00;20,195;14,923
30/09/2025 08:00;21,702;15,517
30/09/2025 09:00;21,914;15,918
30/09/2025 10:00;10,857;9,975
30/09/2025 11:00;9,069;9
30/09/2025 12:00;5,778;6,429
30/09/2025 13:00;9,17;9,017
30/09/2025 14:00;8,48;8,43
30/09/2025 15:00;8,863;8,867
30/09/2025 16:00;8,579;8,642
30/09/2025 17:00;6,468;7,003
30/09/2025 18:00;13,097;10,813
30/09/2025 19:00;28,869;20,096
30/09/2025 20:00;25,655;18,266
30/09/2025 21:00;21,168;15,582
30/09/2025 22:00;14,926;12,052
30/09/2025 23:00;10,718;9,833
01/10/2025 00:00;7,244;7,585
01/10/2025 01:00;7,716;7,836
01/10/2025 02:00;9,086;9
01/10/2025 03:00;9,008;9
01/10/2025 04:00;5,671;6,366
01/10/2025 05:00;9,461;9,019
01/10/2025 06:00;12,933;10,804
01/10/2025 07:00;21,532;15,527
01/10/2025 08:00;21,677;15,582
01/10/2025 09:00;17,654;13,308
01/10/2025 10:00;9,497;9,025
01/10/2025 11:00;7,595;7,671
01/10/2025 12:00;8,158;8,296
01/10/2025 13:00;6,931;7,19
01/10/2025 14:00;9,073;9
01/10/2025 15:00;8,998;9
01/10/2025 16:00;5,745;6,429
01/10/2025 17:00;9,015;8,879
01/10/2025 18:00;12,342;10,697
01/10/2025 19:00;20,834;15,453
01/10/2025 20:00;21,251;15,657
01/10/2025 21:00;21,072;15,583
01/10/2025 22:00;10,982;9,902
01/10/2025 23:00;9,48;9
02/10/2025 00:00;17,175;12,967
02/10/2025 01:00;21,872;15,666
02/10/2025 02:00;21,804;15,584
02/10/2025 03:00;22,077;15,769
02/10/2025 04:00;21,807;15,621
02/10/2025 05:00;21,939;15,705
02/10/2025 06:00;21,607;15,545
02/10/2025 07:00;22,026;15,779
02/10/2025 08:00;21,509;15,545
02/10/2025 09:00;22,218;15,89
02/10/2025 10:00;21,191;15,436
02/10/2025 11:00;20,853;15,462
02/10/2025 12:00;10,389;9,722
02/10/2025 13:00;5,968;6,611
02/10/2025 14:00;8,742;8,636
02/10/2025 15:00;7,338;7,674
02/10/2025 16:00;17,297;13,119
02/10/2025 17:00;20,486;15,193
02/10/2025 18:00;24,242;17,325
02/10/2025 19:00;29,246;20,463
02/10/2025 20:00;29,656;20,598
02/10/2025 21:00;21,377;15,514
02/10/2025 22:00;21,59;15,629
02/10/2025 23:00;21,315;15,491
03/10/2025 00:00;21,759;15,722
03/10/2025 01:00;17,396;13,338
03/10/2025 02:00;9,911;9,188
03/10/2025 03:00;13,239;10,751
03/10/2025 04:00;9,674;9,04
03/10/2025 05:00;6,572;6,509
03/10/2025 06:00;20,565;15,01
03/10/2025 07:00;21,656;15,722
03/10/2025 08:00;20,974;15,257
03/10/2025 09:00;20,683;14,67
03/10/2025 10:00;21,431;15,38
03/10/2025 11:00;20,46;15,008
03/10/2025 12:00;20,294;14,98
03/10/2025 13:00;16,218;12,948
03/10/2025 14:00;8,107;8,255
03/10/2025 15:00;16,695;12,739
03/10/2025 16:00;20,902;15,36
03/10/2025 17:00;20,904;15,379
03/10/2025 18:00;20,6;15,174
03/10/2025 19:00;24,218;17,272
03/10/2025 20:00;29,204;20,234
03/10/2025 21:00;24,968;17,664
03/10/2025 22:00;21,012;15,24
03/10/2025 23:00;10,994;9,739
04/10/2025 00:00;7,245;7,009
04/10/2025 01:00;8,515;7,916
04/10/2025 02:00;9,214;8,5
04/10/2025 03:00;6,294;6,465
04/10/2025 04:00;8,479;7,979
04/10/2025 05:00;9,207;8,525
04/10/2025 06:00;7,011;6,977
04/10/2025 07:00;8,399;7,903
04/10/2025 08:00;9,653;9
04/10/2025 09:00;6,631;6,618
04/10/2025 10:00;9,245;8,537
04/10/2025 11:00;9,037;8,983
04/10/2025 12:00;5,416;6,141
04/10/2025 13:00;8,949;8,983
04/10/2025 14:00;8,934;8,983
04/10/2025 15:00;5,437;6,181
04/10/2025 16:00;8,853;8,938
04/10/2025 17:00;8,89;9
04/10/2025 18:00;5,968;6,646
04/10/2025 19:00;8,633;8,606
04/10/2025 20:00;9,038;9
04/10/2025 21:00;5,449;6,21
04/10/2025 22:00;8,902;9
04/10/2025 23:00;8,869;9
05/10/2025 00:00;5,871;6,553
05/10/2025 01:00;9,519;9,458
05/10/2025 02:00;8,075;8,351
05/10/2025 03:00;7,243;7,554
05/10/2025 04:00;9,491;9,5
05/10/2025 05:00;6,864;7,422
05/10/2025 06:00;8,595;8,661
05/10/2025 07:00;9,539;9,492
05/10/2025 08:00;6,17;6,449
05/10/2025 09:00;9,669;9,5
05/10/2025 10:00;8,535;8,721
05/10/2025 11:00;15,601;12,26
05/10/2025 12:00;20,942;15,685
05/10/2025 13:00;12,11;10,874
05/10/2025 14:00;8,434;8,646
05/10/2025 15:00;6,718;7,148
05/10/2025 16:00;9,927;9,613
05/10/2025 17:00;20,418;15,332
05/10/2025 18:00;20,997;15,675
05/10/2025 19:00;25,157;18,129
05/10/2025 20:00;29,463;20,693
05/10/2025 21:00;21,356;15,874
05/10/2025 22:00;21,096;15,722
05/10/2025 23:00;16,811;13,463
06/10/2025 00:00;9,24;8,93
06/10/2025 01:00;7,234;7,084
06/10/2025 02:00;10,291;9,5
06/10/2025 03:00;7,853;7,596
06/10/2025 04:00;8,883;8,256
06/10/2025 05:00;10,3;9,5
06/10/2025 06:00;14,735;11,584
06/10/2025 07:00;11,194;9,965
06/10/2025 08:00;7,439;7,29
06/10/2025 09:00;9,357;8,673
06/10/2025 10:00;10,212;9,483
06/10/2025 11:00;6,069;6,386
06/10/2025 12:00;9,295;9,344
06/10/2025 13:00;9,405;9,5
06/10/2025 14:00;5,794;6,567
06/10/2025 15:00;6,044;6,872
06/10/2025 16:00;4,964;5,858
06/10/2025 17:00;5,018;5,915
06/10/2025 18:00;10,137;10,483
06/10/2025 19:00;12,689;12,55
06/10/2025 20:00;8,859;9,09
06/10/2025 21:00;10,49;9,8
06/10/2025 22:00;10,418;9,688
06/10/2025 23:00;7,144;7,102
07/10/2025 00:00;10,862;10,017
07/10/2025 01:00;8,357;8,114
07/10/2025 02:00;8,924;8,625
07/10/2025 03:00;10,602;10
07/10/2025 04:00;6,334;6,711
07/10/2025 05:00;10,212;9,881
07/10/2025 06:00;9,287;8,957
07/10/2025 07:00;7,633;7,636
07/10/2025 08:00;10,315;10
07/10/2025 09:00;7,35;7,284
07/10/2025 10:00;6,029;6,161
07/10/2025 11:00;6,096;6,459
07/10/2025 12:00;10,683;10,508
07/10/2025 13:00;9,243;9,535
07/10/2025 14:00;8,218;8,424
07/10/2025 15:00;5,167;6,058
07/10/2025 16:00;4,48;5,37
07/10/2025 17:00;5,599;6,496
07/10/2025 18:00;7,609;8,5
07/10/2025 19:00;7,206;8,058
07/10/2025 20:00;7,282;7,864
07/10/2025 21:00;7,534;7,704
07/10/2025 22:00;7,5;7,63
07/10/2025 23:00;7,491;7,63
08/10/2025 00:00;7,516;7,649
08/10/2025 01:00;7,543;7,686
08/10/2025 02:00;7,577;7,716
08/10/2025 03:00;7,632;7,778
08/10/2025 04:00;7,783;7,914
08/10/2025 05:00;7,849;8
08/10/2025 06:00;7,865;8
08/10/2025 07:00;7,804;8
08/10/2025 08:00;7,769;7,994
08/10/2025 09:00;7,839;8
08/10/2025 10:00;7,286;8
08/10/2025 11:00;7,116;8
08/10/2025 12:00;7,104;8
08/10/2025 13:00;7,11;8
08/10/2025 14:00;7,471;8,367
08/10/2025 15:00;7,605;8,5
08/10/2025 16:00;7,935;8,825
08/10/2025 17:00;11,592;12,486
08/10/2025 18:00;9,591;10,486
08/10/2025 19:00;8,268;9,158
08/10/2025 20:00;7,777;8,633
08/10/2025 21:00;7,63;8,5
08/10/2025 22:00;7,749;8,5
08/10/2025 23:00;7,822;8,5
09/10/2025 00:00;7,76;8,492
09/10/2025 01:00;7,749;8,5
09/10/2025 02:00;7,681;8,5
09/10/2025 03:00;7,816;8,492
09/10/2025 04:00;7,762;8,5
09/10/2025 05:00;7,732;8,5
09/10/2025 06:00;7,652;8,5
09/10/2025 07:00;7,724;8,5
09/10/2025 08:00;7,952;8,5
09/10/2025 09:00;7,902;8,458
09/10/2025 10:00;7,806;8,5
09/10/2025 11:00;7,638;8,5
09/10/2025 12:00;7,614;8,5
09/10/2025 13:00;7,61;8,5
09/10/2025 14:00;7,608;8,5
09/10/2025 15:00;7,768;8,667
09/10/2025 16:00;9,427;10,317
09/10/2025 17:00;7,617;8,508
09/10/2025 18:00;7,618;8,517
09/10/2025 19:00;7,885;8,775
09/10/2025 20:00;7,959;8,85
09/10/2025 21:00;7,918;8,817
09/10/2025 22:00;7,917;8,783
09/10/2025 23:00;7,871;8,725
10/10/2025 00:00;7,98;8,817
10/10/2025 01:00;7,902;8,792
10/10/2025 02:00;8,001;8,867
10/10/2025 03:00;8,006;8,892
10/10/2025 04:00;8,123;8,917
10/10/2025 05:00;8,189;8,908
10/10/2025 06:00;8,128;8,9
10/10/2025 07:00;8,053;8,817
10/10/2025 08:00;8,316;8,817
10/10/2025 09:00;8,407;8,875
10/10/2025 10:00;8,148;9
10/10/2025 11:00;8,082;8,975
10/10/2025 12:00;7,968;8,867
10/10/2025 13:00;7,835;8,725
10/10/2025 14:00;8,098;8,992
10/10/2025 15:00;8,102;9
10/10/2025 16:00;8,11;9
10/10/2025 17:00;14,789;13,498
10/10/2025 18:00;12,361;12,191
10/10/2025 19:00;12,004;11,599
10/10/2025 20:00;14,541;13,498
10/10/2025 21:00;14,145;13,324
10/10/2025 22:00;17,591;15,799
10/10/2025 23:00;18,21;16,52
11/10/2025 00:00;17,363;15,055
11/10/2025 01:00;15,346;13,777
11/10/2025 02:00;10,21;10,118
11/10/2025 03:00;8,863;9
11/10/2025 04:00;8,831;9
11/10/2025 05:00;8,864;9
11/10/2025 06:00;8,862;9
11/10/2025 07:00;8,841;9
11/10/2025 08:00;10,752;10,361
11/10/2025 09:00;15,086;13,545
11/10/2025 10:00;12,679;12,162
11/10/2025 11:00;8,307;9
11/10/2025 12:00;8,106;8,992
11/10/2025 13:00;8,098;8,975
11/10/2025 14:00;7,998;8,892
11/10/2025 15:00;7,728;8,625
11/10/2025 16:00;7,677;8,567
11/10/2025 17:00;7,665;8,558
11/10/2025 18:00;12,539;12,171
11/10/2025 19:00;14,674;13,565
11/10/2025 20:00;15,267;13,826
11/10/2025 21:00;15,355;13,981
11/10/2025 22:00;15,494;13,935
11/10/2025 23:00;15,612;13,85
12/10/2025 00:00;18,586;16,686
12/10/2025 01:00;18,066;15,945
12/10/2025 02:00;15,702;14,01
12/10/2025 03:00;10,103;10,049
12/10/2025 04:00;8,87;9
12/10/2025 05:00;8,865;9
12/10/2025 06:00;8,863;9
12/10/2025 07:00;8,87;9
12/10/2025 08:00;8,864;9
12/10/2025 09:00;8,862;9
12/10/2025 10:00;8,843;9
12/10/2025 11:00;8,219;9
12/10/2025 12:00;8,103;8,975
12/10/2025 13:00;8,06;8,95
12/10/2025 14:00;7,932;8,825
12/10/2025 15:00;7,887;8,783
12/10/2025 16:00;7,668;8,558
12/10/2025 17:00;7,718;8,608
12/10/2025 18:00;8,418;9,064
12/10/2025 19:00;13,859;13,173
12/10/2025 20:00;14,975;13,789
12/10/2025 21:00;15,072;13,734
12/10/2025 22:00;16,057;14,77
12/10/2025 23:00;18,256;16,872
13/10/2025 00:00;15,056;14,821
13/10/2025 01:00;9,317;9,65
13/10/2025 02:00;8,886;9,017
13/10/2025 03:00;12,793;12,035
13/10/2025 04:00;15,894;13,926
13/10/2025 05:00;16,193;14,02
13/10/2025 06:00;17,155;15,075
13/10/2025 07:00;19,531;17,323
13/10/2025 08:00;16,444;15,813
13/10/2025 09:00;15,436;15,078
13/10/2025 10:00;12,63;13,185
13/10/2025 11:00;12,297;13,259
13/10/2025 12:00;12,002;12,901
13/10/2025 13:00;8,708;9,6
13/10/2025 14:00;6,617;7,558
13/10/2025 15:00;6,855;7,833
13/10/2025 16:00;8,743;9,68
13/10/2025 17:00;9,312;10,204
13/10/2025 18:00;9,664;10,558
13/10/2025 19:00;8,639;9,533
13/10/2025 20:00;8,635;9,5
13/10/2025 21:00;8,524;9,367
13/10/2025 22:00;11,948;12,707
13/10/2025 23:00;12,556;13,121
14/10/2025 00:00;11,277;11,675
14/10/2025 01:00;10,08;10,242
14/10/2025 02:00;9,268;9,5
14/10/2025 03:00;9,302;9,5
14/10/2025 04:00;9,363;9,5
14/10/2025 05:00;9,369;9,5
14/10/2025 06:00;9,365;9,5
14/10/2025 07:00;9,299;9,442
14/10/2025 08:00;9,183;9,325
14/10/2025 09:00;10,904;11,038
14/10/2025 10:00;13,267;13,67
14/10/2025 11:00;12,896;13,67
14/10/2025 12:00;12,776;13,67
14/10/2025 13:00;12,764;13,661
14/10/2025 14:00;10,787;11,678
14/10/2025 15:00;8,775;9,667
14/10/2025 16:00;8,802;9,7
14/10/2025 17:00;8,442;9,333
14/10/2025 18:00;8,31;9,2
14/10/2025 19:00;8,103;9
14/10/2025 20:00;9,773;10,663
14/10/2025 21:00;16,077;16,967
14/10/2025 22:00;16,488;17,373
14/10/2025 23:00;15,187;16,04
15/10/2025 00:00;13,351;14,165
15/10/2025 01:00;11,082;11,944
15/10/2025 02:00;9,108;9,817
15/10/2025 03:00;9,002;9,5
15/10/2025 04:00;9,125;9,492
15/10/2025 05:00;9,18;9,4
15/10/2025 06:00;9,178;9,308
15/10/2025 07:00;8,902;9,042
15/10/2025 08:00;8,868;9
15/10/2025 09:00;8,903;9,033
15/10/2025 10:00;8,679;9,058
15/10/2025 11:00;14,338;14,648
15/10/2025 12:00;26,087;21,852
15/10/2025 13:00;25,688;21,123
15/10/2025 14:00;24,424;19,347
15/10/2025 15:00;26,068;20,03
15/10/2025 16:00;25,315;19,495
15/10/2025 17:00;18,127;15,624
15/10/2025 18:00;12,333;12,284
15/10/2025 19:00;8,117;9
15/10/2025 20:00;8,106;9
15/10/2025 21:00;8,647;9,537
15/10/2025 22:00;13,343;14,213
15/10/2025 23:00;10,652;11,533
16/10/2025 00:00;8,773;9,6
16/10/2025 01:00;8,46;9,242
16/10/2025 02:00;8,709;9,058
16/10/2025 03:00;8,427;9
16/10/2025 04:00;8,851;9
16/10/2025 05:00;8,865;9
16/10/2025 06:00;8,87;9
16/10/2025 07:00;8,851;9
16/10/2025 08:00;8,865;9
16/10/2025 09:00;8,791;8,983
16/10/2025 10:00;18,954;15,244
16/10/2025 11:00;11,252;11,321
16/10/2025 12:00;28,185;22,629
16/10/2025 13:00;35,651;26,661
16/10/2025 14:00;35,274;28,046
16/10/2025 15:00;15,204;16,094
16/10/2025 16:00;16,08;15,071
16/10/2025 17:00;16,697;17,591
16/10/2025 18:00;15,354;16,244
16/10/2025 19:00;9,736;10,619
16/10/2025 20:00;8,823;9,642
16/10/2025 21:00;8,615;9,175
16/10/2025 22:00;11,044;11,503
16/10/2025 23:00;13,414;13,981
17/10/2025 00:00;10,119;10,325
17/10/2025 01:00;9,363;9,5
17/10/2025 02:00;9,048;9,183
17/10/2025 03:00;8,884;9,029
17/10/2025 04:00;8,863;9
17/10/2025 05:00;8,815;9
17/10/2025 06:00;8,858;9
17/10/2025 07:00;8,974;9,183
17/10/2025 08:00;9,157;9,331
17/10/2025 09:00;12,876;11,739
17/10/2025 10:00;12,868;13,295
17/10/2025 11:00;28,507;22,76
17/10/2025 12:00;12,239;12,016
17/10/2025 13:00;8,592;9,102
17/10/2025 14:00;6,735;7,63
17/10/2025 15:00;6,423;7,313
17/10/2025 16:00;6,408;7,302
17/10/2025 17:00;23,68;17,712
17/10/2025 18:00;33,803;23,875
17/10/2025 19:00;34,764;30,422
17/10/2025 20:00;NULL;35,345
17/10/2025 21:00;39,178;32,093
17/10/2025 22:00;38,238;29,149
17/10/2025 23:00;27,846;21,376
18/10/2025 00:00;13,755;12,571
18/10/2025 01:00;14,582;12,889
18/10/2025 02:00;14,704;12,842
18/10/2025 03:00;12,851;12
18/10/2025 04:00;12,823;12
18/10/2025 05:00;9,135;9,117
18/10/2025 06:00;14,662;12,235
18/10/2025 07:00;29,117;21,665
18/10/2025 08:00;36,794;26,138
18/10/2025 09:00;16,558;16,412
18/10/2025 10:00;8,261;8,422
18/10/2025 11:00;7,493;7,63
18/10/2025 12:00;6,962;7,624
18/10/2025 13:00;6,697;7,579
18/10/2025 14:00;6,43;7,326
18/10/2025 15:00;6,474;7,364
18/10/2025 16:00;6,522;7,415
18/10/2025 17:00;9,293;9,035
18/10/2025 18:00;34,367;24,224
18/10/2025 19:00;34,869;25,623
18/10/2025 20:00;27,863;31,231
18/10/2025 21:00;36,217;27,329
18/10/2025 22:00;37,113;27,495
18/10/2025 23:00;34,427;25,788
19/10/2025 00:00;24,876;18,916
19/10/2025 01:00;11,919;11,368
19/10/2025 02:00;7,765;8
19/10/2025 03:00;7,253;8
19/10/2025 04:00;6,755;7,63
19/10/2025 05:00;17,201;13,954
19/10/2025 06:00;32,871;23,379
19/10/2025 07:00;13,882;12,874
19/10/2025 08:00;7,929;8,808
19/10/2025 09:00;6,766;7,636
19/10/2025 10:00;7,029;7,63
19/10/2025 11:00;15,015;12,209
19/10/2025 12:00;9,898;9,793
19/10/2025 13:00;10,835;9,975
19/10/2025 14:00;25,762;19,607
19/10/2025 15:00;14,639;13,139
19/10/2025 16:00;12,279;11,933
19/10/2025 17:00;13,473;12,067
19/10/2025 18:00;9,025;9,273
19/10/2025 19:00;31,722;24,849
19/10/2025 20:00;29,556;31,555
19/10/2025 21:00;30,487;24,483
19/10/2025 22:00;37,335;28,209
19/10/2025 23:00;NULL;37,387
20/10/2025 00:00;39,621;33,019
20/10/2025 01:00;39,778;31,768
20/10/2025 02:00;28,537;26,526
20/10/2025 03:00;24,294;19,213
20/10/2025 04:00;17,167;14,5
20/10/2025 05:00;12,927;12,55
20/10/2025 06:00;9,755;10,143
20/10/2025 07:00;11,79;10,984
20/10/2025 08:00;31,649;22,99
20/10/2025 09:00;28,181;21,123
20/10/2025 10:00;13,118;12,97
20/10/2025 11:00;11,258;11,133
20/10/2025 12:00;12,054;12
20/10/2025 13:00;11,465;11,604
20/10/2025 14:00;7,993;8,741
20/10/2025 15:00;7,795;9,287
20/10/2025 16:00;12,104;13,362
20/10/2025 17:00;6,711;8,885
20/10/2025 18:00;6,056;8,102
20/10/2025 19:00;15,212;16,088
20/10/2025 20:00;12,821;15,34
20/10/2025 21:00;7,47;10,5
20/10/2025 22:00;5,91;8,174
20/10/2025 23:00;5,927;8
21/10/2025 00:00;5,97;8
21/10/2025 01:00;7,995;11
21/10/2025 02:00;6,136;8,706
21/10/2025 03:00;5,897;8
21/10/2025 04:00;5,948;8
21/10/2025 05:00;5,918;7,985
21/10/2025 06:00;6,279;8,5
21/10/2025 07:00;8,224;11,357
21/10/2025 08:00;5,676;8,077
21/10/2025 09:00;5,269;6,415
21/10/2025 10:00;5,412;6,88
21/10/2025 11:00;5,394;6,88
21/10/2025 12:00;5,376;6,88
21/10/2025 13:00;7,13;8,654
21/10/2025 14:00;5,656;7,764
21/10/2025 15:00;5,282;6,88
21/10/2025 16:00;5,337;6,88
21/10/2025 17:00;5,35;6,88
21/10/2025 18:00;12,378;14,055
21/10/2025 19:00;15,58;17,65
21/10/2025 20:00;14,791;15,665
21/10/2025 21:00;5,753;8,3
21/10/2025 22:00;5,413;7,106
21/10/2025 23:00;16,313;16,607
22/10/2025 00:00;17,124;17,738
22/10/2025 01:00;5,988;8,645
22/10/2025 02:00;5,553;7,25
22/10/2025 03:00;5,605;7,25
22/10/2025 04:00;5,387;7,003
22/10/2025 05:00;5,632;7,25
22/10/2025 06:00;5,619;7,25
22/10/2025 07:00;5,612;7,25
22/10/2025 08:00;5,601;7,25
22/10/2025 09:00;6,011;7,882
22/10/2025 10:00;5,551;7,283
22/10/2025 11:00;5,243;6,917
22/10/2025 12:00;5,351;6,88
22/10/2025 13:00;6,915;9,236
22/10/2025 14:00;7,868;14,78
22/10/2025 15:00;8,319;9,352
22/10/2025 16:00;9,22;14,22
22/10/2025 17:00;9,343;13,577
22/10/2025 18:00;9,046;13,248
22/10/2025 19:00;9,508;13,496
22/10/2025 20:00;7,432;10,424
22/10/2025 21:00;8,996;12,15
22/10/2025 22:00;8,897;12
22/10/2025 23:00;7,014;9,75
23/10/2025 00:00;5,954;8
23/10/2025 01:00;5,66;7,712
23/10/2025 02:00;5,685;7,63
23/10/2025 03:00;5,776;7,63
23/10/2025 04:00;5,782;7,63
23/10/2025 05:00;5,753;7,63
23/10/2025 06:00;5,743;7,661
23/10/2025 07:00;5,957;8
23/10/2025 08:00;11,172;13,198
23/10/2025 09:00;8,298;11,534
23/10/2025 10:00;11,75;8,875
23/10/2025 11:00;15,859;11,447
23/10/2025 12:00;16,713;15,821
23/10/2025 13:00;20,038;20,707
23/10/2025 14:00;12,453;12,459
23/10/2025 15:00;10,726;7,788
23/10/2025 16:00;7,03;5,038
23/10/2025 17:00;NULL;2
23/10/2025 18:00;NULL;2
23/10/2025 19:00;NULL;2
23/10/2025 20:00;NULL;2
23/10/2025 21:00;NULL;2
23/10/2025 22:00;NULL;2
23/10/2025 23:00;NULL;2
24/10/2025 00:00;NULL;2
24/10/2025 01:00;NULL;2
24/10/2025 02:00;NULL;2
24/10/2025 03:00;NULL;2
24/10/2025 04:00;NULL;2
24/10/2025 05:00;NULL;2
24/10/2025 06:00;NULL;2
24/10/2025 07:00;NULL;2
24/10/2025 08:00;0,585;2
24/10/2025 09:00;NULL;2
24/10/2025 10:00;0,28;2
24/10/2025 11:00;NULL;2
24/10/2025 12:00;NULL;2
24/10/2025 13:00;NULL;2
24/10/2025 14:00;NULL;2
24/10/2025 15:00;NULL;2
24/10/2025 16:00;NULL;2
24/10/2025 17:00;0,41;2
24/10/2025 18:00;4,537;2
24/10/2025 19:00;6,893;2
24/10/2025 20:00;1,515;2
24/10/2025 21:00;0,745;2
24/10/2025 22:00;0,963;2
24/10/2025 23:00;0,299;2
25/10/2025 00:00;0,35;2
25/10/2025 01:00;1,421;2
25/10/2025 02:00;1,183;2
25/10/2025 03:00;0,665;2
25/10/2025 04:00;0,529;2
25/10/2025 05:00;0,486;2
25/10/2025 06:00;0,958;2
25/10/2025 07:00;NULL;2
25/10/2025 08:00;1,012;2
25/10/2025 09:00;0,187;NULL
25/10/2025 10:00;0,885;2
25/10/2025 11:00;0,733;2
25/10/2025 12:00;0,31;2
25/10/2025 13:00;0,953;2
25/10/2025 14:00;1,138;2
25/10/2025 15:00;1,251;2
25/10/2025 16:00;1,17;2
25/10/2025 17:00;0,87;2
25/10/2025 18:00;5,101;2
25/10/2025 19:00;4,628;2
25/10/2025 20:00;2,49;2
25/10/2025 21:00;0,875;2
25/10/2025 22:00;1,448;2
25/10/2025 23:00;1,118;2
26/10/2025 00:00;0,617;2
26/10/2025 01:00;0,699;2
26/10/2025 02:00;0,745;2
26/10/2025 03:00;0,745;2
26/10/2025 04:00;0,271;2
26/10/2025 05:00;0,18;2
26/10/2025 06:00;0,86;2
26/10/2025 07:00;0,85;2
26/10/2025 08:00;0,475;2
26/10/2025 09:00;0,95;2
26/10/2025 10:00;0,199;2
26/10/2025 11:00;0,126;2
26/10/2025 12:00;0,75;2
26/10/2025 13:00;0,2;2
26/10/2025 14:00;NULL;2
28/10/2025 11:00;0,57;2
28/10/2025 12:00;1,711;2
28/10/2025 13:00;0,674;2
28/10/2025 14:00;1,555;2
28/10/2025 15:00;0,437;2
28/10/2025 16:00;0,283;2
28/10/2025 17:00;0,099;2
28/10/2025 18:00;1,032;2
28/10/2025 19:00;0,714;2
28/10/2025 20:00;0,098;2
28/10/2025 21:00;1,131;2
28/10/2025 22:00;1,178;2
28/10/2025 23:00;0,29;2
29/10/2025 00:00;0,264;2
29/10/2025 01:00;0,26;2
29/10/2025 02:00;0,471;2
29/10/2025 03:00;0,55;2
29/10/2025 04:00;0,595;2
29/10/2025 05:00;0,258;2
29/10/2025 06:00;0,616;2
29/10/2025 07:00;1,041;2
29/10/2025 08:00;0,438;2
29/10/2025 09:00;0,317;2
29/10/2025 10:00;0,291;2
29/10/2025 11:00;0,891;2
29/10/2025 12:00;NULL;2
29/10/2025 13:00;NULL;2
29/10/2025 14:00;0,747;2
29/10/2025 15:00;0,638;2
29/10/2025 16:00;0,515;2
29/10/2025 17:00;NULL;2
29/10/2025 18:00;4,74;2
29/10/2025 19:00;2,424;2
29/10/2025 20:00;1,469;2
29/10/2025 21:00;NULL;2
29/10/2025 22:00;0,263;2
29/10/2025 23:00;0,131;2
30/10/2025 00:00;0,525;2
30/10/2025 01:00;0,374;2
30/10/2025 02:00;0,279;2
30/10/2025 03:00;0,376;2
30/10/2025 04:00;0,215;2
30/10/2025 05:00;0,261;2
30/10/2025 06:00;0,332;2
30/10/2025 07:00;0,568;2
30/10/2025 08:00;0,3;2
30/10/2025 09:00;0,393;2
30/10/2025 10:00;0,497;2
30/10/2025 11:00;0,319;2
30/10/2025 12:00;0,464;2
30/10/2025 13:00;0,386;2
30/10/2025 14:00;2,042;2
30/10/2025 15:00;2,02;2
30/10/2025 16:00;1,105;2
30/10/2025 17:00;0,938;2
30/10/2025 18:00;NULL;2
30/10/2025 19:00;NULL;2
30/10/2025 20:00;0,088;2
30/10/2025 21:00;NULL;2
30/10/2025 22:00;0,635;2
30/10/2025 23:00;NULL;2
31/10/2025 00:00;0,469;2
31/10/2025 01:00;0,18;2
31/10/2025 02:00;0,386;2
31/10/2025 03:00;0,371;2
31/10/2025 04:00;0,119;2
31/10/2025 05:00;0,309;2
31/10/2025 06:00;0,011;2
31/10/2025 07:00;1,508;2
31/10/2025 08:00;1,645;2
31/10/2025 09:00;0,158;2
31/10/2025 10:00;0,912;2
31/10/2025 11:00;1,106;2
31/10/2025 12:00;0,69;2
31/10/2025 13:00;0,543;2
31/10/2025 14:00;0,65;2
31/10/2025 15:00;0,58;2
31/10/2025 16:00;0,969;2
31/10/2025 17:00;0,132;2
31/10/2025 18:00;0,008;2
31/10/2025 19:00;0,012;2
31/10/2025 20:00;0,017;2
31/10/2025 21:00;0,325;2
31/10/2025 22:00;0,236;2
31/10/2025 23:00;0,362;2
01/11/2025 00:00;0,041;2
01/11/2025 01:00;0,941;2
01/11/2025 02:00;1,066;2
01/11/2025 03:00;0,705;2
01/11/2025 04:00;0,646;2
01/11/2025 05:00;1,012;2
01/11/2025 06:00;0,914;2
01/11/2025 07:00;0,045;2
01/11/2025 08:00;0,048;2
01/11/2025 09:00;0,121;2
01/11/2025 10:00;0,138;2
01/11/2025 11:00;0,02;2
01/11/2025 12:00;0,161;2
01/11/2025 13:00;0,342;2
01/11/2025 14:00;0,385;2
01/11/2025 15:00;0,42;2
01/11/2025 16:00;0,185;2
01/11/2025 17:00;5,368;2
01/11/2025 18:00;7,131;2
01/11/2025 19:00;3,004;2
01/11/2025 20:00;3,038;2
01/11/2025 21:00;3,009;2
01/11/2025 22:00;2,829;2
01/11/2025 23:00;2,643;2
02/11/2025 00:00;1,846;2
02/11/2025 01:00;NULL;2
02/11/2025 02:00;0,763;2
02/11/2025 03:00;NULL;2
02/11/2025 04:00;0,219;2
02/11/2025 05:00;0,233;2
02/11/2025 06:00;0,206;2
02/11/2025 07:00;0,034;2
02/11/2025 08:00;0,266;2
02/11/2025 09:00;0,59;2
02/11/2025 10:00;0,514;2
02/11/2025 11:00;1,022;2
02/11/2025 12:00;1,034;2
02/11/2025 13:00;0,207;2
02/11/2025 14:00;0,931;2
02/11/2025 15:00;1,076;2
02/11/2025 16:00;0,397;2
02/11/2025 17:00;0,334;2
02/11/2025 18:00;0,264;2
02/11/2025 19:00;0,264;2
02/11/2025 20:00;0,257;2
02/11/2025 21:00;1,617;2
02/11/2025 22:00;0,687;2
02/11/2025 23:00;0,491;2
03/11/2025 00:00;0,718;2
03/11/2025 01:00;0,537;2
03/11/2025 02:00;0,534;2
03/11/2025 03:00;0,676;2
03/11/2025 04:00;0,471;2
03/11/2025 05:00;0,33;2
03/11/2025 06:00;0,247;2
03/11/2025 07:00;0,901;2
03/11/2025 08:00;3,455;2
03/11/2025 09:00;0,507;2
03/11/2025 10:00;0,94;2
03/11/2025 11:00;1,125;2
03/11/2025 12:00;0,574;2
03/11/2025 13:00;0,973;2
03/11/2025 14:00;0,954;2
03/11/2025 15:00;0,567;2
03/11/2025 16:00;0,538;2
03/11/2025 17:00;2,328;2
03/11/2025 18:00;3,23;2
03/11/2025 19:00;2,636;2
03/11/2025 20:00;1,552;2
03/11/2025 21:00;0,367;2
03/11/2025 22:00;0,401;2
03/11/2025 23:00;0,406;2
04/11/2025 00:00;0,601;2
04/11/2025 01:00;1,822;2
04/11/2025 02:00;1,86;2
04/11/2025 03:00;0,954;2
04/11/2025 04:00;0,212;2
04/11/2025 05:00;1,425;2
04/11/2025 06:00;3,512;2
04/11/2025 07:00;3,595;2
04/11/2025 08:00;3,166;2
04/11/2025 09:00;3,18;2
04/11/2025 10:00;0,312;2
04/11/2025 11:00;0,751;2
04/11/2025 12:00;0,514;2
04/11/2025 13:00;0,194;2
04/11/2025 14:00;0,228;2
04/11/2025 15:00;0,353;2
04/11/2025 16:00;0,553;2
04/11/2025 17:00;0,742;2
04/11/2025 18:00;0,539;2
04/11/2025 19:00;0,956;2
04/11/2025 20:00;1,506;2
04/11/2025 21:00;1,733;2
04/11/2025 22:00;0,56;2
04/11/2025 23:00;1,152;2
05/11/2025 00:00;1,683;2
05/11/2025 01:00;0,561;2
05/11/2025 02:00;1,205;2
05/11/2025 03:00;1,861;2
05/11/2025 04:00;0,853;2
05/11/2025 05:00;0,839;2
05/11/2025 06:00;0,701;2
05/11/2025 07:00;3,668;2
05/11/2025 08:00;3,776;2
05/11/2025 09:00;5,78;2
05/11/2025 10:00;0,088;2
05/11/2025 11:00;1,292;2
05/11/2025 12:00;1,364;2
05/11/2025 13:00;0,747;2
05/11/2025 14:00;1,632;2,478
05/11/2025 15:00;3,957;4,909
05/11/2025 16:00;4,888;4,949
05/11/2025 17:00;3,567;5,022
05/11/2025 18:00;3,94;4,87
05/11/2025 19:00;3,937;4,87
05/11/2025 20:00;3,935;5,191
05/11/2025 21:00;3,361;5,398
05/11/2025 22:00;3,294;5,39
05/11/2025 23:00;3,319;5,448
06/11/2025 00:00;3,317;5,39
06/11/2025 01:00;3,317;5,39
06/11/2025 02:00;3,683;5,461
06/11/2025 03:00;3,55;5,528
06/11/2025 04:00;3,644;5,64
06/11/2025 05:00;4,369;5,8
06/11/2025 06:00;5,432;6,248
06/11/2025 07:00;6,742;6,73
06/11/2025 08:00;7,336;7,919
06/11/2025 09:00;8,41;11,014
06/11/2025 10:00;9,64;12,54
06/11/2025 11:00;8,632;12,771
06/11/2025 12:00;8,181;8,672
06/11/2025 13:00;8,458;10,552
06/11/2025 14:00;13,979;20,249
06/11/2025 15:00;17,946;22,416
06/11/2025 16:00;16,879;19,797
06/11/2025 17:00;6,056;5,796
06/11/2025 18:00;8,761;13,328
06/11/2025 19:00;9,113;14,072
06/11/2025 20:00;9,763;19,131
06/11/2025 21:00;9,938;18,548
06/11/2025 22:00;9,452;16,545
06/11/2025 23:00;6,451;8,18
07/11/2025 00:00;6,029;7,359
07/11/2025 01:00;5,815;7,04
07/11/2025 02:00;5,688;6,736
07/11/2025 03:00;5,487;6,419
07/11/2025 04:00;5,39;6,28
07/11/2025 05:00;5,843;6,172
07/11/2025 06:00;5,27;6,204
07/11/2025 07:00;5,919;5,9
07/11/2025 08:00;6,798;5,947
07/11/2025 09:00;6,918;8,928
07/11/2025 10:00;5,314;6,079
07/11/2025 11:00;5,212;5,243
07/11/2025 12:00;4,476;5,39
07/11/2025 13:00;4,344;5,39
07/11/2025 14:00;4,379;5,295
07/11/2025 15:00;4,179;5,156
07/11/2025 16:00;4,167;5,13
07/11/2025 17:00;5,694;5,022
07/11/2025 18:00;5,516;5,438
07/11/2025 19:00;9,22;14,89
07/11/2025 20:00;9,146;15,882
07/11/2025 21:00;7,462;9,905
07/11/2025 22:00;6,262;5,724
07/11/2025 23:00;6,712;7,054
08/11/2025 00:00;5,931;6,571
08/11/2025 01:00;5,036;5,664
08/11/2025 02:00;5,392;5,523
08/11/2025 03:00;4,623;5,932
08/11/2025 04:00;4,77;6,369
08/11/2025 05:00;5,112;6,913
08/11/2025 06:00;5,73;7,436
08/11/2025 07:00;6,549;7,696
08/11/2025 08:00;5,494;7,702
08/11/2025 09:00;4,675;6,026
08/11/2025 10:00;5,131;6,742
08/11/2025 11:00;5,35;7,021
08/11/2025 12:00;5,308;7,04
08/11/2025 13:00;5,299;7,04
08/11/2025 14:00;5,786;6,913
08/11/2025 15:00;5,327;6,901
08/11/2025 16:00;5,018;6,66
08/11/2025 17:00;5,326;6,559
08/11/2025 18:00;5,82;6,28
08/11/2025 19:00;5,672;6,28
08/11/2025 20:00;6,222;6,28
08/11/2025 21:00;6,226;6,28
08/11/2025 22:00;6,187;6,28
08/11/2025 23:00;9,788;15,878
09/11/2025 00:00;8,856;14,474
09/11/2025 01:00;6,168;7,023
09/11/2025 02:00;4,999;7,021
09/11/2025 03:00;5,116;6,92
09/11/2025 04:00;5,064;6,66
09/11/2025 05:00;4,971;6,66
09/11/2025 06:00;5,037;6,628
09/11/2025 07:00;4,801;6,369
09/11/2025 08:00;4,712;6,28
09/11/2025 09:00;3,936;5,016
09/11/2025 10:00;4,523;5,636
09/11/2025 11:00;4,452;5,636
09/11/2025 12:00;4,393;5,557
09/11/2025 13:00;4,181;5,465
09/11/2025 14:00;4,203;5,457
09/11/2025 15:00;4,238;5,407
09/11/2025 16:00;4,173;5,453
09/11/2025 17:00;4,351;5,59
09/11/2025 18:00;5,622;5,451
09/11/2025 19:00;8,498;10,568
09/11/2025 20:00;9,784;17,06
09/11/2025 21:00;7,253;11,366
09/11/2025 22:00;5,842;6,008
09/11/2025 23:00;5,183;5,701
10/11/2025 00:00;4,229;5,9
10/11/2025 01:00;4,278;5,874
10/11/2025 02:00;4,334;5,683
10/11/2025 03:00;4,101;5,64
10/11/2025 04:00;4,12;5,64
10/11/2025 05:00;4,258;5,64
10/11/2025 06:00;4,105;5,64
10/11/2025 07:00;4,067;5,64
10/11/2025 08:00;4,216;5,64
10/11/2025 09:00;4,291;5,64
10/11/2025 10:00;4,199;5,64
10/11/2025 11:00;4,103;5,64
10/11/2025 12:00;4,136;5,64
10/11/2025 13:00;3,904;5,469
10/11/2025 14:00;3,818;5,64
10/11/2025 15:00;4,396;6,044
10/11/2025 16:00;3,957;5,72
10/11/2025 17:00;4,106;5,64
10/11/2025 18:00;4,286;5,641
10/11/2025 19:00;5,229;5,423
10/11/2025 20:00;3,682;5,64
10/11/2025 21:00;3,871;5,64
10/11/2025 22:00;3,992;5,64
10/11/2025 23:00;3,829;5,64
11/11/2025 00:00;3,877;5,64
11/11/2025 01:00;4,052;5,64
11/11/2025 02:00;3,843;5,64
11/11/2025 03:00;3,962;5,64
11/11/2025 04:00;3,985;5,64
11/11/2025 05:00;3,953;5,64
11/11/2025 06:00;3,8;5,64
11/11/2025 07:00;3,994;5,64
11/11/2025 08:00;3,911;5,64
11/11/2025 09:00;3,837;5,64
11/11/2025 10:00;3,963;5,64
11/11/2025 11:00;3,921;5,636
11/11/2025 12:00;3,899;5,594
11/11/2025 13:00;3,859;5,636
11/11/2025 14:00;3,784;5,64
11/11/2025 15:00;3,873;5,64
11/11/2025 16:00;3,894;5,64
11/11/2025 17:00;4,781;5,659
11/11/2025 18:00;7,724;10,16
11/11/2025 19:00;11,217;16,641
11/11/2025 20:00;11,062;15,739
11/11/2025 21:00;7,39;8,646
11/11/2025 22:00;6,033;5,917
11/11/2025 23:00;5,636;5,64
12/11/2025 00:00;5,189;5,74
12/11/2025 01:00;3,88;5,865
12/11/2025 02:00;3,794;5,705
12/11/2025 03:00;3,695;5,722
12/11/2025 04:00;3,852;5,744
12/11/2025 05:00;3,599;5,657
12/11/2025 06:00;3,784;5,644
12/11/2025 07:00;3,665;5,722
12/11/2025 08:00;3,692;5,705
12/11/2025 09:00;3,328;5,007
12/11/2025 10:00;4,882;4,51
12/11/2025 11:00;5,491;4,875
12/11/2025 12:00;5,535;5,043
12/11/2025 13:00;5,406;4,931
12/11/2025 14:00;3,745;5,764
12/11/2025 15:00;3,383;4,944
12/11/2025 16:00;3,358;5,13
12/11/2025 17:00;3,673;5,615
12/11/2025 18:00;4,581;5,582
12/11/2025 19:00;4,825;5,545
12/11/2025 20:00;4,617;5,636
12/11/2025 21:00;4,697;5,586
12/11/2025 22:00;4,494;5,498
12/11/2025 23:00;4,481;5,615
13/11/2025 00:00;3,712;5,54
13/11/2025 01:00;4,069;5,628
13/11/2025 02:00;4,662;5,64
13/11/2025 03:00;4,631;5,64
13/11/2025 04:00;4,608;5,64
13/11/2025 05:00;4,551;5,64
13/11/2025 06:00;4,61;5,636
13/11/2025 07:00;4,616;5,64
13/11/2025 08:00;4,572;5,64
13/11/2025 09:00;4,477;5,602
13/11/2025 10:00;4,207;4,519
13/11/2025 11:00;4,432;5,117
13/11/2025 12:00;4,379;5,117
13/11/2025 13:00;4,392;5,13
13/11/2025 14:00;4,324;5,13
13/11/2025 15:00;4,54;5,321
13/11/2025 16:00;4,498;5,29
13/11/2025 17:00;4,453;5,321
13/11/2025 18:00;4,602;5,456
13/11/2025 19:00;4,64;5,779
13/11/2025 20:00;4,576;5,835
13/11/2025 21:00;4,54;5,861
13/11/2025 22:00;4,625;5,896
13/11/2025 23:00;4,549;5,859
14/11/2025 00:00;4,218;5,809
14/11/2025 01:00;5,102;6,01
14/11/2025 02:00;5,308;6,286
14/11/2025 03:00;5,853;6,495
14/11/2025 04:00;6,524;6,983
14/11/2025 05:00;6,852;7,339
14/11/2025 06:00;7,505;7,664
14/11/2025 07:00;9,34;7,975
14/11/2025 08:00;8,639;10,056
14/11/2025 09:00;11,664;13,487
14/11/2025 10:00;6,66;7,006
14/11/2025 11:00;11,835;16,685
14/11/2025 12:00;11,095;13,052
14/11/2025 13:00;29,222;41,547
14/11/2025 14:00;NULL;65,219
14/11/2025 15:00;NULL;80,791
14/11/2025 16:00;NULL;72,313
14/11/2025 17:00;NULL;59,075
14/11/2025 18:00;39,7;49,246
14/11/2025 19:00;NULL;56,95
14/11/2025 20:00;NULL;55,883
14/11/2025 21:00;NULL;56,149
14/11/2025 22:00;NULL;55,317
14/11/2025 23:00;NULL;51,482
15/11/2025 00:00;NULL;50,028
15/11/2025 01:00;NULL;47,289
15/11/2025 02:00;NULL;47,823
15/11/2025 03:00;NULL;47,121
15/11/2025 04:00;NULL;44,5
15/11/2025 05:00;39,7;41,886
15/11/2025 06:00;39,334;40,509
15/11/2025 07:00;38,066;38,949
15/11/2025 08:00;37,542;38,143
15/11/2025 09:00;39,146;39,703
15/11/2025 10:00;37,596;39,106
15/11/2025 11:00;38,138;38,429
15/11/2025 12:00;37,72;38,26
15/11/2025 13:00;36,89;37,506
15/11/2025 14:00;34,903;35,484
15/11/2025 15:00;33,721;34,51
15/11/2025 16:00;32,409;33,1
15/11/2025 17:00;36,236;37,097
15/11/2025 18:00;32,103;32,933
15/11/2025 19:00;30,238;31,042
15/11/2025 20:00;29,761;30,661
15/11/2025 21:00;30,232;31,101
15/11/2025 22:00;31,802;32,692
15/11/2025 23:00;33,503;34,38
16/11/2025 00:00;34,7;35,587
16/11/2025 01:00;32,38;33,279
16/11/2025 02:00;30,271;31,161
16/11/2025 03:00;33,392;34,22
16/11/2025 04:00;35,765;36,661
16/11/2025 05:00;35,018;35,842
16/11/2025 06:00;32,771;33,629
16/11/2025 07:00;31,948;32,8
16/11/2025 08:00;31,108;31,972
16/11/2025 09:00;30,032;30,922
16/11/2025 10:00;16,205;17,033
16/11/2025 11:00;10,703;10,374
16/11/2025 12:00;21,509;11,635
16/11/2025 13:00;20,293;10,52
16/11/2025 14:00;19,926;10,228
16/11/2025 15:00;19,663;10,017
16/11/2025 16:00;17,479;8,625
16/11/2025 17:00;7,956;5,959
16/11/2025 18:00;7,491;6,521
16/11/2025 19:00;8,885;7,934
16/11/2025 20:00;8,963;8,232
16/11/2025 21:00;8,087;7,191
16/11/2025 22:00;9,769;9,038
16/11/2025 23:00;8,561;7,781
17/11/2025 00:00;8,105;7,359
17/11/2025 01:00;8,383;7,483
17/11/2025 02:00;8,185;7,431
17/11/2025 03:00;6,124;5,118
17/11/2025 04:00;4,976;3,979
17/11/2025 05:00;4,908;3,888
17/11/2025 06:00;5,267;4,275
17/11/2025 07:00;5,136;4,138
17/11/2025 08:00;4,844;4,226
17/11/2025 09:00;4,789;3,853
17/11/2025 10:00;4,876;3,921
17/11/2025 11:00;7,554;9,566
17/11/2025 12:00;6,715;9,435
17/11/2025 13:00;6,809;9,175
17/11/2025 14:00;6,801;9,112
17/11/2025 15:00;6,889;8,96
17/11/2025 16:00;6,831;8,604
17/11/2025 17:00;7,932;12,597
17/11/2025 18:00;7,791;15,263
17/11/2025 19:00;14,479;22,624
17/11/2025 20:00;15,098;23,534
17/11/2025 21:00;15,309;23,768
17/11/2025 22:00;15,198;23,69
17/11/2025 23:00;14,249;22,625
18/11/2025 00:00;14,019;22,384
18/11/2025 01:00;13,577;21,856
18/11/2025 02:00;13,972;22,274
18/11/2025 03:00;13,797;22,087
18/11/2025 04:00;13,602;21,845
18/11/2025 05:00;12,902;21,114
18/11/2025 06:00;12,668;20,841
18/11/2025 07:00;12,262;20,392
18/11/2025 08:00;22,195;25,152
18/11/2025 09:00;33,601;32,74
18/11/2025 10:00;24,825;24,042
18/11/2025 11:00;19,828;19,021
18/11/2025 12:00;13,425;12,68
18/11/2025 13:00;15,593;14,842
18/11/2025 14:00;13,456;12,713
18/11/2025 15:00;12,579;11,852
18/11/2025 16:00;18,034;17,332
18/11/2025 17:00;21,173;20,403
18/11/2025 18:00;26,444;25,86
18/11/2025 19:00;26,317;25,618
18/11/2025 20:00;25,233;24,485
18/11/2025 21:00;25,281;24,529
18/11/2025 22:00;22,242;21,473
18/11/2025 23:00;22,275;21,534
19/11/2025 00:00;21,357;20,589
19/11/2025 01:00;20,064;19,367
19/11/2025 02:00;12,081;11,37
19/11/2025 03:00;16,668;15,912
19/11/2025 04:00;19,207;18,472
19/11/2025 05:00;21,987;21,242
19/11/2025 06:00;20,501;19,774
19/11/2025 07:00;16,791;16,082
19/11/2025 08:00;21,55;20,822
19/11/2025 09:00;18,202;17,512
19/11/2025 10:00;16,353;15,703
19/11/2025 11:00;17,032;16,202
19/11/2025 12:00;19,645;18,89
19/11/2025 13:00;19,846;19,006
19/11/2025 14:00;18,744;17,951
19/11/2025 15:00;16,425;15,608
19/11/2025 16:00;11,646;17,926
19/11/2025 17:00;13,171;25,346
19/11/2025 18:00;12,888;25,952
19/11/2025 19:00;10,207;23,391
19/11/2025 20:00;10,458;22,972
19/11/2025 21:00;9,91;21,558
19/11/2025 22:00;9,4;18,481
19/11/2025 23:00;8,312;14,551
20/11/2025 00:00;9,308;14,569
20/11/2025 01:00;8,487;13,786
20/11/2025 02:00;8,244;12,695
20/11/2025 03:00;7,204;9,342
20/11/2025 04:00;7,102;7,337
20/11/2025 05:00;10,408;18,979
20/11/2025 06:00;8,98;16,812
20/11/2025 07:00;15,975;21,792
20/11/2025 08:00;20,989;21,377
20/11/2025 09:00;10,454;10,405
20/11/2025 10:00;17,865;17,531
20/11/2025 11:00;18,853;18,308
20/11/2025 12:00;16,827;16,974
20/11/2025 13:00;15,728;15,004
20/11/2025 14:00;22,666;17,815
20/11/2025 15:00;30,073;21,203
20/11/2025 16:00;10,715;14,172
20/11/2025 17:00;10,844;22,599
20/11/2025 18:00;10,361;23,395
20/11/2025 19:00;9,786;21,834
20/11/2025 20:00;10,018;21,823
20/11/2025 21:00;9,964;22,109
20/11/2025 22:00;9,905;21,339
20/11/2025 23:00;9,863;21,57
21/11/2025 00:00;8,437;17,823
21/11/2025 01:00;8,905;16,016
21/11/2025 02:00;8,631;15,761
21/11/2025 03:00;7,309;9,693
21/11/2025 04:00;6,532;6,084
21/11/2025 05:00;6,095;5,822
21/11/2025 06:00;8,098;9,583
21/11/2025 07:00;8,861;17,65
21/11/2025 08:00;8,64;15,127
21/11/2025 09:00;9,142;10,755
21/11/2025 10:00;9,065;17,289
21/11/2025 11:00;8,8;15,629
21/11/2025 12:00;9,773;19,736
21/11/2025 13:00;9,26;18,849
21/11/2025 14:00;8,894;17,524
21/11/2025 15:00;7,809;17,39
21/11/2025 16:00;9,466;18,481
21/11/2025 17:00;11,061;24,826
21/11/2025 18:00;8,506;17,861
21/11/2025 19:00;6,923;7,49
21/11/2025 20:00;10,197;18,865
21/11/2025 21:00;9,848;23,016
21/11/2025 22:00;7,707;13,104
21/11/2025 23:00;7,24;7,326
22/11/2025 00:00;6,42;6,575
22/11/2025 01:00;9,388;16,056
22/11/2025 02:00;7,841;11,758
22/11/2025 03:00;7,234;9,311
22/11/2025 04:00;6,471;6,457
22/11/2025 05:00;6,998;6,988
22/11/2025 06:00;6,872;8,044
22/11/2025 07:00;6,049;5,649
22/11/2025 08:00;7,972;10,637
22/11/2025 09:00;8,305;13,26
22/11/2025 10:00;7,667;10,686
22/11/2025 11:00;6,767;7,065
22/11/2025 12:00;5,669;5,562
22/11/2025 13:00;5,618;5,39
22/11/2025 14:00;5,875;5,39
22/11/2025 15:00;6,248;5,39
22/11/2025 16:00;8,549;11,892
22/11/2025 17:00;9,048;14,034
22/11/2025 18:00;8,448;17,032
22/11/2025 19:00;8,968;18,251
22/11/2025 20:00;9,971;22,087
22/11/2025 21:00;9,944;22,153
22/11/2025 22:00;10,035;22,241
22/11/2025 23:00;9,675;21,271
23/11/2025 00:00;9,229;17,6
23/11/2025 01:00;8,905;16,661
23/11/2025 02:00;8,499;13,319
23/11/2025 03:00;8,153;12,091
23/11/2025 04:00;9,019;13,531
23/11/2025 05:00;5,876;7,762
23/11/2025 06:00;5,361;7,912
23/11/2025 07:00;5,845;9,004
23/11/2025 08:00;6,142;10,055
23/11/2025 09:00;6,521;10,73
23/11/2025 10:00;6,535;10,522
23/11/2025 11:00;7,653;10,73
23/11/2025 12:00;8,068;10,63
23/11/2025 13:00;7,283;10,23
23/11/2025 14:00;7,228;9,822
23/11/2025 15:00;7,086;9,644
23/11/2025 16:00;8,763;10,553
23/11/2025 17:00;13,003;16,854
23/11/2025 18:00;14,686;19,024
23/11/2025 19:00;15,927;20,399
23/11/2025 20:00;18,951;24,55
23/11/2025 21:00;15,814;20,12
23/11/2025 22:00;14,627;17,719
23/11/2025 23:00;14,454;17,602
24/11/2025 00:00;14,909;17,873
24/11/2025 01:00;11,122;13,267
24/11/2025 02:00;7,454;8,939
24/11/2025 03:00;6,726;8,177
24/11/2025 04:00;6,46;7,835
24/11/2025 05:00;6,44;7,81
24/11/2025 06:00;7,597;7,81
24/11/2025 07:00;10,349;10,094
24/11/2025 08:00;15,756;18,007
24/11/2025 09:00;12,393;15,287
24/11/2025 10:00;8,475;10,326
24/11/2025 11:00;10,401;15,76
24/11/2025 12:00;7,388;10,78
24/11/2025 13:00;7,511;7,099
24/11/2025 14:00;7,208;10,03
24/11/2025 15:00;7,918;14,135
24/11/2025 16:00;7,254;8,536
24/11/2025 17:00;7,423;8,86
24/11/2025 18:00;8,961;12,354
24/11/2025 19:00;10,641;20,424
24/11/2025 20:00;10,328;20,876
24/11/2025 21:00;9,678;17,658
24/11/2025 22:00;8,074;12,16
24/11/2025 23:00;8,35;10,802
25/11/2025 00:00;8,049;9,904
25/11/2025 01:00;8,668;11,516
25/11/2025 02:00;8,038;9,945
25/11/2025 03:00;7,669;10,276
25/11/2025 04:00;6,968;8,312
25/11/2025 05:00;7,048;8,19
25/11/2025 06:00;6,426;8,19
25/11/2025 07:00;6,398;8,19
25/11/2025 08:00;6,393;8,177
25/11/2025 09:00;6,178;8,114
25/11/2025 10:00;5,867;7,804
25/11/2025 11:00;5,547;7,436
25/11/2025 12:00;6,158;7,281
25/11/2025 13:00;5,981;6,953
25/11/2025 14:00;5,177;3,84
25/11/2025 15:00;4,831;3,84
25/11/2025 16:00;6,14;6,806
25/11/2025 17:00;7,132;7,462
25/11/2025 18:00;8,14;9,041
25/11/2025 19:00;7,335;14,145
25/11/2025 20:00;5,908;7,691
25/11/2025 21:00;6,075;7,424
25/11/2025 22:00;5,786;7,086
25/11/2025 23:00;5,882;7,092
26/11/2025 00:00;5,885;7,04
26/11/2025 01:00;5,901;7,027
26/11/2025 02:00;5,898;7,015
26/11/2025 03:00;5,824;6,92
26/11/2025 04:00;5,915;6,989
26/11/2025 05:00;5,834;6,894
26/11/2025 06:00;5,791;6,844
26/11/2025 07:00;6,228;6,901
26/11/2025 08:00;6,651;6,774
26/11/2025 09:00;6,279;5,988
26/11/2025 10:00;6,671;6,609
26/11/2025 11:00;6,418;6,388
26/11/2025 12:00;6,334;6,293
26/11/2025 13:00;6,064;6,28
26/11/2025 14:00;6,173;6,337
26/11/2025 15:00;5,931;6,28
26/11/2025 16:00;6,105;6,293
26/11/2025 17:00;6,429;6,28
26/11/2025 18:00;6,473;6,28
26/11/2025 19:00;6,483;6,28
26/11/2025 20:00;6,489;6,28
26/11/2025 21:00;6,664;6,28
26/11/2025 22:00;9,548;14,42
26/11/2025 23:00;9,792;18,404
27/11/2025 00:00;9,673;17,574
27/11/2025 01:00;10,052;19,013
27/11/2025 02:00;10,104;18,944
27/11/2025 03:00;8,719;15,33
27/11/2025 04:00;7,587;10,285
27/11/2025 05:00;8,075;10,024
27/11/2025 06:00;7,938;9,59
27/11/2025 07:00;9,492;15,495
27/11/2025 08:00;9,739;17,521
27/11/2025 09:00;9,885;17,249
27/11/2025 10:00;11,787;21,315
27/11/2025 11:00;9,258;16,231
27/11/2025 12:00;9,365;17,507
27/11/2025 13:00;7,985;14,849
27/11/2025 14:00;7,127;9,737
27/11/2025 15:00;6,039;6,692
27/11/2025 16:00;6,355;6,426
27/11/2025 17:00;9,298;15,654
27/11/2025 18:00;10,16;23,394
27/11/2025 19:00;9,882;23,514
27/11/2025 20:00;10,038;22,328
27/11/2025 21:00;9,506;19,518
27/11/2025 22:00;8,007;12,751
27/11/2025 23:00;7,742;9,423
28/11/2025 00:00;8,511;14,245
28/11/2025 01:00;6,666;10,643
28/11/2025 02:00;5,682;6,85
28/11/2025 03:00;4,872;6,66
28/11/2025 04:00;4,951;6,66
28/11/2025 05:00;5,05;6,647
28/11/2025 06:00;5,789;6,362
28/11/2025 07:00;7,048;7,864
28/11/2025 08:00;9,558;16,457
28/11/2025 09:00;9,737;20,626
28/11/2025 10:00;8,823;17,837
28/11/2025 11:00;9,985;19,428
28/11/2025 12:00;8,976;18,067
28/11/2025 13:00;8,107;12,233
28/11/2025 14:00;7,817;10,511
28/11/2025 15:00;8,055;11,535
28/11/2025 16:00;7,905;11,393
28/11/2025 17:00;9,448;15,355
28/11/2025 18:00;9,442;18,569
28/11/2025 19:00;11,27;22,56
28/11/2025 20:00;10,037;21,13
28/11/2025 21:00;8,723;14,713
28/11/2025 22:00;8,016;12,846
28/11/2025 23:00;7,102;13,244
29/11/2025 00:00;7,33;9,874
29/11/2025 01:00;8,133;13,095
29/11/2025 02:00;7,419;11,082
29/11/2025 03:00;8,179;13,548
29/11/2025 04:00;7,246;13,524
29/11/2025 05:00;6,981;11,626
29/11/2025 06:00;7,064;7,828
29/11/2025 07:00;6,778;8,478
29/11/2025 08:00;7,152;8,087
29/11/2025 09:00;9,297;15,834
29/11/2025 10:00;7,513;13,407
29/11/2025 11:00;6,195;8,584
29/11/2025 12:00;6,563;6,28
29/11/2025 13:00;7,743;10,229
29/11/2025 14:00;7,987;11,612
29/11/2025 15:00;7,459;9,6
29/11/2025 16:00;8,135;13,049
29/11/2025 17:00;8,304;10,631
29/11/2025 18:00;9,01;16,954
29/11/2025 19:00;9,027;16,935
29/11/2025 20:00;6,57;9,499
29/11/2025 21:00;6,187;6,362
29/11/2025 22:00;6,815;6,325
29/11/2025 23:00;8,565;13,588
30/11/2025 00:00;8,178;9,684
30/11/2025 01:00;8,003;13,247
30/11/2025 02:00;7,597;9,07
30/11/2025 03:00;7,52;10,39
30/11/2025 04:00;6,781;9,268
30/11/2025 05:00;5,408;6,897
30/11/2025 06:00;4,237;6,28
30/11/2025 07:00;4,558;6,305
30/11/2025 08:00;4,5;6,312
30/11/2025 09:00;7,159;6,274
30/11/2025 10:00;7,835;8,523
30/11/2025 11:00;6,535;7,146
30/11/2025 12:00;5,477;6,483
30/11/2025 13:00;4,728;6,28
30/11/2025 14:00;4,719;6,28
30/11/2025 15:00;5,165;6,28
30/11/2025 16:00;6,781;6,062
30/11/2025 17:00;7,073;6,308
30/11/2025 18:00;9,218;14,718
30/11/2025 19:00;10,101;21,784
30/11/2025 20:00;9,782;20,887
30/11/2025 21:00;10,23;22,296
30/11/2025 22:00;9,19;19,304
30/11/2025 23:00;8,226;15,862
01/12/2025 00:00;7,228;7,728
01/12/2025 01:00;5,333;7,185
01/12/2025 02:00;4,6;6,75
01/12/2025 03:00;3,941;6,28
01/12/2025 04:00;4,151;6,28
01/12/2025 05:00;4,565;6,28
01/12/2025 06:00;7,127;6,018
01/12/2025 07:00;7,262;7,305
01/12/2025 08:00;8,851;14,783
01/12/2025 09:00;8,754;15,938
01/12/2025 10:00;10,399;8,421
01/12/2025 11:00;5,546;6,648
01/12/2025 12:00;5,88;6,198
01/12/2025 13:00;4,875;6,28
01/12/2025 14:00;4,865;6,28
01/12/2025 15:00;4,368;6,28
01/12/2025 16:00;6,785;5,99
01/12/2025 17:00;6,075;5,64
01/12/2025 18:00;6,348;5,912
01/12/2025 19:00;6,073;6,28
01/12/2025 20:00;6,243;6,28
01/12/2025 21:00;6,056;6,4
01/12/2025 22:00;5,955;6,66
01/12/2025 23:00;5,471;6,426
02/12/2025 00:00;4,747;6,66
02/12/2025 01:00;4,007;6,66
02/12/2025 02:00;4,031;6,66
02/12/2025 03:00;4,947;6,66
02/12/2025 04:00;4,661;6,66
02/12/2025 05:00;4,001;6,66
02/12/2025 06:00;4,309;6,66
02/12/2025 07:00;4,934;6,66
02/12/2025 08:00;5,274;6,66
02/12/2025 09:00;5,168;6,66
02/12/2025 10:00;5,35;6,66
02/12/2025 11:00;6,856;6,457
02/12/2025 12:00;7,309;6,86
02/12/2025 13:00;6,387;6,726
02/12/2025 14:00;6,893;6,986
02/12/2025 15:00;7,659;9,565
02/12/2025 16:00;7,56;9,787
02/12/2025 17:00;7,373;8,881
02/12/2025 18:00;7,44;8,461
02/12/2025 19:00;7,687;10,844
02/12/2025 20:00;7,571;9,568
02/12/2025 21:00;7,874;11,21
02/12/2025 22:00;7,445;9,747
02/12/2025 23:00;7,388;8,548
03/12/2025 00:00;7,037;8,32
03/12/2025 01:00;6,256;8,142
03/12/2025 02:00;5,812;6,318
03/12/2025 03:00;5,911;6,305
03/12/2025 04:00;5,869;6,28
03/12/2025 05:00;5,162;6,495
03/12/2025 06:00;4,421;6,66
03/12/2025 07:00;6,789;6,673
03/12/2025 08:00;6,485;6,356
03/12/2025 09:00;10,381;16,116
03/12/2025 10:00;9,402;12,036
03/12/2025 11:00;7,056;10,142
03/12/2025 12:00;6,252;5,982
03/12/2025 13:00;8,495;13,765
03/12/2025 14:00;16,785;13,687
03/12/2025 15:00;10,162;4,329
03/12/2025 16:00;7,585;6,39
03/12/2025 17:00;7,464;6,038
03/12/2025 18:00;8,054;12,048
03/12/2025 19:00;6,145;6,676
03/12/2025 20:00;5,858;5,857
03/12/2025 21:00;5,794;5,696
03/12/2025 22:00;5,69;5,64
03/12/2025 23:00;5,618;5,64
04/12/2025 00:00;5,558;5,64
04/12/2025 01:00;5,609;5,74
04/12/2025 02:00;3,955;5,9
04/12/2025 03:00;3,707;5,9
04/12/2025 04:00;4,236;5,9
04/12/2025 05:00;5,034;5,9
04/12/2025 06:00;4,838;5,9
04/12/2025 07:00;7,021;5,911
04/12/2025 08:00;7,622;9,785
04/12/2025 09:00;8,978;14,273
04/12/2025 10:00;7,459;8,304
04/12/2025 11:00;6,915;6,743
04/12/2025 12:00;5,792;6,229
04/12/2025 13:00;4,469;6,457
04/12/2025 14:00;9,169;5,193
04/12/2025 15:00;16,128;6,315
04/12/2025 16:00;6,1;5,801
04/12/2025 17:00;9,687;11,151
04/12/2025 18:00;9,589;18,914
04/12/2025 19:00;10,276;21,387
04/12/2025 20:00;9,71;20,313
04/12/2025 21:00;9,835;20,725
04/12/2025 22:00;9,751;20,45
04/12/2025 23:00;8,824;16,581
05/12/2025 00:00;9,237;15,76
05/12/2025 01:00;8,827;16,144
05/12/2025 02:00;9,063;14,706
05/12/2025 03:00;8,865;17,096
05/12/2025 04:00;7,811;11,53
05/12/2025 05:00;9,277;10,051
05/12/2025 06:00;7,792;13,855
05/12/2025 07:00;9,985;18,121
05/12/2025 08:00;10,251;21,702
05/12/2025 09:00;10,377;22,252
05/12/2025 10:00;9,98;21,808
05/12/2025 11:00;9,751;20,825
05/12/2025 12:00;9,751;21,361
05/12/2025 13:00;9,372;20,003
05/12/2025 14:00;8,923;15,318
05/12/2025 15:00;9,61;18,817
05/12/2025 16:00;9,485;18,625
05/12/2025 17:00;9,252;18,181
05/12/2025 18:00;10,136;19,597
05/12/2025 19:00;9,309;19,293
05/12/2025 20:00;8,661;13,49
05/12/2025 21:00;8,611;14,03
05/12/2025 22:00;8,045;11,684
05/12/2025 23:00;8,563;13,597
06/12/2025 00:00;6,682;10,586
06/12/2025 01:00;3,961;7,464
06/12/2025 02:00;3,956;6,66
06/12/2025 03:00;4,633;6,66
06/12/2025 04:00;4,596;6,66
06/12/2025 05:00;3,81;6,66
06/12/2025 06:00;4,172;6,66
06/12/2025 07:00;4,71;6,66
06/12/2025 08:00;4,621;6,578
06/12/2025 09:00;3,858;6,413
06/12/2025 10:00;3,741;6,28
06/12/2025 11:00;4,473;6,28
06/12/2025 12:00;4,38;6,28
06/12/2025 13:00;4,2;6,28
06/12/2025 14:00;3,751;6,28
06/12/2025 15:00;4,305;6,28
06/12/2025 16:00;7,625;6,134
06/12/2025 17:00;7,161;7,321
06/12/2025 18:00;7,392;8,483
06/12/2025 19:00;7,366;8,617
06/12/2025 20:00;7,036;8,219
06/12/2025 21:00;5,596;6,584
06/12/2025 22:00;4,692;6,647
06/12/2025 23:00;3,845;6,312
07/12/2025 00:00;4,493;6,28
07/12/2025 01:00;4,542;6,28
07/12/2025 02:00;4,546;6,28
07/12/2025 03:00;4,228;6,35
07/12/2025 04:00;4,07;6,394
07/12/2025 05:00;4,792;6,616
07/12/2025 06:00;4,797;6,66
07/12/2025 07:00;4,845;6,66
07/12/2025 08:00;4,877;6,66
07/12/2025 09:00;3,992;6,654
07/12/2025 10:00;4,739;6,647
07/12/2025 11:00;4,65;6,483
07/12/2025 12:00;4,76;6,457
07/12/2025 13:00;4,65;6,476
07/12/2025 14:00;4,9;6,616
07/12/2025 15:00;4,018;6,66
07/12/2025 16:00;4,776;6,66
07/12/2025 17:00;4,913;6,66
07/12/2025 18:00;4,825;6,66
07/12/2025 19:00;4,843;6,66
07/12/2025 20:00;5,202;6,66
07/12/2025 21:00;5,27;6,66
07/12/2025 22:00;6,794;6,559
07/12/2025 23:00;9,206;13,461
08/12/2025 00:00;6,425;8,857
08/12/2025 01:00;4,883;6,869
08/12/2025 02:00;4,675;6,66
08/12/2025 03:00;4,889;6,66
08/12/2025 04:00;4,795;6,66
08/12/2025 05:00;4,783;6,66
08/12/2025 06:00;7,168;6,723
08/12/2025 07:00;6,163;6,286
08/12/2025 08:00;6,154;7,01
08/12/2025 09:00;5,067;6,656
08/12/2025 10:00;4,445;5,575
08/12/2025 11:00;4,871;6,058
08/12/2025 12:00;4,753;5,9
08/12/2025 13:00;4,847;6,02
08/12/2025 14:00;4,91;6,28
08/12/2025 15:00;4,54;6,28
08/12/2025 16:00;4,522;6,286
08/12/2025 17:00;6,708;6,413
08/12/2025 18:00;6,329;6,293
08/12/2025 19:00;8,573;10,233
08/12/2025 20:00;8,287;11,815
08/12/2025 21:00;7,624;10,35
08/12/2025 22:00;5,9;7,306
08/12/2025 23:00;5,089;6,527
09/12/2025 00:00;5,053;6,647
09/12/2025 01:00;4,777;6,4
09/12/2025 02:00;4,505;6,305
09/12/2025 03:00;3,76;6,299
09/12/2025 04:00;4,464;6,293
09/12/2025 05:00;4,694;6,28
09/12/2025 06:00;4,712;6,28
09/12/2025 07:00;3,857;6,28
09/12/2025 08:00;4,205;6,28
09/12/2025 09:00;4,703;6,28
09/12/2025 10:00;5,885;6,124
09/12/2025 11:00;4,132;6,28
09/12/2025 12:00;4,139;6,28
09/12/2025 13:00;4,681;6,28
09/12/2025 14:00;4,577;6,28
09/12/2025 15:00;3,803;6,28
09/12/2025 16:00;5,01;6,394
09/12/2025 17:00;5,304;6,66
09/12/2025 18:00;4,86;6,324
09/12/2025 19:00;4,776;6,28
09/12/2025 20:00;4,846;6,28
09/12/2025 21:00;4,726;6,28
09/12/2025 22:00;4,728;6,28
09/12/2025 23:00;4,722;6,28
10/12/2025 00:00;4,737;6,28
10/12/2025 01:00;4,419;6,28
10/12/2025 02:00;4,191;6,28
10/12/2025 03:00;4,687;6,28
10/12/2025 04:00;4,724;6,28
10/12/2025 05:00;4,781;6,28
10/12/2025 06:00;4,636;6,28
10/12/2025 07:00;4,877;6,28
10/12/2025 08:00;7,403;6,198
10/12/2025 09:00;10,809;13,276
10/12/2025 10:00;11,356;18,163
10/12/2025 11:00;9,363;17,34
10/12/2025 12:00;9,27;17,058
10/12/2025 13:00;9,393;17,973
10/12/2025 14:00;9,395;15,294
10/12/2025 15:00;9,468;15,3
10/12/2025 16:00;8,991;14,749
10/12/2025 17:00;9,308;16,174
10/12/2025 18:00;10,013;20,674
10/12/2025 19:00;10,143;21,029
10/12/2025 20:00;9,781;21,023
10/12/2025 21:00;9,63;19,088
10/12/2025 22:00;9,517;17,097
10/12/2025 23:00;8,902;16,374
11/12/2025 00:00;8,467;12,773
11/12/2025 01:00;7,772;9,719
11/12/2025 02:00;6,064;7,092
11/12/2025 03:00;5,133;7,04
11/12/2025 04:00;5,171;7,034
11/12/2025 05:00;5,066;6,806
11/12/2025 06:00;7,735;6,609
11/12/2025 07:00;8,193;11,227
11/12/2025 08:00;9,533;17,429
11/12/2025 09:00;10,974;18,079
11/12/2025 10:00;11,485;18,682
11/12/2025 11:00;9,167;18,806
11/12/2025 12:00;9,295;11,89
11/12/2025 13:00;7,866;9,446
11/12/2025 14:00;8,875;9,396
11/12/2025 15:00;8,23;13,345
11/12/2025 16:00;8,373;11,795
11/12/2025 17:00;8,244;12,109
11/12/2025 18:00;8,898;14,284
11/12/2025 19:00;8,521;14,551
11/12/2025 20:00;8,858;15,205
11/12/2025 21:00;8,913;15,579
11/12/2025 22:00;7,987;11,54
11/12/2025 23:00;7,629;9,202
12/12/2025 00:00;6,672;6,585
12/12/2025 01:00;7,044;7,635
12/12/2025 02:00;6,497;7,522
12/12/2025 03:00;5,073;6,647
12/12/2025 04:00;4,413;6,464
12/12/2025 05:00;6,297;6,293
12/12/2025 06:00;6,364;6,014
12/12/2025 07:00;8,025;8,041
12/12/2025 08:00;8,511;13,787
12/12/2025 09:00;8,482;13,327
12/12/2025 10:00;8,912;13,321
12/12/2025 11:00;7,784;12,358
12/12/2025 12:00;7,359;9,636
12/12/2025 13:00;5,262;6,407
12/12/2025 14:00;6,856;6,312
12/12/2025 15:00;6,463;6,148
12/12/2025 16:00;8,328;10,043
12/12/2025 17:00;7,531;9,457
12/12/2025 18:00;9,137;12,431
12/12/2025 19:00;8,201;12,605
12/12/2025 20:00;8,457;13,168
12/12/2025 21:00;8,354;13,027
12/12/2025 22:00;8,094;10,681
12/12/2025 23:00;8,019;11,989
13/12/2025 00:00;7,753;9,699
13/12/2025 01:00;7,635;9,521
13/12/2025 02:00;6,284;6,324
13/12/2025 03:00;4,72;6,204
13/12/2025 04:00;4,683;6,28
13/12/2025 05:00;4,752;6,28
13/12/2025 06:00;7,808;6,096
13/12/2025 07:00;6,878;6,452
13/12/2025 08:00;5,967;5,763
13/12/2025 09:00;6,664;6,644
13/12/2025 10:00;6,12;5,982
13/12/2025 11:00;5,395;6,866
13/12/2025 12:00;4,484;6,046
13/12/2025 13:00;4,398;5,938
13/12/2025 14:00;4,494;5,976
13/12/2025 15:00;4,721;5,906
13/12/2025 16:00;8,351;5,99
13/12/2025 17:00;9,329;7,905
13/12/2025 18:00;14,271;10,397
13/12/2025 19:00;13,436;11,862
13/12/2025 20:00;13,61;12,004
13/12/2025 21:00;14,944;13,465
13/12/2025 22:00;11,045;10,511
13/12/2025 23:00;8,575;6,812
14/12/2025 00:00;6,549;6,521
14/12/2025 01:00;6,546;7,249
14/12/2025 02:00;4,58;6,286
14/12/2025 03:00;4,632;6,28
14/12/2025 04:00;4,714;6,28
14/12/2025 05:00;4,791;6,255
14/12/2025 06:00;4,504;6,198
14/12/2025 07:00;4,623;6,071
14/12/2025 08:00;4,316;6,077
14/12/2025 09:00;3,805;5,957
14/12/2025 10:00;4,442;5,9
14/12/2025 11:00;4,355;5,9
14/12/2025 12:00;4,489;5,9
14/12/2025 13:00;4,431;5,9
14/12/2025 14:00;4,377;5,9
14/12/2025 15:00;4,506;5,9
14/12/2025 16:00;8,497;6,109
14/12/2025 17:00;8,262;6,422
14/12/2025 18:00;13,417;11,906
14/12/2025 19:00;13,036;11,58
14/12/2025 20:00;15,146;13,569
14/12/2025 21:00;17,471;15,882
14/12/2025 22:00;14,819;13,344
14/12/2025 23:00;11,146;9,704
15/12/2025 00:00;9,981;8,403
15/12/2025 01:00;11,147;9,713
15/12/2025 02:00;6,846;7,003
15/12/2025 03:00;4,932;6,362
15/12/2025 04:00;4,392;6,28
15/12/2025 05:00;4,55;6,134
15/12/2025 06:00;4,336;5,97
15/12/2025 07:00;4,416;6,027
15/12/2025 08:00;4,464;5,951
15/12/2025 09:00;4,963;5,938
15/12/2025 10:00;4,438;5,479
15/12/2025 11:00;4,667;5,867
15/12/2025 12:00;4,515;5,9
15/12/2025 13:00;4,549;5,9
15/12/2025 14:00;4,403;5,9
15/12/2025 15:00;4,387;5,9
15/12/2025 16:00;3,912;5,9
15/12/2025 17:00;6,106;5,9
15/12/2025 18:00;6,989;6,033
15/12/2025 19:00;6,001;6,109
15/12/2025 20:00;5,076;5,9
15/12/2025 21:00;4,583;5,9
15/12/2025 22:00;4,896;5,9
15/12/2025 23:00;4,617;5,9
16/12/2025 00:00;4,705;5,9
16/12/2025 01:00;4,8;5,9
16/12/2025 02:00;4,792;5,9
16/12/2025 03:00;4,761;5,9
16/12/2025 04:00;4,832;5,9
16/12/2025 05:00;4,642;5,9
16/12/2025 06:00;4,482;5,9
16/12/2025 07:00;5,422;5,9
16/12/2025 08:00;5,505;5,9
16/12/2025 09:00;6,107;5,919
16/12/2025 10:00;6,369;5,9
16/12/2025 11:00;4,503;5,9
16/12/2025 12:00;4,588;5,9
16/12/2025 13:00;4,792;5,87
16/12/2025 14:00;4,618;5,996
16/12/2025 15:00;4,14;5,919
16/12/2025 16:00;4,588;5,9
16/12/2025 17:00;9,675;6,166
16/12/2025 18:00;8,08;6,28
16/12/2025 19:00;10,172;8,5
16/12/2025 20:00;10,164;8,584
16/12/2025 21:00;11,955;10,274
16/12/2025 22:00;12,599;11,221
16/12/2025 23:00;10,037;8,6
17/12/2025 00:00;8,934;7,631
17/12/2025 01:00;9,352;7,893
17/12/2025 02:00;7,938;6,54
17/12/2025 03:00;6,763;6,267
17/12/2025 04:00;6,754;6,28
17/12/2025 05:00;7,552;6,28
17/12/2025 06:00;8,319;6,631
17/12/2025 07:00;10,708;9,068
17/12/2025 08:00;10,526;8,89
17/12/2025 09:00;10,543;8,903
17/12/2025 10:00;10,488;8,865
17/12/2025 11:00;10,457;8,827
17/12/2025 12:00;9,014;8,476
17/12/2025 13:00;7,507;6,929
17/12/2025 14:00;7,88;6,28
17/12/2025 15:00;5,891;6,318
17/12/2025 16:00;4,336;5,94
17/12/2025 17:00;3,97;5,9
17/12/2025 18:00;7,671;5,96
17/12/2025 19:00;7,609;9,64
17/12/2025 20:00;7,947;10,608
17/12/2025 21:00;8,22;10,981
17/12/2025 22:00;7,148;7,382
17/12/2025 23:00;6,798;6,377
18/12/2025 00:00;5,171;6,763
18/12/2025 01:00;4,687;6,122
18/12/2025 02:00;4,981;5,951
18/12/2025 03:00;4,747;5,9
18/12/2025 04:00;4,775;5,9
18/12/2025 05:00;5,066;5,9
18/12/2025 06:00;4,313;5,9
18/12/2025 07:00;4,469;5,9
18/12/2025 08:00;4,581;5,9
18/12/2025 09:00;7,707;5,93
18/12/2025 10:00;6,295;5,966
18/12/2025 11:00;6,253;6,339
18/12/2025 12:00;4,952;5,878
18/12/2025 13:00;4,009;5,805
18/12/2025 14:00;5,185;5,787
18/12/2025 15:00;5,558;5,693
18/12/2025 16:00;7,303;8,225
18/12/2025 17:00;7,84;10,326
18/12/2025 18:00;6,139;9,567
18/12/2025 19:00;3,895;6,407
18/12/2025 20:00;4,633;6,071
18/12/2025 21:00;4,456;5,9
18/12/2025 22:00;4,555;5,9
18/12/2025 23:00;3,584;5,9
19/12/2025 00:00;4,194;5,9
19/12/2025 01:00;4,547;5,9
19/12/2025 02:00;4,572;5,9
19/12/2025 03:00;4,094;5,9
19/12/2025 04:00;3,716;5,9
19/12/2025 05:00;4,543;5,9
19/12/2025 06:00;4,439;5,9
19/12/2025 07:00;5,289;5,944
19/12/2025 08:00;5,958;5,72
19/12/2025 09:00;7,354;8,54
19/12/2025 10:00;6,474;6,255
19/12/2025 11:00;6,444;6,923
19/12/2025 12:00;7,878;10,036
19/12/2025 13:00;8,142;11,689
19/12/2025 14:00;8,262;11,326
19/12/2025 15:00;8,434;13,689
19/12/2025 16:00;7,395;8,709
19/12/2025 17:00;6,863;7,011
19/12/2025 18:00;8,671;12,92
19/12/2025 19:00;9,432;18,548
19/12/2025 20:00;9,671;18,624
19/12/2025 21:00;8,2;13,375
19/12/2025 22:00;7,3;9,457
19/12/2025 23:00;7,18;8,705
20/12/2025 00:00;6,988;7,65
20/12/2025 01:00;6,176;9,255
20/12/2025 02:00;3,88;6,432
20/12/2025 03:00;4,291;6,28
20/12/2025 04:00;4,67;6,28
20/12/2025 05:00;4,67;6,236
20/12/2025 06:00;3,68;6,115
20/12/2025 07:00;4,129;6,065
20/12/2025 08:00;5,88;5,841
20/12/2025 09:00;7,806;10,345
20/12/2025 10:00;7,972;11,113
20/12/2025 11:00;7,267;9,503
20/12/2025 12:00;7,851;10,38
20/12/2025 13:00;8,335;13,661
20/12/2025 14:00;8,805;14,962
20/12/2025 15:00;8,789;13,083
20/12/2025 16:00;8,204;11,477
20/12/2025 17:00;7,209;7,944
20/12/2025 18:00;7,496;9,342
20/12/2025 19:00;8,036;12,517
20/12/2025 20:00;6,917;8,028
20/12/2025 21:00;6,289;7,764
20/12/2025 22:00;6,546;6,255
20/12/2025 23:00;5,643;7,357
21/12/2025 00:00;3,955;6,489
21/12/2025 01:00;4,09;6,28
21/12/2025 02:00;4,723;6,28
21/12/2025 03:00;4,752;6,261
21/12/2025 04:00;4,14;6,267
21/12/2025 05:00;4,13;6,242
21/12/2025 06:00;4,539;6,179
21/12/2025 07:00;4,398;6,052
21/12/2025 08:00;4,599;6,141
21/12/2025 09:00;3,661;6,046
21/12/2025 10:00;4,15;5,963
21/12/2025 11:00;4,443;5,976
21/12/2025 12:00;4,645;6,109
21/12/2025 13:00;4,665;6,388
21/12/2025 14:00;5,081;6,869
21/12/2025 15:00;4,741;7,027
21/12/2025 16:00;4,751;7,04
21/12/2025 17:00;5,981;6,901
21/12/2025 18:00;6,305;6,571
21/12/2025 19:00;7,313;7,163
21/12/2025 20:00;7,84;12,05
21/12/2025 21:00;7,019;7,579
21/12/2025 22:00;7,133;7,958
21/12/2025 23:00;6,996;7,343
22/12/2025 00:00;5,556;7,548
22/12/2025 01:00;4,64;6,66
22/12/2025 02:00;4,37;6,635
22/12/2025 03:00;4,949;6,635
22/12/2025 04:00;4,835;6,489
22/12/2025 05:00;4,917;6,483
22/12/2025 06:00;4,686;6,362
22/12/2025 07:00;4,829;6,331
22/12/2025 08:00;6,378;5,9
22/12/2025 09:00;8,276;11,839
22/12/2025 10:00;8,615;13,387
22/12/2025 11:00;8,291;12,8
22/12/2025 12:00;9,092;15,28
22/12/2025 13:00;8,284;11,856
22/12/2025 14:00;7,893;11,129
22/12/2025 15:00;6,885;7,691
22/12/2025 16:00;7,231;8,157
22/12/2025 17:00;7,348;8,708
22/12/2025 18:00;8,54;12,767
22/12/2025 19:00;9,204;16,032
22/12/2025 20:00;8,308;11,418
22/12/2025 21:00;8,009;10,911
22/12/2025 22:00;7,528;9,351
22/12/2025 23:00;6,547;6,143
23/12/2025 00:00;5,932;5,901
23/12/2025 01:00;4,776;8,504
23/12/2025 02:00;3,649;5,989
23/12/2025 03:00;4,103;5,9
23/12/2025 04:00;4,428;5,896
23/12/2025 05:00;4,426;5,857
23/12/2025 06:00;4,589;5,896
23/12/2025 07:00;6,869;5,723
23/12/2025 08:00;6,276;5,603
23/12/2025 09:00;7,84;9,689
23/12/2025 10:00;7,591;11,139
23/12/2025 11:00;7,787;9,473
23/12/2025 12:00;7,802;9,868
23/12/2025 13:00;7,687;10,66
23/12/2025 14:00;7,743;10,716
23/12/2025 15:00;7,709;9,679
23/12/2025 16:00;7,094;7,255
23/12/2025 17:00;7,1;7,328
23/12/2025 18:00;7,356;7,836
23/12/2025 19:00;7,86;10,242
23/12/2025 20:00;6,94;7,077
23/12/2025 21:00;6,402;8,015
23/12/2025 22:00;7,091;6,404
23/12/2025 23:00;6,39;5,783
24/12/2025 00:00;4,511;6,036
24/12/2025 01:00;3,636;6,074
24/12/2025 02:00;3,704;5,822
24/12/2025 03:00;4,223;5,809
24/12/2025 04:00;4,207;5,692
24/12/2025 05:00;3,641;5,696
24/12/2025 06:00;3,604;5,683
24/12/2025 07:00;4,01;5,64
24/12/2025 08:00;4,067;5,64
24/12/2025 09:00;4,116;5,714
24/12/2025 10:00;3,693;5,692
24/12/2025 11:00;7,964;5,693
24/12/2025 12:00;8,236;8,947
24/12/2025 13:00;7,436;9,11
24/12/2025 14:00;7,559;7,332
24/12/2025 15:00;6,677;10,376
24/12/2025 16:00;4,128;7,306
24/12/2025 17:00;3,732;5,9
24/12/2025 18:00;4,141;5,9
24/12/2025 19:00;4,313;5,818
24/12/2025 20:00;3,981;5,848
24/12/2025 21:00;3,635;5,709
24/12/2025 22:00;3,901;5,657
24/12/2025 23:00;4,137;5,653
25/12/2025 00:00;4,238;5,64
25/12/2025 01:00;3,73;5,679
25/12/2025 02:00;3,61;5,64
25/12/2025 03:00;3,994;5,64
25/12/2025 04:00;4,066;5,64
25/12/2025 05:00;4,172;5,64
25/12/2025 06:00;3,923;5,64
25/12/2025 07:00;3,638;5,64
25/12/2025 08:00;3,815;5,64
25/12/2025 09:00;4,11;5,64
25/12/2025 10:00;4,214;5,64
25/12/2025 11:00;3,866;5,64
25/12/2025 12:00;3,692;5,64
25/12/2025 13:00;3,723;5,64
25/12/2025 14:00;4,205;5,64
25/12/2025 15:00;4,264;5,64
25/12/2025 16:00;4,074;5,64
25/12/2025 17:00;7,656;5,672
25/12/2025 18:00;8,021;10,735
25/12/2025 19:00;8,584;13,782
25/12/2025 20:00;8,19;12,09
25/12/2025 21:00;7,394;10,624
25/12/2025 22:00;8,491;12,718
25/12/2025 23:00;8,029;13,255
26/12/2025 00:00;8,247;11,955
26/12/2025 01:00;7,524;8,831
26/12/2025 02:00;7,594;8,929
26/12/2025 03:00;7,287;7,479
26/12/2025 04:00;5,345;7,886
26/12/2025 05:00;3,872;6,446
26/12/2025 06:00;7,681;5,827
26/12/2025 07:00;6,795;6,853
26/12/2025 08:00;7,559;9,157
26/12/2025 09:00;7,63;10,746
26/12/2025 10:00;8,002;11,342
26/12/2025 11:00;7,679;9,529
26/12/2025 12:00;7,928;9,904
26/12/2025 13:00;7,079;7,338
26/12/2025 14:00;7,623;10,562
26/12/2025 15:00;6,677;6,377
26/12/2025 16:00;6,698;6,527
26/12/2025 17:00;8,222;11,375
26/12/2025 18:00;8,951;15,007
26/12/2025 19:00;9,026;14,906
26/12/2025 20:00;8,59;14,867
26/12/2025 21:00;8,297;14,308
26/12/2025 22:00;7,837;9,95
26/12/2025 23:00;7,672;9,453
27/12/2025 00:00;7,491;8,46
27/12/2025 01:00;8,682;10,472
27/12/2025 02:00;5,955;6,679
27/12/2025 03:00;4,585;5,818
27/12/2025 04:00;3,822;5,9
27/12/2025 05:00;3,644;5,748
27/12/2025 06:00;3,529;5,657
27/12/2025 07:00;4,675;5,705
27/12/2025 08:00;5,726;5,766
27/12/2025 09:00;5,477;5,649
27/12/2025 10:00;5,731;5,445
27/12/2025 11:00;5,374;5,389
27/12/2025 12:00;4,084;5,64
27/12/2025 13:00;3,746;5,64
27/12/2025 14:00;3,635;5,64
27/12/2025 15:00;3,575;5,64
27/12/2025 16:00;7,833;5,659
27/12/2025 17:00;6,895;7,424
27/12/2025 18:00;7,747;10,257
27/12/2025 19:00;7,28;10,977
27/12/2025 20:00;7,434;8,419
27/12/2025 21:00;7,112;7,154
27/12/2025 22:00;7,142;7,21
27/12/2025 23:00;9,508;15,84
28/12/2025 00:00;9,31;16,694
28/12/2025 01:00;9,423;16,829
28/12/2025 02:00;9,286;16,81
28/12/2025 03:00;7,992;11,777
28/12/2025 04:00;6,337;5,944
28/12/2025 05:00;6,178;5,611
28/12/2025 06:00;6,557;6,146
28/12/2025 07:00;7,296;7,544
28/12/2025 08:00;7,387;7,583
28/12/2025 09:00;7,484;9,649
28/12/2025 10:00;6,432;7,912
28/12/2025 11:00;4,958;8,531
28/12/2025 12:00;4,203;7,343
28/12/2025 13:00;3,771;6,166
28/12/2025 14:00;3,69;5,865
28/12/2025 15:00;5,732;5,865
28/12/2025 16:00;6,712;5,688
28/12/2025 17:00;7,584;9,047
28/12/2025 18:00;8,588;12,441
28/12/2025 19:00;9,353;16,615
28/12/2025 20:00;9,2;16,295
28/12/2025 21:00;8,104;11,409
28/12/2025 22:00;7,618;10,976
28/12/2025 23:00;7,327;8,423
29/12/2025 00:00;7,386;8,152
29/12/2025 01:00;7,843;10,523
29/12/2025 02:00;7,381;7,957
29/12/2025 03:00;7,598;8,646
29/12/2025 04:00;6,885;6,777
29/12/2025 05:00;6,88;6,624
29/12/2025 06:00;7,059;7,088
29/12/2025 07:00;7,935;10,457
29/12/2025 08:00;7,791;9,872
29/12/2025 09:00;17,552;18,891
29/12/2025 10:00;27,53;25,981
29/12/2025 11:00;26,117;24,602
29/12/2025 12:00;23,595;21,995
29/12/2025 13:00;23,255;21,628
29/12/2025 14:00;22,411;20,791
29/12/2025 15:00;28,327;26,894
29/12/2025 16:00;26,187;24,595
29/12/2025 17:00;23,421;21,693
29/12/2025 18:00;25,131;23,4
29/12/2025 19:00;25,51;23,787
29/12/2025 20:00;28,335;26,767
29/12/2025 21:00;25,049;23,357
29/12/2025 22:00;23,611;21,89
29/12/2025 23:00;23,292;21,88
30/12/2025 00:00;21,4;19,795
30/12/2025 01:00;17,401;17,073
30/12/2025 02:00;15,742;15,091
30/12/2025 03:00;19,075;17,543
30/12/2025 04:00;17,526;16,606
30/12/2025 05:00;20,082;18,26
30/12/2025 06:00;18,588;18,178
30/12/2025 07:00;15,705;15,933
30/12/2025 08:00;17,156;16,346
30/12/2025 09:00;20,275;18,366
30/12/2025 10:00;23,002;21,183
30/12/2025 11:00;9,356;9,562
30/12/2025 12:00;7,042;8,133
30/12/2025 13:00;6,098;5,653
30/12/2025 14:00;7,108;7,069
30/12/2025 15:00;4,304;5,8
30/12/2025 16:00;6,13;5,648
30/12/2025 17:00;6,571;5,54
30/12/2025 18:00;9,332;15,337
30/12/2025 19:00;9,285;16,402
30/12/2025 20:00;9,307;16,51
30/12/2025 21:00;8,782;15,382
30/12/2025 22:00;7,974;10,008
30/12/2025 23:00;7,43;8,295
31/12/2025 00:00;7,676;9,541
31/12/2025 01:00;7,338;8,703
31/12/2025 02:00;6,959;7,74
31/12/2025 03:00;6,41;7,057
31/12/2025 04:00;5,406;5,457
31/12/2025 05:00;5,45;5,39
31/12/2025 06:00;5,5;5,39
31/12/2025 07:00;5,725;5,351
31/12/2025 08:00;6,208;5,609
31/12/2025 09:00;8,724;12,301
31/12/2025 10:00;7,756;10,869
31/12/2025 11:00;6,797;8,339
31/12/2025 12:00;5,424;5,578
31/12/2025 13:00;5,139;5,402
31/12/2025 14:00;4,057;5,636
31/12/2025 15:00;4,975;5,657
31/12/2025 16:00;6,931;5,475
31/12/2025 17:00;8,751;13,515
31/12/2025 18:00;9,053;14,956
31/12/2025 19:00;7,25;13,43
31/12/2025 20:00;7,839;11,185
31/12/2025 21:00;9,072;15,722
31/12/2025 22:00;7,843;11,476
31/12/2025 23:00;7,921;10,467
