Date/Heure;Température
2025-12-31 23:29:29.083000;4,5
2025-12-31 22:29:29.357000;4,4
2025-12-31 21:29:29.157000;4,5
2025-12-31 20:29:29.056000;4,6
2025-12-31 19:29:29.357000;4,6
2025-12-31 18:29:29.057000;4,3
2025-12-31 17:29:29.558000;5
2025-12-31 16:29:29.658000;5
2025-12-31 15:29:29.658000;5,2
2025-12-31 14:29:29.658000;5,4
2025-12-31 13:29:29.076000;5
2025-12-31 11:29:29.257000;4,1
2025-12-31 10:29:29.657000;4,1
2025-12-31 09:29:29.657000;3,5
2025-12-31 06:29:29.657000;4,1
2025-12-31 05:29:29.657000;4,3
2025-12-31 04:29:29.557000;4,4
2025-12-31 03:29:29.171000;4,5
2025-12-31 02:29:29.357000;4,6
2025-12-31 01:29:29.058000;4,7
2025-12-31 00:29:29.157000;4,9
2025-12-30 23:29:29.457000;4,9
2025-12-30 22:29:29.457000;5
2025-12-30 21:29:29.157000;5,1
2025-12-30 20:29:29.056000;4,9
2025-12-30 19:29:29.057000;4,9
2025-12-30 18:29:29.357000;5,4
2025-12-30 16:29:29.157000;5,8
2025-12-30 15:29:29.257000;6,3
2025-12-30 14:29:29.657000;6,3
2025-12-30 13:29:29.658000;5,8
2025-12-30 12:29:29.057000;4,9
2025-12-30 11:29:29.039000;4,8
2025-12-30 10:29:29.658000;4,8
2025-12-30 09:29:29.637000;4,8
2025-12-30 08:29:29.658000;4,8
2025-12-30 07:29:29.658000;4,8
2025-12-30 06:29:29.156000;4,9
2025-12-30 05:29:29.116000;4,9
2025-12-30 04:29:29.157000;5,1
2025-12-30 03:29:29.025000;5
2025-12-30 02:29:29.657000;5
2025-12-30 01:29:29.657000;5,1
2025-12-30 00:29:29.023000;5,1
2025-12-29 23:29:29.457000;5,1
2025-12-29 22:29:29.056000;5,1
2025-12-29 21:29:29.056000;5,1
2025-12-29 20:29:29.671000;5,1
2025-12-29 19:29:29.558000;5,3
2025-12-29 18:29:29.068000;5,3
2025-12-29 17:29:29.105000;5,3
2025-12-29 16:29:29.052000;5,4
2025-12-29 15:29:29.270000;5,3
2025-12-29 14:29:29.057000;5,3
2025-12-29 13:29:29.657000;5,3
2025-12-29 12:29:29.057000;5
2025-12-29 11:29:29.158000;4,9
2025-12-29 10:29:29.644000;4,9
2025-12-29 09:29:29.657000;4,8
2025-12-29 08:29:29.658000;4,9
2025-12-29 07:29:29.158000;4,8
2025-12-29 06:29:29.056000;4,9
2025-12-29 05:29:29.056000;5
2025-12-29 04:29:29.657000;5
2025-12-29 03:29:29.357000;5
2025-12-29 02:29:29.057000;5,1
2025-12-29 01:29:29.357000;5,2
2025-12-29 00:29:29.097000;5,3
2025-12-28 23:29:29.157000;5,3
2025-12-28 22:29:29.056000;5,4
2025-12-28 21:29:29.257000;5,3
2025-12-28 20:29:29.357000;5,3
2025-12-28 19:29:29.124000;5,6
2025-12-28 18:29:29.558000;6,1
2025-12-28 17:29:29.657000;6,1
2025-12-28 16:29:29.057000;6,5
2025-12-28 15:29:29.458000;6,8
2025-12-28 14:29:29.657000;6,8
2025-12-28 13:29:29.657000;6,4
2025-12-28 12:29:29.256000;5,6
2025-12-28 11:29:29.056000;5,3
2025-12-28 10:29:29.157000;5,1
2025-12-28 09:29:29.357000;5,3
2025-12-28 08:29:29.056000;5,2
2025-12-28 07:29:29.056000;5,4
2025-12-28 06:29:29.657000;5,4
2025-12-28 05:29:29.657000;5,5
2025-12-28 04:29:29.658000;5,4
2025-12-28 03:29:29.658000;5,4
2025-12-28 02:29:29.157000;5,4
2025-12-28 01:29:29.645000;5,4
2025-12-28 00:29:29.654000;5,5
2025-12-27 23:29:29.057000;6
2025-12-27 22:29:29.210000;6
2025-12-27 21:29:29.657000;6
2025-12-27 20:29:29.656000;5,9
2025-12-27 19:29:29.057000;6,3
2025-12-27 18:29:29.056000;6,9
2025-12-27 17:29:29.573000;6,9
2025-12-27 16:29:29.658000;7,1
2025-12-27 15:29:29.557000;7,1
2025-12-27 14:29:29.658000;7,1
2025-12-27 13:29:29.457000;6,4
2025-12-27 12:29:29.357000;6,2
2025-12-27 10:29:29.658000;5,9
2025-12-27 09:29:29.056000;5,9
2025-12-27 08:29:29.457000;5,9
2025-12-27 07:29:29.657000;5,9
2025-12-27 06:29:29.158000;6
2025-12-27 05:29:29.657000;6
2025-12-27 04:29:29.499000;5,8
2025-12-27 03:29:29.057000;5,6
2025-12-27 02:29:29.658000;5,6
2025-12-27 01:29:29.157000;5,8
2025-12-27 00:29:29.658000;5,8
2025-12-26 23:29:29.056000;5,5
2025-12-26 22:29:29.056000;5,4
2025-12-26 21:29:29.557000;5,4
2025-12-26 20:29:29.157000;5,4
2025-12-26 19:29:29.157000;5,6
2025-12-26 18:29:28.993000;6,1
2025-12-26 17:29:29.157000;6,3
2025-12-26 16:29:29.458000;6,1
2025-12-26 15:29:29.156000;6
2025-12-26 14:29:29.057000;5,9
2025-12-26 13:29:29.574000;5,9
2025-12-26 12:29:29.057000;5,3
2025-12-26 11:29:29.157000;4,9
2025-12-26 10:29:29.056000;4,8
2025-12-26 09:29:29.257000;4,8
2025-12-26 08:29:29.156000;4,9
2025-12-26 07:29:29.057000;5
2025-12-26 06:29:29.659000;5
2025-12-26 05:29:29.659000;4,8
2025-12-26 04:29:29.057000;4,7
2025-12-26 03:29:29.659000;4,7
2025-12-26 02:29:29.658000;4,9
2025-12-26 01:29:29.457000;5
2025-12-26 00:29:29.257000;4,9
2025-12-25 23:29:29.658000;4,9
2025-12-25 22:29:29.056000;4,9
2025-12-25 21:29:29.257000;4,7
2025-12-25 20:29:29.156000;4,6
2025-12-25 19:29:29.156000;5,1
2025-12-25 18:29:29.056000;5,3
2025-12-25 17:29:29.658000;5,3
2025-12-25 16:29:29.562000;5,3
2025-12-25 14:29:29.157000;5,2
2025-12-25 13:29:29.158000;5,1
2025-12-25 10:29:29.658000;5
2025-12-25 09:29:29.256000;5,1
2025-12-25 08:29:29.398000;5,2
2025-12-25 07:29:29.657000;5,2
2025-12-25 06:29:29.639000;5,3
2025-12-25 05:29:29.141000;5,3
2025-12-25 04:29:29.057000;5,4
2025-12-25 03:29:29.665000;5,4
2025-12-25 02:29:29.156000;5,4
2025-12-25 01:29:29.657000;5,4
2025-12-25 00:29:29.057000;5,4
2025-12-24 23:29:29.457000;5,6
2025-12-24 22:29:29.671000;5,6
2025-12-24 21:29:29.657000;5,8
2025-12-24 20:29:29.657000;5,9
2025-12-24 19:29:29.657000;5,9
2025-12-24 18:29:29.140000;5,9
2025-12-24 17:29:29.057000;5,7
2025-12-24 16:29:29.052000;5,7
2025-12-24 15:29:29.056000;5,6
2025-12-24 14:29:29.458000;5,4
2025-12-24 13:29:29.157000;5,3
2025-12-24 12:29:29.157000;5,3
2025-12-24 11:29:29.156000;5,3
2025-12-24 10:29:29.103000;5,3
2025-12-24 09:29:29.637000;5,3
2025-12-24 08:29:29.057000;5,4
2025-12-24 07:29:29.657000;5,4
2025-12-24 06:29:29.657000;5,4
2025-12-24 05:29:29.457000;5,5
2025-12-24 04:29:29.457000;5,6
2025-12-24 03:29:29.173000;5,6
2025-12-24 02:29:29.243000;5,6
2025-12-24 01:29:29.657000;5,6
2025-12-24 00:29:29.637000;5,7
2025-12-23 23:29:29.657000;5,8
2025-12-23 22:29:29.357000;5,9
2025-12-23 21:29:29.565000;5,9
2025-12-23 20:29:29.157000;5,9
2025-12-23 19:29:29.657000;5,9
2025-12-23 18:29:29.056000;6,2
2025-12-23 17:29:29.056000;6
2025-12-23 16:29:29.658000;6
2025-12-23 15:29:29.657000;5,9
2025-12-23 14:29:29.157000;5,9
2025-12-23 13:29:29.104000;5,8
2025-12-23 12:29:29.557000;5,5
2025-12-23 11:29:29.657000;5,5
2025-12-23 10:29:29.257000;5,3
2025-12-23 09:29:29.657000;5,3
2025-12-23 08:29:29.657000;5,4
2025-12-23 07:29:29.657000;5,5
2025-12-23 06:29:29.140000;5,5
2025-12-23 05:29:29.657000;5,5
2025-12-23 04:29:29.601000;5,5
2025-12-23 03:29:29.657000;5,6
2025-12-23 02:29:29.156000;5,4
2025-12-23 01:29:29.257000;5,6
2025-12-23 00:29:29.658000;5,6
2025-12-22 23:29:29.337000;5,4
2025-12-22 21:29:29.237000;5,5
2025-12-22 20:29:29.357000;5,6
2025-12-22 19:29:29.557000;6
2025-12-22 18:29:29.057000;6,1
2025-12-22 17:29:29.105000;6,4
2025-12-22 16:29:29.658000;6,4
2025-12-22 15:29:29.658000;6,3
2025-12-22 14:29:29.357000;6,1
2025-12-22 13:29:29.257000;6
2025-12-22 12:29:29.056000;5,7
2025-12-22 11:29:29.657000;5,7
2025-12-22 10:29:29.057000;5,9
2025-12-22 09:29:29.657000;5,9
2025-12-22 08:29:29.558000;6,1
2025-12-22 07:29:29.024000;6,1
2025-12-22 06:29:29.357000;6,2
2025-12-22 05:29:29.257000;6,4
2025-12-22 04:29:29.056000;6,4
2025-12-22 03:29:29.057000;6,4
2025-12-22 02:29:29.111000;6,3
2025-12-22 01:29:29.240000;6,4
2025-12-22 00:29:29.258000;6,4
2025-12-21 22:29:29.101000;6,1
2025-12-21 21:29:29.157000;6,8
2025-12-21 20:29:29.658000;6,8
2025-12-21 19:29:29.557000;7,2
2025-12-21 18:29:29.257000;7,3
2025-12-21 17:29:29.658000;7,3
2025-12-21 16:29:29.458000;7,3
2025-12-21 15:29:29.557000;7,4
2025-12-21 14:29:29.657000;7,4
2025-12-21 12:29:29.257000;7,3
2025-12-21 11:29:29.657000;7,3
2025-12-21 10:29:29.056000;7,1
2025-12-21 09:29:29.657000;7,1
2025-12-21 08:29:29.581000;7,1
2025-12-21 07:29:29.657000;7,2
2025-12-21 06:29:29.412000;7,3
2025-12-21 05:29:29.257000;7,3
2025-12-21 04:29:29.157000;7,3
2025-12-21 03:29:29.257000;7,3
2025-12-21 02:29:29.258000;7,2
2025-12-21 01:29:29.157000;7
2025-12-21 00:29:29.357000;7,2
2025-12-20 23:29:29.357000;6,9
2025-12-20 22:29:29.657000;6,9
2025-12-20 21:29:29.057000;6,6
2025-12-20 20:29:29.157000;6,6
2025-12-20 19:29:29.156000;7,1
2025-12-20 18:29:29.157000;6,9
2025-12-20 17:29:29.657000;6,9
2025-12-20 16:29:29.112000;7,1
2025-12-20 15:29:29.057000;6,9
2025-12-20 14:29:29.056000;6,8
2025-12-20 13:29:29.458000;6,8
2025-12-20 12:29:29.056000;6,4
2025-12-20 11:29:29.610000;6,4
2025-12-20 10:29:29.658000;6,4
2025-12-20 09:29:29.157000;6,6
2025-12-20 08:29:29.157000;6,6
2025-12-20 07:29:29.658000;6,6
2025-12-20 06:29:29.658000;6,7
2025-12-20 05:29:29.558000;6,8
2025-12-20 04:29:29.657000;6,8
2025-12-20 03:29:29.157000;6,7
2025-12-20 02:29:29.057000;7
2025-12-20 01:29:29.157000;7,1
2025-12-20 00:29:29.158000;6,8
2025-12-19 23:29:29.658000;6,8
2025-12-19 22:29:29.057000;6,4
2025-12-19 21:29:29.658000;6,4
2025-12-19 20:29:29.457000;6,4
2025-12-19 19:29:29.056000;7,4
2025-12-19 18:29:29.057000;7,3
2025-12-19 17:29:29.057000;6,9
2025-12-19 16:29:29.557000;6,8
2025-12-19 15:29:29.457000;7
2025-12-19 14:29:29.056000;6,9
2025-12-19 13:29:29.056000;7,4
2025-12-19 12:29:29.057000;7,3
2025-12-19 11:29:29.657000;7,3
2025-12-19 10:29:29.056000;7,4
2025-12-19 09:29:29.545000;7,4
2025-12-19 07:29:29.657000;7,4
2025-12-19 06:29:29.657000;7,4
2025-12-19 05:29:29.157000;7,5
2025-12-19 04:29:29.056000;7,5
2025-12-19 03:29:29.657000;7,5
2025-12-19 02:29:29.657000;7,5
2025-12-19 01:29:29.658000;7,6
2025-12-19 00:29:29.157000;7,6
2025-12-18 23:29:29.658000;7,6
2025-12-18 22:29:29.634000;7,5
2025-12-18 21:29:29.658000;7,4
2025-12-18 20:29:29.057000;6,6
2025-12-18 19:29:29.057000;6,8
2025-12-18 17:29:29.057000;8,1
2025-12-18 16:29:29.156000;7,8
2025-12-18 15:29:29.605000;7,8
2025-12-18 14:29:29.057000;8,1
2025-12-18 13:29:29.056000;7,6
2025-12-18 12:29:29.457000;7,4
2025-12-18 11:29:29.657000;7,4
2025-12-18 10:29:29.658000;7,1
2025-12-18 09:29:29.157000;6,8
2025-12-18 08:29:29.657000;6,8
2025-12-18 07:29:29.558000;6,9
2025-12-18 06:29:29.657000;6,9
2025-12-18 05:29:29.658000;6,9
2025-12-18 04:29:29.536000;6,5
2025-12-18 03:29:29.658000;6,5
2025-12-18 02:29:29.657000;6,4
2025-12-18 01:29:29.036000;6,4
2025-12-17 23:29:29.657000;6,3
2025-12-17 22:29:29.056000;6,2
2025-12-17 19:29:29.157000;6,9
2025-12-17 18:29:29.657000;6,9
2025-12-17 17:29:29.657000;7,3
2025-12-17 16:29:29.157000;7,7
2025-12-17 15:29:29.577000;7,7
2025-12-17 14:29:29.056000;7,3
2025-12-17 13:29:29.657000;7,3
2025-12-17 11:29:29.157000;6,5
2025-12-17 10:29:29.657000;6,5
2025-12-17 09:29:29.257000;6,7
2025-12-17 08:29:29.157000;7,1
2025-12-17 07:29:29.257000;7,3
2025-12-17 06:29:29.157000;7,4
2025-12-17 05:29:29.657000;7,4
2025-12-17 04:29:29.056000;7,4
2025-12-17 03:29:29.257000;7,1
2025-12-17 02:29:29.580000;7,1
2025-12-17 01:29:29.057000;7,1
2025-12-17 00:29:29.657000;7,1
2025-12-16 23:29:29.657000;6,8
2025-12-16 22:29:29.657000;6,8
2025-12-16 21:29:29.644000;7,1
2025-12-16 20:29:29.056000;7,8
2025-12-16 19:29:29.057000;7,7
2025-12-16 18:29:29.257000;7,8
2025-12-16 17:29:29.249000;8,1
2025-12-16 16:29:29.597000;8,1
2025-12-16 15:29:29.657000;8,1
2025-12-16 14:29:29.658000;7,9
2025-12-16 13:29:29.658000;7,6
2025-12-16 12:29:29.023000;6,9
2025-12-16 11:29:29.057000;6,7
2025-12-16 10:29:29.657000;6,7
2025-12-16 09:29:29.157000;6,5
2025-12-16 08:29:29.659000;6,5
2025-12-16 07:29:29.565000;6,6
2025-12-16 06:29:29.657000;6,6
2025-12-16 05:29:29.657000;6,8
2025-12-16 03:29:29.043000;7,1
2025-12-16 02:29:29.656000;7,1
2025-12-16 01:29:29.657000;7,3
2025-12-16 00:29:29.457000;7,4
2025-12-15 23:29:29.357000;7,4
2025-12-15 22:29:29.158000;7,4
2025-12-15 21:29:29.056000;7,5
2025-12-15 20:29:29.659000;7,5
2025-12-15 19:29:29.405000;7,6
2025-12-15 18:29:29.081000;7,8
2025-12-15 17:29:29.216000;7,9
2025-12-15 16:29:29.046000;7,8
2025-12-15 15:29:29.657000;7,8
2025-12-15 14:29:29.357000;7,6
2025-12-15 13:29:29.637000;7,6
2025-12-15 12:29:29.654000;7,4
2025-12-15 11:29:29.156000;6,7
2025-12-15 10:29:29.658000;6,7
2025-12-15 09:29:29.156000;6,2
2025-12-15 08:29:29.258000;6,1
2025-12-15 07:29:29.657000;6,1
2025-12-15 06:29:29.357000;6
2025-12-15 05:29:29.056000;5,9
2025-12-15 04:29:29.657000;5,9
2025-12-15 03:29:29.156000;5,6
2025-12-15 02:29:29.658000;5,6
2025-12-15 01:29:29.057000;5,6
2025-12-15 00:29:29.057000;5,5
2025-12-14 23:29:29.056000;5,6
2025-12-14 22:29:29.457000;5,7
2025-12-14 21:29:29.657000;5,7
2025-12-14 20:29:29.056000;5,8
2025-12-14 19:29:29.599000;5,8
2025-12-14 18:29:29.157000;6,3
2025-12-14 17:29:29.357000;6,6
2025-12-14 16:29:29.157000;6,8
2025-12-14 15:29:29.156000;7,1
2025-12-14 14:29:29.657000;7,1
2025-12-14 13:29:29.056000;6,4
2025-12-14 12:29:29.658000;6,4
2025-12-14 10:29:29.057000;5,3
2025-12-14 09:29:29.658000;5,3
2025-12-14 08:29:29.658000;5,3
2025-12-14 07:29:29.658000;5,4
2025-12-14 06:29:29.658000;5,5
2025-12-14 05:29:29.657000;5,6
2025-12-14 04:29:29.657000;5,6
2025-12-14 03:29:29.056000;5,7
2025-12-14 02:29:29.157000;5,8
2025-12-14 01:29:29.056000;5,8
2025-12-14 00:29:29.657000;5,8
2025-12-13 20:29:29.157000;5,9
2025-12-13 19:29:29.354000;6,2
2025-12-13 18:29:29.156000;6,6
2025-12-13 17:29:29.157000;6,9
2025-12-13 16:29:29.457000;7,1
2025-12-13 15:29:29.056000;7,4
2025-12-13 14:29:29.657000;7,4
2025-12-13 13:29:29.557000;6,8
2025-12-13 12:29:29.657000;6,8
2025-12-13 11:29:29.657000;6,4
2025-12-13 10:29:29.357000;5,9
2025-12-13 09:29:29.056000;5,9
2025-12-13 08:29:29.056000;6,1
2025-12-13 07:29:29.156000;6,2
2025-12-13 06:29:29.257000;6,3
2025-12-13 05:29:29.657000;6,3
2025-12-13 04:29:29.157000;6,3
2025-12-13 03:29:29.057000;6,1
2025-12-13 02:29:29.257000;5,9
2025-12-13 01:29:29.157000;5,9
2025-12-13 00:29:29.657000;5,9
2025-12-12 23:29:29.056000;6,1
2025-12-12 22:29:29.257000;6,1
2025-12-12 21:29:29.658000;6,1
2025-12-12 20:29:29.056000;6,3
2025-12-12 19:29:29.357000;6,4
2025-12-12 18:29:29.113000;6,7
2025-12-12 17:29:29.665000;6,7
2025-12-12 16:29:28.981000;7,3
2025-12-12 14:29:29.613000;7,4
2025-12-12 13:29:29.657000;7
2025-12-12 12:29:29.157000;6,3
2025-12-12 11:29:29.137000;5,8
2025-12-12 10:29:29.156000;5,9
2025-12-12 09:29:29.657000;5,9
2025-12-12 08:29:29.257000;6,4
2025-12-12 07:29:29.657000;6,4
2025-12-12 06:29:29.157000;6,5
2025-12-12 05:29:29.657000;6,5
2025-12-12 04:29:29.608000;6,6
2025-12-12 03:29:29.057000;6,7
2025-12-12 02:29:29.056000;6,9
2025-12-12 01:29:29.057000;6,8
2025-12-12 00:29:29.157000;6,7
2025-12-11 22:29:29.056000;6,6
2025-12-11 21:29:29.457000;6,7
2025-12-11 20:29:29.257000;6,8
2025-12-11 18:29:29.157000;7,4
2025-12-11 17:29:29.658000;7,4
2025-12-11 16:29:29.058000;7,9
2025-12-11 15:29:29.558000;8,4
2025-12-11 14:29:29.248000;7,8
2025-12-11 13:29:29.357000;7
2025-12-11 11:29:29.357000;6,3
2025-12-11 10:29:29.056000;6,1
2025-12-11 09:29:29.557000;6,4
2025-12-11 08:29:29.057000;6,9
2025-12-11 07:29:29.657000;6,9
2025-12-11 06:29:29.357000;7,1
2025-12-11 05:29:29.257000;7,2
2025-12-11 04:29:29.257000;7,3
2025-12-11 03:29:29.657000;7,3
2025-12-11 02:29:29.156000;6,9
2025-12-10 23:29:29.157000;6,7
2025-12-10 22:29:29.157000;6,7
2025-12-10 21:29:29.056000;6,7
2025-12-10 20:29:29.657000;6,7
2025-12-10 19:29:29.551000;6,7
2025-12-10 18:29:29.658000;6,7
2025-12-10 17:29:29.357000;6,9
2025-12-10 16:29:29.158000;6,9
2025-12-10 15:29:29.157000;6,9
2025-12-10 14:29:29.057000;6,8
2025-12-10 12:29:29.258000;6,4
2025-12-10 11:29:29.658000;6,4
2025-12-10 10:29:29.558000;7,5
2025-12-10 09:29:29.557000;7,4
2025-12-10 08:29:29.156000;7,5
2025-12-10 07:29:29.657000;7,5
2025-12-10 06:29:29.558000;7,5
2025-12-10 05:29:29.057000;7,6
2025-12-10 04:29:29.257000;7,6
2025-12-10 03:29:29.657000;7,6
2025-12-10 02:29:29.149000;7,7
2025-12-10 01:29:29.057000;7,7
2025-12-10 00:29:29.057000;7,8
2025-12-09 23:29:29.657000;7,8
2025-12-09 22:29:29.657000;7,8
2025-12-09 21:29:29.256000;7,9
2025-12-09 20:29:29.157000;8
2025-12-09 19:29:29.657000;8
2025-12-09 18:29:29.457000;8,2
2025-12-09 17:29:29.249000;8,4
2025-12-09 16:29:29.057000;8,6
2025-12-09 15:29:29.657000;8,6
2025-12-09 14:29:29.458000;8,4
2025-12-09 13:29:29.657000;8,4
2025-12-09 12:29:29.608000;8
2025-12-09 11:29:29.458000;6,9
2025-12-09 10:29:29.633000;6,9
2025-12-09 09:29:29.657000;6,7
2025-12-09 08:29:29.657000;6,6
2025-12-09 07:29:29.056000;6,6
2025-12-09 06:29:29.157000;6,4
2025-12-09 05:29:29.657000;6,4
2025-12-09 04:29:29.205000;6,4
2025-12-09 03:29:29.658000;6,4
2025-12-09 02:29:29.457000;6,6
2025-12-09 01:29:29.357000;6,6
2025-12-09 00:29:29.657000;6,6
2025-12-08 23:29:29.238000;6,3
2025-12-08 22:29:29.056000;6,3
2025-12-08 21:29:29.357000;6,5
2025-12-08 20:29:29.257000;7,1
2025-12-08 19:29:29.056000;7,1
2025-12-08 18:29:29.658000;7,1
2025-12-08 17:29:29.657000;7,2
2025-12-08 16:29:29.458000;7,5
2025-12-08 15:29:29.160000;7,7
2025-12-08 14:29:29.257000;7,6
2025-12-08 13:29:29.156000;7,1
2025-12-08 12:29:29.157000;6,6
2025-12-08 11:29:29.659000;6,6
2025-12-08 10:29:29.357000;5,9
2025-12-08 09:29:29.358000;5,9
2025-12-08 08:29:29.658000;5,9
2025-12-08 07:29:29.157000;6,1
2025-12-08 06:29:29.028000;6,1
2025-12-08 05:29:29.357000;6,3
2025-12-08 04:29:29.658000;6,3
2025-12-08 03:29:29.657000;6,3
2025-12-08 02:29:29.457000;6,4
2025-12-08 01:29:29.256000;6,5
2025-12-08 00:29:29.457000;7,1
2025-12-07 23:29:29.657000;7,1
2025-12-07 22:29:29.357000;7,4
2025-12-07 21:29:29.658000;7,4
2025-12-07 20:29:29.457000;7,7
2025-12-07 19:29:29.357000;7,9
2025-12-07 17:29:29.157000;8,3
2025-12-07 16:29:29.658000;8,3
2025-12-07 15:29:29.657000;8,4
2025-12-07 14:29:29.157000;8,2
2025-12-07 13:29:29.257000;7,8
2025-12-07 12:29:29.095000;7,4
2025-12-07 11:29:29.157000;7,1
2025-12-07 10:29:29.057000;6,8
2025-12-07 09:29:29.658000;6,8
2025-12-07 08:29:29.637000;6,8
2025-12-07 07:29:29.595000;6,8
2025-12-07 06:29:29.056000;6,9
2025-12-07 05:29:29.056000;7
2025-12-07 03:29:29.357000;7,1
2025-12-07 02:29:29.657000;7,1
2025-12-07 01:29:29.157000;7
2025-12-07 00:29:29.057000;6,9
2025-12-06 23:29:29.657000;6,9
2025-12-06 22:29:29.256000;6,6
2025-12-06 21:29:29.157000;6,6
2025-12-06 20:29:29.399000;7,1
2025-12-06 19:29:29.557000;7,3
2025-12-06 18:29:29.156000;7,9
2025-12-06 17:29:29.657000;7,9
2025-12-06 16:29:29.657000;8,1
2025-12-06 15:29:29.657000;8,1
2025-12-06 14:29:29.657000;8,1
2025-12-06 13:29:29.647000;7,9
2025-12-06 12:29:29.257000;7,2
2025-12-06 11:29:29.157000;6,6
2025-12-06 10:29:29.056000;6,4
2025-12-06 09:29:29.056000;6,4
2025-12-06 08:29:29.045000;6,4
2025-12-06 07:29:29.561000;6,4
2025-12-06 06:29:29.657000;6,5
2025-12-06 05:29:29.057000;6,8
2025-12-06 04:29:29.257000;6,9
2025-12-06 03:29:29.157000;6,8
2025-12-06 02:29:29.358000;6,6
2025-12-06 01:29:29.257000;6,4
2025-12-06 00:29:29.157000;6,3
2025-12-05 23:29:29.658000;6,3
2025-12-05 22:29:29.457000;6,1
2025-12-05 21:29:29.057000;6,2
2025-12-05 20:29:29.358000;6,1
2025-12-05 19:29:29.658000;6,1
2025-12-05 18:29:29.404000;6,2
2025-12-05 17:29:29.658000;6,2
2025-12-05 16:29:29.057000;5,9
2025-12-05 15:29:29.156000;5,9
2025-12-05 14:29:29.657000;5,9
2025-12-05 13:29:29.657000;5,9
2025-12-05 12:29:29.557000;5,9
2025-12-05 11:29:29.657000;5,9
2025-12-05 10:29:29.357000;5,8
2025-12-05 09:29:29.270000;5,8
2025-12-05 08:29:29.056000;5,9
2025-12-05 07:29:29.657000;5,9
2025-12-05 06:29:29.257000;5,8
2025-12-05 05:29:29.157000;5,8
2025-12-05 04:29:29.056000;5,7
2025-12-05 02:29:29.056000;5,8
2025-12-05 01:29:29.657000;5,8
2025-12-05 00:29:29.658000;5,8
2025-12-04 23:29:29.657000;5,7
2025-12-04 22:29:29.057000;5,9
2025-12-04 21:29:29.056000;6,1
2025-12-04 20:29:29.057000;6,1
2025-12-04 19:29:29.296000;6,2
2025-12-04 18:29:29.061000;6,6
2025-12-04 17:29:29.658000;6,6
2025-12-04 15:29:29.057000;6,3
2025-12-04 14:29:29.633000;6,3
2025-12-04 13:29:29.614000;6,3
2025-12-04 12:29:29.657000;6
2025-12-04 11:29:29.156000;5,1
2025-12-04 10:29:29.657000;5,1
2025-12-04 09:29:29.341000;5,7
2025-12-04 08:29:29.658000;5,7
2025-12-04 07:29:29.658000;5,6
2025-12-04 06:29:29.656000;5,5
2025-12-04 05:29:29.057000;5,7
2025-12-04 04:29:29.657000;5,7
2025-12-04 03:29:29.157000;5,9
2025-12-04 02:29:29.657000;5,9
2025-12-04 00:29:29.674000;6,2
2025-12-03 23:29:29.056000;6,4
2025-12-03 20:29:29.056000;6,1
2025-12-03 19:29:29.056000;6,4
2025-12-03 18:29:29.659000;6,4
2025-12-03 16:29:29.658000;6,4
2025-12-03 15:29:29.657000;5,7
2025-12-03 14:29:29.057000;6,4
2025-12-03 13:29:29.589000;6,4
2025-12-03 12:29:29.658000;6,2
2025-12-03 11:29:29.658000;5,3
2025-12-03 09:29:29.657000;5,3
2025-12-03 08:29:29.608000;5,5
2025-12-03 07:29:29.056000;5,6
2025-12-03 06:29:29.657000;5,6
2025-12-03 05:29:29.056000;5,5
2025-12-03 04:29:29.057000;5,6
2025-12-03 03:29:29.257000;5,6
2025-12-03 02:29:29.157000;5,6
2025-12-03 01:29:29.157000;5,8
2025-12-03 00:29:29.157000;5,8
2025-12-02 23:29:29.157000;5,8
2025-12-02 22:29:29.357000;5,9
2025-12-02 21:29:29.093000;5,9
2025-12-02 20:29:29.254000;6
2025-12-02 19:29:29.457000;6,1
2025-12-02 18:29:29.657000;6,1
2025-12-02 17:29:29.057000;5,9
2025-12-02 16:29:29.657000;5,9
2025-12-02 15:29:29.057000;6,3
2025-12-02 14:29:29.657000;6,3
2025-12-02 13:29:29.157000;6,1
2025-12-02 12:29:29.637000;6,1
2025-12-02 11:29:29.257000;5,4
2025-12-02 10:29:29.657000;5,4
2025-12-02 09:29:29.057000;5,4
2025-12-02 08:29:29.659000;5,4
2025-12-02 07:29:29.057000;5,5
2025-12-02 06:29:29.257000;5,6
2025-12-02 05:29:29.657000;5,6
2025-12-02 04:29:29.157000;5,6
2025-12-02 03:29:29.056000;5,6
2025-12-02 02:29:29.156000;5,6
2025-12-02 01:29:29.157000;5,6
2025-12-02 00:29:29.157000;5,5
2025-12-01 23:29:29.056000;5,4
2025-12-01 22:29:29.657000;5,4
2025-12-01 21:29:29.657000;5,3
2025-12-01 20:29:29.157000;5,3
2025-12-01 19:29:29.658000;5,3
2025-12-01 18:29:29.157000;5,6
2025-12-01 17:29:29.056000;5,8
2025-12-01 16:29:29.156000;6,1
2025-12-01 15:29:29.057000;6,4
2025-12-01 14:29:29.264000;6,2
2025-12-01 13:29:29.157000;5,8
2025-12-01 12:29:29.457000;5,6
2025-12-01 11:29:29.157000;5,4
2025-12-01 10:29:29.056000;5,3
2025-12-01 09:29:29.157000;4,4
2025-12-01 08:29:29.657000;4,4
2025-12-01 07:29:29.357000;4,8
2025-12-01 06:29:29.057000;5
2025-12-01 05:29:28.972000;5,2
2025-12-01 04:29:29.157000;5,4
2025-12-01 03:29:29.558000;5,4
2025-12-01 02:29:29.057000;5,7
2025-12-01 01:29:29.157000;5,6
2025-12-01 00:29:29.594000;5,6
2025-11-30 23:29:29.057000;5,8
2025-11-30 22:29:29.457000;5,9
2025-11-30 21:29:29.056000;6,1
2025-11-30 20:29:29.323000;6
2025-11-30 19:29:29.057000;6,4
2025-11-30 18:29:29.056000;7
2025-11-30 17:29:29.158000;7,2
2025-11-30 16:29:29.357000;7,4
2025-11-30 15:29:29.257000;7,3
2025-11-30 14:29:29.657000;7,3
2025-11-30 13:29:29.293000;7
2025-11-30 12:29:29.258000;6,4
2025-11-30 10:29:29.657000;6,4
2025-11-30 09:29:29.057000;6,2
2025-11-30 08:29:29.057000;6,2
2025-11-30 07:29:29.461000;6,3
2025-11-30 06:29:29.657000;6,3
2025-11-30 05:29:29.161000;6,1
2025-11-30 04:29:29.657000;6,1
2025-11-30 03:29:29.157000;6,1
2025-11-30 02:29:29.657000;6,1
2025-11-30 01:29:29.657000;5,9
2025-11-30 00:29:29.056000;5,8
2025-11-29 23:29:29.641000;5,8
2025-11-29 21:29:29.657000;6,4
2025-11-29 20:29:29.157000;6,5
2025-11-29 19:29:29.156000;6,4
2025-11-29 18:29:29.157000;6,6
2025-11-29 17:29:29.056000;6,8
2025-11-29 16:29:29.657000;6,8
2025-11-29 15:29:29.056000;6,7
2025-11-29 14:29:29.143000;7
2025-11-29 13:29:29.156000;6,6
2025-11-29 12:29:29.357000;6,3
2025-11-29 11:29:29.057000;6
2025-11-29 10:29:29.057000;5,4
2025-11-29 09:29:29.658000;5,4
2025-11-29 08:29:29.158000;5,6
2025-11-29 07:29:29.657000;5,6
2025-11-29 06:29:29.658000;5,8
2025-11-29 05:29:29.157000;5,8
2025-11-29 04:29:29.157000;5,8
2025-11-29 03:29:29.457000;5,8
2025-11-29 02:29:29.557000;5,7
2025-11-29 01:29:29.658000;5,7
2025-11-29 00:29:29.657000;5,9
2025-11-28 23:29:29.006000;5,9
2025-11-28 21:29:29.657000;6
2025-11-28 20:29:29.157000;6,3
2025-11-28 19:29:29.057000;6,3
2025-11-28 18:29:29.658000;6,3
2025-11-28 17:29:29.057000;6,2
2025-11-28 16:29:29.657000;6,2
2025-11-28 15:29:29.257000;6,3
2025-11-28 14:29:29.658000;6,3
2025-11-28 12:29:29.157000;5,6
2025-11-28 11:29:29.056000;4,9
2025-11-28 10:29:29.056000;4,9
2025-11-28 09:29:29.157000;4,3
2025-11-28 08:29:29.257000;4,3
2025-11-28 07:29:29.056000;4,4
2025-11-28 06:29:29.357000;4,4
2025-11-28 05:29:29.158000;4,4
2025-11-28 04:29:29.157000;4,6
2025-11-28 03:29:29.258000;4,9
2025-11-28 02:29:29.158000;4,8
2025-11-28 01:29:29.057000;4,8
2025-11-28 00:29:29.657000;4,8
2025-11-27 23:29:29.657000;5,2
2025-11-27 22:29:29.620000;5,2
2025-11-27 21:29:29.658000;5,3
2025-11-27 20:29:29.157000;5,4
2025-11-27 19:29:29.157000;5,3
2025-11-27 18:29:29.056000;4,6
2025-11-27 17:29:29.057000;5,3
2025-11-27 16:29:29.457000;5,6
2025-11-27 15:29:29.004000;5,7
2025-11-27 14:29:29.282000;5,6
2025-11-27 13:29:29.058000;5,5
2025-11-27 12:29:29.158000;5,2
2025-11-27 11:29:29.457000;4,6
2025-11-27 10:29:29.257000;4,6
2025-11-27 09:29:29.658000;4,6
2025-11-27 08:29:29.357000;4,1
2025-11-27 07:29:29.157000;4,1
2025-11-27 06:29:29.258000;4,3
2025-11-27 05:29:29.257000;4,4
2025-11-27 04:29:29.057000;4,6
2025-11-27 02:29:29.158000;4,8
2025-11-27 01:29:29.057000;4,1
2025-11-27 00:29:29.057000;4,4
2025-11-26 23:29:29.057000;4,6
2025-11-26 22:29:29.357000;4,9
2025-11-26 21:29:29.657000;4,9
2025-11-26 20:29:29.357000;5,2
2025-11-26 19:29:29.057000;5,4
2025-11-26 18:29:29.057000;5,6
2025-11-26 17:29:29.658000;5,6
2025-11-26 16:29:29.658000;5,9
2025-11-26 15:29:29.258000;6,4
2025-11-26 14:29:29.258000;6,3
2025-11-26 13:29:29.657000;6,3
2025-11-26 12:29:29.557000;5,8
2025-11-26 11:29:29.157000;5,4
2025-11-26 10:29:29.056000;5,4
2025-11-26 08:29:29.154000;5,4
2025-11-26 07:29:29.396000;5,6
2025-11-26 06:29:29.257000;5,6
2025-11-26 05:29:29.657000;5,6
2025-11-26 04:29:29.157000;5,8
2025-11-26 03:29:29.257000;5,8
2025-11-26 02:29:29.064000;5,9
2025-11-26 01:29:29.037000;6
2025-11-26 00:29:29.057000;6
2025-11-25 23:29:29.057000;6
2025-11-25 22:29:29.658000;6
2025-11-25 21:29:29.157000;6
2025-11-25 20:29:29.157000;5,9
2025-11-25 19:29:29.658000;5,9
2025-11-25 18:29:29.057000;6,4
2025-11-25 17:29:29.056000;6,4
2025-11-25 16:29:29.157000;6,5
2025-11-25 15:29:29.157000;6,6
2025-11-25 14:29:29.056000;6,7
2025-11-25 13:29:29.657000;6,7
2025-11-25 12:29:29.056000;6,4
2025-11-25 11:29:29.658000;6,3
2025-11-25 08:29:29.657000;6,4
2025-11-25 07:29:29.157000;6,6
2025-11-25 06:29:29.257000;6,7
2025-11-25 05:29:29.657000;6,7
2025-11-25 04:29:29.057000;6,8
2025-11-25 03:29:29.658000;6,8
2025-11-25 02:29:29.056000;7
2025-11-25 01:29:29.058000;7,1
2025-11-25 00:29:29.157000;7,1
2025-11-24 23:29:29.357000;7
2025-11-24 22:29:29.157000;7,1
2025-11-24 21:29:29.205000;7,2
2025-11-24 20:29:29.458000;7,4
2025-11-24 19:29:29.657000;7,4
2025-11-24 18:29:29.056000;7,8
2025-11-24 17:29:29.257000;7,5
2025-11-24 16:29:29.358000;7,6
2025-11-24 14:29:29.657000;7,8
2025-11-24 13:29:29.157000;6,9
2025-11-24 12:29:29.156000;6,9
2025-11-24 11:29:29.057000;6,8
2025-11-24 10:29:29.657000;6,8
2025-11-24 09:29:29.657000;6,6
2025-11-24 08:29:29.057000;6,9
2025-11-24 07:29:29.157000;6,8
2025-11-24 06:29:29.056000;6,8
2025-11-24 05:29:29.165000;6,8
2025-11-24 04:29:29.057000;6,6
2025-11-24 03:29:29.357000;6,3
2025-11-24 02:29:29.657000;6,3
2025-11-24 01:29:29.675000;6
2025-11-24 00:29:29.180000;6,1
2025-11-23 23:29:29.057000;6,3
2025-11-23 22:29:29.657000;6,3
2025-11-23 20:29:29.657000;6,3
2025-11-23 19:29:29.644000;6,4
2025-11-23 18:29:29.657000;6,3
2025-11-23 17:29:29.457000;7,1
2025-11-23 16:29:29.520000;7,1
2025-11-23 15:29:29.657000;7,1
2025-11-23 14:29:29.457000;6,4
2025-11-23 13:29:29.610000;6,4
2025-11-23 12:29:29.157000;5,8
2025-11-23 11:29:29.057000;5,5
2025-11-23 10:29:29.588000;5,5
2025-11-23 09:29:29.650000;5,3
2025-11-23 08:29:29.241000;5,3
2025-11-23 07:29:29.056000;5,7
2025-11-23 06:29:29.257000;5,6
2025-11-23 05:29:29.210000;5,2
2025-11-23 04:29:29.357000;5
2025-11-23 03:29:29.158000;4,9
2025-11-23 02:29:29.057000;5,1
2025-11-23 01:29:29.681000;5,1
2025-11-23 00:29:29.032000;5,2
2025-11-22 23:29:29.357000;5,1
2025-11-22 22:29:29.657000;5,1
2025-11-22 21:29:29.659000;5,1
2025-11-22 20:29:29.157000;5,3
2025-11-22 19:29:29.056000;5,5
2025-11-22 18:29:29.457000;5,4
2025-11-22 17:29:29.157000;5,1
2025-11-22 16:29:29.157000;5,9
2025-11-22 15:29:29.206000;6,3
2025-11-22 14:29:29.058000;6,3
2025-11-22 13:29:28.977000;6
2025-11-22 11:29:29.157000;5,3
2025-11-22 10:29:29.057000;4,9
2025-11-22 09:29:29.057000;4,4
2025-11-22 08:29:29.657000;4,4
2025-11-22 07:29:29.156000;4,8
2025-11-22 06:29:29.157000;5,4
2025-11-22 05:29:29.037000;5,3
2025-11-22 04:29:29.056000;5,3
2025-11-22 02:29:29.658000;4,9
2025-11-22 01:29:29.057000;5,3
2025-11-21 22:29:29.665000;5,2
2025-11-21 21:29:29.057000;5,4
2025-11-21 20:29:29.257000;5,6
2025-11-21 19:29:29.084000;5,6
2025-11-21 18:29:29.657000;5,6
2025-11-21 17:29:29.157000;5,6
2025-11-21 16:29:29.057000;5,8
2025-11-21 14:29:29.357000;5,8
2025-11-21 13:29:29.067000;5,6
2025-11-21 12:29:29.292000;85
2025-11-13 09:37:30.985000;10,3
2025-11-13 08:37:30.946000;10,1
2025-11-13 07:37:30.954000;10,1
2025-11-13 06:37:30.946000;10,1
2025-11-13 05:37:30.978000;10,1
2025-11-13 04:37:30.946000;10,2
2025-11-13 03:37:30.946000;10,3
2025-11-13 02:37:30.946000;10,3
2025-11-13 01:37:30.996000;10,3
2025-11-13 00:37:30.978000;10,3
2025-11-12 23:37:30.946000;10,2
2025-11-12 22:37:30.946000;10,3
2025-11-12 21:37:30.946000;10,3
2025-11-12 20:37:30.978000;10,3
2025-11-12 19:37:30.954000;10,4
2025-11-12 18:37:30.978000;10,7
2025-11-12 17:37:30.966000;10,9
2025-11-12 16:37:30.978000;11,2
2025-11-12 15:37:30.996000;11,4
2025-11-12 14:37:30.989000;11,5
2025-11-12 13:37:30.970000;11
2025-11-12 12:37:30.970000;10,3
2025-11-12 11:37:30.978000;9,6
2025-11-12 10:37:30.989000;8,9
2025-11-12 09:37:30.989000;8,6
2025-11-12 08:37:30.946000;8,4
2025-11-12 07:37:30.970000;8,5
2025-11-12 06:37:30.946000;8,5
2025-11-12 05:37:30.979000;8,6
2025-11-12 04:37:30.946000;8,7
2025-11-12 03:37:30.978000;8,7
2025-11-12 02:37:30.978000;8,6
2025-11-12 01:37:30.978000;8,5
2025-11-12 00:37:30.983000;8,4
2025-11-11 23:37:30.978000;8,2
2025-11-11 22:37:30.978000;7,7
2025-11-11 21:37:30.972000;7,3
2025-11-11 20:37:30.978000;7,4
2025-11-11 19:37:30.970000;8,2
2025-11-11 18:37:30.990000;8,9
2025-11-11 17:37:30.970000;9,1
2025-11-11 16:37:30.970000;9,5
2025-11-11 15:37:30.962000;9,6
2025-11-11 14:37:30.938000;9,9
2025-11-11 13:37:30.989000;9,6
2025-11-11 12:37:30.938000;9,1
2025-11-11 11:37:30.989000;8,4
2025-11-11 10:37:30.978000;7,7
2025-11-11 09:37:30.989000;7,3
2025-11-11 08:37:30.988000;7,3
2025-11-11 07:37:30.970000;7,4
2025-11-11 06:37:30.989000;7,4
2025-11-11 05:37:30.962000;7,6
2025-11-11 04:37:30.978000;7,6
2025-11-11 03:37:30.981000;7,7
2025-11-11 02:37:30.989000;7,8
2025-11-11 01:37:30.973000;7,9
2025-11-11 00:37:30.962000;8
2025-11-10 23:37:30.978000;8,1
2025-11-10 22:37:30.989000;8,1
2025-11-10 21:37:30.975000;8,2
2025-11-10 20:37:30.970000;8,4
2025-11-10 19:37:30.977000;8,6
2025-11-10 18:37:30.978000;8,7
2025-11-10 17:37:30.977000;8,9
2025-11-10 16:37:30.978000;9,3
2025-11-10 15:37:30.988000;9,4
2025-11-10 14:37:30.970000;9,8
2025-11-10 13:37:30.989000;9,6
2025-11-10 12:37:30.989000;9
2025-11-10 11:37:30.978000;8,4
2025-11-10 10:37:30.978000;7,8
2025-11-10 09:37:30.985000;7,4
2025-11-10 08:37:30.978000;7,3
2025-11-10 07:37:30.962000;7,4
2025-11-10 06:37:30.978000;7,4
2025-11-10 05:37:30.969000;7,4
2025-11-10 04:37:30.953000;7,4
2025-11-10 03:37:30.978000;7,4
2025-11-10 02:37:30.930000;7,4
2025-11-10 01:37:30.978000;7,5
2025-11-10 00:37:30.930000;7,6
2025-11-09 23:37:30.978000;7,5
2025-11-09 22:37:30.930000;7,1
2025-11-09 21:37:30.978000;6,8
2025-11-09 20:37:30.937000;7,2
2025-11-09 19:37:30.978000;7,9
2025-11-09 18:37:30.989000;8,2
2025-11-09 17:37:30.978000;8,4
2025-11-09 16:37:30.988000;8,8
2025-11-09 15:37:30.930000;9,2
2025-11-09 14:37:30.930000;9,4
2025-11-09 13:37:30.989000;9,3
2025-11-09 12:37:30.988000;8,9
2025-11-09 11:37:30.996000;8,3
2025-11-09 10:37:30.989000;7,6
2025-11-09 09:37:30.989000;7,2
2025-11-09 08:37:30.989000;7,3
2025-11-09 07:37:30.969000;7,4
2025-11-09 06:37:30.985000;7,5
2025-11-09 05:37:30.978000;7,6
2025-11-09 04:37:30.930000;7,8
2025-11-09 03:37:30.967000;7,9
2025-11-09 02:37:30.953000;7,9
2025-11-09 01:37:30.930000;7,4
2025-11-09 00:37:30.930000;7,3
2025-11-08 23:37:30.978000;8,6
2025-11-08 22:37:30.978000;8,8
2025-11-08 21:37:30.978000;8,8
2025-11-08 20:37:30.930000;8,8
2025-11-08 19:37:30.978000;8,9
2025-11-08 18:37:30.930000;8,9
2025-11-08 17:37:30.930000;8,9
2025-11-08 16:37:30.930000;9
2025-11-08 15:37:30.978000;9
2025-11-08 14:37:30.930000;8,9
2025-11-08 13:37:30.978000;8,9
2025-11-08 12:37:30.945000;9
2025-11-08 11:37:30.989000;9
2025-11-08 10:37:30.920000;8,9
2025-11-08 09:37:30.950000;8,9
2025-11-08 08:37:30.978000;9,1
2025-11-08 07:37:30.985000;9,3
2025-11-08 06:37:30.926000;9,3
2025-11-08 05:37:30.978000;9,3
2025-11-08 04:37:30.989000;9,4
2025-11-08 03:37:30.989000;9,5
2025-11-08 02:37:30.989000;9,6
2025-11-08 01:37:30.970000;9
2025-11-08 00:37:30.978000;9,1
2025-11-07 23:37:30.969000;9,3
2025-11-07 22:37:30.978000;8,4
2025-11-07 21:37:30.970000;7,9
2025-11-07 20:37:30.977000;7,8
2025-11-07 19:37:30.962000;9,1
2025-11-07 18:37:30.980000;9,9
2025-11-07 17:37:30.970000;10
2025-11-07 16:37:30.989000;9,9
2025-11-07 15:37:30.989000;10,2
2025-11-07 14:37:30.985000;10,3
2025-11-07 13:37:30.989000;10
2025-11-07 12:37:30.989000;9,7
2025-11-07 11:37:30.981000;9,1
2025-11-07 10:37:30.975000;8,6
2025-11-07 09:37:30.989000;8,4
2025-11-07 08:37:30.989000;8,5
2025-11-07 07:37:30.989000;8,6
2025-11-07 06:37:30.963000;8,8
2025-11-07 05:37:30.989000;8,9
2025-11-07 04:37:30.989000;9,1
2025-11-07 03:37:30.962000;9,2
2025-11-07 02:37:30.959000;9,3
2025-11-07 01:37:30.963000;9,3
2025-11-07 00:37:30.989000;8,9
2025-11-06 23:37:30.989000;8,2
2025-11-06 22:37:30.989000;8,1
2025-11-06 21:37:30.953000;8,1
2025-11-06 20:37:30.989000;7,9
2025-11-06 19:37:30.988000;8,1
2025-11-06 18:37:30.988000;8,3
2025-11-06 17:37:30.988000;8,6
2025-11-06 16:37:30.988000;8,3
2025-11-06 15:37:30.988000;8,3
2025-11-06 14:37:30.988000;9,1
2025-11-06 13:37:30.970000;10,3
2025-11-06 12:37:30.988000;9,9
2025-11-06 11:37:30.988000;9,1
2025-11-06 10:37:30.988000;9,5
2025-11-06 09:37:30.988000;10
2025-11-06 08:37:30.988000;10,3
2025-11-06 07:37:30.988000;10,4
2025-11-06 06:37:30.988000;10,4
2025-11-06 05:37:30.988000;10,5
2025-11-06 04:37:30.975000;10,5
2025-11-06 03:37:30.989000;10,5
2025-11-06 02:37:30.986000;10,6
2025-11-06 01:37:30.978000;10,7
2025-11-06 00:37:30.978000;10,6
2025-11-05 23:37:30.977000;10,6
2025-11-05 22:37:30.977000;10,6
2025-11-05 21:37:30.978000;10,7
2025-11-05 20:37:30.970000;10,8
2025-11-05 19:37:30.971000;10,9
2025-11-05 18:37:30.989000;11,1
2025-11-05 17:37:30.970000;11,2
2025-11-05 16:37:30.983000;11,6
2025-11-05 15:37:30.989000;11,8
2025-11-05 14:37:30.962000;11,7
2025-11-05 13:37:30.978000;11,1
2025-11-05 12:37:30.962000;10,4
2025-11-05 11:37:30.978000;9,6
2025-11-05 10:37:30.974000;8,8
2025-11-05 09:37:30.970000;9,1
2025-11-05 08:37:30.978000;8,8
2025-11-05 07:37:30.978000;7,9
2025-11-05 06:37:30.970000;8,4
2025-11-05 05:37:30.989000;8,5
2025-11-05 04:37:30.989000;8,6
2025-11-05 03:37:30.978000;9,1
2025-11-05 02:37:30.978000;9,2
2025-11-05 01:37:30.970000;8,7
2025-11-05 00:37:30.989000;9,3
2025-11-04 23:37:30.989000;9,3
2025-11-04 22:37:30.988000;8,8
2025-11-04 21:37:30.989000;9,4
2025-11-04 20:37:30.970000;9,6
2025-11-04 19:37:30.978000;9,8
2025-11-04 18:37:30.989000;9,3
2025-11-04 17:37:30.970000;10,4
2025-11-04 16:37:30.989000;10,9
2025-11-04 15:37:30.978000;11,3
2025-11-04 14:37:30.990000;11,3
2025-11-04 13:37:30.977000;10,8
2025-11-04 12:37:30.898000;10,1
2025-11-04 11:37:30.962000;8,9
2025-11-04 10:37:30.970000;8
2025-11-04 09:37:30.938000;7,4
2025-11-04 08:37:30.938000;7,9
2025-11-04 07:37:30.938000;7,6
2025-11-04 06:37:30.990000;8,3
2025-11-04 05:37:30.989000;8,3
2025-11-04 04:37:30.989000;8,2
2025-11-04 03:37:30.988000;8,2
2025-11-04 02:37:30.982000;8,5
2025-11-04 01:37:30.962000;8,6
2025-11-04 00:37:30.982000;8,2
2025-11-03 23:37:30.982000;8,3
2025-11-03 22:37:30.982000;8,4
2025-11-03 21:37:30.982000;8,8
2025-11-03 20:37:30.982000;9,1
2025-11-03 19:37:30.982000;8
2025-11-03 18:37:30.982000;8,3
2025-11-03 17:37:30.983000;9,2
2025-11-03 16:37:30.990000;9,8
2025-11-03 15:37:30.983000;10
2025-11-03 14:37:30.987000;10,3
2025-11-03 13:37:30.982000;10,9
2025-11-03 12:37:30.388000;9,7
2025-11-03 11:37:30.381000;8,9
2025-11-03 10:37:30.988000;8,9
2025-11-03 09:37:30.988000;8,8
2025-11-03 08:37:30.385000;8,6
2025-11-03 07:37:30.988000;8,6
2025-11-03 06:37:30.988000;8,8
2025-11-03 05:37:30.588000;9,1
2025-11-03 04:37:30.388000;9,3
2025-11-03 03:37:30.388000;9,4
2025-11-03 02:37:30.588000;9,7
2025-11-03 01:37:30.388000;9,9
2025-11-03 00:37:30.688000;10,1
2025-11-02 23:37:30.488000;10,2
2025-11-02 22:37:30.488000;10,2
2025-11-02 21:37:30.388000;10,2
2025-11-02 20:37:30.688000;10,3
2025-11-02 19:37:30.989000;10,3
2025-11-02 18:37:30.990000;10,5
2025-11-02 17:37:30.988000;10,7
2025-11-02 16:37:30.788000;11,5
2025-11-02 15:37:30.573000;11,8
2025-11-02 14:37:30.988000;11,8
2025-11-02 13:37:30.988000;11,5
2025-11-02 12:37:30.388000;10,9
2025-11-02 11:37:30.556000;10,5
2025-11-02 10:37:30.988000;10,5
2025-11-02 09:37:30.588000;10,4
2025-11-02 08:37:30.388000;10,4
2025-11-02 07:37:30.988000;10,4
2025-11-02 06:37:30.788000;10,5
2025-11-02 05:37:30.689000;10,5
2025-11-02 04:37:30.989000;10,5
2025-11-02 03:37:30.946000;10,3
2025-11-02 02:37:30.681000;9,5
2025-11-02 01:37:30.388000;9,2
2025-11-02 00:37:30.387000;9,3
2025-11-01 22:37:30.988000;8,8
2025-11-01 21:37:30.488000;9,1
2025-11-01 20:37:31.803000;9,1
2025-11-01 19:37:31.729000;10,4
2025-11-01 18:37:31.303000;11,9
2025-11-01 17:37:31.202000;12,3
2025-11-01 16:37:31.804000;12,3
2025-11-01 15:37:31.402000;12,6
2025-11-01 14:37:31.803000;12,6
2025-11-01 13:37:31.803000;12,3
2025-11-01 12:37:31.803000;11,8
2025-11-01 11:37:31.803000;11,3
2025-11-01 10:37:31.502000;10,7
2025-11-01 09:37:31.803000;10,7
2025-11-01 08:37:31.202000;10,3
2025-11-01 07:37:31.803000;10,3
2025-11-01 06:37:31.202000;10,4
2025-11-01 05:37:31.788000;10,4
2025-11-01 04:37:31.803000;10,3
2025-11-01 03:37:31.303000;10,4
2025-11-01 02:37:31.202000;10,3
2025-11-01 01:37:31.303000;9,9
2025-11-01 00:37:31.202000;9,8
2025-10-31 23:37:31.402000;9,6
2025-10-31 22:37:31.202000;9,7
2025-10-31 20:37:32.657000;9,6
2025-10-31 19:37:32.656000;9,8
2025-10-31 18:37:32.156000;9,6
2025-10-31 17:37:32.356000;9,7
2025-10-31 16:37:32.656000;9,7
2025-10-31 15:37:32.055000;10,6
2025-10-31 14:37:32.256000;10,2
2025-10-31 13:37:32.341000;9,9
2025-10-31 12:37:32.156000;9,5
2025-10-31 11:37:32.156000;8,9
2025-10-31 10:37:32.656000;8,9
2025-10-31 09:37:32.657000;8,6
2025-10-31 08:37:32.156000;8,7
2025-10-31 07:37:32.656000;8,7
2025-10-31 06:37:32.256000;8,8
2025-10-31 05:37:32.656000;8,8
2025-10-31 04:37:32.016000;9,1
2025-10-31 03:37:32.055000;9,1
2025-10-31 02:37:32.017000;9,1
2025-10-31 01:37:32.056000;9,3
2025-10-31 00:37:32.156000;9,4
2025-10-30 23:37:32.556000;9,5
2025-10-30 22:37:32.055000;9,6
2025-10-30 21:37:32.656000;9,6
2025-10-30 20:37:32.137000;9,5
2025-10-30 19:37:32.656000;9,5
2025-10-30 18:37:32.656000;9,8
2025-10-30 17:37:32.656000;10,7
2025-10-30 16:37:32.656000;11,1
2025-10-30 15:37:32.255000;12,1
2025-10-30 14:37:32.153000;11,9
2025-10-30 13:37:32.056000;11,4
2025-10-30 12:37:32.650000;11,4
2025-10-30 11:37:32.156000;10,3
2025-10-30 10:37:32.656000;10,3
2025-10-30 09:37:32.356000;9,9
2025-10-30 08:37:32.055000;10
2025-10-30 07:37:32.156000;10,1
2025-10-30 06:37:32.055000;10,1
2025-10-30 05:37:32.156000;10,1
2025-10-30 04:37:32.056000;10,1
2025-10-30 03:37:32.557000;10,2
2025-10-30 02:37:32.556000;10,1
2025-10-30 01:37:32.056000;10,1
2025-10-30 00:37:32.556000;9,8
2025-10-29 23:37:32.055000;8,8
2025-10-29 22:37:32.256000;8,2
2025-10-29 21:37:32.656000;8,2
2025-10-29 20:37:32.137000;8,6
2025-10-29 19:37:31.737000;9,9
2025-10-29 18:37:31.614000;9,8
2025-10-29 17:37:31.706000;11,2
2025-10-29 16:37:31.537000;11,3
2025-10-29 15:37:32.137000;11,3
2025-10-29 14:37:31.918000;10,7
2025-10-29 13:37:31.637000;10,8
2025-10-29 12:37:31.537000;10,6
2025-10-29 11:37:32.137000;10,6
2025-10-29 10:37:31.537000;9,2
2025-10-29 09:37:31.487000;9,1
2025-10-29 08:37:31.537000;8,9
2025-10-29 07:37:32.137000;8,9
2025-10-29 06:37:31.637000;8,5
2025-10-29 05:37:31.738000;8,4
2025-10-29 04:37:32.139000;8,4
2025-10-29 03:37:32.137000;8,3
2025-10-29 02:37:32.137000;8,3
2025-10-29 01:37:32.137000;8,3
2025-10-29 00:37:32.137000;8,3
2025-10-28 23:37:31.536000;8,4
2025-10-28 22:37:32.037000;8,6
2025-10-28 20:37:31.686000;8,8
2025-10-28 19:37:31.739000;8,9
2025-10-28 18:37:31.886000;9,2
2025-10-28 17:37:32.266000;9,2
2025-10-28 16:37:31.686000;10,3
2025-10-28 15:37:31.710000;10,4
2025-10-28 14:37:31.686000;10,1
2025-10-28 13:37:32.287000;10,1
2025-10-28 12:37:32.286000;8,8
2025-10-28 11:37:31.886000;7,8
2025-10-28 10:37:31.683000;7,4
2025-10-28 09:37:31.686000;7,3
2025-10-28 08:37:31.686000;7,4
2025-10-28 07:37:32.287000;7,4
2025-10-28 06:37:32.287000;7,7
2025-10-28 05:37:32.286000;7,8
2025-10-28 04:37:32.240000;7,9
2025-10-28 03:37:31.987000;8,2
2025-10-28 02:37:31.982000;8,2
2025-10-28 01:37:32.287000;8,2
2025-10-28 00:37:32.087000;8
2025-10-27 23:37:32.284000;8
2025-10-27 22:37:32.286000;7,2
2025-10-27 21:37:32.287000;7,1
2025-10-27 20:37:32.475000;8,4
2025-10-27 19:37:32.159000;7,7
2025-10-27 18:37:32.170000;8,6
2025-10-27 17:37:32.174000;9
2025-10-27 16:37:32.074000;9,3
2025-10-27 15:37:32.074000;9,3
2025-10-27 14:37:32.074000;9,1
2025-10-27 13:37:32.675000;9,1
2025-10-27 12:37:32.375000;8,9
2025-10-27 11:37:32.074000;8,1
2025-10-27 10:37:32.274000;7,4
2025-10-27 09:37:32.674000;7,4
2025-10-27 08:37:32.675000;7,7
2025-10-27 07:37:32.174000;7,9
2025-10-27 06:37:32.675000;7,9
2025-10-27 05:37:32.274000;8,1
2025-10-27 04:37:32.274000;8
2025-10-27 03:37:32.636000;8
2025-10-27 02:37:32.675000;8,3
2025-10-27 01:37:32.075000;8,6
2025-10-27 00:37:32.074000;8,8
2025-10-26 23:37:32.074000;8,5
2025-10-26 22:37:32.115000;8,9
2025-10-26 21:37:32.174000;9,3
2025-10-26 20:37:32.316000;9,4
2025-10-26 19:37:32.074000;9,1
2025-10-26 18:37:32.023000;9,8
2025-10-26 17:37:32.475000;9,9
2025-10-26 16:37:32.624000;9,9
2025-10-26 15:37:32.624000;10,1
2025-10-26 14:37:32.574000;10,2
2025-10-26 13:37:32.674000;10,2
2025-10-26 12:37:32.575000;9,6
2025-10-26 11:37:32.675000;9,6
2025-10-26 10:37:32.674000;9,4
2025-10-26 09:37:32.174000;9,6
2025-10-26 08:37:32.675000;9,6
2025-10-26 07:37:32.575000;9,8
2025-10-26 06:37:32.174000;9,3
2025-10-26 05:37:32.375000;9,3
2025-10-26 04:37:32.676000;9,3
2025-10-26 03:37:32.675000;9,3
2025-10-26 02:37:32.123000;9,4
2025-10-26 02:37:32.075000;9,5
2025-10-26 01:37:32.624000;9,4
2025-10-26 00:37:32.074000;9,2
2025-10-25 23:37:32.174000;9,1
2025-10-25 22:37:32.174000;9
2025-10-25 20:37:32.674000;8,3
2025-10-25 19:37:32.027000;8,8
2025-10-25 18:37:32.038000;9,8
2025-10-25 17:37:32.074000;9,6
2025-10-25 16:37:32.175000;9,5
2025-10-25 14:37:32.675000;8,9
2025-10-25 13:37:32.620000;11,1
2025-10-25 12:37:32.476000;8,9
2025-10-25 10:37:32.675000;9,6
2025-10-25 09:37:32.675000;8,9
2025-10-25 08:37:32.676000;9,4
2025-10-25 07:37:32.675000;8,8
2025-10-25 06:37:32.675000;9,4
2025-10-25 05:37:32.675000;9,4
2025-10-25 04:37:32.174000;8,5
2025-10-25 03:37:32.616000;8,5
2025-10-25 02:37:32.107000;7,9
2025-10-25 01:37:32.216000;8,4
2025-10-24 23:37:32.043000;9,1
2025-10-24 22:37:32.074000;9,1
2025-10-24 21:37:32.676000;9,1
2025-10-24 20:37:32.074000;8,3
2025-10-24 19:37:32.574000;9
2025-10-24 18:37:32.675000;9
2025-10-24 17:37:32.255000;9,4
2025-10-24 16:37:32.675000;9,4
2025-10-24 15:37:32.624000;8,3
2025-10-24 14:37:32.174000;8,3
2025-10-24 13:37:32.074000;8,3
2025-10-24 12:37:32.263000;8,4
2025-10-24 11:37:32.074000;8,1
2025-10-24 10:37:32.174000;8,3
2025-10-24 09:37:32.674000;8,3
2025-10-24 08:37:32.027000;8,4
2025-10-24 06:37:32.074000;8,6
2025-10-24 05:37:32.074000;8,5
2025-10-24 04:37:32.674000;8,5
2025-10-24 03:37:32.075000;8,8
2025-10-24 02:37:32.074000;8,9
2025-10-24 01:37:32.174000;9,1
2025-10-24 00:37:32.074000;9,3
2025-10-23 23:37:32.174000;9,4
2025-10-23 22:37:32.656000;9,4
2025-10-23 21:37:32.074000;9,8
2025-10-23 20:37:32.675000;9,8
2025-10-23 19:37:32.074000;10,1
2025-10-23 18:37:32.174000;11
2025-10-23 17:37:32.572000;11,5
2025-10-23 16:37:32.074000;10,8
2025-10-23 15:37:32.074000;12,2
2025-10-23 14:37:32.074000;10,3
2025-10-23 13:37:32.174000;11,5
2025-10-23 12:37:32.174000;11,5
2025-10-23 11:37:32.074000;11,4
2025-10-23 10:37:32.675000;11,4
2025-10-23 09:37:32.074000;9,9
2025-10-23 08:37:32.174000;11,8
2025-10-23 07:37:32.074000;11,7
2025-10-23 06:37:32.274000;11,6
2025-10-23 05:37:32.675000;11,6
2025-10-23 04:37:32.174000;11,7
2025-10-23 03:37:32.674000;11,7
2025-10-23 02:37:32.074000;11,4
2025-10-23 01:37:32.175000;11,4
2025-10-23 00:37:32.675000;11,4
2025-10-22 23:37:32.074000;10,5
2025-10-22 22:37:32.676000;10,5
2025-10-22 21:37:32.676000;10,9
2025-10-22 20:37:32.495000;10,6
2025-10-22 19:37:32.495000;10,4
2025-10-22 18:37:32.595000;9
2025-10-22 16:37:33.096000;11,6
2025-10-22 15:37:33.096000;10,7
2025-10-22 14:37:33.095000;12,2
2025-10-22 13:37:32.495000;11,9
2025-10-22 12:37:32.495000;11,5
2025-10-22 11:37:32.795000;10,4
2025-10-22 10:37:33.095000;10,4
2025-10-22 09:37:32.795000;11
2025-10-22 08:37:33.095000;11
2025-10-22 07:37:32.595000;10,9
2025-10-22 06:37:32.494000;10,9
2025-10-22 05:37:33.095000;10,9
2025-10-22 04:37:33.095000;11
2025-10-22 03:37:32.584000;11,1
2025-10-22 02:37:32.536000;10,4
2025-10-22 01:37:32.996000;8,4
2025-10-22 00:37:32.494000;11,4
2025-10-21 23:37:32.495000;11,4
2025-10-21 22:37:32.596000;10,3
2025-10-21 21:37:32.536000;8,8
2025-10-21 20:37:33.096000;8,8
2025-10-21 19:37:33.096000;10,2
2025-10-21 18:37:32.596000;12,1
2025-10-21 17:37:33.053000;12,1
2025-10-21 16:37:32.595000;12,2
2025-10-21 15:37:32.552000;11,8
2025-10-21 14:37:32.594000;11,9
2025-10-21 13:37:33.095000;11,9
2025-10-21 12:37:32.495000;10,9
2025-10-21 11:37:32.895000;10,3
2025-10-21 10:37:32.495000;10,1
2025-10-21 09:37:32.895000;10,1
2025-10-21 08:37:32.696000;9,7
2025-10-21 07:37:32.595000;10,3
2025-10-21 06:37:32.494000;10,3
2025-10-21 05:37:32.495000;10,3
2025-10-21 04:37:32.595000;10,4
2025-10-21 03:37:32.536000;10,5
2025-10-21 02:37:32.896000;10,4
2025-10-21 01:37:32.895000;10,9
2025-10-21 00:37:32.504000;11
2025-10-20 23:37:32.596000;11,1
2025-10-20 22:37:33.040000;11,1
2025-10-20 21:37:32.696000;10,1
2025-10-20 20:37:32.784000;10
2025-10-20 19:37:32.495000;11,8
2025-10-20 18:37:33.084000;11,8
2025-10-20 17:37:32.495000;11,4
2025-10-20 16:37:32.495000;12,9
2025-10-20 15:37:32.595000;12,9
2025-10-20 14:37:32.495000;11,2
2025-10-20 13:37:32.548000;10,8
2025-10-20 12:37:32.572000;9,8
2025-10-20 11:37:32.796000;10,2
2025-10-20 10:37:33.096000;10,2
2025-10-20 09:37:32.795000;9,9
2025-10-20 08:37:32.595000;10,6
2025-10-20 07:37:32.795000;10,6
2025-10-20 06:37:32.796000;10,1
2025-10-20 05:37:33.048000;10,1
2025-10-20 04:37:33.049000;8,8
2025-10-20 03:37:33.095000;8,3
2025-10-20 02:37:32.895000;8,3
2025-10-20 00:37:32.895000;8,6
2025-10-19 23:37:32.795000;7,6
2025-10-19 22:37:32.494000;8,2
2025-10-19 21:37:32.595000;9
2025-10-19 20:37:32.595000;9,6
2025-10-19 19:37:33.095000;9,6
2025-10-19 18:37:32.495000;10,4
2025-10-19 17:37:32.495000;9,8
2025-10-19 16:37:32.595000;9,4
2025-10-19 15:37:32.595000;7,6
2025-10-19 14:37:33.095000;7,6
2025-10-19 13:37:32.495000;10,3
2025-10-19 12:37:32.995000;9,6
2025-10-19 11:37:32.495000;9,4
2025-10-19 10:37:33.096000;9,4
2025-10-19 08:37:32.995000;9,1
2025-10-19 07:37:32.795000;7,5
2025-10-19 06:37:33.096000;7,5
2025-10-19 05:37:33.095000;7,8
2025-10-19 04:37:33.096000;9,3
2025-10-19 03:37:32.595000;9,7
2025-10-19 02:37:32.795000;9,2
2025-10-19 01:37:32.495000;7,8
2025-10-19 00:37:32.614000;8
2025-10-18 23:37:33.095000;8
2025-10-18 22:37:32.588000;7,1
2025-10-18 21:37:32.695000;7,7
2025-10-18 20:37:33.095000;7,7
2025-10-18 19:37:32.564000;7,4
2025-10-18 18:37:32.679000;11,6
2025-10-18 17:37:32.595000;12
2025-10-18 16:37:32.695000;12,2
2025-10-18 15:37:32.595000;11,9
2025-10-18 13:37:32.792000;10,8
2025-10-18 12:37:33.033000;10,8
2025-10-18 11:37:33.033000;9,7
2025-10-18 10:37:32.785000;8,6
2025-10-18 09:37:32.495000;7,3
2025-10-18 08:37:33.095000;7,3
2025-10-18 07:37:32.479000;9,6
2025-10-18 06:37:32.595000;9,8
2025-10-18 05:37:33.096000;9,8
2025-10-18 03:37:32.557000;9,4
2025-10-18 02:37:32.496000;9,4
2025-10-18 00:37:32.495000;8,2
2025-10-17 23:37:32.652000;8,4
2025-10-17 22:37:32.752000;7,7
2025-10-17 21:37:32.695000;7,6
2025-10-17 20:37:32.595000;9
2025-10-17 19:37:33.096000;9
2025-10-17 18:37:33.095000;9,7
2025-10-17 16:37:32.596000;12,4
2025-10-17 15:37:32.479000;12,1
2025-10-17 14:37:32.696000;11,6
2025-10-17 13:37:32.795000;10,4
2025-10-17 11:37:32.895000;9,4
2025-10-17 10:37:33.045000;9,4
2025-10-17 09:37:32.495000;9,5
2025-10-17 08:37:32.494000;9,6
2025-10-17 07:37:32.695000;9,8
2025-10-17 06:37:32.494000;9,9
2025-10-17 05:37:32.491000;10,1
2025-10-17 04:37:32.495000;10,2
2025-10-17 03:37:33.096000;10,2
2025-10-17 02:37:33.027000;10,4
2025-10-17 01:37:32.796000;10,7
2025-10-17 00:37:32.495000;10,9
2025-10-16 23:37:32.596000;11
2025-10-16 22:37:32.595000;11,1
2025-10-16 21:37:33.096000;11,1
2025-10-16 20:37:32.496000;11,1
2025-10-16 19:37:33.097000;11,1
2025-10-16 18:37:33.096000;11,1
2025-10-16 17:37:33.095000;11,4
2025-10-16 16:37:32.496000;10,4
2025-10-16 15:37:32.495000;9,6
2025-10-16 14:37:33.096000;9,6
2025-10-16 13:37:33.085000;8,6
2025-10-16 12:37:32.495000;10,6
2025-10-16 11:37:32.695000;9,5
2025-10-16 10:37:32.596000;9,9
2025-10-16 09:37:33.095000;9,9
2025-10-16 07:37:32.594000;10,4
2025-10-16 06:37:33.096000;10,4
2025-10-16 05:37:32.494000;10,7
2025-10-16 04:37:32.494000;10,9
2025-10-16 03:37:32.504000;11,1
2025-10-16 02:37:32.795000;11,3
2025-10-16 01:37:32.604000;11,5
2025-10-16 00:37:32.922000;11,8
2025-10-15 23:37:33.096000;11,8
2025-10-15 22:37:33.095000;11,9
2025-10-15 21:37:32.796000;11,9
2025-10-15 20:37:32.495000;12
2025-10-15 19:37:32.695000;11,1
2025-10-15 18:37:32.596000;11,8
2025-10-15 17:37:32.778000;10,6
2025-10-15 16:37:33.095000;10,6
2025-10-15 15:37:32.595000;9,6
2025-10-15 14:37:33.096000;9,6
2025-10-15 13:37:32.480000;10,7
2025-10-15 12:37:32.695000;11
2025-10-15 11:37:32.595000;10,4
2025-10-15 10:37:32.795000;10,3
2025-10-15 09:37:32.495000;10,4
2025-10-15 08:37:32.594000;10,6
2025-10-15 07:37:32.795000;10,8
2025-10-15 06:37:32.495000;10,9
2025-10-15 05:37:32.880000;11,1
2025-10-15 04:37:32.948000;11,3
2025-10-15 03:37:33.095000;11,3
2025-10-15 02:37:33.095000;11,4
2025-10-15 00:37:33.018000;11,8
2025-10-14 23:37:32.795000;12,1
2025-10-14 22:37:32.494000;12,5
2025-10-14 21:37:32.695000;12,4
2025-10-14 20:37:32.695000;12,6
2025-10-14 19:37:33.096000;12,6
2025-10-14 18:37:32.495000;13,4
2025-10-14 17:37:32.494000;13,4
2025-10-14 16:37:32.494000;13,3
2025-10-14 15:37:32.495000;12,9
2025-10-14 14:37:32.495000;12,5
2025-10-14 13:37:32.695000;11,9
2025-10-14 12:37:32.495000;11,3
2025-10-14 11:37:32.776000;10,7
2025-10-14 10:37:33.053000;10,7
2025-10-14 08:37:32.595000;10,7
2025-10-14 07:37:32.552000;10,8
2025-10-14 06:37:33.095000;10,8
2025-10-14 05:37:32.495000;11
2025-10-14 04:37:33.095000;11
2025-10-14 03:37:32.895000;11,3
2025-10-14 02:37:32.495000;11,4
2025-10-14 01:37:32.689000;11,7
2025-10-14 00:37:32.705000;11,9
2025-10-13 23:37:32.695000;12,1
2025-10-13 22:37:32.895000;12,3
2025-10-13 21:37:32.895000;12,3
2025-10-13 20:37:32.695000;12,3
2025-10-13 19:37:32.595000;12,5
2025-10-13 18:37:33.096000;12,5
2025-10-13 17:37:33.127000;12,6
2025-10-13 16:37:32.632000;13,3
2025-10-13 16:18:35.668000;13,3
2025-10-13 15:18:35.719000;13,6
2025-10-13 14:18:35.764000;13,1
2025-09-30 12:55:10.140000;12,9
2025-09-30 11:55:10.137000;11,5
2025-09-30 10:55:10.076000;10,9
2025-09-30 09:55:10.152000;10,7
2025-09-30 08:55:10.152000;10,2
2025-09-30 07:55:10.152000;10,1
2025-09-30 06:55:10.076000;10,5
2025-09-30 05:55:10.152000;11,3
2025-09-30 04:55:10.152000;10,8
2025-09-30 03:55:10.148000;10,8
2025-09-30 02:55:10.152000;10,9
2025-09-30 01:55:10.076000;11,8
2025-09-30 00:55:10.108000;10,9
2025-09-29 23:55:10.153000;10
2025-09-29 22:55:10.152000;9,9
2025-09-29 21:55:10.140000;10,2
2025-09-29 20:55:10.053000;10,9
2025-09-29 19:55:10.117000;11,2
2025-09-29 18:55:10.071000;10,4
2025-09-29 17:55:10.056000;11,1
2025-09-29 16:55:10.152000;11,8
2025-09-29 15:55:10.153000;11,7
2025-09-29 14:55:10.152000;11,9
2025-09-29 13:55:10.072000;12,6
2025-09-29 12:55:10.152000;11,6
2025-09-29 11:55:10.152000;11,1
2025-09-29 10:55:10.152000;10
2025-09-29 09:55:10.106000;10,1
2025-09-29 08:55:10.153000;10,8
2025-09-29 07:55:10.052000;10,1
2025-09-29 06:55:10.152000;10,1
2025-09-29 05:55:10.153000;9,9
2025-09-29 04:55:10.152000;10,7
2025-09-29 03:55:10.152000;10,8
2025-09-29 02:55:10.153000;10,9
2025-09-29 01:55:10.097000;10,9
2025-09-29 00:55:10.152000;9,7
2025-09-28 23:55:10.152000;10,1
2025-09-28 22:55:10.061000;10,2
2025-09-28 21:55:10.153000;11,3
2025-09-28 20:55:10.056000;11,9
2025-09-28 19:55:10.111000;10,5
2025-09-28 18:55:10.149000;11,3
2025-09-28 17:55:10.114000;12,3
2025-09-28 16:55:10.075000;12,7
2025-09-28 15:55:10.056000;12,9
2025-09-28 14:55:10.140000;12,6
2025-09-28 13:55:10.140000;12,4
2025-09-28 12:55:10.152000;10,8
2025-09-28 11:55:10.152000;10,1
2025-09-28 10:55:10.080000;10,6
2025-09-28 09:55:10.059000;10,4
2025-09-28 08:55:10.140000;10,4
2025-09-28 07:55:10.152000;10,4
2025-09-28 06:55:10.152000;10,4
2025-09-28 05:55:10.070000;10,9
2025-09-28 04:55:10.056000;10,4
2025-09-28 03:55:10.152000;10,3
2025-09-28 02:55:10.108000;10,4
2025-09-28 01:55:10.152000;10,3
2025-09-28 00:55:10.052000;9,6
2025-09-27 23:55:10.075000;9,5
2025-09-27 22:55:10.152000;9,4
2025-09-27 21:55:10.152000;9,9
2025-09-27 20:55:10.153000;10,9
2025-09-27 19:55:10.094000;10,4
2025-09-27 18:55:10.152000;9,8
2025-09-27 17:55:10.058000;11,6
2025-09-27 16:55:10.129000;11,8
2025-09-27 15:55:10.075000;11,8
2025-09-27 14:55:10.108000;11,5
2025-09-27 13:55:10.108000;11
2025-09-27 12:55:10.086000;10,4
2025-09-27 11:55:10.076000;10
2025-09-27 10:55:10.120000;9,1
2025-09-27 09:55:10.120000;9
2025-09-27 08:55:10.152000;9
2025-09-27 07:55:10.060000;9
2025-09-27 06:55:10.140000;9,1
2025-09-27 05:55:10.076000;9,1
2025-09-27 04:55:10.152000;9,2
2025-09-27 03:55:10.108000;9,3
2025-09-27 02:55:10.152000;9,3
2025-09-27 01:55:10.152000;9,2
2025-09-27 00:55:10.152000;9,2
2025-09-26 23:55:10.152000;9,2
2025-09-26 22:55:10.152000;9,1
2025-09-26 21:55:10.067000;9,2
2025-09-26 20:55:10.152000;9,5
2025-09-26 19:55:10.153000;9,9
2025-09-26 18:55:10.146000;10,6
2025-09-26 17:55:10.074000;10
2025-09-26 16:55:10.108000;9,8
2025-09-26 15:55:10.060000;11,8
2025-09-26 14:55:10.114000;11,5
2025-09-26 13:55:10.116000;11,3
2025-09-26 12:55:10.119000;9,5
2025-09-26 11:55:10.153000;9,3
2025-09-26 10:55:10.140000;9,1
2025-09-26 09:55:10.152000;9,8
2025-09-26 08:55:10.076000;9,2
2025-09-26 07:55:10.124000;9,3
2025-09-26 06:55:10.124000;10
2025-09-26 05:55:10.125000;10,1
2025-09-26 04:55:10.152000;10,1
2025-09-26 03:55:10.109000;9,8
2025-09-26 02:55:10.122000;9,1
2025-09-26 01:55:10.094000;8,9
2025-09-26 00:55:10.054000;9,1
2025-09-25 23:55:10.152000;9
2025-09-25 22:55:10.106000;9,1
2025-09-25 21:55:10.112000;8,9
2025-09-25 20:55:10.076000;9,6
2025-09-25 19:55:10.152000;10,4
2025-09-25 18:55:10.076000;10,8
2025-09-25 17:55:10.149000;9,1
2025-09-25 16:55:10.143000;11,1
2025-09-25 15:55:10.108000;11,3
2025-09-25 14:55:10.152000;11,1
2025-09-25 13:55:10.153000;10,9
2025-09-25 12:55:10.152000;10,4
2025-09-25 11:55:10.152000;10
2025-09-25 10:55:10.108000;8,7
2025-09-25 09:55:10.107000;8,8
2025-09-25 08:55:10.152000;9,3
2025-09-25 07:55:10.122000;9,4
2025-09-25 06:55:10.058000;8,9
2025-09-25 05:55:10.061000;9,3
2025-09-25 04:55:10.152000;9,3
2025-09-25 03:55:10.090000;9,5
2025-09-25 02:55:10.084000;9,6
2025-09-25 01:55:10.116000;9,7
2025-09-25 00:55:10.152000;8,7
2025-09-24 23:55:10.093000;8,8
2025-09-24 22:55:10.129000;9,3
2025-09-24 21:55:10.076000;10,1
2025-09-24 20:55:10.152000;10,4
2025-09-24 19:55:10.108000;9,6
2025-09-24 18:55:10.152000;10,3
2025-09-24 17:55:10.108000;10,4
2025-09-24 16:55:10.140000;11,2
2025-09-24 15:55:10.057000;11,8
2025-09-24 14:55:10.109000;10,7
2025-09-24 13:55:10.152000;10,1
2025-09-24 12:55:10.152000;9,8
2025-09-24 11:55:10.053000;9,5
2025-09-24 10:55:10.060000;9,3
2025-09-24 09:55:10.152000;9,1
2025-09-24 08:55:10.056000;9,8
2025-09-24 07:55:10.076000;9,8
2025-09-24 06:55:10.053000;9,6
2025-09-24 05:55:10.152000;9,7
2025-09-24 04:55:10.152000;9,8
2025-09-24 03:55:10.152000;8,8
2025-09-24 02:55:10.052000;8,6
2025-09-24 01:55:10.140000;8,7
2025-09-24 00:55:10.153000;9,6
2025-09-23 23:55:10.086000;9,7
2025-09-23 22:55:10.081000;9,3
2025-09-23 21:55:10.108000;9,8
2025-09-23 20:55:10.151000;9,4
2025-09-23 19:55:10.060000;10,6
2025-09-23 18:55:10.152000;10,1
2025-09-23 17:55:10.053000;10,6
2025-09-23 16:55:10.075000;9,4
2025-09-23 15:55:10.152000;10,3
2025-09-23 14:55:10.053000;10,8
2025-09-23 13:55:10.055000;10,9
2025-09-23 12:55:10.152000;10,8
2025-09-23 11:55:10.152000;9,6
2025-09-23 10:55:10.152000;9,6
2025-09-23 09:55:10.117000;10
2025-09-23 08:55:10.145000;10,1
2025-09-23 07:55:10.144000;10,3
2025-09-23 06:55:10.074000;10,5
2025-09-23 05:55:10.152000;10,6
2025-09-23 04:55:10.152000;10,6
2025-09-23 03:55:10.075000;10,8
2025-09-23 02:55:10.152000;10,8
2025-09-23 01:55:10.064000;10,9
2025-09-23 00:55:10.153000;10,9
2025-09-22 23:55:10.152000;11,2
2025-09-22 22:55:10.089000;11,3
2025-09-22 21:55:10.152000;11,4
2025-09-22 20:55:10.075000;10,9
2025-09-22 19:55:10.075000;10,1
2025-09-22 18:55:10.152000;10,8
2025-09-22 17:55:10.140000;10,9
2025-09-22 16:55:10.108000;11
2025-09-22 15:55:10.056000;10,9
2025-09-22 14:55:10.152000;11,2
2025-09-22 13:55:10.152000;10,9
2025-09-22 12:55:10.128000;10,6
2025-09-22 11:55:10.088000;10,8
2025-09-22 10:55:10.150000;10,1
2025-09-22 09:55:10.153000;10,3
2025-09-22 08:55:10.075000;10,4
2025-09-22 07:55:10.152000;10,4
2025-09-22 06:55:10.084000;10,5
2025-09-22 05:55:10.153000;10,6
2025-09-22 04:55:10.152000;10,6
2025-09-22 03:55:10.152000;10,7
2025-09-22 02:55:10.062000;10,9
2025-09-22 01:55:10.152000;10,9
2025-09-22 00:55:10.152000;9,6
2025-09-21 23:55:10.140000;10,3
2025-09-21 22:55:10.153000;11,7
2025-09-21 21:55:10.152000;11,9
2025-09-21 20:55:10.153000;11,8
2025-09-21 19:55:10.075000;11,8
2025-09-21 18:55:10.075000;10,9
2025-09-21 17:55:10.152000;10,9
2025-09-21 16:55:10.060000;11,5
2025-09-21 15:55:10.053000;13,1
2025-09-21 14:55:10.152000;13,3
2025-09-21 13:55:10.056000;12,8
2025-09-21 12:55:10.123000;13,1
2025-09-21 11:55:10.140000;13
2025-09-21 10:55:10.152000;13,1
2025-09-21 09:55:10.088000;13,1
2025-09-21 08:55:10.152000;13,5
2025-09-21 07:55:10.152000;12,8
2025-09-21 06:55:10.152000;13,8
2025-09-21 05:55:10.152000;13,9
2025-09-21 04:55:10.152000;14,1
2025-09-21 03:55:10.152000;14,3
2025-09-21 02:55:10.153000;14,4
2025-09-21 01:55:10.152000;14,6
2025-09-21 00:55:10.152000;14,8
2025-09-20 23:55:10.055000;14,9
2025-09-20 22:55:10.153000;15
2025-09-20 21:55:10.147000;15,1
2025-09-20 20:55:10.076000;15,4
2025-09-20 19:55:10.076000;15,9
2025-09-20 18:55:10.148000;13,7
2025-09-20 17:55:10.152000;17
2025-09-20 16:55:10.060000;14,4
2025-09-20 15:55:10.124000;14,1
2025-09-20 14:55:10.153000;16,9
2025-09-20 13:55:10.140000;13,6
2025-09-20 12:55:10.153000;13,4
2025-09-20 11:55:10.153000;14,6
2025-09-20 10:55:10.152000;13,3
2025-09-20 09:55:10.076000;12,8
2025-09-20 08:55:10.152000;12,7
2025-09-20 07:55:10.070000;11,9
2025-09-20 06:55:10.152000;11,6
2025-09-20 05:55:10.108000;10,1
2025-09-20 04:55:10.153000;9,8
2025-09-20 03:55:10.152000;11,5
2025-09-20 02:55:10.153000;11,6
2025-09-20 01:55:10.073000;13,8
2025-09-20 00:55:10.110000;11,8
2025-09-19 23:55:10.153000;9,8
2025-09-19 22:55:10.075000;10,1
2025-09-19 21:55:10.152000;10,8
2025-09-19 20:55:10.135000;14,4
2025-09-19 19:55:10.151000;13,2
2025-09-19 18:55:09.651000;13,4
2025-09-19 17:55:09.650000;15,3
2025-09-19 16:55:09.550000;14,9
2025-09-19 15:55:09.750000;15,6
2025-09-19 14:55:09.524000;15,6
2025-09-19 13:58:52.594000;15
2025-09-19 12:58:52.694000;12,9
2025-09-19 11:58:52.494000;12,9
2025-09-19 10:58:52.505000;12,4
2025-09-19 09:58:52.895000;12,5
2025-09-19 08:58:52.625000;12,6
2025-09-19 07:58:52.561000;12,6
2025-09-19 07:13:41.971000;12,8
2025-09-19 06:13:41.968000;12,6
2025-09-19 05:13:41.963000;12,9
2025-09-19 04:13:41.973000;12,9
2025-09-19 03:13:41.978000;12,8
2025-09-19 02:13:41.947000;12,5
2025-09-19 01:13:41.947000;12,8
2025-09-19 00:13:41.947000;12,5
2025-09-18 23:13:41.982000;13,4
2025-09-18 22:13:41.982000;13,1
2025-09-18 21:13:41.982000;13,7
2025-09-18 20:13:41.982000;13,4
2025-09-18 19:13:41.982000;14,4
2025-09-18 18:13:41.979000;13,6
2025-09-18 17:13:41.963000;13,5
2025-09-18 16:13:41.969000;13,6
2025-09-18 15:13:41.970000;13,8
2025-09-18 14:13:41.963000;14,8
2025-09-18 13:13:41.971000;14,3
2025-09-18 12:13:41.977000;13,5
2025-09-18 11:13:41.970000;12,6
2025-09-18 10:13:41.947000;11,7
2025-09-18 09:13:41.971000;11,7
2025-09-18 08:13:41.971000;11,8
2025-09-18 07:13:41.971000;11,9
2025-09-18 06:13:41.954000;12,1
2025-09-18 05:13:41.975000;12,2
2025-09-18 04:13:41.947000;12,4
2025-09-18 03:13:41.975000;12,6
2025-09-18 02:13:41.965000;12,8
2025-09-18 01:13:41.975000;13
2025-09-18 00:13:41.975000;13,2
2025-09-17 23:13:41.975000;13,2
2025-09-17 22:13:41.955000;13,2
2025-09-17 21:13:41.975000;13,2
2025-09-17 20:13:41.983000;13,3
2025-09-17 19:13:41.975000;13,6
2025-09-17 18:13:41.958000;14,3
2025-09-17 17:13:41.482000;14,9
2025-09-17 15:13:41.930000;14,9
2025-09-17 14:13:41.322000;14,2
2025-09-17 13:13:41.581000;13,5
2025-09-17 12:13:41.682000;12,7
2025-09-17 11:13:41.101000;12,7
2025-09-17 10:44:49.077000;12,3
2025-09-17 09:44:49.095000;11,8
2025-09-17 08:44:48.375000;11,8
2025-09-17 08:37:48.497000;11,8
2025-09-17 07:37:48.452000;11,9
2025-09-17 06:37:48.497000;11,9
2025-09-17 05:37:48.497000;11,8
2025-09-17 04:37:48.497000;11,9
2025-09-17 03:37:48.497000;12,1
2025-09-17 02:37:48.497000;12,4
2025-09-17 01:37:48.497000;12,8
2025-09-17 00:37:48.496000;13,1
2025-09-16 23:37:48.420000;13,4
2025-09-16 22:37:48.496000;13,7
2025-09-16 21:37:50.715000;13,6
2025-09-16 20:37:51.654000;13,6
2025-09-16 19:37:51.654000;13,6
2025-09-16 18:37:51.632000;14,1
2025-09-16 17:37:51.652000;14,4
2025-09-16 16:37:51.052000;14,6
2025-09-16 15:37:51.423000;14,6
2025-09-16 15:18:45.141000;14,5
2025-09-16 14:18:44.644000;14,4
2025-09-16 13:18:44.654000;14,1
2025-09-16 12:18:45.144000;14,1
2025-09-16 11:18:44.973000;13
2025-09-16 10:18:49.061000;13
2025-09-06 18:36:30.860000;15,1
2025-09-06 17:36:30.359000;16,1
2025-09-06 16:36:30.259000;16,1
2025-09-06 15:36:30.859000;16,1
2025-09-06 14:36:30.259000;15,2
2025-09-06 13:36:30.259000;14,4
2025-09-06 12:36:30.860000;14,4
2025-09-06 11:36:30.660000;12,2
2025-09-06 10:36:30.360000;11,5
2025-09-06 09:36:30.559000;10,7
2025-09-06 08:36:30.360000;10,6
2025-09-06 07:36:30.859000;10,6
2025-09-06 06:36:30.228000;10,8
2025-09-06 05:36:30.859000;10,8
2025-09-06 04:36:30.360000;10,9
2025-09-06 03:36:30.359000;9,4
2025-09-06 02:36:30.359000;9,1
2025-09-06 01:36:30.860000;9,1
2025-09-06 00:36:30.868000;9,2
2025-09-05 23:36:30.659000;10,9
2025-09-05 22:36:30.861000;10,9
2025-09-05 21:36:30.259000;13,3
2025-09-05 20:36:28.489000;13,7
2025-09-05 19:36:28.495000;13,7
2025-09-05 18:36:28.895000;13,8
2025-09-05 17:36:28.495000;14
2025-09-05 16:36:29.095000;14
2025-09-05 15:36:28.495000;13,6
2025-09-05 14:36:28.695000;13,1
2025-09-05 13:36:28.495000;12,3
2025-09-05 12:36:28.495000;9,9
2025-09-05 11:36:28.487000;9,3
2025-09-05 10:36:28.795000;9,8
2025-09-05 09:36:28.796000;11,7
2025-09-05 08:36:28.996000;10,8
2025-09-05 07:36:28.796000;10,9
2025-09-05 06:36:28.695000;11,1
2025-09-05 05:36:29.083000;11,1
2025-09-05 04:36:28.595000;11,7
2025-09-05 03:36:28.495000;11,6
2025-09-05 02:36:28.495000;11,4
2025-09-05 01:36:28.495000;12,5
2025-09-05 00:36:28.996000;12,2
2025-09-04 23:36:28.596000;13,4
2025-09-04 22:36:29.095000;13,4
2025-09-04 21:36:28.595000;13,8
2025-09-04 20:36:29.095000;13,8
2025-09-04 18:36:28.595000;14,3
2025-09-04 17:36:28.559000;14,6
2025-09-04 16:36:28.895000;14,6
2025-09-04 15:36:28.996000;14,8
2025-09-04 14:36:28.695000;14,5
2025-09-04 13:36:29.096000;14,5
2025-09-04 12:36:28.795000;13,9
2025-09-04 10:36:28.595000;13
2025-09-04 09:36:29.096000;13
2025-09-04 08:36:28.896000;13,3
2025-09-04 07:36:28.695000;13,3
2025-09-04 06:36:28.741000;13,3
2025-09-04 05:36:28.494000;13,4
2025-09-04 04:36:28.595000;13,4
2025-09-04 01:36:28.595000;13,9
2025-09-04 00:36:28.565000;14,1
2025-09-03 23:36:28.473000;14,1
2025-09-03 22:36:29.097000;14,1
2025-09-03 21:36:31.894000;14,1
2025-09-03 20:36:33.545000;14,2
2025-09-03 19:36:33.345000;14,6
2025-09-03 18:36:33.291000;15,2
2025-09-03 17:36:33.445000;15,4
2025-09-03 16:36:33.846000;15,4
2025-09-03 15:36:33.445000;15,1
2025-09-03 14:36:33.445000;14,6
2025-09-03 12:36:33.345000;12,9
2025-09-03 11:36:33.846000;12,9
2025-09-03 10:36:33.245000;11,4
2025-09-03 09:36:33.245000;11,4
2025-09-03 08:36:33.345000;11,4
2025-09-03 07:36:33.281000;11,6
2025-09-03 06:36:33.445000;11,7
2025-09-03 05:36:33.345000;11,8
2025-09-03 04:36:33.245000;12
2025-09-03 03:36:33.346000;12,2
2025-09-03 02:36:33.859000;12,2
2025-09-03 01:36:33.345000;12,6
2025-09-03 00:36:33.646000;12,8
2025-09-02 23:36:33.245000;12,9
2025-09-02 22:36:33.845000;12,9
2025-09-02 21:36:33.445000;13,2
2025-09-02 20:36:33.902000;13,2
2025-09-02 19:36:34.503000;13,2
2025-09-02 18:36:33.902000;13,8
2025-09-02 17:36:34.503000;13,8
2025-09-02 16:36:33.858000;14,1
2025-09-02 15:36:34.304000;13,9
2025-09-02 14:36:34.422000;13,9
2025-09-02 13:36:34.002000;12,7
2025-09-02 12:36:34.503000;12,7
2025-09-02 11:36:34.488000;12,1
2025-09-02 10:36:33.921000;11,2
2025-09-02 09:36:34.002000;11,1
2025-09-02 08:36:34.003000;11,3
2025-09-02 07:36:34.503000;11,3
2025-09-02 06:36:34.407000;11,3
2025-09-02 05:36:33.910000;11,8
2025-09-02 04:36:34.003000;11,9
2025-09-02 03:36:34.503000;11,9
2025-09-02 01:36:34.202000;12,4
2025-09-02 00:36:34.002000;12,6
2025-09-01 23:36:33.914000;12,8
2025-09-01 22:36:34.503000;12,8
2025-09-01 21:36:34.002000;13,2
2025-09-01 20:36:33.902000;13,5
2025-09-01 19:36:34.503000;13,5
2025-09-01 18:36:33.902000;13,3
2025-09-01 17:36:34.103000;13,3
2025-09-01 16:36:34.402000;13,5
2025-09-01 15:36:34.472000;13,5
2025-09-01 13:36:33.902000;13,8
2025-09-01 12:36:34.303000;12,8
2025-09-01 11:36:33.974000;12,2
2025-09-01 10:36:34.002000;11,8
2025-09-01 09:36:34.469000;11,8
2025-09-01 08:36:34.002000;11,7
2025-09-01 06:36:34.004000;12
2025-09-01 05:36:33.902000;12,3
2025-09-01 04:36:33.889000;12,4
2025-09-01 03:36:33.903000;12,7
2025-09-01 02:36:33.870000;13
2025-09-01 01:36:33.902000;13,5
2025-09-01 00:36:34.002000;12,3
2025-08-31 23:36:33.902000;13,5
2025-08-31 22:36:34.103000;13,3
2025-08-31 21:36:34.503000;13,3
2025-08-31 20:36:34.965000;15,6
2025-08-31 19:36:35.365000;14,5
2025-08-31 18:36:35.465000;14,5
2025-08-31 17:36:35.064000;14,4
2025-08-31 16:36:35.465000;14,4
2025-08-31 15:36:34.864000;14,6
2025-08-31 14:36:35.465000;14,6
2025-08-31 13:36:35.164000;13,9
2025-08-31 12:36:35.464000;13,9
2025-08-31 11:36:34.865000;12,6
2025-08-31 10:36:34.864000;12,3
2025-08-31 09:36:35.466000;12,3
2025-08-31 08:36:34.876000;12,4
2025-08-31 07:36:35.102000;12,6
2025-08-31 06:36:34.964000;12,6
2025-08-31 05:36:35.445000;12,6
2025-08-31 04:36:35.466000;12,6
2025-08-31 03:36:34.864000;12,6
2025-08-31 02:36:35.064000;12,6
2025-08-31 00:36:34.964000;12,8
2025-08-30 23:36:35.465000;12,8
2025-08-30 22:36:34.864000;12,6
2025-08-30 21:36:34.884000;12,6
2025-08-30 20:36:34.864000;13,6
2025-08-30 19:36:35.465000;13,6
2025-08-30 18:36:34.864000;14,5
2025-08-30 17:36:34.964000;14,4
2025-08-30 16:36:34.864000;14,4
2025-08-30 15:36:35.165000;14
2025-08-30 14:36:35.465000;14
2025-08-30 13:36:35.352000;12,6
2025-08-30 12:36:35.164000;11,9
2025-08-30 11:36:34.864000;11,4
2025-08-30 10:36:34.864000;11,3
2025-08-30 06:36:35.465000;11,2
2025-08-30 04:36:34.864000;11,8
2025-08-30 03:36:34.863000;12
2025-08-30 02:36:34.864000;11,8
2025-08-30 01:36:35.464000;11,8
2025-08-29 23:36:34.863000;11,9
2025-08-29 22:36:35.465000;11,9
2025-08-29 21:36:34.768000;11,8
2025-08-29 19:36:34.964000;12,5
2025-08-29 18:36:34.864000;12,4
2025-08-29 17:36:35.165000;13
2025-08-29 16:36:34.864000;12,9
2025-08-29 15:36:34.965000;12,5
2025-08-29 14:36:35.164000;12,1
2025-08-29 13:36:34.864000;11,7
2025-08-29 12:36:35.472000;11,7
2025-08-29 11:36:35.465000;11,5
2025-08-29 10:36:35.465000;11,1
2025-08-29 09:36:35.064000;10,8
2025-08-29 08:36:34.864000;10,8
2025-08-29 07:36:34.811000;11
2025-08-29 06:36:34.977000;11,3
2025-08-29 05:36:35.064000;11,6
2025-08-29 04:36:35.064000;11,7
2025-08-29 02:36:35.365000;12,5
2025-08-29 01:36:35.364000;10,9
2025-08-29 00:36:34.964000;11,3
2025-08-28 23:36:34.846000;11,6
2025-08-28 21:36:34.965000;12,3
2025-08-28 20:36:34.864000;12,1
2025-08-28 19:36:34.864000;12,4
2025-08-28 18:36:34.864000;12,4
2025-08-28 17:36:35.465000;12,4
2025-08-28 16:36:34.964000;12,4
2025-08-28 15:36:35.364000;12,5
2025-08-28 14:36:34.864000;12,5
2025-08-28 13:36:35.466000;12,5
2025-08-28 12:36:34.984000;12
2025-08-28 11:36:34.864000;12,3
2025-08-28 10:36:34.864000;12,5
2025-08-28 09:36:35.361000;12,5
2025-08-28 08:36:35.465000;12,5
2025-08-28 07:36:35.365000;12,9
2025-08-28 06:36:35.405000;12,9
2025-08-28 05:36:35.065000;12,9
2025-08-28 04:36:35.462000;12,9
2025-08-28 03:36:35.464000;12,9
2025-08-28 02:36:34.864000;12,7
2025-08-28 01:36:34.916000;13,4
2025-08-27 23:36:35.464000;14,3
2025-08-27 22:36:35.365000;12,6
2025-08-27 21:36:34.865000;13,3
2025-08-27 20:36:34.864000;14,1
2025-08-27 19:36:34.965000;13,8
2025-08-27 18:36:35.464000;13,8
2025-08-27 17:36:34.864000;13,6
2025-08-27 16:36:35.464000;13,6
2025-08-27 15:36:34.864000;12,8
2025-08-27 14:36:34.964000;13,4
2025-08-27 13:36:35.465000;13,4
2025-08-27 12:36:34.964000;11,3
2025-08-27 11:36:35.465000;11,3
2025-08-27 10:36:35.465000;11,4
2025-08-27 09:36:35.465000;11,1
2025-08-27 08:36:34.864000;11,2
2025-08-27 07:36:35.064000;11,3
2025-08-27 06:36:34.964000;11,3
2025-08-27 05:36:34.964000;10,9
2025-08-27 04:36:34.964000;10,6
2025-08-27 03:36:35.465000;10,6
2025-08-27 02:36:35.464000;10,8
2025-08-27 01:36:34.864000;11,4
2025-08-27 00:36:34.864000;13,3
2025-08-26 23:36:34.864000;13,6
2025-08-26 22:36:35.164000;11,9
2025-08-26 21:36:35.455000;15,5
2025-08-26 20:36:35.609000;15,6
2025-08-26 19:36:36.210000;15,6
2025-08-26 18:36:36.208000;15,5
2025-08-26 17:36:35.608000;13,4
2025-08-26 16:36:35.608000;15,4
2025-08-26 15:36:35.608000;15,2
2025-08-26 14:36:35.708000;14,9
2025-08-26 13:36:36.209000;14,9
2025-08-26 12:36:35.708000;11,6
2025-08-26 11:36:36.209000;11,6
2025-08-26 10:36:36.210000;10,8
2025-08-26 09:36:35.708000;13,4
2025-08-26 08:36:35.708000;11,4
2025-08-26 07:36:36.123000;11,4
2025-08-26 06:36:35.608000;13,3
2025-08-26 05:36:36.210000;13,3
2025-08-26 04:36:35.609000;12,8
2025-08-26 03:36:35.561000;11,9
2025-08-26 02:36:36.137000;11,9
2025-08-26 01:36:36.109000;13,4
2025-08-26 00:36:35.608000;13,8
2025-08-25 23:36:37.810000;14,2
2025-08-25 22:36:39.473000;14,2
2025-08-25 21:36:38.872000;15,4
2025-08-25 20:36:38.901000;15,4
2025-08-25 19:36:38.925000;15,9
2025-08-25 17:36:38.911000;16,7
2025-08-25 16:36:38.925000;17,4
2025-08-25 15:36:38.423000;16,9
2025-08-25 13:36:38.723000;15,4
2025-08-25 12:36:38.423000;14,7
2025-08-25 11:36:38.323000;13,9
2025-08-25 10:36:38.323000;13,6
2025-08-25 09:36:38.423000;13,4
2025-08-25 08:36:38.924000;13,4
2025-08-25 07:36:38.492000;13,5
2025-08-25 06:36:38.864000;13,5
2025-08-25 05:36:38.623000;13,8
2025-08-25 04:36:38.823000;13,8
2025-08-25 03:36:38.923000;13,8
2025-08-25 02:36:38.323000;14,1
2025-08-25 01:36:38.323000;13,9
2025-08-25 00:36:38.524000;13,9
2025-08-24 22:36:37.452000;14,2
2025-08-24 21:36:38.285000;14,6
2025-08-24 20:36:39.834000;14,6
2025-08-24 19:36:39.835000;14,8
2025-08-24 18:36:39.835000;15,3
2025-08-24 17:36:39.234000;15,9
2025-08-24 16:36:39.835000;15,9
2025-08-24 15:36:39.333000;16,6
2025-08-24 14:36:39.234000;15,6
2025-08-24 13:36:39.334000;15
2025-08-24 12:36:39.334000;14,1
2025-08-24 11:36:39.435000;13,3
2025-08-24 10:36:39.635000;12,7
2025-08-24 09:36:39.166000;12,9
2025-08-24 08:36:39.835000;12,9
2025-08-24 07:36:39.834000;12,8
2025-08-24 06:36:39.334000;13,2
2025-08-24 05:36:39.834000;13,2
2025-08-24 04:36:39.334000;13,7
2025-08-24 03:36:39.634000;13,7
2025-08-24 02:36:39.234000;13,8
2025-08-24 01:36:40.248000;13,9
2025-08-24 00:36:40.466000;13,9
2025-08-23 23:36:41.464000;14,2
2025-08-23 22:36:43.719000;14,2
23/08/2025 21:36;14,8
2025-08-23 20:36:43.145000;15
2025-08-23 19:36:43.045000;16
2025-08-23 18:36:43.045000;16,4
2025-08-23 17:36:43.044000;16,9
2025-08-23 16:36:43.044000;16,6
2025-08-23 15:36:42.956000;16,4
2025-08-23 14:36:43.176000;15,8
2025-08-23 13:36:43.578000;15,8
2025-08-23 12:36:43.645000;15,1
2025-08-23 11:36:43.645000;14,3
2025-08-23 10:36:43.144000;13,1
2025-08-23 09:36:43.045000;12,9
2025-08-23 08:36:43.645000;12,9
2025-08-23 07:36:43.645000;13
2025-08-23 06:36:43.144000;13,1
2025-08-23 05:36:43.044000;13,3
2025-08-23 04:36:43.044000;13,3
2025-08-23 03:36:43.044000;13
2025-08-23 02:36:43.144000;12,8
2025-08-23 01:36:43.044000;12,8
2025-08-23 00:36:42.589000;13,1
2025-08-22 23:36:43.750000;12,9
2025-08-22 22:36:44.344000;13,4
2025-08-22 21:36:44.132000;13,4
2025-08-22 20:36:41.849000;13,8
2025-08-22 18:36:41.849000;14
2025-08-22 17:36:42.351000;14
2025-08-22 16:36:41.850000;15
2025-08-22 14:36:41.749000;13,9
2025-08-22 13:36:41.850000;13,4
2025-08-22 12:36:41.749000;13,1
2025-08-22 11:36:41.950000;12,9
2025-08-22 10:36:42.349000;12,9
2025-08-22 09:36:42.150000;12,8
2025-08-22 08:36:41.749000;12,7
2025-08-22 07:36:42.349000;12,7
2025-08-22 06:36:41.949000;12,8
2025-08-22 05:36:42.350000;12,8
2025-08-22 04:36:42.350000;12,9
2025-08-22 03:36:41.753000;13,2
2025-08-22 02:36:41.653000;13,2
2025-08-22 00:36:46.257000;13,5
2025-08-21 23:36:47.656000;13,6
2025-08-21 22:36:45.838000;13,8
2025-08-21 21:36:44.543000;13,8
2025-08-21 20:36:44.877000;13,9
2025-08-21 19:36:44.978000;13,9
2025-08-21 18:36:44.927000;13,9
2025-08-21 17:36:44.377000;13,9
2025-08-21 15:36:44.377000;13,6
2025-08-21 14:36:44.878000;13,4
2025-08-21 13:36:44.477000;13,2
2025-08-21 12:36:44.910000;13,2
2025-08-21 11:36:44.377000;13,1
2025-08-21 10:36:44.778000;13
2025-08-21 09:36:44.377000;13
2025-08-21 08:36:44.478000;13,1
2025-08-21 07:36:44.549000;13,3
2025-08-21 06:36:44.377000;13,4
2025-08-21 05:36:44.677000;13,5
2025-08-21 04:36:44.313000;13,6
2025-08-21 03:36:44.477000;13,6
2025-08-21 02:36:44.377000;13,7
2025-08-21 01:36:44.245000;13,8
2025-08-21 00:36:44.381000;14
2025-08-20 23:36:45.581000;14,1
2025-08-20 22:36:48.419000;14,1
2025-08-20 20:36:47.883000;14,7
2025-08-20 19:36:47.482000;15
2025-08-20 18:36:47.882000;15
2025-08-20 17:36:47.682000;15,3
2025-08-20 16:36:47.482000;15,6
2025-08-20 15:36:47.325000;15,8
2025-08-20 14:36:47.382000;15,3
2025-08-20 13:36:47.289000;14,7
2025-08-20 12:36:47.882000;14,7
2025-08-20 11:36:47.481000;14,1
2025-08-20 10:36:47.281000;13,8
2025-08-20 09:36:47.864000;13,8
2025-08-20 08:36:47.682000;13,8
2025-08-20 07:36:47.483000;13,8
2025-08-20 06:36:47.199000;13,8
2025-08-20 05:36:47.282000;13,9
2025-08-20 04:36:47.882000;13,9
2025-08-20 03:36:47.286000;14,2
2025-08-20 01:36:47.783000;14,4
2025-08-20 00:36:47.582000;14,6
2025-08-19 23:36:47.882000;14,6
2025-08-19 22:36:47.784000;15
2025-08-19 21:36:46.963000;15,1
2025-08-19 20:36:46.575000;15,1
2025-08-19 19:36:46.575000;15,3
2025-08-19 18:36:46.074000;15,5
2025-08-19 17:36:46.574000;15,5
2025-08-19 16:36:46.275000;16,2
2025-08-19 15:36:46.574000;16,2
2025-08-19 14:36:46.074000;16
2025-08-19 13:36:46.274000;15,7
2025-08-19 12:36:45.974000;14,9
2025-08-19 11:36:45.974000;14,6
2025-08-19 10:36:46.574000;14,6
2025-08-19 09:36:46.574000;14,4
2025-08-19 08:36:46.552000;14,4
2025-08-19 07:36:46.574000;14,4
2025-08-19 06:36:45.974000;14,6
2025-08-19 05:36:45.974000;14,6
2025-08-19 04:36:46.574000;14,6
2025-08-19 03:36:46.174000;14,2
2025-08-19 02:36:45.974000;14,3
2025-08-19 01:36:46.476000;14,3
2025-08-19 00:36:46.074000;15,5
2025-08-18 23:36:45.166000;15,6
2025-08-18 22:36:44.517000;15,8
2025-08-18 21:36:45.372000;15,9
2025-08-18 20:36:45.384000;16,1
2025-08-18 19:36:44.983000;16,6
2025-08-18 18:36:45.091000;16,8
2025-08-18 17:36:44.984000;15,2
2025-08-18 16:36:45.084000;11
2025-08-18 15:36:45.050000;16,4
2025-08-18 14:36:45.184000;16,1
2025-08-18 13:36:45.183000;16,3
2025-08-18 12:36:44.983000;15,7
2025-08-18 11:36:45.584000;15,7
2025-08-18 10:36:44.983000;14,3
2025-08-18 09:36:45.584000;14,3
2025-08-18 08:36:45.096000;12,2
2025-08-18 07:36:45.585000;12,2
2025-08-18 06:36:45.083000;12,3
2025-08-18 05:36:45.084000;14,6
2025-08-18 04:36:45.185000;12,8
2025-08-18 03:36:45.083000;12,9
2025-08-18 02:36:44.983000;15
2025-08-18 01:36:44.983000;10,3
2025-08-18 00:36:45.557000;10,3
2025-08-17 23:36:46.613000;12,1
2025-08-17 22:36:46.014000;15,1
2025-08-17 21:36:45.858000;12,3
2025-08-17 20:36:45.541000;12,5
2025-08-17 19:36:45.212000;15,2
2025-08-17 18:36:45.741000;15,2
2025-08-17 17:36:45.741000;15,4
2025-08-17 16:36:45.441000;16,7
2025-08-17 15:36:45.440000;14,4
2025-08-17 14:36:45.240000;14,8
2025-08-17 13:36:45.742000;14,8
2025-08-17 12:36:45.713000;12,9
2025-08-17 11:36:45.313000;12,9
2025-08-17 10:36:45.240000;10,6
2025-08-17 09:36:45.341000;11,8
2025-08-17 08:36:45.240000;13
2025-08-17 07:36:45.240000;11,9
2025-08-17 06:36:45.741000;11,9
2025-08-17 04:36:45.341000;12,6
2025-08-17 03:36:45.241000;12,1
2025-08-17 02:36:45.477000;14,7
2025-08-17 01:36:45.240000;13,1
2025-08-17 00:36:44.983000;13,1
2025-08-16 23:36:41.753000;14,4
2025-08-16 22:36:41.852000;11,3
2025-08-16 21:36:41.204000;11,3
2025-08-16 20:36:40.160000;13,8
2025-08-16 19:36:40.059000;13,8
2025-08-16 18:36:40.260000;17,5
2025-08-16 17:36:40.660000;17,5
2025-08-16 16:36:40.561000;15,1
2025-08-16 15:36:40.660000;15,1
2025-08-16 14:36:40.060000;14,1
2025-08-16 13:36:40.660000;14,1
2025-08-16 12:36:40.659000;12,3
2025-08-16 11:36:40.660000;13,1
2025-08-16 10:36:40.459000;12,6
2025-08-16 09:36:40.359000;11,4
2025-08-16 08:36:40.060000;11,6
2025-08-16 07:36:40.060000;12,2
2025-08-16 06:36:40.560000;11,9
2025-08-16 05:36:40.361000;13,3
2025-08-16 04:36:40.660000;13,3
2025-08-16 03:36:40.661000;12,1
2025-08-16 02:36:40.360000;11
2025-08-16 01:36:40.160000;13,2
2025-08-16 00:36:42.193000;13,3
2025-08-15 23:36:42.701000;12,4
2025-08-15 22:36:43.378000;14,3
2025-08-15 21:36:42.953000;13,6
2025-08-15 20:36:42.816000;14,1
2025-08-15 19:36:42.716000;15,3
2025-08-15 18:36:42.816000;16
2025-08-15 17:36:42.716000;14,9
2025-08-15 16:36:42.716000;15,1
2025-08-15 15:36:43.324000;15,1
2025-08-15 13:36:42.916000;15,3
2025-08-15 12:36:42.716000;13,4
2025-08-15 11:36:42.816000;14
2025-08-15 10:36:42.916000;12,7
2025-08-15 09:36:42.717000;13,8
2025-08-15 08:36:43.316000;13,8
2025-08-15 07:36:42.817000;14,1
2025-08-15 06:36:43.317000;14,1
2025-08-15 05:36:42.716000;14,6
2025-08-15 04:36:42.716000;12,3
2025-08-15 02:36:42.816000;12,9
2025-08-15 01:36:43.487000;10,6
2025-08-15 00:36:45.884000;10,6
2025-08-14 23:36:44.647000;14,6
2025-08-14 22:36:43.979000;9,8
2025-08-14 21:36:42.180000;16
2025-08-14 20:36:40.593000;13,8
2025-08-14 19:36:40.974000;13,6
2025-08-14 18:36:41.074000;13,6
2025-08-14 17:36:40.473000;15,8
2025-08-14 16:36:40.574000;15,4
2025-08-14 15:36:40.573000;15,2
2025-08-14 14:36:40.574000;17,4
2025-08-14 13:36:40.473000;14,8
2025-08-14 12:36:41.075000;14,8
2025-08-14 11:36:40.573000;13,1
2025-08-14 10:36:40.574000;13
2025-08-14 09:36:40.674000;13,3
2025-08-14 08:36:40.581000;13,9
2025-08-14 07:36:40.573000;13,6
2025-08-14 06:36:41.039000;13,6
2025-08-14 05:36:40.574000;12,6
2025-08-14 04:36:41.074000;12,6
2025-08-14 03:36:40.573000;12,8
2025-08-14 02:36:41.075000;12,8
2025-08-14 01:36:40.869000;11,1
2025-08-14 00:36:40.666000;12,4
2025-08-13 23:36:39.644000;11,3
2025-08-13 22:36:37.236000;11,6
2025-08-13 21:36:37.537000;14,2
2025-08-13 20:36:36.884000;12,1
2025-08-13 19:36:36.934000;12,1
2025-08-13 18:36:37.134000;12,7
2025-08-13 16:36:37.034000;15,8
2025-08-13 15:36:36.934000;18
2025-08-13 14:36:37.134000;13,9
2025-08-13 13:36:37.491000;13,9
2025-08-13 12:36:37.235000;10,9
2025-08-13 11:36:36.935000;10,8
2025-08-13 10:36:37.035000;10,4
2025-08-13 09:36:37.034000;10,6
2025-08-13 08:36:36.935000;10,5
2025-08-13 07:36:37.536000;10,5
2025-08-13 06:36:37.135000;10,8
2025-08-13 05:36:37.135000;10,8
2025-08-13 04:36:37.335000;10,9
2025-08-13 03:36:36.934000;11,1
2025-08-13 02:36:36.934000;11,6
2025-08-13 01:36:37.535000;11,6
2025-08-13 00:36:37.638000;15,2
2025-08-12 23:36:38.365000;13,8
2025-08-12 22:36:38.364000;14,4
2025-08-12 21:36:37.653000;12,7
2025-08-12 20:36:36.922000;13
2025-08-12 19:36:36.721000;15,4
2025-08-12 18:36:36.721000;15,6
2025-08-12 17:36:36.821000;16,2
2025-08-12 16:36:37.322000;16,2
2025-08-12 15:36:36.721000;14,7
2025-08-12 14:36:36.721000;14,2
2025-08-12 13:36:36.821000;12,4
2025-08-12 12:36:36.722000;10,6
2025-08-12 11:36:36.922000;10,1
2025-08-12 10:36:36.821000;10,4
2025-08-12 09:36:36.821000;10,4
2025-08-12 08:36:36.771000;10,5
2025-08-12 07:36:37.323000;10,5
2025-08-12 06:36:36.922000;10,8
2025-08-12 05:36:36.922000;10,7
2025-08-12 04:36:36.761000;10,9
2025-08-12 03:36:36.822000;10,9
2025-08-12 02:36:36.761000;11,1
2025-08-12 00:36:37.382000;11,4
2025-08-11 23:36:37.948000;11,4
2025-08-11 22:36:36.501000;12,6
2025-08-11 21:36:36.421000;12,6
2025-08-11 20:36:35.482000;13,7
2025-08-11 19:36:34.855000;13,4
2025-08-11 18:36:35.054000;16,5
2025-08-11 17:36:35.455000;16,5
2025-08-11 16:36:35.426000;16
2025-08-11 14:36:34.954000;15,2
2025-08-11 13:36:35.054000;14,6
2025-08-11 12:36:35.455000;14,6
2025-08-11 11:36:34.778000;12,5
2025-08-11 10:36:34.854000;11
2025-08-11 09:36:35.054000;11,6
2025-08-11 08:36:35.447000;11,6
2025-08-11 07:36:35.455000;10,7
2025-08-11 06:36:35.455000;10,7
2025-08-11 05:36:34.955000;12,3
2025-08-11 04:36:34.854000;12,8
2025-08-11 03:36:35.055000;14,8
2025-08-11 02:36:35.268000;14,3
2025-08-11 01:36:35.455000;14,3
2025-08-11 00:36:35.154000;14,6
2025-08-10 23:36:35.054000;14,1
2025-08-10 22:36:33.749000;14,1
2025-08-10 20:36:34.049000;15,6
2025-08-10 19:36:34.549000;15,6
2025-08-10 18:36:34.049000;15,8
2025-08-10 17:36:33.948000;18,6
2025-08-10 16:36:34.248000;15,1
2025-08-10 15:36:34.550000;15,1
2025-08-10 14:36:34.114000;17,6
2025-08-10 13:36:34.549000;17,6
2025-08-10 12:36:34.549000;13,9
2025-08-10 11:36:34.048000;12,9
2025-08-10 10:36:33.948000;13,9
2025-08-10 09:36:33.948000;13,6
2025-08-10 08:36:33.949000;13,3
2025-08-10 07:36:34.508000;13,3
2025-08-10 05:36:34.050000;13,9
2025-08-10 04:36:33.918000;13,7
2025-08-10 03:36:34.549000;13,7
2025-08-10 02:36:33.948000;13,6
2025-08-10 01:36:34.449000;14,2
2025-08-10 00:36:33.915000;14,2
2025-08-09 23:36:32.519000;15,8
2025-08-09 22:36:33.872000;15,8
2025-08-09 21:36:33.403000;13,1
2025-08-09 20:36:32.396000;15,8
2025-08-09 19:36:32.498000;18,8
2025-08-09 18:36:32.797000;19,2
2025-08-09 17:36:32.396000;16,3
2025-08-09 14:36:32.297000;17,4
2025-08-09 13:36:32.897000;17,4
2025-08-09 12:36:32.697000;12,4
2025-08-09 11:36:32.297000;12,4
2025-08-09 10:36:32.597000;12,3
2025-08-09 09:36:32.897000;12,3
2025-08-09 08:36:32.898000;13,4
2025-08-09 07:36:32.876000;13,1
2025-08-09 05:36:32.296000;13,1
2025-08-09 04:36:32.496000;12,1
2025-08-09 03:36:32.898000;12,1
2025-08-09 02:36:32.697000;11,4
2025-08-09 01:36:32.897000;11,4
2025-08-09 00:36:32.245000;13,4
2025-08-08 23:36:32.064000;13,4
2025-08-08 22:36:33.078000;15,5
2025-08-08 21:36:33.358000;12,6
2025-08-08 20:36:33.526000;12,7
2025-08-08 19:36:33.531000;14,4
2025-08-08 18:36:33.430000;14,8
2025-08-08 17:36:33.455000;17,9
2025-08-08 16:36:33.579000;15,6
2025-08-08 15:36:33.831000;15,5
2025-08-08 14:36:33.986000;15,5
2025-08-08 13:36:33.730000;16,8
2025-08-08 12:36:33.730000;12,8
2025-08-08 11:36:33.538000;11,8
2025-08-08 10:36:33.430000;10,8
2025-08-08 09:36:33.431000;10,1
2025-08-08 08:36:33.527000;11
2025-08-08 07:36:33.631000;12,3
2025-08-08 06:36:34.031000;12,3
2025-08-08 05:36:33.507000;14,8
2025-08-08 04:36:34.031000;14,8
2025-08-08 03:36:33.831000;12,2
2025-08-08 02:36:33.430000;14,2
2025-08-08 01:36:34.126000;13,9
2025-08-08 00:36:36.732000;11,8
2025-08-07 23:36:38.365000;15,9
2025-08-07 22:36:38.337000;13,2
2025-08-07 21:36:38.960000;13,2
2025-08-07 20:36:37.918000;13,9
2025-08-07 19:36:37.917000;15,1
2025-08-07 18:36:37.918000;18,8
2025-08-07 16:36:37.458000;14,7
2025-08-07 15:36:37.717000;14,4
2025-08-07 14:36:37.393000;17,3
2025-08-07 13:36:37.917000;17,3
2025-08-07 12:36:37.469000;13,1
2025-08-07 11:36:37.317000;12,8
2025-08-07 10:36:37.417000;12,9
2025-08-07 09:36:37.317000;12,4
2025-08-07 08:36:37.317000;12,6
2025-08-07 07:36:37.817000;12,9
2025-08-07 06:36:37.618000;13,1
2025-08-07 04:36:37.918000;13,9
2025-08-07 03:36:37.317000;12,1
2025-08-07 02:36:37.317000;12,1
2025-08-07 01:36:37.817000;13,4
2025-08-06 23:36:38.464000;13,2
2025-08-06 22:36:38.250000;12,4
2025-08-06 21:36:37.645000;12,9
2025-08-06 20:36:38.406000;12,9
2025-08-06 19:36:38.434000;15,4
2025-08-06 18:36:38.144000;16,9
2025-08-06 16:36:38.445000;14,9
2025-08-06 15:36:38.444000;16,5
2025-08-06 14:36:38.445000;14,6
2025-08-06 13:36:38.446000;14,1
2025-08-06 12:36:38.445000;15,4
2025-08-06 11:36:37.944000;13,2
2025-08-06 09:36:37.844000;13
2025-08-06 08:36:38.345000;13,6
2025-08-06 07:36:38.445000;13,6
2025-08-06 06:36:37.945000;13,7
2025-08-06 05:36:38.045000;13,8
2025-08-06 04:36:38.044000;13,9
2025-08-06 03:36:37.844000;14
2025-08-06 02:36:38.385000;14
2025-08-06 01:36:38.245000;14,4
2025-08-06 00:36:37.944000;14,6
2025-08-05 23:36:38.060000;12,8
2025-08-05 22:36:37.894000;14,5
2025-08-05 21:36:38.764000;13
2025-08-05 20:36:38.148000;14,6
2025-08-05 19:36:38.348000;15,3
2025-08-05 18:36:38.735000;15,3
2025-08-05 17:36:38.749000;15,7
2025-08-05 16:36:38.749000;16
2025-08-05 15:36:38.148000;17,3
2025-08-05 14:36:38.749000;17,3
2025-08-05 13:36:38.649000;14,4
2025-08-05 12:36:38.348000;13,3
2025-08-05 11:36:38.348000;12,6
2025-08-05 10:36:38.448000;12
2025-08-05 09:36:38.348000;12,4
2025-08-05 08:36:38.548000;12,8
2025-08-05 07:36:38.348000;12,8
2025-08-05 06:36:38.448000;13
2025-08-05 05:36:38.749000;13
2025-08-05 04:36:38.719000;13,4
2025-08-05 03:36:38.711000;13,3
2025-08-05 02:36:38.749000;13,5
2025-08-05 01:36:38.553000;14,4
2025-08-04 23:36:38.981000;14,3
2025-08-04 22:36:38.849000;13,3
2025-08-04 21:36:38.809000;13,3
2025-08-04 20:36:38.612000;13,3
2025-08-04 19:36:38.011000;14,6
2025-08-04 18:36:38.513000;17,7
2025-08-04 17:36:38.311000;14,8
2025-08-04 16:36:38.612000;14,8
2025-08-04 15:36:38.111000;16,6
2025-08-04 14:36:38.112000;14,1
2025-08-04 13:36:38.311000;14,9
2025-08-04 12:36:38.011000;12,9
2025-08-04 11:36:38.613000;12,9
2025-08-04 10:36:38.612000;12,4
2025-08-04 09:36:38.395000;12,3
2025-08-04 08:36:38.584000;12,3
2025-08-04 07:36:38.112000;12,6
2025-08-04 06:36:38.011000;13
2025-08-04 05:36:38.612000;13
2025-08-04 04:36:38.612000;13,4
2025-08-04 03:36:38.112000;13,5
2025-08-04 02:36:38.612000;13,5
2025-08-04 01:36:38.577000;13,4
2025-08-04 00:36:39.918000;11,1
2025-08-03 23:36:38.596000;12,4
2025-08-03 22:36:38.553000;13
2025-08-03 21:36:39.195000;13
2025-08-03 20:36:39.489000;15,2
2025-08-03 19:36:40.091000;15,2
2025-08-03 18:36:40.091000;14,4
2025-08-03 17:36:39.489000;16,8
2025-08-03 16:36:40.091000;16,8
2025-08-03 15:36:39.589000;14,2
2025-08-03 14:36:39.590000;16,1
2025-08-03 13:36:39.690000;12,5
2025-08-03 12:36:39.489000;12,1
2025-08-03 11:36:40.090000;12,1
2025-08-03 10:36:39.590000;12,3
2025-08-03 09:36:39.489000;12,6
2025-08-03 08:36:39.589000;12,6
2025-08-03 07:36:40.090000;12,6
2025-08-03 06:36:39.489000;13,4
2025-08-03 04:36:39.429000;13,3
2025-08-03 03:36:40.091000;13,3
2025-08-03 02:36:39.490000;14,1
2025-08-03 01:36:40.090000;14,1
2025-08-03 00:36:39.461000;12,8
2025-08-02 23:36:40.307000;13,8
2025-08-02 22:36:41.330000;13,8
2025-08-02 21:36:40.200000;14,4
2025-08-02 20:36:39.576000;14,4
2025-08-02 19:36:38.974000;15,1
2025-08-02 18:36:39.574000;15,1
2025-08-02 17:36:39.519000;14,9
2025-08-02 16:36:38.975000;14,3
2025-08-02 14:36:39.175000;16,3
2025-08-02 13:36:38.974000;13,3
2025-08-02 12:36:39.075000;12,8
2025-08-02 11:36:39.575000;12,8
2025-08-02 09:36:39.575000;12
2025-08-02 08:36:39.573000;13,1
2025-08-02 07:36:38.974000;12,8
2025-08-02 06:36:38.975000;12,9
2025-08-02 05:36:39.324000;12,4
2025-08-02 04:36:38.974000;12,1
2025-08-02 03:36:39.575000;12,1
2025-08-02 02:36:39.058000;12,9
2025-08-02 01:36:39.075000;13,2
2025-08-01 23:36:38.049000;14,8
2025-08-01 22:36:38.662000;11,6
2025-08-01 21:36:39.403000;11,4
2025-08-01 20:36:38.508000;14
2025-08-01 19:36:38.308000;16,9
2025-08-01 18:36:38.392000;14,1
2025-08-01 17:36:38.508000;14
2025-08-01 16:36:38.808000;13,8
2025-08-01 15:36:38.408000;16,6
2025-08-01 14:36:38.908000;16,6
2025-08-01 13:36:38.408000;11,8
2025-08-01 12:36:38.408000;12,9
2025-08-01 11:36:38.308000;11,4
2025-08-01 10:36:38.408000;12,4
2025-08-01 09:36:38.408000;9,9
2025-08-01 08:36:38.876000;9,9
2025-08-01 07:36:38.909000;11,2
2025-08-01 06:36:38.609000;12,3
2025-08-01 05:36:38.349000;12,1
2025-08-01 04:36:38.708000;10,8
2025-08-01 03:36:38.793000;11,1
2025-08-01 02:36:38.263000;10,4
2025-08-01 01:36:38.893000;10,4
2025-08-01 00:36:38.908000;10,8
2025-07-31 23:36:38.307000;11,5
2025-07-31 22:36:39.320000;15,2
2025-07-31 21:36:38.254000;11,4
2025-07-31 20:36:39.091000;12
2025-07-31 19:36:39.592000;12
2025-07-31 18:36:39.092000;15
2025-07-31 17:36:38.991000;14,3
2025-07-31 16:36:39.592000;14,3
2025-07-31 15:36:39.592000;14,1
2025-07-31 14:36:38.893000;13,4
2025-07-31 13:36:39.191000;12
2025-07-31 12:36:38.991000;11,2
2025-07-31 11:36:39.592000;11,2
2025-07-31 10:36:39.191000;10,8
2025-07-31 09:36:39.592000;10,8
2025-07-31 08:36:39.592000;9,8
2025-07-31 07:36:39.494000;10,1
2025-07-31 05:36:38.991000;10,6
2025-07-31 04:36:39.163000;10,5
2025-07-31 03:36:39.085000;10,9
2025-07-31 02:36:39.191000;10,3
2025-07-31 01:36:39.072000;10,6
2025-07-31 00:36:39.591000;10,6
2025-07-30 23:36:36.994000;11,3
2025-07-30 22:36:35.817000;13,7
2025-07-30 21:36:36.860000;13,4
2025-07-30 20:36:35.380000;12,7
2025-07-30 19:36:35.211000;14,1
2025-07-30 18:36:35.813000;14,1
2025-07-30 17:36:35.723000;11,6
2025-07-30 16:36:35.211000;14,3
2025-07-30 15:36:35.311000;13,8
2025-07-30 14:36:35.311000;12,9
2025-07-30 13:36:35.212000;11,9
2025-07-30 12:36:35.211000;12,5
2025-07-30 11:36:35.281000;10,8
2025-07-30 10:36:35.311000;10,4
2025-07-30 09:36:35.812000;10,4
2025-07-30 08:36:35.813000;10,1
2025-07-30 07:36:35.812000;9,6
2025-07-30 06:36:35.812000;9,4
2025-07-30 05:36:35.302000;9,4
2025-07-30 04:36:35.612000;9
2025-07-30 02:36:35.813000;9,4
2025-07-30 01:36:35.812000;10,3
2025-07-30 00:36:35.713000;10,6
2025-07-29 23:36:35.505000;10,9
2025-07-29 22:36:37.098000;12,4
2025-07-29 21:36:37.732000;12,7
2025-07-29 20:36:37.737000;12,9
2025-07-29 19:36:38.037000;12,9
2025-07-29 17:36:37.550000;14,8
2025-07-29 16:36:38.036000;14,8
2025-07-29 15:36:38.035000;14,6
2025-07-29 14:36:38.037000;16,4
2025-07-29 13:36:37.537000;13,5
2025-07-29 12:36:38.037000;13,5
2025-07-29 11:36:37.969000;12,5
2025-07-29 10:36:37.537000;11,1
2025-07-29 09:36:38.037000;11,1
2025-07-29 08:36:37.536000;11,6
2025-07-29 07:36:37.436000;11,9
2025-07-29 06:36:38.037000;11,9
2025-07-29 05:36:38.036000;12,1
2025-07-29 04:36:37.536000;12,3
2025-07-29 03:36:38.036000;12,3
2025-07-29 02:36:38.035000;11,1
2025-07-29 01:36:37.380000;12,7
2025-07-29 00:36:38.036000;12,7
2025-07-28 23:36:38.037000;12,1
2025-07-28 22:36:37.112000;14,4
2025-07-28 21:36:37.619000;13,1
2025-07-28 20:36:36.293000;13,3
2025-07-28 19:36:36.293000;14,4
2025-07-28 16:36:36.493000;14,9
2025-07-28 15:36:36.743000;14,8
2025-07-28 14:36:36.394000;14,3
2025-07-28 12:36:36.294000;13,3
2025-07-28 11:36:36.293000;12,9
2025-07-28 10:36:36.494000;12,6
2025-07-28 09:36:36.357000;13
2025-07-28 08:36:36.894000;13
2025-07-28 07:36:36.293000;13,2
2025-07-28 06:36:36.333000;13,3
2025-07-28 05:36:36.894000;13,3
2025-07-28 04:36:36.894000;13,3
2025-07-28 03:36:36.293000;13,2
2025-07-28 02:36:36.393000;13,4
2025-07-28 01:36:36.293000;13,4
2025-07-28 00:36:36.894000;13,4
2025-07-27 23:36:36.294000;13,3
2025-07-27 22:36:37.783000;13,3
2025-07-27 21:36:38.089000;14,1
2025-07-27 20:36:38.266000;14,3
2025-07-27 19:36:38.174000;14,5
2025-07-27 18:36:38.174000;14,8
2025-07-27 17:36:38.686000;14,8
2025-07-27 16:36:38.173000;14,9
2025-07-27 15:36:38.173000;14,6
2025-07-27 14:36:38.177000;14,1
2025-07-27 13:36:38.774000;14,1
2025-07-27 12:36:38.473000;13,1
2025-07-27 10:36:38.274000;12
2025-07-27 09:36:38.273000;12,1
2025-07-27 08:36:38.774000;12,1
2025-07-27 07:36:38.209000;12,2
2025-07-27 06:36:38.775000;12,2
2025-07-27 05:36:38.374000;12,4
2025-07-27 04:36:38.775000;12,4
2025-07-27 03:36:38.173000;11,7
2025-07-27 01:36:38.173000;14,2
2025-07-27 00:36:38.374000;13,2
2025-07-26 23:36:39.359000;12,9
2025-07-26 22:36:39.643000;13,9
2025-07-26 21:36:40.352000;14,1
2025-07-26 20:36:38.830000;14,2
2025-07-26 19:36:38.930000;14,3
2025-07-26 18:36:39.030000;14,3
2025-07-26 17:36:38.830000;14,4
2025-07-26 16:36:38.931000;13,8
2025-07-26 15:36:38.831000;13,9
2025-07-26 13:36:38.830000;12,4
2025-07-26 12:36:38.830000;11,8
2025-07-26 11:36:38.748000;11,3
2025-07-26 10:36:38.930000;10,9
2025-07-26 09:36:38.830000;11,3
2025-07-26 08:36:39.031000;11
2025-07-26 07:36:39.431000;11
2025-07-26 06:36:38.828000;11,1
2025-07-26 05:36:38.930000;10,1
2025-07-26 04:36:39.030000;10
2025-07-26 03:36:38.830000;9,9
2025-07-26 02:36:38.830000;10,5
2025-07-26 01:36:38.739000;10,5
2025-07-26 00:36:39.481000;10,4
2025-07-25 23:36:40.958000;9,9
2025-07-25 22:36:41.121000;14,3
2025-07-25 21:36:42.720000;14,3
2025-07-25 20:36:41.534000;12,6
2025-07-25 19:36:42.135000;12,6
2025-07-25 17:36:42.136000;14
2025-07-25 16:36:42.134000;14,2
2025-07-25 15:36:42.135000;13,6
2025-07-25 14:36:42.135000;13,3
2025-07-25 13:36:41.734000;11,6
2025-07-25 12:36:42.087000;11,6
2025-07-25 11:36:42.034000;11,5
2025-07-25 10:36:41.634000;11,1
2025-07-25 09:36:41.734000;11,1
2025-07-25 08:36:42.134000;11,1
2025-07-25 07:36:41.534000;11,7
2025-07-25 06:36:41.634000;10,1
2025-07-25 05:36:41.534000;9,9
2025-07-25 04:36:41.734000;9,3
2025-07-25 03:36:42.134000;9,3
2025-07-25 02:36:41.534000;8,9
2025-07-25 01:36:42.135000;8,9
2025-07-25 00:36:41.618000;8,6
2025-07-24 23:36:43.541000;8,9
2025-07-24 22:36:42.707000;9,9
2025-07-24 21:36:43.908000;13,3
2025-07-24 20:36:44.702000;13,3
2025-07-24 19:36:44.206000;11,8
2025-07-24 18:36:44.706000;11,8
2025-07-24 17:36:44.105000;13,2
2025-07-24 16:36:44.706000;13,2
2025-07-24 15:36:44.651000;12,8
2025-07-24 14:36:44.105000;9,6
2025-07-24 13:36:44.105000;9,1
2025-07-24 12:36:44.105000;10,1
2025-07-24 11:36:44.205000;8,7
2025-07-24 10:36:44.706000;8,7
2025-07-24 09:36:44.606000;8,6
2025-07-24 08:36:44.105000;9,8
2025-07-24 07:36:44.305000;8,4
2025-07-24 06:36:44.205000;7,9
2025-07-24 04:36:44.305000;8,9
2025-07-24 03:36:44.719000;8,9
2025-07-24 02:36:44.707000;8,8
2025-07-24 01:36:44.706000;8,3
2025-07-24 00:36:44.505000;8,4
2025-07-23 23:36:44.706000;8,4
2025-07-23 22:36:44.706000;8,4
2025-07-23 21:36:44.306000;9,3
2025-07-23 20:36:44.767000;9,7
2025-07-23 19:36:45.228000;9,7
2025-07-23 18:36:45.267000;9,1
2025-07-23 17:36:44.667000;9,4
2025-07-23 16:36:45.268000;9,4
2025-07-23 15:36:44.867000;10,9
2025-07-23 14:36:44.867000;8,1
2025-07-23 13:36:44.981000;9,2
2025-07-23 12:36:45.268000;9,2
2025-07-23 11:36:45.268000;8,6
2025-07-23 10:36:44.767000;8,6
2025-07-23 09:36:44.768000;8,7
2025-07-23 08:36:44.867000;11,4
2025-07-23 07:36:44.667000;9,8
2025-07-23 06:36:44.668000;9,1
2025-07-23 05:36:44.667000;9,8
2025-07-23 04:36:45.267000;9,8
2025-07-23 03:36:44.867000;8,5
2025-07-23 02:36:44.667000;9,2
2025-07-23 01:36:44.667000;9
2025-07-23 00:36:45.075000;9,9
2025-07-22 23:36:45.742000;14,5
2025-07-22 22:36:46.721000;12,1
2025-07-22 21:36:46.624000;11,9
2025-07-22 19:36:46.624000;13,7
2025-07-22 18:36:46.623000;13,4
2025-07-22 17:36:47.117000;13,6
2025-07-22 16:36:47.222000;13,6
2025-07-22 15:36:46.924000;14,2
2025-07-22 14:36:46.723000;12,7
2025-07-22 13:36:46.924000;11,3
2025-07-22 12:36:46.697000;10
2025-07-22 11:36:46.623000;9,2
2025-07-22 10:36:46.624000;9,6
2025-07-22 09:36:46.623000;10,6
2025-07-22 08:36:46.824000;11,4
2025-07-22 07:36:47.224000;11,4
2025-07-22 06:36:47.224000;11,6
2025-07-22 05:36:46.723000;10,8
2025-07-22 04:36:46.623000;10,5
2025-07-22 03:36:46.824000;8,8
2025-07-22 02:36:46.623000;9,4
2025-07-22 01:36:47.753000;9,4
2025-07-22 00:36:47.253000;13,6
2025-07-21 23:36:47.457000;12,8
2025-07-21 22:36:47.424000;12,8
2025-07-21 21:36:47.266000;14
2025-07-21 20:36:45.674000;14,2
2025-07-21 19:36:45.762000;14,1
2025-07-21 18:36:45.574000;14,3
2025-07-21 17:36:45.874000;14,1
2025-07-21 16:36:45.574000;14,9
2025-07-21 15:36:45.574000;85
2025-07-21 14:36:46.174000;13,8
2025-07-21 13:36:46.175000;13,4
2025-07-21 12:36:46.174000;12,9
2025-07-21 11:36:46.174000;12
2025-07-21 10:36:45.478000;11,6
2025-07-21 09:36:45.574000;11,9
2025-07-21 08:36:45.573000;11,9
2025-07-21 07:36:45.969000;85
2025-07-21 06:36:45.675000;11,9
2025-07-21 05:36:46.158000;11,9
2025-07-21 04:36:45.574000;12,4
2025-07-21 03:36:46.174000;12,4
2025-07-21 02:36:45.775000;10
2025-07-21 01:36:46.174000;10
2025-07-21 00:36:46.174000;11,6
2025-07-20 23:36:45.674000;14,1
2025-07-20 22:36:46.289000;13,5
2025-07-20 21:36:45.541000;14
2025-07-20 20:36:45.378000;13,9
2025-07-20 19:36:45.178000;13,9
2025-07-20 18:36:44.978000;13,9
2025-07-20 17:36:45.379000;13,9
2025-07-20 16:36:45.078000;13,8
2025-07-20 15:36:45.078000;13,7
2025-07-20 14:36:45.573000;13,7
2025-07-20 13:36:44.978000;13,7
2025-07-20 12:36:44.934000;13,3
2025-07-20 10:36:45.579000;12,5
2025-07-20 09:36:45.178000;12,3
2025-07-20 08:36:44.959000;12,3
2025-07-20 07:36:45.078000;12,5
2025-07-20 06:36:45.078000;12,8
2025-07-20 05:36:44.978000;12,9
2025-07-20 04:36:44.978000;13,4
2025-07-20 03:36:45.078000;13,8
2025-07-20 02:36:45.378000;13,9
2025-07-20 01:36:45.067000;14,6
2025-07-20 00:36:47.505000;14,6
2025-07-19 23:36:46.574000;13,8
2025-07-19 22:36:47.217000;14
2025-07-19 21:36:47.661000;14,4
2025-07-19 20:36:47.623000;14,4
2025-07-19 19:36:48.124000;14,4
2025-07-19 18:36:47.523000;14,9
2025-07-19 17:36:48.124000;14,9
2025-07-19 16:36:47.623000;14,2
2025-07-19 15:36:48.124000;14,2
2025-07-19 14:36:48.124000;13,8
2025-07-19 13:36:47.624000;12,6
2025-07-19 12:36:47.623000;12,4
2025-07-19 11:36:47.522000;13
2025-07-19 10:36:48.116000;13
2025-07-19 09:36:47.523000;12,3
2025-07-19 08:36:47.496000;12,6
2025-07-19 07:36:47.689000;12,5
2025-07-19 06:36:48.124000;12,5
2025-07-19 05:36:47.623000;13,5
2025-07-19 03:36:48.123000;10,5
2025-07-19 02:36:47.724000;10,1
2025-07-19 01:36:48.124000;10,1
2025-07-19 00:36:48.838000;9,6
2025-07-18 23:36:48.977000;13
2025-07-18 22:36:49.543000;11,2
2025-07-18 21:36:48.503000;11,2
2025-07-18 20:36:47.372000;14,8
2025-07-18 19:36:46.970000;13,3
2025-07-18 18:36:47.571000;13,3
2025-07-18 17:36:47.572000;13,3
2025-07-18 16:36:47.495000;13,7
2025-07-18 15:36:47.171000;11,7
2025-07-18 14:36:47.571000;11,7
2025-07-18 13:36:46.975000;9,6
2025-07-18 12:36:47.071000;10,3
2025-07-18 11:36:47.571000;10,3
2025-07-18 10:36:47.070000;12,4
2025-07-18 09:36:47.571000;12,4
2025-07-18 07:36:46.970000;12,1
2025-07-18 06:36:47.372000;11,6
2025-07-18 05:36:46.971000;11
2025-07-18 04:36:47.072000;10,9
2025-07-18 03:36:47.572000;10,9
2025-07-18 02:36:47.028000;9,3
2025-07-18 01:36:46.970000;9,3
2025-07-18 00:36:48.599000;9,3
2025-07-17 23:36:50.882000;9,4
2025-07-17 22:36:51.146000;10
2025-07-17 21:36:52.368000;12,3
2025-07-17 20:36:51.030000;15,7
2025-07-17 19:36:51.338000;12,1
2025-07-17 18:36:51.032000;13,1
2025-07-17 17:36:51.631000;13,1
2025-07-17 16:36:51.130000;13,7
2025-07-17 15:36:51.631000;13,7
2025-07-17 14:36:51.431000;13,5
2025-07-17 13:36:51.230000;12,1
2025-07-17 12:36:51.430000;11,3
2025-07-17 11:36:51.631000;11,3
2025-07-17 10:36:51.230000;9,9
2025-07-17 09:36:51.130000;9,1
2025-07-17 08:36:51.444000;9,9
2025-07-17 06:36:51.631000;11,9
2025-07-17 05:36:51.130000;10,1
2025-07-17 04:36:51.631000;10,1
2025-07-17 03:36:51.162000;9,8
2025-07-17 02:36:51.532000;10
2025-07-17 01:36:51.631000;10
2025-07-17 00:36:51.978000;12,1
2025-07-16 23:36:52.405000;12,1
2025-07-16 21:36:53.929000;14,5
2025-07-16 20:36:52.267000;14,3
2025-07-16 19:36:52.876000;14,3
2025-07-16 18:36:52.876000;14,3
2025-07-16 17:36:52.275000;17,8
2025-07-16 16:36:52.375000;15,5
2025-07-16 14:36:52.876000;14,8
2025-07-16 13:36:52.675000;13,7
2025-07-16 12:36:52.375000;13
2025-07-16 11:36:52.372000;12,1
2025-07-16 10:36:52.643000;11,3
2025-07-16 09:36:52.354000;11,4
2025-07-16 08:36:52.876000;11,4
2025-07-16 07:36:52.275000;12,2
2025-07-16 06:36:52.475000;11,6
2025-07-16 05:36:52.576000;10,3
2025-07-16 04:36:52.275000;10,1
2025-07-16 03:36:52.675000;10,1
2025-07-16 02:36:52.870000;10,1
2025-07-16 00:36:52.476000;12,4
2025-07-15 23:36:52.375000;12,3
2025-07-15 22:36:55.389000;12
2025-07-15 21:36:52.448000;12,7
2025-07-15 20:36:53.632000;12,7
2025-07-15 19:36:53.631000;13,6
2025-07-15 18:36:53.632000;14
2025-07-15 17:36:53.432000;12,8
2025-07-15 16:36:53.403000;12,9
2025-07-15 15:36:53.331000;13,7
2025-07-15 14:36:53.031000;11,9
2025-07-15 13:36:53.331000;13
2025-07-15 11:36:53.231000;12
2025-07-15 10:36:53.231000;11,4
2025-07-15 09:36:53.118000;12,4
2025-07-15 08:36:53.231000;12,8
2025-07-15 07:36:53.031000;12,3
2025-07-15 06:36:53.131000;12,8
2025-07-15 05:36:53.631000;12,8
2025-07-15 04:36:53.231000;13,3
2025-07-15 03:36:53.032000;12,6
2025-07-15 02:36:52.963000;10,8
2025-07-15 00:36:53.129000;10,7
2025-07-14 23:36:53.131000;11,1
2025-07-14 22:36:55.922000;11,1
2025-07-14 21:36:54.397000;13,6
2025-07-14 20:36:54.205000;14,4
2025-07-14 19:36:54.205000;14,3
2025-07-14 18:36:54.205000;13,6
2025-07-14 17:36:53.604000;14,1
2025-07-14 16:36:54.205000;14,1
2025-07-14 15:36:54.205000;13,9
2025-07-14 14:36:53.604000;13,5
2025-07-14 13:36:53.605000;12,7
2025-07-14 12:36:54.205000;12,7
2025-07-14 11:36:53.705000;12,8
2025-07-14 10:36:53.804000;12
2025-07-14 09:36:53.705000;11,9
2025-07-14 08:36:53.695000;12,4
2025-07-14 07:36:53.704000;12,3
2025-07-14 06:36:54.205000;12,3
2025-07-14 05:36:53.604000;12,6
2025-07-14 04:36:53.718000;12,3
2025-07-14 03:36:53.656000;10,9
2025-07-14 00:36:53.705000;10,3
2025-07-13 22:36:55.282000;11,9
2025-07-13 21:36:55.071000;13,3
2025-07-13 20:36:56.404000;13,8
2025-07-13 19:36:56.504000;13,2
2025-07-13 18:36:56.705000;13,2
2025-07-13 17:36:56.704000;13,8
2025-07-13 16:36:56.204000;13,1
2025-07-13 15:36:56.104000;13,1
2025-07-13 14:36:56.104000;13,4
2025-07-13 13:36:56.205000;12,3
2025-07-13 12:36:56.104000;12,4
2025-07-13 11:36:56.704000;12,4
2025-07-13 10:36:56.200000;11,5
2025-07-13 09:36:56.704000;11,5
2025-07-13 08:36:56.104000;11,4
2025-07-13 07:36:56.704000;11,4
2025-07-13 06:36:56.304000;11,2
2025-07-13 05:36:56.104000;10,4
2025-07-13 04:36:56.108000;10,5
2025-07-13 03:36:56.304000;10,4
2025-07-13 02:36:56.706000;10,4
2025-07-13 01:36:56.204000;10,1
2025-07-13 00:36:56.106000;10
2025-07-12 23:36:56.704000;10
2025-07-12 22:36:56.204000;12,2
2025-07-12 21:36:56.959000;11,9
2025-07-12 20:36:56.193000;11,1
2025-07-12 19:36:56.494000;12,7
2025-07-12 18:36:56.193000;12,6
2025-07-12 17:36:56.394000;12,5
2025-07-12 16:36:56.394000;12,8
2025-07-12 15:36:56.794000;12,8
2025-07-12 14:36:56.393000;12,4
2025-07-12 13:36:56.790000;12,4
2025-07-12 12:36:56.794000;12,2
2025-07-12 11:36:56.794000;12,1
2025-07-12 10:36:56.695000;12,1
2025-07-12 09:36:56.168000;11,1
2025-07-12 08:36:56.710000;11,1
2025-07-12 07:36:56.794000;10,7
2025-07-12 06:36:56.193000;11,8
2025-07-12 05:36:56.795000;11,8
2025-07-12 04:36:56.187000;9,6
2025-07-12 03:36:56.293000;9,7
2025-07-12 02:36:56.594000;10
2025-07-12 01:36:56.293000;10,4
2025-07-12 00:36:56.743000;10,4
2025-07-11 23:36:56.795000;11,9
2025-07-11 22:36:56.394000;12,3
2025-07-11 21:36:56.271000;13
2025-07-11 20:36:56.757000;13,2
2025-07-11 19:36:57.057000;13,2
2025-07-11 18:36:56.655000;12,8
2025-07-11 17:36:57.056000;12,8
2025-07-11 16:36:56.455000;13,2
2025-07-11 15:36:56.455000;14,3
2025-07-11 14:36:57.056000;14,3
2025-07-11 13:36:57.057000;13,4
2025-07-11 12:36:56.455000;12,2
2025-07-11 11:36:56.556000;12,2
2025-07-11 10:36:56.455000;11,7
2025-07-11 09:36:56.656000;11,6
2025-07-11 08:36:56.556000;11,7
2025-07-11 07:36:56.590000;12,2
2025-07-11 06:36:56.856000;12
2025-07-11 05:36:56.455000;12,1
2025-07-11 04:36:57.064000;12,1
2025-07-11 03:36:56.556000;12,4
2025-07-11 02:36:57.057000;12,4
2025-07-11 01:36:57.056000;9,8
2025-07-11 00:36:57.056000;10,6
2025-07-10 23:36:56.457000;11,9
2025-07-10 22:36:56.456000;12,9
2025-07-10 21:36:56.657000;11,8
2025-07-10 20:36:56.796000;13,1
2025-07-10 19:36:57.396000;13,1
2025-07-10 18:36:57.341000;14,3
2025-07-10 17:36:56.795000;13,9
2025-07-10 16:36:56.832000;14,7
2025-07-10 15:36:56.895000;14,3
2025-07-10 14:36:57.410000;14,3
2025-07-10 13:36:56.896000;12,6
2025-07-10 12:36:56.896000;11,9
2025-07-10 11:36:56.996000;9,8
2025-07-10 10:36:56.895000;8,8
2025-07-10 09:36:56.895000;8,4
2025-07-10 08:36:57.396000;8,4
2025-07-10 07:36:56.796000;8,3
2025-07-10 06:36:57.096000;8,8
2025-07-10 05:36:56.796000;8,7
2025-07-10 04:36:56.895000;9,1
2025-07-10 03:36:56.996000;9,1
2025-07-10 02:36:57.397000;9,1
2025-07-10 00:36:57.396000;9,3
2025-07-09 23:36:57.397000;9,4
2025-07-09 22:36:56.896000;10,1
2025-07-09 20:36:57.644000;12,4
2025-07-09 19:36:57.645000;12,9
2025-07-09 18:36:58.145000;12,9
2025-07-09 17:36:58.145000;12,6
2025-07-09 16:36:57.544000;14,3
2025-07-09 15:36:58.145000;14,3
2025-07-09 14:36:58.145000;13,2
2025-07-09 13:36:58.144000;12,7
2025-07-09 12:36:58.090000;12,9
2025-07-09 11:36:57.645000;11,3
2025-07-09 10:36:58.145000;11,3
2025-07-09 09:36:57.584000;10,7
2025-07-09 08:36:57.844000;11,3
2025-07-09 07:36:57.544000;11,7
2025-07-09 06:36:58.145000;11,7
2025-07-09 05:36:58.145000;11,3
2025-07-09 04:36:58.144000;10,3
2025-07-09 03:36:57.846000;9
2025-07-09 02:36:57.545000;9
2025-07-09 01:36:57.645000;9,4
2025-07-08 22:36:58.161000;11,3
2025-07-08 21:37:01.382000;12,8
2025-07-08 20:37:04.170000;12,8
2025-07-08 19:37:03.870000;12,5
2025-07-08 18:37:04.070000;12,8
2025-07-08 17:37:03.970000;12,3
2025-07-08 16:37:03.970000;13,3
2025-07-08 15:37:04.370000;12
2025-07-08 14:37:03.870000;11,9
2025-07-08 13:37:03.870000;11,6
2025-07-08 12:37:04.470000;11,6
2025-07-08 11:37:04.471000;11,8
2025-07-08 10:37:04.471000;11,3
2025-07-08 09:37:04.070000;10,6
2025-07-08 08:37:03.870000;10,6
2025-07-08 06:37:04.271000;11,1
2025-07-08 05:37:03.870000;11,3
2025-07-08 04:37:04.170000;11,6
2025-07-08 03:37:03.870000;11,8
2025-07-08 02:37:03.971000;12
2025-07-08 01:37:03.870000;12,2
2025-07-08 00:37:04.170000;12,8
2025-07-07 23:37:03.842000;12,3
2025-07-07 22:37:03.870000;12,8
2025-07-07 21:37:03.870000;13,3
2025-07-07 20:37:04.887000;13,1
2025-07-07 19:37:04.787000;12,6
2025-07-07 18:37:05.386000;12,6
2025-07-07 17:37:05.087000;12,6
2025-07-07 16:37:04.986000;12,5
2025-07-07 15:37:05.387000;12,5
2025-07-07 13:37:05.387000;12,2
2025-07-07 12:37:05.311000;11,6
2025-07-07 11:37:04.795000;11,6
2025-07-07 10:37:04.852000;10,7
2025-07-07 09:37:05.388000;10,7
2025-07-07 08:37:05.286000;11,4
2025-07-07 07:37:04.787000;11,4
2025-07-07 06:37:05.388000;11,4
2025-07-07 05:37:04.886000;11,9
2025-07-07 04:37:05.387000;11,9
2025-07-07 03:37:05.387000;12,1
2025-07-07 02:37:04.987000;11,1
2025-07-07 01:37:04.986000;11,6
2025-07-07 00:37:05.388000;11,6
2025-07-06 23:37:04.786000;12,5
2025-07-06 22:37:04.760000;12,8
2025-07-06 21:37:04.786000;12,6
2025-07-06 20:37:05.387000;12,6
2025-07-06 19:37:04.787000;12,8
2025-07-06 18:37:05.388000;12,8
2025-07-06 17:37:04.903000;12,5
2025-07-06 16:37:04.986000;12,8
2025-07-06 15:37:04.886000;12,8
2025-07-06 14:37:04.829000;12,1
2025-07-06 13:37:04.786000;11,9
2025-07-06 12:37:05.400000;11,9
2025-07-06 11:37:05.318000;12,3
2025-07-06 10:37:05.386000;12,5
2025-07-06 08:37:05.387000;12,6
2025-07-06 07:37:04.886000;12,8
2025-07-06 06:37:04.705000;12,6
2025-07-06 05:37:05.359000;12,6
2025-07-06 04:37:04.887000;12,8
2025-07-06 03:37:04.786000;12,2
2025-07-06 02:37:05.087000;11,4
2025-07-06 01:37:05.387000;11,4
2025-07-06 00:37:05.287000;10,1
2025-07-05 23:37:04.786000;12,7
2025-07-05 22:37:05.394000;12,7
2025-07-05 21:37:05.387000;14,8
2025-07-05 20:37:04.887000;14,3
2025-07-05 19:37:05.346000;14,3
2025-07-05 18:37:04.786000;14,3
2025-07-05 17:37:05.011000;14,5
2025-07-05 16:37:04.986000;13,4
2025-07-05 15:37:05.387000;13,4
2025-07-05 14:37:04.798000;12,1
2025-07-05 13:37:04.786000;12,1
2025-07-05 12:37:05.350000;12,1
2025-07-05 11:37:05.387000;12,1
2025-07-05 10:37:04.887000;11,9
2025-07-05 09:37:04.886000;11,8
2025-07-05 08:37:05.387000;11,8
2025-07-05 07:37:05.388000;12,3
2025-07-05 06:37:04.886000;12,1
2025-07-05 05:37:04.986000;12,3
2025-07-05 04:37:04.786000;12,4
2025-07-05 03:37:05.387000;12,4
2025-07-05 02:37:04.886000;10,2
2025-07-05 01:37:04.786000;10,2
2025-07-05 00:37:04.787000;10,1
2025-07-04 23:37:05.287000;9,9
2025-07-04 22:37:05.187000;10,6
2025-07-04 21:37:04.887000;12,6
2025-07-04 19:37:04.794000;13,6
2025-07-04 18:37:05.387000;13,6
2025-07-04 17:37:04.886000;13,4
2025-07-04 16:37:05.307000;13,4
2025-07-04 15:37:04.849000;13,6
2025-07-04 14:37:04.786000;13,3
2025-07-04 13:37:05.387000;13,3
2025-07-04 12:37:04.887000;10,6
2025-07-04 11:37:04.786000;9,5
2025-07-04 10:37:05.187000;9
2025-07-04 09:37:04.987000;8,8
2025-07-04 08:37:04.786000;9,2
2025-07-04 07:37:05.387000;9,2
2025-07-04 06:37:05.287000;9,3
2025-07-04 05:37:04.786000;9,4
2025-07-04 04:37:04.886000;9,6
2025-07-04 03:37:04.986000;9,6
2025-07-04 02:37:05.387000;9,6
2025-07-04 01:37:05.288000;9,8
2025-07-04 00:37:04.787000;9,9
2025-07-03 23:37:05.336000;9,9
2025-07-03 22:37:05.288000;11
2025-07-03 21:37:04.690000;10,5
2025-07-03 20:37:04.786000;10,5
2025-07-03 19:37:04.886000;10,2
2025-07-03 18:37:04.786000;10
2025-07-03 17:37:05.387000;10
2025-07-03 16:37:04.786000;9,6
2025-07-03 15:37:05.386000;9,6
2025-07-03 14:37:04.952000;9,7
2025-07-03 13:37:04.787000;9,8
2025-07-03 12:37:04.786000;9,7
2025-07-03 11:37:04.886000;9,6
2025-07-03 10:37:04.786000;9,5
2025-07-03 09:37:04.786000;9,5
2025-07-03 08:37:04.986000;9,6
2025-07-03 07:37:04.786000;9,7
2025-07-03 06:37:04.786000;9,5
2025-07-03 05:37:05.387000;9,5
2025-07-03 04:37:04.786000;9,6
2025-07-03 03:37:04.886000;9,7
2025-07-03 02:37:04.722000;9,8
2025-07-03 01:37:04.907000;9,8
2025-07-03 00:37:05.187000;9,6
2025-07-02 23:37:04.886000;10
2025-07-02 22:37:04.787000;10,1
2025-07-02 21:37:05.087000;10,1
2025-07-02 20:37:04.786000;10,8
2025-07-02 19:37:04.886000;10,8
2025-07-02 18:37:04.786000;10,9
2025-07-02 17:37:04.787000;10,8
2025-07-02 16:37:05.312000;10,8
2025-07-02 15:37:04.987000;11,7
2025-07-02 14:37:04.887000;10,7
2025-07-02 13:37:04.787000;10,3
2025-07-02 12:37:04.787000;9,5
2025-07-02 11:37:04.886000;9,1
2025-07-02 10:37:04.786000;9
2025-07-02 09:37:04.786000;9
2025-07-02 08:37:04.786000;9,3
2025-07-02 07:37:04.987000;9,3
2025-07-02 06:37:04.786000;9,4
2025-07-02 05:37:04.787000;9,4
2025-07-02 04:37:04.886000;9,5
2025-07-02 03:37:04.786000;9,6
2025-07-02 02:37:05.387000;9,6
2025-07-02 01:37:05.358000;9,7
2025-07-02 00:37:05.287000;9,8
2025-07-01 23:37:05.387000;9,8
2025-07-01 22:37:04.786000;10,8
2025-07-01 21:37:04.786000;13,9
2025-07-01 20:37:04.786000;13,9
2025-07-01 19:37:04.787000;13,4
2025-07-01 18:37:04.886000;13,4
2025-07-01 17:37:04.886000;13,3
2025-07-01 16:37:05.387000;13,3
2025-07-01 15:37:04.934000;14,1
2025-07-01 14:37:04.986000;13,4
2025-07-01 13:37:04.786000;12,7
2025-07-01 12:37:05.388000;12,7
2025-07-01 11:37:04.886000;12,2
2025-07-01 10:37:04.786000;11,9
2025-07-01 09:37:04.986000;12
2025-07-01 08:37:05.387000;12
2025-07-01 07:37:04.986000;12,2
2025-07-01 06:37:05.388000;12,2
2025-07-01 05:37:04.787000;12,5
2025-07-01 04:37:04.887000;12,6
2025-07-01 03:37:04.887000;12,5
2025-07-01 02:37:04.886000;12,5
2025-07-01 01:37:04.886000;12,4
2025-07-01 00:37:04.744000;12,4
2025-06-30 23:37:04.747000;12,6
2025-06-30 22:37:04.786000;12,7
2025-06-30 21:37:05.074000;12,9
2025-06-30 20:37:05.387000;12,9
2025-06-30 19:37:04.787000;13,4
2025-06-30 17:37:04.786000;13,6
2025-06-30 16:37:05.362000;13,6
2025-06-30 15:37:04.794000;12,8
2025-06-30 14:37:04.887000;12,4
2025-06-30 13:37:05.387000;12,4
2025-06-30 11:37:04.786000;12,1
2025-06-30 10:37:05.387000;12,1
2025-06-30 09:37:04.787000;12,1
2025-06-30 08:37:04.800000;12,3
2025-06-30 07:37:04.886000;12,5
2025-06-30 06:37:04.986000;12,6
2025-06-30 05:37:04.886000;12,7
2025-06-30 04:37:04.887000;12,9
2025-06-30 03:37:04.786000;13,1
2025-06-30 02:37:04.887000;13,1
2025-06-30 01:37:04.887000;13,6
2025-06-30 00:37:04.787000;14,1
2025-06-29 23:37:04.786000;13,8
2025-06-29 22:37:05.387000;14,8
2025-06-29 21:37:04.786000;14,7
2025-06-29 20:37:04.760000;15,8
2025-06-29 19:37:05.087000;14,9
2025-06-29 18:37:04.786000;14,9
2025-06-29 17:37:04.786000;14,6
2025-06-29 16:37:04.886000;14,8
2025-06-29 15:37:04.786000;14,3
2025-06-29 14:37:04.887000;13,7
2025-06-29 13:37:04.786000;13,2
2025-06-29 12:37:04.787000;13,1
2025-06-29 11:37:04.786000;12,2
2025-06-29 10:37:04.878000;11,6
2025-06-29 09:37:05.186000;11,6
2025-06-29 08:37:05.387000;11,6
2025-06-29 07:37:04.999000;12,4
2025-06-29 06:37:04.987000;12,4
2025-06-29 05:37:05.386000;12,4
2025-06-29 04:37:04.886000;12,8
2025-06-29 03:37:05.294000;12,9
2025-06-29 02:37:05.387000;12,9
2025-06-29 01:37:04.786000;13,1
2025-06-29 00:37:04.709000;13,1
2025-06-28 23:37:04.786000;13,4
2025-06-28 22:37:05.387000;13,4
2025-06-28 21:37:04.786000;13,9
2025-06-28 20:37:04.786000;14,8
2025-06-28 19:37:05.387000;14,8
2025-06-28 18:37:04.786000;14,3
2025-06-28 17:37:05.287000;13,9
2025-06-28 16:37:05.387000;13,9
2025-06-28 15:37:04.786000;13,1
2025-06-28 14:37:05.387000;13,1
2025-06-28 13:37:05.388000;12,6
2025-06-28 12:37:04.886000;12,4
2025-06-28 11:37:05.387000;12,4
2025-06-28 10:37:04.786000;12
2025-06-28 09:37:05.319000;12
2025-06-28 08:37:05.086000;12,2
2025-06-28 07:37:05.287000;12,1
2025-06-28 06:37:05.387000;12,1
2025-06-28 05:37:04.886000;12,4
2025-06-28 04:37:04.787000;12,6
2025-06-28 03:37:04.786000;12,7
2025-06-28 02:37:04.787000;13,2
2025-06-28 01:37:04.886000;12,8
2025-06-28 00:37:05.387000;12,8
2025-06-27 23:37:04.786000;13
2025-06-27 22:37:05.358000;13
2025-06-27 21:37:04.887000;14,4
2025-06-27 20:37:05.388000;14,4
2025-06-27 19:37:04.786000;15
2025-06-27 18:37:05.338000;15
2025-06-27 17:37:04.987000;13,4
2025-06-27 16:37:04.986000;12,5
2025-06-27 15:37:04.786000;12,5
2025-06-27 14:37:04.786000;14,2
2025-06-27 13:37:05.388000;14,2
2025-06-27 12:37:05.387000;12
2025-06-27 11:37:05.388000;11,4
2025-06-27 10:37:05.387000;11
2025-06-27 09:37:04.886000;10,8
2025-06-27 08:37:05.187000;11,2
2025-06-27 07:37:04.886000;11,5
2025-06-27 06:37:04.786000;11,5
2025-06-27 05:37:04.886000;11,7
2025-06-27 04:37:05.387000;11,7
2025-06-27 03:37:05.387000;11,7
2025-06-27 02:37:04.887000;11,8
2025-06-27 01:37:04.786000;12,1
2025-06-27 00:37:04.887000;12,4
2025-06-26 23:37:04.721000;12,5
2025-06-26 22:37:04.987000;12,7
2025-06-26 21:37:05.369000;12,7
2025-06-26 20:37:05.388000;12,8
2025-06-26 17:37:05.387000;13,1
2025-06-26 16:37:04.786000;85
2025-06-26 15:37:05.186000;85
2025-06-26 14:37:04.987000;11,7
2025-06-26 13:37:04.886000;11,8
2025-06-26 12:37:04.786000;11,5
2025-06-26 11:37:05.387000;11,5
2025-06-26 10:37:05.188000;11,6
2025-06-26 09:37:05.387000;11,6
2025-06-26 08:37:04.887000;11,4
2025-06-26 07:37:04.786000;11,4
2025-06-26 06:37:05.387000;11,4
2025-06-26 05:37:04.771000;11,6
2025-06-26 04:37:05.387000;11,6
2025-06-26 03:37:04.786000;11,9
2025-06-26 02:37:04.786000;12,1
2025-06-26 01:37:04.786000;12,2
2025-06-26 00:37:04.886000;12,4
2025-06-25 23:37:04.887000;12,6
2025-06-25 22:37:04.786000;12,8
2025-06-25 21:37:04.786000;12,9
2025-06-25 20:37:04.886000;13,1
2025-06-25 19:37:04.887000;13,3
2025-06-25 18:37:04.958000;13,3
2025-06-25 17:37:05.387000;13,3
2025-06-25 16:37:04.786000;12,6
2025-06-25 15:37:05.287000;12,3
2025-06-25 14:37:04.957000;11,9
2025-06-25 13:37:04.786000;11,9
2025-06-25 12:37:04.786000;11,8
2025-06-25 11:37:04.786000;11,7
2025-06-25 10:37:05.387000;11,7
2025-06-25 09:37:05.187000;11,5
2025-06-25 08:37:04.787000;11,6
2025-06-25 07:37:05.056000;11,8
2025-06-25 06:37:05.387000;11,8
2025-06-25 05:37:04.886000;12
2025-06-25 04:37:04.886000;12,2
2025-06-25 02:37:05.087000;12,6
2025-06-25 01:37:04.786000;12,8
2025-06-25 00:37:05.386000;12,8
2025-06-24 23:37:04.787000;13,1
2025-06-24 22:37:05.387000;13,1
2025-06-24 21:37:04.786000;13,7
2025-06-24 20:37:04.787000;14,3
2025-06-24 19:37:05.086000;14,8
2025-06-24 18:37:04.786000;13,3
2025-06-24 17:37:05.387000;13,3
2025-06-24 16:37:04.987000;13,3
2025-06-24 15:37:04.986000;12,6
2025-06-24 14:37:04.690000;12,6
2025-06-24 13:37:04.886000;12,4
2025-06-24 12:37:05.387000;12,4
2025-06-24 11:37:05.383000;11,9
2025-06-24 10:37:04.786000;11,5
2025-06-24 09:37:05.387000;11,5
2025-06-24 08:37:05.386000;11,4
2025-06-24 07:37:04.813000;11,7
2025-06-24 06:37:05.336000;11,7
2025-06-24 05:37:05.387000;11,7
2025-06-24 04:37:05.086000;11,6
2025-06-24 03:37:04.786000;11,9
2025-06-24 02:37:04.887000;11,9
2025-06-24 01:37:04.986000;12,8
2025-06-24 00:37:05.387000;12,8
2025-06-23 23:37:04.986000;13,4
2025-06-23 22:37:04.814000;14
2025-06-23 21:37:05.187000;14,4
2025-06-23 20:37:04.786000;14,4
2025-06-23 19:37:04.787000;14,4
2025-06-23 18:37:04.786000;14
2025-06-23 17:37:04.887000;13,6
2025-06-23 16:37:04.852000;13,2
2025-06-23 15:37:04.986000;12,8
2025-06-23 14:37:05.311000;12,8
2025-06-23 13:37:04.987000;12,4
2025-06-23 12:37:04.886000;12,1
2025-06-23 11:37:05.087000;11,8
2025-06-23 10:37:05.087000;11,6
2025-06-23 09:37:04.878000;11,8
2025-06-23 08:37:05.387000;11,8
2025-06-23 07:37:04.886000;12,1
2025-06-23 06:37:05.350000;12,1
2025-06-23 05:37:05.332000;12,1
2025-06-23 04:37:05.387000;11,9
2025-06-23 03:37:05.388000;11,8
2025-06-23 02:37:04.786000;12,1
2025-06-23 01:37:04.786000;12,7
2025-06-23 00:37:04.787000;12,9
2025-06-22 23:37:04.886000;13,1
2025-06-22 22:37:04.986000;13,1
2025-06-22 21:37:04.886000;13,3
2025-06-22 20:37:04.987000;13,6
2025-06-22 19:37:04.786000;13,8
2025-06-22 18:37:04.726000;13,8
2025-06-22 17:37:05.086000;13,6
2025-06-22 16:37:05.387000;13,6
2025-06-22 15:37:04.886000;13,1
2025-06-22 14:37:05.079000;12,9
2025-06-22 13:37:04.786000;12,4
2025-06-22 12:37:04.786000;12
2025-06-22 11:37:05.234000;11,6
2025-06-22 10:37:05.387000;11,6
2025-06-22 09:37:05.187000;11,3
2025-06-22 08:37:04.786000;11,2
2025-06-22 07:37:04.786000;11,4
2025-06-22 06:37:05.387000;11,4
2025-06-22 05:37:04.887000;11,6
2025-06-22 04:37:05.086000;11,8
2025-06-22 03:37:05.186000;11,9
2025-06-22 02:37:04.886000;12,1
2025-06-22 01:37:05.374000;12,1
2025-06-22 00:37:04.786000;12,4
2025-06-21 23:37:05.078000;12,5
2025-06-21 22:37:04.723000;12,6
2025-06-21 21:37:05.319000;12,6
2025-06-21 20:37:04.886000;13
2025-06-21 19:37:05.328000;13
2025-06-21 18:37:05.387000;13,4
2025-06-21 17:37:04.886000;12,7
2025-06-21 16:37:05.287000;12,3
2025-06-21 15:37:05.086000;11,9
2025-06-21 14:37:04.786000;11,4
2025-06-21 13:37:04.886000;11,3
2025-06-21 12:37:04.986000;10,8
2025-06-21 11:37:04.786000;10,4
2025-06-21 09:37:04.786000;10,3
2025-06-21 08:37:05.387000;10,3
2025-06-21 07:37:05.387000;10,4
2025-06-21 06:37:04.786000;10,6
2025-06-21 05:37:04.886000;10,8
2025-06-21 04:37:04.886000;11
2025-06-21 03:37:05.387000;11
2025-06-21 02:37:04.886000;11,4
2025-06-21 01:37:04.886000;11,7
2025-06-21 00:37:04.987000;11,9
2025-06-20 23:37:05.086000;12,2
2025-06-20 22:37:05.387000;12,2
2025-06-20 21:37:05.387000;12,6
2025-06-20 20:37:04.986000;12,9
2025-06-20 19:37:05.388000;12,9
2025-06-20 18:37:04.787000;12,6
2025-06-20 17:37:05.387000;12,6
2025-06-20 16:37:04.786000;12,5
2025-06-20 15:37:04.887000;12
2025-06-20 14:37:05.387000;12
2025-06-20 13:37:05.387000;11,6
2025-06-20 12:37:05.087000;11,1
2025-06-20 11:37:05.086000;10,8
2025-06-20 10:37:04.786000;10,6
2025-06-20 09:37:04.786000;10,8
2025-06-20 08:37:04.786000;10,9
2025-06-20 07:37:04.786000;11
2025-06-20 06:37:05.400000;11
2025-06-20 05:37:05.387000;11,3
2025-06-20 04:37:05.087000;11,6
2025-06-20 03:37:04.986000;11,8
2025-06-20 02:37:04.886000;12
2025-06-20 01:37:04.886000;12,2
2025-06-20 00:37:05.188000;12,4
2025-06-19 23:37:04.886000;12,6
2025-06-19 22:37:04.899000;12,7
2025-06-19 21:37:04.786000;12,9
2025-06-19 20:37:04.786000;13,1
2025-06-19 19:37:05.387000;13,1
2025-06-19 18:37:04.986000;13,3
2025-06-19 17:37:05.387000;13,3
2025-06-19 16:37:04.886000;14,2
2025-06-19 15:37:05.387000;14,2
2025-06-19 14:37:05.387000;12,3
2025-06-19 13:37:05.387000;11,4
2025-06-19 12:37:04.887000;10,5
2025-06-19 11:37:04.786000;10,2
2025-06-19 10:37:05.387000;10,2
2025-06-19 09:37:05.387000;9,9
2025-06-19 08:37:04.887000;10,1
2025-06-19 07:37:04.886000;10,4
2025-06-19 06:37:04.786000;10,6
2025-06-19 05:37:04.887000;10,9
2025-06-19 04:37:05.187000;11,3
2025-06-19 03:37:04.786000;11,5
2025-06-19 02:37:04.786000;11,8
2025-06-19 01:37:05.087000;11,8
2025-06-19 00:37:05.388000;12
2025-06-18 23:37:05.387000;12
2025-06-18 22:37:04.786000;12,4
2025-06-18 21:37:04.786000;12,4
2025-06-18 20:37:05.320000;12,4
2025-06-18 19:37:05.388000;12,5
2025-06-18 18:37:05.087000;12,6
2025-06-18 17:37:04.887000;12,1
2025-06-18 16:37:04.887000;11,6
2025-06-18 15:37:05.287000;11,2
2025-06-18 14:37:05.387000;11,2
2025-06-18 13:37:05.387000;11,1
2025-06-18 12:37:04.886000;10,6
2025-06-18 11:37:05.356000;10,6
2025-06-18 10:37:05.387000;10,3
2025-06-18 09:37:05.387000;10,1
2025-06-18 08:37:04.786000;10,3
2025-06-18 07:37:04.886000;10,4
2025-06-18 06:37:04.740000;10,6
2025-06-18 05:37:04.787000;10,8
2025-06-18 04:37:04.786000;11,1
2025-06-18 03:37:04.887000;11,3
2025-06-18 02:37:04.786000;11,6
2025-06-18 01:37:05.388000;11,6
2025-06-18 00:37:05.355000;11,9
2025-06-17 22:37:05.387000;12,4
2025-06-17 21:37:05.186000;13,1
2025-06-17 20:37:05.176000;13,2
2025-06-17 19:37:05.187000;13,4
2025-06-17 18:37:05.388000;13,4
2025-06-17 17:37:05.387000;12,9
2025-06-17 16:37:05.387000;12,4
2025-06-17 15:37:04.886000;11
2025-06-17 14:37:04.742000;10,6
2025-06-17 13:37:04.786000;10,3
2025-06-17 12:37:04.887000;9,9
2025-06-17 11:37:05.187000;9,8
2025-06-17 09:37:05.387000;10,1
2025-06-17 08:37:04.886000;10,1
2025-06-17 07:37:04.786000;10,1
2025-06-17 06:37:05.186000;10,4
2025-06-17 05:37:05.386000;10,4
2025-06-17 04:37:05.344000;10,6
2025-06-17 03:37:04.886000;11,1
2025-06-17 02:37:05.387000;11,1
2025-06-17 01:37:05.387000;11,4
2025-06-17 00:37:04.786000;12
2025-06-16 23:37:04.786000;12,3
2025-06-16 22:37:04.886000;12,6
2025-06-16 21:37:04.849000;12,8
2025-06-16 20:37:04.814000;12,8
2025-06-16 19:37:05.387000;12,8
2025-06-16 18:37:05.388000;12,8
2025-06-16 17:37:05.387000;12,7
2025-06-16 16:37:04.786000;11,6
2025-06-16 15:37:04.886000;10,9
2025-06-16 14:37:04.986000;10,6
2025-06-16 13:37:05.387000;10,6
2025-06-16 12:37:04.787000;10,6
2025-06-16 11:37:05.286000;10,4
2025-06-16 10:37:05.387000;10,4
2025-06-16 09:37:05.387000;10,4
2025-06-16 08:37:04.886000;9,8
2025-06-16 07:37:05.387000;9,8
2025-06-16 06:37:04.986000;9,9
2025-06-16 05:37:05.386000;9,9
2025-06-16 04:37:04.986000;10,2
2025-06-16 03:37:05.339000;10,2
2025-06-16 02:37:04.786000;10,4
2025-06-16 01:37:04.880000;10,5
2025-06-16 00:37:04.986000;10,7
2025-06-15 23:37:04.786000;10,8
2025-06-15 22:37:04.986000;10,9
2025-06-15 21:37:04.886000;11
2025-06-15 20:37:04.786000;10,8
2025-06-15 19:37:04.886000;11,3
2025-06-15 18:37:05.387000;11,3
2025-06-15 17:37:04.886000;11,4
2025-06-15 16:37:04.787000;11,3
2025-06-15 15:37:04.987000;11,3
2025-06-15 14:37:04.886000;11,4
2025-06-15 13:37:04.886000;11,2
2025-06-15 12:37:04.763000;10,9
2025-06-15 11:37:04.887000;10,8
2025-06-15 10:37:05.387000;10,8
2025-06-15 09:37:05.387000;10,5
2025-06-15 08:37:05.287000;10,3
2025-06-15 07:37:04.786000;10,5
2025-06-15 06:37:04.786000;10,5
2025-06-15 05:37:04.786000;10,7
2025-06-15 04:37:04.986000;11,1
2025-06-15 03:37:04.887000;11,4
2025-06-15 02:37:05.387000;11,4
2025-06-15 01:37:04.986000;11,9
2025-06-15 00:37:04.887000;12,2
2025-06-14 23:37:04.786000;12,6
2025-06-14 22:37:04.786000;12,9
2025-06-14 21:37:04.786000;13,1
2025-06-14 20:37:04.787000;13,2
2025-06-14 19:37:04.787000;13,1
2025-06-14 18:37:05.356000;13,1
2025-06-14 17:37:05.323000;13
2025-06-14 16:37:05.086000;12,4
2025-06-14 15:37:04.886000;11,9
2025-06-14 14:37:04.887000;11,7
2025-06-14 13:37:05.387000;11,7
2025-06-14 12:37:05.387000;11,1
2025-06-14 11:37:05.387000;10,9
2025-06-14 10:37:04.887000;10,6
2025-06-14 09:37:04.786000;10,5
2025-06-14 08:37:04.786000;10,6
2025-06-14 07:37:04.987000;10,8
2025-06-14 06:37:05.359000;10,8
2025-06-14 05:37:04.786000;11
2025-06-14 04:37:04.886000;11,2
2025-06-14 03:37:04.887000;11,4
2025-06-14 02:37:05.387000;11,4
2025-06-14 01:37:04.786000;11,9
2025-06-14 00:37:04.886000;12,3
2025-06-13 23:37:05.086000;12,6
2025-06-13 22:37:05.291000;12,6
2025-06-13 21:37:05.387000;12,8
2025-06-13 20:37:04.786000;13,1
2025-06-13 19:37:05.386000;13,1
2025-06-13 18:37:04.786000;13,1
2025-06-13 17:37:04.786000;13,4
2025-06-13 16:37:05.360000;13,4
2025-06-13 15:37:05.078000;12,9
2025-06-13 14:37:04.800000;12,3
2025-06-13 13:37:04.886000;11,9
2025-06-13 12:37:04.994000;11,4
2025-06-13 11:37:04.886000;10,8
2025-06-13 10:37:04.787000;10,4
2025-06-13 09:37:05.387000;10,4
2025-06-13 08:37:04.786000;10,3
2025-06-13 07:37:04.886000;10,3
2025-06-13 06:37:04.987000;10,4
2025-06-13 05:37:05.387000;10,4
2025-06-13 04:37:05.099000;10,9
2025-06-13 03:37:04.786000;11
2025-06-13 02:37:04.786000;11,3
2025-06-13 01:37:04.886000;11,6
2025-06-13 00:37:05.291000;11,6
2025-06-12 23:37:04.786000;12,2
2025-06-12 21:37:04.786000;12,8
2025-06-12 20:37:05.394000;12,8
2025-06-12 19:37:04.790000;13,3
2025-06-12 18:37:04.987000;13,4
2025-06-12 17:37:04.886000;13,4
2025-06-12 16:37:05.286000;12,9
2025-06-12 15:37:04.986000;12,2
2025-06-12 14:37:05.387000;12,2
2025-06-12 13:37:05.387000;11,6
2025-06-12 12:37:04.986000;10,8
2025-06-12 11:37:05.387000;10,8
2025-06-12 10:37:04.986000;10,1
2025-06-12 09:37:05.188000;10,1
2025-06-12 08:37:05.387000;10,1
2025-06-12 07:37:04.991000;10,3
2025-06-12 06:37:05.386000;10,3
2025-06-12 05:37:05.287000;10,4
2025-06-12 04:37:04.887000;10,5
2025-06-12 03:37:04.886000;10,7
2025-06-12 02:37:04.786000;10,8
2025-06-12 01:37:04.786000;11
2025-06-12 00:37:04.786000;11,2
2025-06-11 23:37:04.887000;11,4
2025-06-11 22:37:04.823000;11,5
2025-06-11 21:37:04.783000;11,8
2025-06-11 20:37:05.023000;11,9
2025-06-11 19:37:04.887000;11,9
2025-06-11 18:37:04.791000;11,9
2025-06-11 17:37:04.987000;11,8
2025-06-11 16:37:05.387000;11,8
2025-06-11 15:37:04.786000;11,4
2025-06-11 13:37:05.387000;10,8
2025-06-11 12:37:05.311000;10,4
2025-06-11 11:37:04.786000;9,8
2025-06-11 10:37:05.388000;9,8
2025-06-11 09:37:05.387000;9,7
2025-06-11 08:37:05.086000;9,6
2025-06-11 07:37:04.886000;9,6
2025-06-11 06:37:05.286000;9,8
2025-06-11 05:37:04.787000;9,9
2025-06-11 04:37:05.087000;10,1
2025-06-11 03:37:04.887000;10,4
2025-06-11 02:37:04.886000;10,5
2025-06-11 01:37:05.287000;10,9
2025-06-11 00:37:04.787000;11,4
2025-06-10 23:37:04.886000;11,8
2025-06-10 22:37:05.387000;11,8
2025-06-10 21:37:04.786000;12,2
2025-06-10 20:37:04.987000;12,3
2025-06-10 19:37:05.180000;13
2025-06-10 18:37:04.887000;13,5
2025-06-10 17:37:05.387000;13,5
2025-06-10 16:37:05.388000;13,4
2025-06-10 15:37:05.388000;13
2025-06-10 14:37:04.978000;11,4
2025-06-10 13:37:05.188000;10,9
2025-06-10 12:37:04.886000;10,3
2025-06-10 11:37:05.387000;10,3
2025-06-10 10:37:04.886000;9,8
2025-06-10 09:37:05.287000;9,8
2025-06-10 08:37:04.886000;9,7
2025-06-10 07:37:05.342000;9,7
2025-06-10 06:37:05.387000;9,8
2025-06-10 05:37:04.786000;10,3
2025-06-10 04:37:04.887000;10,4
2025-06-10 03:37:04.987000;10,7
2025-06-10 02:37:05.086000;10,9
2025-06-10 01:37:04.886000;11,3
2025-06-10 00:37:04.786000;11,5
2025-06-09 22:37:04.824000;12,2
2025-06-09 21:37:04.786000;12,2
2025-06-09 20:37:04.786000;12,1
2025-06-09 19:37:05.094000;11,8
2025-06-09 18:37:04.787000;11,8
2025-06-09 17:37:04.845000;11,5
2025-06-09 16:37:05.388000;11,5
2025-06-09 15:37:04.786000;11,1
2025-06-09 14:37:04.786000;10,4
2025-06-09 13:37:04.886000;10
2025-06-09 12:37:04.786000;9,6
2025-06-09 11:37:04.886000;9,4
2025-06-09 10:37:05.387000;9,4
2025-06-09 09:37:04.787000;9
2025-06-09 08:37:05.387000;9
2025-06-09 07:37:04.886000;9,9
2025-06-09 06:37:04.787000;10,3
2025-06-09 05:37:04.842000;10,5
2025-06-09 04:37:04.887000;10,6
2025-06-09 03:37:04.886000;10,8
2025-06-09 01:37:05.387000;11
2025-06-09 00:37:04.787000;11,3
2025-06-08 23:37:04.986000;11,6
2025-06-08 22:37:05.387000;11,6
2025-06-08 21:37:05.388000;11,8
2025-06-08 20:37:04.787000;12,1
2025-06-08 19:37:05.388000;12,1
2025-06-08 18:37:05.354000;12,2
2025-06-08 16:37:05.387000;12,2
2025-06-08 15:37:04.763000;11,7
2025-06-08 14:37:05.287000;11,4
2025-06-08 13:37:04.887000;10,9
2025-06-08 12:37:05.387000;10,9
2025-06-08 11:37:04.987000;10,6
2025-06-08 10:37:05.387000;10,6
2025-06-08 09:37:04.886000;10,1
2025-06-08 08:37:04.887000;10,1
2025-06-08 07:37:04.887000;10,2
2025-06-08 06:37:05.386000;10,2
2025-06-08 05:37:05.387000;10,3
2025-06-08 04:37:04.776000;10,6
2025-06-08 02:37:05.088000;10,9
2025-06-08 01:37:04.987000;11,1
2025-06-08 00:37:04.886000;11,3
2025-06-07 23:37:05.387000;11,3
2025-06-07 22:37:04.786000;11,8
2025-06-07 21:37:04.786000;12,1
2025-06-07 20:37:05.386000;12,1
2025-06-07 19:37:04.786000;12,4
2025-06-07 18:37:05.007000;12,2
2025-06-07 17:37:04.786000;12
2025-06-07 16:37:04.987000;11,9
2025-06-07 15:37:04.786000;11,8
2025-06-07 14:37:04.886000;11,5
2025-06-07 13:37:04.987000;11,1
2025-06-07 12:37:04.786000;10,8
2025-06-07 11:37:04.915000;10,6
2025-06-07 10:37:04.987000;10,5
2025-06-07 09:37:04.887000;10,4
2025-06-07 08:37:04.986000;10,4
2025-06-07 07:37:05.387000;10,4
2025-06-07 05:37:04.787000;10,7
2025-06-07 04:37:04.930000;10,8
2025-06-07 03:37:04.786000;10,9
2025-06-07 02:37:04.745000;11,2
2025-06-07 01:37:04.887000;11,4
2025-06-07 00:37:04.787000;11,6
2025-06-06 23:37:04.786000;11,9
2025-06-06 22:37:04.786000;12,2
2025-06-06 21:37:04.887000;12,4
2025-06-06 20:37:04.786000;12,9
2025-06-06 19:37:04.786000;13,1
2025-06-06 18:37:05.387000;13,1
2025-06-06 17:37:05.387000;13,6
2025-06-06 16:37:04.786000;13,2
2025-06-06 15:37:04.786000;12,8
2025-06-06 13:37:05.286000;11,7
2025-06-06 12:37:04.690000;10,9
2025-06-06 11:37:04.886000;10,6
2025-06-06 10:37:05.386000;10,6
2025-06-06 09:37:05.386000;10
2025-06-06 08:37:04.762000;9,8
2025-06-06 05:37:05.260000;10
2025-06-06 04:37:04.887000;10,2
2025-06-06 03:37:04.786000;10,4
2025-06-06 02:37:04.787000;10,6
2025-06-06 01:37:04.887000;10,9
2025-06-06 00:37:04.786000;11,2
2025-06-05 23:37:04.787000;11,6
2025-06-05 22:37:04.886000;11,9
2025-06-05 21:37:04.887000;12,3
2025-06-05 20:37:04.786000;12,8
2025-06-05 19:37:04.887000;12,9
2025-06-05 18:37:04.986000;11,8
2025-06-05 17:37:04.886000;11,6
2025-06-05 16:37:04.987000;11,4
2025-06-05 15:37:05.183000;10,7
2025-06-05 14:37:04.786000;11,1
2025-06-05 13:37:05.386000;11,1
2025-06-05 12:37:04.886000;9,9
2025-06-05 11:37:05.387000;9,9
2025-06-05 10:37:04.986000;9,4
2025-06-05 09:37:05.387000;9,4
2025-06-05 08:37:05.062000;9,4
2025-06-05 07:37:04.786000;9,4
2025-06-05 06:37:05.086000;9,6
2025-06-05 05:37:05.292000;9,6
2025-06-05 04:37:04.786000;9,8
2025-06-05 03:37:04.787000;10
2025-06-05 02:37:05.387000;10
2025-06-05 01:37:04.886000;10,3
2025-06-05 00:37:04.886000;10,5
2025-06-04 23:37:04.787000;10,6
2025-06-04 22:37:04.786000;11,1
2025-06-04 21:37:04.786000;11,1
2025-06-04 20:37:04.886000;11,3
2025-06-04 19:37:04.786000;11,6
2025-06-04 17:37:05.388000;11,6
2025-06-04 16:37:04.887000;11,2
2025-06-04 15:37:05.387000;11,2
2025-06-04 13:37:04.786000;10,1
2025-06-04 12:37:04.886000;9,1
2025-06-04 10:37:05.387000;8,8
2025-06-04 09:37:04.886000;8,4
2025-06-04 06:37:04.786000;8,8
2025-06-04 05:37:04.786000;8,9
2025-06-04 04:37:05.351000;8,9
2025-06-04 03:37:04.986000;9,2
2025-06-04 02:37:04.887000;9,1
2025-06-04 00:37:05.187000;9,4
2025-06-03 23:37:04.930000;9,6
2025-06-03 22:37:05.157000;9,7
2025-06-03 21:37:04.886000;9,8
2025-06-03 20:37:05.186000;9,8
2025-06-03 19:37:04.820000;9,7
2025-06-03 18:37:04.886000;9,7
2025-06-03 17:37:05.086000;9,6
2025-06-03 16:37:05.387000;9,6
2025-06-03 15:37:04.787000;9,3
2025-06-03 14:37:04.887000;9
2025-06-03 13:37:04.786000;8,6
2025-06-03 12:37:05.287000;7,9
2025-06-03 10:37:04.786000;8
2025-06-03 09:37:04.886000;8
2025-06-03 08:37:04.886000;8,1
2025-06-03 07:37:04.786000;8,3
2025-06-03 06:37:05.186000;8,3
2025-06-03 05:37:04.987000;8,6
2025-06-03 04:37:04.786000;8,5
2025-06-03 03:37:05.287000;8,5
2025-06-03 02:37:04.886000;8,8
2025-06-03 01:37:04.986000;8,7
2025-06-03 00:37:05.086000;8,8
2025-06-02 22:37:05.330000;8,9
2025-06-02 21:37:04.887000;9,3
2025-06-02 20:37:04.787000;9,9
2025-06-02 19:37:04.987000;9,9
2025-06-02 17:37:05.388000;9,9
2025-06-02 16:37:04.886000;10,1
2025-06-02 15:37:04.886000;10
2025-06-02 14:37:05.287000;8,8
2025-06-02 13:37:05.395000;8,8
2025-06-02 12:37:04.987000;8,9
2025-06-02 11:37:05.086000;9,1
2025-06-02 10:37:04.886000;9,2
2025-06-02 09:37:04.987000;9,2
2025-06-02 08:37:04.886000;9,3
2025-06-02 07:37:05.288000;9,4
2025-06-02 06:37:04.986000;9,4
2025-06-02 05:37:05.388000;9,4
2025-06-02 04:37:04.787000;9,8
2025-06-02 03:37:04.987000;10
2025-06-02 02:37:04.786000;10,2
2025-06-02 01:37:04.886000;10,5
2025-06-02 00:37:04.886000;10,8
2025-06-01 23:37:05.287000;10,9
2025-06-01 22:37:04.987000;11,3
2025-06-01 21:37:04.787000;12,8
2025-06-01 20:37:04.986000;13,1
2025-06-01 19:37:04.864000;13,3
2025-06-01 18:37:04.787000;13,4
2025-06-01 17:37:05.387000;13,4
2025-06-01 16:37:04.786000;13,4
2025-06-01 15:37:04.774000;12,3
2025-06-01 14:37:04.786000;12,3
2025-06-01 13:37:05.388000;12,3
2025-06-01 12:37:04.886000;11,2
2025-06-01 11:37:05.387000;11,2
2025-06-01 10:37:04.786000;10,9
2025-06-01 09:37:04.786000;10,6
2025-06-01 08:37:04.886000;10,3
2025-06-01 07:37:04.987000;10,5
2025-06-01 06:37:04.710000;10,5
2025-06-01 05:37:05.387000;10,5
2025-06-01 04:37:04.787000;11
2025-06-01 03:37:04.835000;11,3
2025-06-01 02:37:05.187000;11,5
2025-06-01 01:37:04.886000;11,8
2025-06-01 00:37:04.787000;12,2
2025-05-31 23:37:05.287000;12,4
2025-05-31 22:37:05.387000;12,4
2025-05-31 21:37:05.400000;13,1
2025-05-31 20:37:04.987000;14,1
2025-05-31 19:37:04.786000;14,4
2025-05-31 18:37:04.786000;14,6
2025-05-31 17:37:05.387000;14,6
2025-05-31 16:37:04.786000;14,1
2025-05-31 15:37:04.886000;13,3
2025-05-31 14:37:05.377000;13,3
2025-05-31 13:37:05.387000;12,5
2025-05-31 12:37:04.786000;10,8
2025-05-31 11:37:04.786000;10,8
2025-05-31 10:37:04.886000;10,1
2025-05-31 09:37:05.288000;10,1
2025-05-31 08:37:04.767000;10,1
2025-05-31 07:37:05.387000;10,1
2025-05-31 06:37:04.773000;10,5
2025-05-31 05:37:04.786000;10,8
2025-05-31 04:37:04.886000;11
2025-05-31 03:37:05.387000;11
2025-05-31 02:37:04.786000;11,4
2025-05-31 01:37:05.387000;11,4
2025-05-31 00:37:05.387000;11,9
2025-05-30 23:37:05.087000;12,7
2025-05-30 22:37:04.790000;12,8
2025-05-30 21:37:04.886000;13,4
2025-05-30 20:37:04.786000;14
2025-05-30 19:37:04.887000;14,6
2025-05-30 18:37:05.086000;14,9
2025-05-30 17:37:04.886000;14,9
2025-05-30 16:37:04.987000;14,6
2025-05-30 15:37:04.786000;13,7
2025-05-30 14:37:04.786000;12,9
2025-05-30 13:37:05.087000;11,9
2025-05-30 12:37:04.886000;11,3
2025-05-30 11:37:04.786000;10,6
2025-05-30 10:37:05.088000;10
2025-05-30 09:37:04.887000;9,9
2025-05-30 08:37:05.359000;9,9
2025-05-30 07:37:04.886000;10,3
2025-05-30 06:37:04.987000;10,4
2025-05-30 05:37:05.386000;10,4
2025-05-30 04:37:05.036000;10,9
2025-05-30 03:37:05.387000;10,9
2025-05-30 02:37:05.360000;11,2
2025-05-30 01:37:05.387000;11,4
2025-05-30 00:37:04.986000;12,2
2025-05-29 23:37:04.786000;12,8
2025-05-29 22:37:04.986000;13,3
2025-05-29 21:37:05.087000;13,6
2025-05-29 20:37:05.219000;14
2025-05-29 19:37:05.119000;14,7
2025-05-29 18:37:05.720000;14,7
2025-05-29 17:37:05.720000;14,9
2025-05-29 16:37:05.219000;14,2
2025-05-29 15:37:05.621000;13,3
2025-05-29 14:37:05.119000;12,4
2025-05-29 13:37:05.119000;11,4
2025-05-29 12:37:05.319000;10,8
2025-05-29 11:37:05.220000;10,1
2025-05-29 10:37:05.120000;9,3
2025-05-29 09:37:05.119000;9,3
2025-05-29 08:37:05.319000;9,4
2025-05-29 07:37:05.320000;9,6
2025-05-29 06:37:05.220000;9,9
2025-05-29 05:37:05.120000;10,1
2025-05-29 04:37:05.719000;10,1
2025-05-29 03:37:05.259000;10,8
2025-05-29 02:37:05.111000;11,1
2025-05-29 01:37:05.119000;11,4
2025-05-29 00:37:05.219000;11,9
2025-05-28 23:37:05.720000;11,9
2025-05-28 22:37:05.420000;12,9
2025-05-28 21:37:05.120000;13,3
2025-05-28 20:37:05.344000;13,3
2025-05-28 19:37:05.274000;13,8
2025-05-28 18:37:05.248000;14,2
2025-05-28 17:37:05.344000;14,6
2025-05-28 16:37:04.743000;13,7
2025-05-28 14:37:04.967000;11,9
2025-05-28 13:37:04.843000;11,1
2025-05-28 12:37:04.727000;9,5
2025-05-28 11:37:04.743000;9,5
2025-05-28 10:37:04.866000;8,8
2025-05-28 09:37:04.844000;8,8
2025-05-28 08:37:05.343000;8,8
2025-05-28 07:37:04.743000;9,1
2025-05-28 06:37:04.834000;9,3
2025-05-28 05:37:04.843000;9,5
2025-05-28 04:37:04.943000;9,7
2025-05-28 03:37:05.343000;9,7
2025-05-28 02:37:04.744000;10,2
2025-05-28 01:37:05.056000;10,4
2025-05-28 00:37:04.844000;10,9
2025-05-27 23:37:05.244000;11,3
2025-05-27 21:37:05.344000;11,9
2025-05-27 20:37:04.843000;12,6
2025-05-27 19:37:04.702000;13
2025-05-27 18:37:04.844000;12,9
2025-05-27 16:37:05.044000;11,1
2025-05-27 15:37:05.345000;11,1
2025-05-27 13:37:04.743000;10,3
2025-05-27 12:37:05.043000;9,6
2025-05-27 11:37:04.843000;9,1
2025-05-27 10:37:04.843000;9
2025-05-27 09:37:05.343000;9
2025-05-27 08:37:04.707000;9,1
2025-05-27 07:37:05.315000;9,1
2025-05-27 06:37:04.847000;9,4
2025-05-27 05:37:04.743000;9,6
2025-05-27 04:37:05.244000;9,6
2025-05-27 03:37:04.743000;9,9
2025-05-27 02:37:04.699000;10,1
2025-05-27 01:37:04.943000;10,3
2025-05-27 00:37:04.743000;10,4
2025-05-26 23:37:04.743000;10,6
2025-05-26 22:37:05.244000;10,9
2025-05-26 21:37:04.743000;11,3
2025-05-26 20:37:04.843000;11,6
2025-05-26 19:37:05.343000;11,6
2025-05-26 18:37:05.244000;12,3
2025-05-26 17:37:04.743000;12,6
2025-05-26 16:37:05.345000;12,6
2025-05-26 15:37:05.044000;12,8
2025-05-26 14:37:05.245000;12,8
2025-05-26 13:37:05.043000;11,3
2025-05-26 12:37:04.864000;10,4
2025-05-26 11:37:04.843000;9,6
2025-05-26 10:37:04.743000;9,2
2025-05-26 09:37:04.943000;9,1
2025-05-26 08:37:04.737000;8,9
2025-05-26 07:37:04.943000;9
2025-05-26 06:37:05.316000;9
2025-05-26 05:37:05.344000;9,1
2025-05-26 04:37:04.844000;9,3
2025-05-26 03:37:04.843000;9,6
2025-05-26 02:37:04.843000;9,9
2025-05-26 01:37:04.743000;10,3
2025-05-26 00:37:05.056000;10,7
2025-05-25 23:37:04.743000;11,1
2025-05-25 22:37:05.344000;11,1
2025-05-25 21:37:05.357000;11,6
2025-05-25 20:37:04.743000;12,6
2025-05-25 19:37:04.743000;13
2025-05-25 17:37:04.943000;10,4
2025-05-25 16:37:05.344000;10,4
2025-05-25 15:37:04.843000;9,5
2025-05-25 14:37:04.843000;9
2025-05-25 13:37:05.043000;8,6
2025-05-25 12:37:04.844000;8,2
2025-05-25 11:37:04.815000;7,9
2025-05-25 10:37:04.843000;7,7
2025-05-25 09:37:05.131000;8,1
2025-05-25 08:37:04.844000;8,2
2025-05-25 07:37:04.715000;8,3
2025-05-25 06:37:04.944000;8,4
2025-05-25 05:37:04.943000;8,6
2025-05-25 04:37:05.252000;8,9
2025-05-25 03:37:04.843000;9,1
2025-05-25 02:37:05.344000;9,1
2025-05-25 01:37:04.744000;9,7
2025-05-25 00:37:05.006000;10,1
2025-05-24 23:37:05.345000;10,1
2025-05-24 22:37:04.842000;11,1
2025-05-24 21:37:04.743000;11,5
2025-05-24 20:37:05.343000;11,5
2025-05-24 19:37:05.318000;12
2025-05-24 18:37:05.344000;12,5
2025-05-24 17:37:04.743000;12,6
2025-05-24 16:37:04.843000;12,1
2025-05-24 15:37:04.750000;11,4
2025-05-24 14:37:05.157000;10,6
2025-05-24 13:37:05.343000;10,6
2025-05-24 12:37:05.298000;9,8
2025-05-24 11:37:05.343000;9,1
2025-05-24 10:37:05.243000;7,6
2025-05-24 09:37:05.143000;7,7
2025-05-24 08:37:04.743000;7,9
2025-05-24 07:37:04.743000;8,1
2025-05-24 06:37:05.143000;8,4
2025-05-24 05:37:05.144000;8,6
2025-05-24 04:37:04.743000;8,7
2025-05-24 03:37:05.344000;8,7
2025-05-24 02:37:04.944000;9,1
2025-05-24 01:37:04.743000;9,3
2025-05-24 00:37:04.743000;9,5
2025-05-23 23:37:05.344000;9,5
2025-05-23 22:37:04.743000;10,3
2025-05-23 21:37:05.343000;10,3
2025-05-23 20:37:04.743000;10,9
2025-05-23 19:37:05.243000;11,6
2025-05-23 18:37:05.143000;12,2
2025-05-23 17:37:05.143000;11,8
2025-05-23 16:37:04.743000;11,6
2025-05-23 15:37:04.744000;10,7
2025-05-23 14:37:04.843000;10,1
2025-05-23 13:37:05.343000;10,1
2025-05-23 12:37:04.843000;8,8
2025-05-23 11:37:04.743000;8,3
2025-05-23 10:37:05.044000;7,6
2025-05-23 09:37:04.743000;7,6
2025-05-23 08:37:04.943000;7,7
2025-05-23 07:37:05.344000;7,7
2025-05-23 06:37:04.743000;8
2025-05-23 05:37:04.743000;8,2
2025-05-23 04:37:04.743000;8,3
2025-05-23 03:37:04.943000;8,6
2025-05-23 02:37:04.743000;8,6
2025-05-23 01:37:04.743000;8,9
2025-05-23 00:37:05.344000;8,9
2025-05-22 23:37:05.344000;9,1
2025-05-22 22:37:04.743000;9,8
2025-05-22 21:37:04.795000;9,9
2025-05-22 20:37:04.699000;10,1
2025-05-22 19:37:05.043000;10,3
2025-05-22 18:37:04.843000;10,3
2025-05-22 17:37:05.343000;10,3
2025-05-22 16:37:04.843000;85
2025-05-22 15:37:04.827000;85
2025-05-22 14:37:05.143000;8,8
2025-05-22 13:37:04.755000;8,5
2025-05-22 12:37:04.843000;8,6
2025-05-22 11:37:04.836000;8,9
2025-05-22 10:37:04.727000;8,8
2025-05-22 09:37:05.293000;8,8
2025-05-22 08:37:04.843000;8,8
2025-05-22 07:37:05.248000;8,8
2025-05-22 06:37:04.803000;9,1
2025-05-22 05:37:04.743000;9,3
2025-05-22 04:37:05.343000;9,3
2025-05-22 03:37:05.335000;9,4
2025-05-22 02:37:05.344000;9,7
2025-05-22 01:37:04.867000;10,1
2025-05-22 00:37:04.743000;10,4
2025-05-21 23:37:05.264000;10,4
2025-05-21 21:37:04.944000;11,4
2025-05-21 20:37:04.743000;11,8
2025-05-21 19:37:05.044000;12,2
2025-05-21 18:37:04.943000;12,7
2025-05-21 17:37:04.744000;12,8
2025-05-21 16:37:05.344000;12,8
2025-05-21 15:37:05.245000;12,6
2025-05-21 14:37:04.943000;10,9
2025-05-21 13:37:04.843000;10,4
2025-05-21 12:37:04.943000;8,7
2025-05-21 11:37:04.683000;8,1
2025-05-21 10:37:05.344000;8,1
2025-05-21 09:37:04.943000;7,6
2025-05-21 08:37:05.343000;7,6
2025-05-21 07:37:05.344000;8
2025-05-21 06:37:04.844000;8,4
2025-05-21 05:37:05.344000;8,4
2025-05-21 04:37:05.345000;8,6
2025-05-21 03:37:04.718000;9,1
2025-05-21 02:37:04.843000;9,2
2025-05-21 01:37:05.243000;9,3
2025-05-21 00:37:05.243000;9,6
2025-05-20 23:37:05.244000;9,6
2025-05-20 22:37:05.343000;9,6
2025-05-20 21:37:04.743000;10,1
2025-05-20 20:37:04.943000;10,3
2025-05-20 19:37:05.344000;10,3
2025-05-20 18:37:04.843000;10,2
2025-05-20 17:37:04.844000;8,1
2025-05-20 16:37:05.344000;8,1
2025-05-20 15:37:04.743000;7,6
2025-05-20 14:37:05.145000;7,5
2025-05-20 13:37:04.944000;7,3
2025-05-20 12:37:05.345000;7,3
2025-05-20 11:37:04.743000;8,2
2025-05-20 10:37:04.743000;8,4
2025-05-20 09:37:05.344000;8,4
2025-05-20 08:37:04.843000;8,8
2025-05-20 07:37:04.743000;8,9
2025-05-20 05:37:05.043000;9,1
2025-05-20 04:37:05.044000;9,1
2025-05-20 03:37:04.743000;9,3
2025-05-20 02:37:04.844000;9,4
2025-05-20 01:37:04.743000;9,6
2025-05-20 00:37:05.284000;9,6
2025-05-19 23:37:04.743000;10,1
2025-05-19 22:37:05.344000;10,1
2025-05-19 20:37:05.344000;10,7
2025-05-19 18:37:05.344000;11,3
2025-05-19 17:37:05.344000;11,6
2025-05-19 16:37:04.743000;11,8
2025-05-19 15:37:05.243000;11,8
2025-05-19 14:37:05.343000;11,8
2025-05-19 13:37:04.943000;11,3
2025-05-19 12:37:05.043000;10,7
2025-05-19 11:37:04.701000;9,8
2025-05-19 10:37:05.343000;9,8
2025-05-19 09:37:05.316000;9,6
2025-05-19 08:37:04.744000;9,6
2025-05-19 07:37:05.279000;9,6
2025-05-19 06:37:04.743000;10,1
2025-05-19 05:37:05.344000;10,1
2025-05-19 04:37:04.743000;10,6
2025-05-19 03:37:05.345000;10,6
2025-05-19 02:37:05.244000;10,6
2025-05-19 01:37:05.343000;10,6
2025-05-19 00:37:05.343000;11
2025-05-18 23:37:04.829000;12
2025-05-18 22:37:04.943000;12,5
2025-05-18 21:37:04.743000;13
2025-05-18 20:37:04.743000;13,5
2025-05-18 19:37:04.679000;14
2025-05-18 18:37:04.843000;14,3
2025-05-18 17:37:04.844000;14,1
2025-05-18 16:37:05.343000;14,1
2025-05-18 15:37:05.143000;12,9
2025-05-18 14:37:04.743000;12,1
2025-05-18 13:37:05.344000;12,1
2025-05-18 12:37:05.143000;10,4
2025-05-18 11:37:05.343000;10,4
2025-05-18 10:37:05.043000;8,7
2025-05-18 09:37:05.044000;8,8
2025-05-18 08:37:04.843000;8,9
2025-05-18 07:37:04.743000;9,1
2025-05-18 06:37:05.344000;9,1
2025-05-18 05:37:04.743000;9,5
2025-05-18 04:37:04.943000;9,8
2025-05-18 03:37:04.843000;10
2025-05-18 02:37:05.343000;10
2025-05-18 01:37:04.751000;10,8
2025-05-18 00:37:04.843000;11,3
2025-05-17 22:37:04.759000;12,2
2025-05-17 21:37:04.743000;12,6
2025-05-17 20:37:05.344000;12,6
2025-05-17 19:37:05.056000;13,6
2025-05-17 18:37:05.343000;13,6
2025-05-17 17:37:05.343000;13,8
2025-05-17 16:37:04.843000;13,1
2025-05-17 15:37:04.743000;12,4
2025-05-17 14:37:04.743000;11,6
2025-05-17 13:37:04.943000;10,7
2025-05-17 12:37:04.844000;9,9
2025-05-17 11:37:04.743000;9,1
2025-05-17 10:37:04.943000;8,3
2025-05-17 09:37:05.344000;8,3
2025-05-17 08:37:05.343000;8,3
2025-05-17 07:37:04.883000;8,9
2025-05-17 06:37:04.843000;9,2
2025-05-17 05:37:05.344000;9,2
2025-05-17 04:37:04.843000;9,6
2025-05-17 03:37:04.751000;9,8
2025-05-17 01:37:05.296000;9,9
2025-05-17 00:37:04.743000;10,6
2025-05-16 23:37:05.243000;11,1
2025-05-16 22:37:04.843000;11,5
2025-05-16 21:37:05.343000;11,5
2025-05-16 20:37:04.943000;12,4
2025-05-16 19:37:05.044000;12,8
2025-05-16 18:37:05.345000;12,8
2025-05-16 17:37:04.943000;13,1
2025-05-16 16:37:05.343000;13,1
2025-05-16 15:37:04.943000;12,1
2025-05-16 14:37:04.843000;11,2
2025-05-16 13:37:05.287000;11,2
2025-05-16 12:37:05.344000;10,3
2025-05-16 11:37:04.743000;8,9
2025-05-16 10:37:05.343000;8,9
2025-05-16 09:37:04.743000;8,2
2025-05-16 08:37:05.344000;8,2
2025-05-16 07:37:04.944000;8,4
2025-05-16 06:37:04.743000;8,6
2025-05-16 05:37:04.743000;8,8
2025-05-16 04:37:05.343000;8,8
2025-05-16 03:37:04.743000;9
2025-05-16 02:37:04.943000;9,2
2025-05-16 01:37:04.843000;9,4
2025-05-16 00:37:04.743000;9,6
2025-05-15 23:37:05.344000;9,6
2025-05-15 22:37:04.743000;10,2
2025-05-15 21:37:04.756000;10,4
2025-05-15 20:37:04.743000;10,3
2025-05-15 19:37:05.044000;10,7
2025-05-15 18:37:04.943000;10,9
2025-05-15 17:37:04.843000;10,3
2025-05-15 16:37:05.343000;10,3
2025-05-15 15:37:05.343000;9,8
2025-05-15 14:37:04.743000;9,8
2025-05-15 13:37:04.843000;9,7
2025-05-15 12:37:04.843000;9,3
2025-05-15 11:37:05.344000;9,3
2025-05-15 10:37:04.743000;8,1
2025-05-15 09:37:05.344000;8,1
2025-05-15 07:37:04.843000;7,9
2025-05-15 06:37:04.843000;8,1
2025-05-15 05:37:05.343000;8,1
2025-05-15 04:37:04.844000;8,4
2025-05-15 03:37:04.743000;8,5
2025-05-15 02:37:04.743000;8,6
2025-05-15 01:37:05.056000;8,8
2025-05-15 00:37:04.843000;8,9
2025-05-14 23:37:04.943000;8,6
2025-05-14 22:37:04.843000;9,2
2025-05-14 21:37:05.300000;9,2
2025-05-14 20:37:05.343000;10,1
2025-05-14 19:37:05.043000;10,6
2025-05-14 18:37:04.743000;10,9
2025-05-14 17:37:05.291000;10,9
2025-05-14 16:37:05.343000;11,3
2025-05-14 15:37:05.322000;11,3
2025-05-14 14:37:05.343000;10,3
2025-05-14 13:37:05.344000;10,1
2025-05-14 12:37:05.343000;9,4
2025-05-14 11:37:04.844000;8,1
2025-05-14 10:37:04.843000;7,8
2025-05-14 09:37:05.273000;7,8
2025-05-14 08:37:05.244000;7,2
2025-05-14 07:37:04.844000;7,3
2025-05-14 06:37:04.844000;7,6
2025-05-14 05:37:05.001000;7,9
2025-05-14 04:37:04.844000;8,2
2025-05-14 03:37:05.344000;8,2
2025-05-14 02:37:04.743000;8,4
2025-05-14 01:37:04.743000;9,3
2025-05-14 00:37:04.743000;9,3
2025-05-13 23:37:04.743000;9,7
2025-05-13 22:37:04.735000;10,1
2025-05-13 20:37:04.843000;10,4
2025-05-13 19:37:05.343000;10,4
2025-05-13 18:37:05.344000;10,4
2025-05-13 17:37:05.344000;10,5
2025-05-13 16:37:04.843000;10,1
2025-05-13 15:37:05.296000;10,1
2025-05-13 14:37:05.344000;9,6
2025-05-13 13:37:04.844000;9,1
2025-05-13 12:37:04.743000;9,1
2025-05-13 11:37:05.344000;9,1
2025-05-13 10:37:04.843000;85
2025-05-13 09:37:05.343000;8
2025-05-13 08:37:05.243000;7,8
2025-05-13 07:37:04.744000;7,8
2025-05-13 06:37:04.843000;7,9
2025-05-13 05:37:04.843000;7,9
2025-05-13 04:37:05.044000;8
2025-05-13 03:37:04.744000;8,1
2025-05-13 02:37:05.344000;8,1
2025-05-13 01:37:04.743000;8,4
2025-05-13 00:37:04.743000;8,3
2025-05-12 23:37:04.744000;8,6
2025-05-12 22:37:04.743000;8,9
2025-05-12 21:37:04.743000;9,3
2025-05-12 20:37:04.743000;9,8
2025-05-12 19:37:05.044000;9,8
2025-05-12 18:37:05.343000;9,8
2025-05-12 17:37:05.051000;10,3
2025-05-12 16:37:04.743000;85
2025-05-12 15:37:04.843000;9,6
2025-05-12 14:37:05.243000;9,3
2025-05-12 13:37:04.742000;8,9
2025-05-12 12:37:05.343000;8,9
2025-05-12 10:37:05.343000;8,4
2025-05-12 09:37:05.244000;7,9
2025-05-12 07:37:04.743000;7,9
2025-05-12 06:37:05.243000;8
2025-05-12 05:37:04.743000;8,1
2025-05-12 04:37:04.743000;8,3
2025-05-12 03:37:04.772000;8,5
2025-05-12 02:37:04.743000;8,6
2025-05-12 01:37:04.743000;8,8
2025-05-11 23:37:05.351000;9,1
2025-05-11 21:37:05.343000;9,8
2025-05-11 20:37:05.081000;10,3
2025-05-11 19:37:04.843000;10,2
2025-05-11 18:37:05.343000;10,2
2025-05-11 17:37:04.943000;9
2025-05-11 16:37:04.743000;8,9
2025-05-11 15:37:04.743000;8,5
2025-05-11 14:37:04.743000;8,4
2025-05-11 12:37:04.844000;7,9
2025-05-11 11:37:05.043000;7,8
2025-05-11 10:37:05.344000;7,8
2025-05-11 09:37:04.671000;7,4
2025-05-11 08:37:04.744000;7,5
2025-05-11 07:37:05.343000;7,5
2025-05-11 06:37:04.944000;7,5
2025-05-11 04:37:05.344000;7,6
2025-05-11 03:37:05.144000;7,5
2025-05-11 02:37:05.344000;7,5
2025-05-11 01:37:05.243000;7,8
2025-05-11 00:37:04.743000;8,5
2025-05-10 23:37:05.043000;8,8
2025-05-10 22:37:04.951000;9,3
2025-05-10 20:37:04.843000;9,7
2025-05-10 19:37:05.043000;9,8
2025-05-10 18:37:04.843000;8,8
2025-05-10 17:37:04.743000;8,8
2025-05-10 16:37:04.843000;8,8
2025-05-10 15:37:04.844000;8,7
2025-05-10 14:37:05.299000;8,7
2025-05-10 13:37:05.344000;8,4
2025-05-10 12:37:05.343000;8,1
2025-05-10 11:37:05.045000;8,6
2025-05-10 10:37:04.743000;8,3
2025-05-10 09:37:04.843000;8,1
2025-05-10 08:37:04.843000;8,1
2025-05-10 07:37:05.244000;8
2025-05-10 05:37:04.959000;8,3
2025-05-10 04:37:04.943000;8,4
2025-05-10 03:37:04.843000;8,6
2025-05-10 02:37:05.043000;8,8
2025-05-10 01:37:04.944000;9,1
2025-05-10 00:37:04.843000;9,3
2025-05-09 23:37:05.344000;9,3
2025-05-09 22:37:04.743000;9,8
2025-05-09 21:37:05.344000;9,8
2025-05-09 20:37:04.985000;10,4
2025-05-09 19:37:05.343000;10,4
2025-05-09 18:37:04.744000;10,6
2025-05-09 17:37:05.244000;10,5
2025-05-09 16:37:04.941000;10,5
2025-05-09 15:37:05.243000;10,3
2025-05-09 14:37:05.357000;10,3
2025-05-09 13:37:04.843000;9
2025-05-09 12:37:04.843000;7,6
2025-05-09 11:37:04.743000;7,6
2025-05-09 10:37:04.943000;7,4
2025-05-09 09:37:04.866000;7,2
2025-05-09 08:37:04.743000;7,2
2025-05-09 07:37:04.743000;7,3
2025-05-09 06:37:05.344000;7,3
2025-05-09 05:37:04.843000;7,7
2025-05-09 04:37:05.043000;7,8
2025-05-09 03:37:05.270000;7,8
2025-05-09 02:37:05.145000;8,2
2025-05-09 01:37:04.843000;8,4
2025-05-09 00:37:05.243000;8,6
2025-05-08 23:37:04.743000;8,8
2025-05-08 22:37:05.239000;8,9
2025-05-08 21:37:04.943000;9,1
2025-05-08 20:37:04.843000;9,3
2025-05-08 19:37:05.271000;9,3
2025-05-08 18:37:05.343000;9,4
2025-05-08 17:37:05.345000;9,5
2025-05-08 16:37:04.743000;9,1
2025-05-08 15:37:04.843000;8,8
2025-05-08 14:37:05.331000;8,8
2025-05-08 13:37:04.844000;8,2
2025-05-08 11:37:05.343000;7,8
2025-05-08 10:37:04.743000;7,3
2025-05-08 09:37:04.795000;7,1
2025-05-08 08:37:04.943000;7,1
2025-05-08 07:37:04.844000;7,2
2025-05-08 06:37:05.343000;7,2
2025-05-08 05:37:05.344000;7,3
2025-05-08 04:37:05.043000;7,6
2025-05-08 03:37:04.715000;7,8
2025-05-08 02:37:05.245000;7,9
2025-05-08 01:37:04.843000;8,1
2025-05-08 00:37:05.343000;8,1
2025-05-07 23:37:05.343000;8,3
2025-05-07 22:37:05.265000;8,5
2025-05-07 21:37:04.944000;9
2025-05-07 20:37:04.715000;9,4
2025-05-07 19:37:04.743000;9,7
2025-05-07 18:37:04.843000;9,9
2025-05-07 17:37:04.743000;9,9
2025-05-07 16:37:04.843000;9,7
2025-05-07 15:37:04.843000;9,9
2025-05-07 14:37:04.843000;9,2
2025-05-07 13:37:05.344000;9,2
2025-05-07 12:37:04.843000;8,1
2025-05-07 11:37:04.743000;7,3
2025-05-07 10:37:04.744000;6,7
2025-05-07 09:37:04.843000;6,6
2025-05-07 08:37:04.844000;6,6
2025-05-07 07:37:05.344000;6,6
2025-05-07 06:37:05.344000;6,8
2025-05-07 05:37:04.743000;7,1
2025-05-07 04:37:04.743000;7,2
2025-05-07 02:37:04.943000;7,4
2025-05-07 01:37:04.743000;7,4
2025-05-07 00:37:04.743000;7,6
2025-05-06 23:37:04.843000;7,8
2025-05-06 22:37:04.743000;8,1
2025-05-06 21:37:04.743000;8,1
2025-05-06 20:37:04.843000;8,4
2025-05-06 19:37:04.843000;8,8
2025-05-06 18:37:05.111000;8,5
2025-05-06 17:37:05.144000;8,2
2025-05-06 16:37:05.245000;8,2
2025-05-06 15:37:05.344000;8,6
2025-05-06 14:37:05.143000;8,1
2025-05-06 13:37:04.743000;7,6
2025-05-06 12:37:04.743000;6,8
2025-05-06 11:37:05.357000;6,8
2025-05-06 10:37:05.043000;6,9
2025-05-06 09:37:05.322000;6,9
2025-05-06 08:37:04.843000;6,9
2025-05-06 07:37:04.843000;6,9
2025-05-06 06:37:05.143000;7
2025-05-06 05:37:04.843000;7,1
2025-05-06 04:37:04.743000;7,2
2025-05-06 03:37:04.743000;7,3
2025-05-06 02:37:04.943000;7,4
2025-05-06 01:37:04.844000;7,6
2025-05-05 23:37:04.743000;7,8
2025-05-05 22:37:05.344000;7,8
2025-05-05 21:37:05.344000;7,9
2025-05-05 20:37:04.743000;8,3
2025-05-05 19:37:05.345000;8,3
2025-05-05 18:37:04.943000;8,6
2025-05-05 17:37:05.143000;8,6
2025-05-05 16:37:04.944000;8,7
2025-05-05 15:37:05.343000;8,7
2025-05-05 14:37:04.844000;8,9
2025-05-05 13:37:05.344000;8,9
2025-05-05 12:37:04.644000;8,6
2025-05-05 11:37:05.343000;8,6
2025-05-05 10:37:05.344000;8,6
2025-05-05 09:37:04.844000;8,3
2025-05-05 08:37:04.743000;8,3
2025-05-05 07:37:04.743000;8,3
2025-05-05 06:37:05.343000;8,3
2025-05-05 05:37:05.343000;8,4
2025-05-05 04:37:05.143000;8,5
2025-05-05 03:37:05.343000;8,5
2025-05-05 02:37:05.343000;8,7
2025-05-05 01:37:05.344000;8,9
2025-05-05 00:37:04.843000;9,3
2025-05-04 23:37:05.144000;9,4
2025-05-04 22:37:04.844000;9,6
2025-05-04 21:37:05.345000;9,6
2025-05-04 20:37:04.843000;10
2025-05-04 19:37:04.843000;10,2
2025-05-04 18:37:04.743000;10,4
2025-05-04 17:37:04.743000;10,8
2025-05-04 16:37:05.343000;10,8
2025-05-04 15:37:05.344000;10,8
2025-05-04 14:37:04.943000;10,5
2025-05-04 13:37:04.743000;10
2025-05-04 12:37:04.944000;9,3
2025-05-04 11:37:04.843000;8,9
2025-05-04 10:37:04.843000;8,4
2025-05-04 09:37:04.943000;8,4
2025-05-04 08:37:04.743000;8,4
2025-05-04 07:37:05.328000;8,4
2025-05-04 06:37:05.343000;8,6
2025-05-04 05:37:05.343000;8,6
2025-05-04 03:37:04.843000;9,3
2025-05-04 01:37:04.743000;10,1
2025-05-04 00:37:04.743000;10,4
2025-05-03 23:37:05.344000;10,4
2025-05-03 21:37:04.843000;11,2
2025-05-03 20:37:05.144000;11,3
2025-05-03 19:37:04.844000;11,5
2025-05-03 18:37:04.743000;11,6
2025-05-03 17:37:05.344000;11,6
2025-05-03 16:37:04.889000;11,3
2025-05-03 15:37:04.743000;10,8
2025-05-03 14:37:05.192000;10,3
2025-05-03 12:37:04.780000;8,8
2025-05-03 11:37:04.830000;8,6
2025-05-03 09:37:05.344000;8,3
2025-05-03 06:37:05.344000;8,4
2025-05-03 05:37:05.244000;8,5
2025-05-03 04:37:04.744000;8,8
2025-05-03 03:37:04.743000;8,9
2025-05-03 02:37:05.343000;8,9
2025-05-03 01:37:04.843000;9,5
2025-05-03 00:37:04.943000;9,8
2025-05-02 23:37:04.984000;10,2
2025-05-02 22:37:04.843000;10,6
2025-05-02 21:37:05.343000;10,6
2025-05-02 20:37:04.743000;11,6
2025-05-02 19:37:04.743000;11,6
2025-05-02 18:37:04.843000;11,8
2025-05-02 17:37:04.744000;11,8
2025-05-02 16:37:04.703000;12
2025-05-02 15:37:04.743000;11,9
2025-05-02 14:37:05.345000;11,9
2025-05-02 13:37:05.344000;10,8
2025-05-02 12:37:04.644000;10,4
2025-05-02 11:37:04.743000;9,8
2025-05-02 10:37:04.743000;9,3
2025-05-02 09:37:04.743000;9,1
2025-05-02 08:37:04.826000;9,1
2025-05-02 06:37:04.889000;9,5
2025-05-02 05:37:05.143000;9,6
2025-05-02 04:37:04.843000;9,8
2025-05-02 02:37:04.844000;10
2025-05-02 01:37:05.043000;10,4
2025-05-02 00:37:05.344000;10,4
2025-05-01 23:37:04.844000;11,6
2025-05-01 22:37:04.743000;11,6
2025-05-01 21:37:05.043000;12,1
2025-05-01 19:37:05.044000;12,9
2025-05-01 18:37:04.943000;13,1
2025-05-01 17:37:04.711000;10,1
2025-05-01 16:37:04.943000;9,8
2025-05-01 15:37:04.744000;9,4
2025-05-01 14:37:05.344000;9,4
2025-05-01 13:37:05.344000;8,8
2025-05-01 12:37:04.843000;8,1
2025-05-01 11:37:05.343000;8,1
2025-05-01 10:37:05.344000;9,2
2025-05-01 09:37:04.743000;8,6
2025-05-01 08:37:05.043000;8,6
2025-05-01 07:37:04.843000;8,8
2025-05-01 06:37:04.744000;8,9
2025-05-01 05:37:04.744000;9,1
2025-05-01 04:37:04.944000;9,3
2025-05-01 03:37:05.289000;9,3
2025-05-01 02:37:05.054000;9,7
2025-05-01 01:37:04.843000;10
2025-05-01 00:37:05.344000;10
2025-04-30 23:37:05.344000;10,4
2025-04-30 22:37:05.344000;10,9
2025-04-30 21:37:05.351000;11,9
2025-04-30 20:37:05.678000;12,4
2025-04-30 19:37:05.770000;12,8
2025-04-30 18:37:05.891000;12,8
2025-04-30 17:37:05.200000;13,1
2025-04-30 16:37:05.578000;12,6
2025-04-30 15:37:05.277000;11,9
2025-04-30 14:37:05.277000;11,1
2025-04-30 13:37:05.377000;10,2
2025-04-30 12:37:05.278000;9,4
2025-04-30 11:37:05.278000;8,6
2025-04-30 10:37:05.878000;8,6
2025-04-30 09:37:05.275000;7,9
2025-04-30 08:37:05.878000;7,9
2025-04-30 07:37:05.378000;8
2025-04-30 06:37:05.277000;8,1
2025-04-30 05:37:05.378000;8,3
2025-04-30 04:37:05.850000;8,3
2025-04-30 03:37:05.300000;8,8
2025-04-30 01:37:05.371000;9,4
2025-04-30 00:37:05.377000;9,9
2025-04-29 23:37:05.378000;10,4
2025-04-29 22:37:05.678000;10,9
2025-04-29 21:37:05.415000;11,4
2025-04-29 20:37:05.478000;11,8
2025-04-29 19:37:05.406000;12,4
2025-04-29 18:37:05.598000;13,1
2025-04-29 17:37:05.213000;10,4
2025-04-29 16:51:45.378000;9,8
2025-04-29 15:51:45.879000;9,8
2025-04-29 14:51:45.277000;8,7
2025-04-29 13:51:45.878000;8,7
2025-04-29 12:51:45.278000;7,8
2025-04-29 11:51:45.878000;7,8
2025-04-29 10:51:45.678000;7,7
2025-04-29 08:51:45.878000;7,6
2025-04-29 06:51:45.378000;7,9
2025-04-29 05:51:45.878000;7,9
2025-04-29 03:51:45.277000;8,6
2025-04-29 02:51:45.878000;8,6
2025-04-29 01:51:45.678000;9,1
2025-04-29 00:51:45.277000;9,4
2025-04-28 23:51:45.377000;9,8
2025-04-28 22:51:45.678000;10,2
2025-04-28 21:51:45.678000;10,6
2025-04-28 20:51:45.278000;11,1
2025-04-28 19:51:45.278000;11,3
2025-04-28 18:51:45.878000;11,3
2025-04-28 17:51:45.181000;12
2025-04-28 16:51:45.478000;11,4
2025-04-28 15:51:45.277000;10,9
2025-04-28 14:51:45.878000;10,9
2025-04-28 13:51:45.654000;9,4
2025-04-28 12:51:45.878000;9,4
2025-04-28 11:51:45.824000;8,6
2025-04-28 10:51:45.879000;7,9
2025-04-28 09:51:45.877000;6,9
2025-04-28 08:51:45.377000;6,9
2025-04-28 07:51:45.678000;7,1
2025-04-28 06:51:45.878000;7,1
2025-04-28 05:51:45.378000;7,3
2025-04-28 04:51:45.880000;7,3
2025-04-28 03:51:45.377000;7,8
2025-04-28 02:51:45.706000;8,1
2025-04-28 01:51:45.879000;8,1
2025-04-28 00:51:45.277000;8,8
2025-04-27 23:51:45.278000;9
2025-04-27 22:51:45.315000;9,3
2025-04-27 21:51:45.878000;9,3
2025-04-27 20:51:45.285000;9,9
2025-04-27 19:51:45.879000;9,9
2025-04-27 18:51:45.348000;10,1
2025-04-27 17:51:45.878000;10,1
2025-04-27 16:51:45.477000;8,3
2025-04-27 15:51:45.277000;8,1
2025-04-27 12:51:45.878000;7,2
2025-04-27 11:51:45.230000;7
2025-04-27 10:51:45.878000;7
2025-04-27 09:51:45.878000;7
2025-04-27 08:51:45.345000;7,6
2025-04-27 07:51:45.878000;7,6
2025-04-27 06:51:45.378000;7,8
2025-04-27 05:51:45.377000;8
2025-04-27 04:51:45.278000;8,1
2025-04-27 03:51:45.278000;8,2
2025-04-27 02:51:45.477000;8,3
2025-04-27 01:51:45.878000;8,3
2025-04-27 00:51:45.378000;8,6
2025-04-26 23:51:45.477000;8,9
2025-04-26 22:51:45.373000;9,1
2025-04-26 21:51:45.437000;9,4
2025-04-26 19:51:45.359000;9,9
2025-04-26 18:51:45.798000;9,9
2025-04-26 17:51:45.278000;10,1
2025-04-26 16:51:45.378000;10,1
2025-04-26 15:51:45.278000;9,9
2025-04-26 14:51:45.778000;9,8
2025-04-26 13:51:45.832000;9,8
2025-04-26 12:51:45.277000;9,4
2025-04-26 11:51:45.251000;9,2
2025-04-26 10:51:45.778000;9,1
2025-04-26 09:51:45.478000;9,2
2025-04-26 08:51:45.278000;9
2025-04-26 07:51:45.377000;9,4
2025-04-26 06:51:45.370000;9,4
2025-04-26 05:51:45.278000;9,6
2025-04-26 04:51:45.378000;9,7
2025-04-26 03:51:45.879000;9,8
2025-04-26 02:51:45.377000;9,9
2025-04-26 01:51:45.678000;10,1
2025-04-26 00:51:45.687000;10,4
2025-04-25 23:51:45.277000;10,8
2025-04-25 22:51:45.277000;11,1
2025-04-25 21:51:45.878000;11,1
2025-04-25 20:51:46.543000;11,7
2025-04-25 18:51:46.243000;12,6
2025-04-25 17:51:46.344000;12,3
2025-04-25 16:51:46.143000;11,8
2025-04-25 15:51:46.744000;11,8
2025-04-25 14:51:46.743000;11,3
2025-04-25 13:51:46.143000;9,6
2025-04-25 12:51:46.251000;8,8
2025-04-25 11:51:46.643000;8,2
2025-04-25 10:51:46.244000;7,4
2025-04-25 09:51:46.143000;7,4
2025-04-25 08:51:46.645000;7,4
2025-04-25 07:51:46.544000;7,6
2025-04-25 06:51:46.143000;7,9
2025-04-25 05:51:46.119000;8,2
2025-04-25 04:51:46.144000;8,5
2025-04-25 03:51:46.143000;8,8
2025-04-25 02:51:46.744000;8,8
2025-04-25 01:51:46.243000;9,6
2025-04-25 00:51:46.359000;9,9
2025-04-24 23:51:46.744000;9,9
2025-04-24 22:51:46.243000;10,9
2025-04-24 21:51:46.243000;11,6
2025-04-24 20:51:46.833000;11,9
2025-04-24 19:51:46.934000;12,3
2025-04-24 18:51:46.764000;12,8
2025-04-24 17:51:46.646000;12,9
2025-04-24 16:51:46.407000;12,9
2025-04-24 15:53:22.968000;13,7
