Date/Heure;Nom;Quantité;Sens;Taille;Tracking;Turbidité
2025-02-19 05:11:03.020;TRF;1;0;0;;1
2025-02-02 00:14:45.209;TRF;1;0;0;;1
2025-02-02 00:17:30.542;TRF;1;0;0;;1
2025-02-02 00:48:12.792;TRF;1;0;0;;1
2025-02-02 01:03:14.784;TRF;1;0;0;;1
2025-02-02 01:13:32.923;TRF;1;0;0;;1
2025-02-02 01:27:10.060;TRF;1;0;0;;1
2025-02-02 02:26:30.955;TRF;1;0;0;;1
2025-02-02 02:36:16.217;TRF;1;0;0;;1
2025-02-02 04:42:09.161;TRF;1;0;0;;1
2025-02-02 04:42:23.945;TRF;1;0;0;;1
2025-02-02 05:57:59.680;TRF;1;0;0;;1
2025-02-02 06:32:24.691;TRF;1;0;0;;3
2025-02-02 07:22:02.992;TRF;1;0;0;;3
2025-02-02 08:06:52.774;TRF;1;0;0;;3
2025-02-02 08:09:30.925;TRF;1;0;0;;3
2025-02-02 17:20:51.836;TRF;1;0;0;;3
2025-02-02 17:23:14.162;TRF;1;0;0;;3
2025-02-02 17:23:23.740;TRF;1;0;0;;3
2025-02-02 17:35:40.394;TRF;1;0;0;;3
2025-02-02 17:38:51.488;TRF;1;0;0;;3
2025-02-02 17:42:03.435;TRF;1;0;0;;3
2025-02-02 17:53:02.372;TRF;1;0;0;;3
2025-02-02 17:53:02.142;TRF;1;0;0;;3
2025-02-02 18:13:12.575;TRF;1;0;0;;3
2025-02-02 18:13:33.040;TRF;1;0;0;;3
2025-02-02 18:13:44.704;TRF;1;0;0;;3
2025-02-02 18:13:50.988;TRF;1;1;175;;3
2025-02-02 19:38:49.886;TRF;1;0;0;;3
2025-02-02 19:40:17.347;TRF;1;0;0;;3
2025-02-02 23:15:39.203;TRF;1;0;0;;3
2025-02-02 23:17:40.124;TRF;1;0;0;;3
2025-02-02 23:35:20.428;TRF;1;0;0;;3
2025-02-02 23:39:10.581;TRF;1;0;0;;3
2025-02-01 00:13:14.648;TRF;1;1;274;;3
2025-02-01 07:41:04.898;TRF;1;0;0;;3
2025-02-01 08:23:02.142;TRF;1;0;0;;3
2025-02-01 17:54:40.086;TRF;1;0;0;;3
2025-02-01 18:05:13.080;TRF;1;0;0;;3
2025-02-01 18:16:02.854;TRF;1;0;0;;3
2025-02-01 18:20:36.334;TRF;1;0;0;;3
2025-02-01 18:20:39.317;TRF;1;0;0;;3
2025-02-01 18:21:23.274;ZFE;1;0;0;;3
2025-02-01 20:20:59.882;TRF;1;0;0;;3
2025-02-01 20:23:20.342;TRF;1;0;0;;3
2025-02-01 21:01:36.895;TRF;1;0;0;;3
2025-02-01 21:08:22.602;TRF;1;0;0;;3
2025-02-01 21:09:06.052;TRF;1;0;0;;3
2025-02-01 21:42:18.814;TRF;1;0;0;;3
2025-02-01 22:06:15.305;TRF;1;1;239;;3
2025-02-01 22:32:11.940;TRF;1;0;0;;3
2025-02-03 00:07:12.041;TRF;1;0;0;;7
2025-02-03 08:00:06.377;TRF;1;0;0;;7
2025-02-03 08:00:21.627;TRF;1;0;0;;7
2025-02-03 07:58:15.293;TRF;1;0;0;;7
2025-02-03 08:13:50.364;TRF;1;0;0;;7
2025-02-03 18:13:05.428;TRF;1;0;0;;7
2025-02-03 19:02:07.285;TRF;1;0;0;;7
2025-02-03 20:11:13.825;TRF;1;0;0;;7
2025-02-03 20:14:41.976;TRF;1;0;0;;7
2025-02-03 22:24:48.893;TRF;1;0;0;;7
2025-02-03 22:28:44.817;TRF;1;0;0;;3
2025-02-04 00:39:18.770;TRF;1;0;0;;3
2025-02-04 00:43:05.865;TRF;1;0;0;;3
2025-02-04 00:54:38.138;TRF;1;0;0;;3
2025-02-04 01:49:02.453;TRF;1;0;0;;3
2025-02-04 02:10:44.468;TRF;1;0;0;;3
2025-02-04 02:21:43.950;TRF;1;0;0;;3
2025-02-04 02:50:50.412;TRF;1;0;0;;3
2025-02-04 02:54:10.461;TRF;1;0;0;;3
2025-02-04 03:11:03.320;TRF;1;0;0;;3
2025-02-04 03:50:56.055;TRF;1;0;0;;3
2025-02-04 04:36:07.173;TRF;1;0;0;;3
2025-02-04 07:54:49.581;TRF;1;0;0;;3
2025-02-04 07:57:18.195;TRF;1;0;0;;3
2025-02-04 07:58:16.397;TRF;1;0;0;;3
2025-02-04 08:06:02.391;TRF;1;0;0;;3
2025-02-05 07:54:15.233;TRF;1;0;0;;3
2025-02-05 16:33:17.092;TRF;1;1;283;;3
2025-02-05 17:49:52.155;TRF;1;1;283;;3
2025-02-05 17:50:44.565;TRF;1;0;0;;3
2025-02-05 17:51:51.844;TRF;1;0;0;;3
2025-02-05 20:24:09.191;TRF;1;1;194;;3
2025-02-06 00:27:05.280;TRF;1;0;0;;3
2025-02-06 04:20:05.078;TRF;1;0;0;;3
2025-02-06 04:20:07.199;TRF;1;0;0;;3
2025-02-06 07:46:34.878;TRF;1;0;0;;3
2025-02-06 07:46:25.169;TRF;1;0;0;;3
2025-02-06 07:47:20.926;TRF;1;0;0;;3
2025-02-06 07:50:28.776;TRF;1;0;0;;3
2025-02-06 07:57:07.125;TRF;1;0;0;;3
2025-02-06 18:25:22.294;TRF;1;0;0;;3
2025-02-06 18:35:07.154;TRF;1;0;0;;3
2025-02-06 18:52:58.926;TRF;1;0;0;;3
2025-02-06 20:02:31.590;TRF;1;0;0;;3
2025-02-06 20:04:05.405;TRF;1;0;0;;3
2025-02-06 21:39:08.699;TRF;1;0;0;;3
2025-02-06 21:43:33.463;TRF;1;0;0;;3
2025-02-06 23:47:40.865;TRF;1;0;0;;3
2025-02-06 23:56:20.790;TRF;1;0;0;;3
2025-01-31 00:26:41.255;TRF;1;0;0;;3
2025-01-31 00:27:51.505;TRF;1;0;0;;3
2025-01-31 01:28:49.427;TRF;1;0;0;;3
2025-01-31 01:31:31.379;TRF;1;0;0;;3
2025-01-31 02:27:10.160;TRF;1;0;0;;3
2025-01-31 03:32:33.007;TRF;1;0;0;;3
2025-01-31 03:49:34.576;TRF;1;0;0;;3
2025-01-31 04:37:52.681;TRF;1;0;0;;3
2025-01-31 04:52:48.951;TRF;1;0;0;;3
2025-01-31 04:54:29.653;TRF;1;0;0;;3
2025-01-31 06:10:49.479;TRF;1;0;0;;3
2025-01-31 07:50:33.586;TRF;1;0;0;;3
2025-01-31 07:50:35.967;TRF;1;0;0;;3
2025-01-31 18:26:34.089;TRF;1;0;0;;3
2025-01-31 20:02:39.536;TRF;1;0;0;;3
2025-01-31 20:06:52.689;TRF;1;0;0;;3
2025-01-31 21:44:15.249;TRF;1;0;0;;3
2025-01-31 21:48:37.900;TRF;1;0;0;;3
2025-01-31 22:59:19.771;TRF;1;0;0;;3
2025-01-31 23:00:45.767;TRF;1;0;0;;3
2025-01-31 23:43:11.785;TRF;1;0;0;;3
2025-01-31 23:56:53.631;TRF;1;0;0;;3
2025-01-30 01:57:34.077;TRF;1;0;0;;3
2025-01-30 02:05:19.001;TRF;1;0;0;;3
2025-01-30 02:45:06.040;TRF;1;0;0;;3
2025-01-30 02:52:41.622;TRF;1;0;0;;3
2025-01-30 03:51:04.642;TRF;1;0;0;;3
2025-01-30 08:14:51.663;TRF;1;0;0;;3
2025-01-30 08:17:10.173;TRF;1;0;0;;3
2025-01-30 08:26:41.375;TRF;1;0;0;;3
2025-01-30 18:07:00.956;TRF;1;0;0;;3
2025-01-29 01:32:03.352;TRF;1;0;0;;3
2025-01-29 02:36:26.043;TRF;1;0;0;;3
2025-01-29 02:38:34.552;TRF;1;0;0;;3
2025-01-29 04:17:57.830;TRF;1;0;0;;3
2025-01-29 04:22:32.855;TRF;1;0;0;;3
2025-01-29 07:46:01.993;TRF;1;0;0;;3
2025-01-29 08:08:58.785;TRF;1;0;0;;3
2025-01-29 18:04:07.698;TRF;1;0;0;;3
2025-01-29 21:59:21.753;TRF;1;1;189;;3
2025-01-29 23:32:14.384;TRF;1;0;0;;3
2025-01-29 23:33:41.471;TRF;1;0;0;;3
2025-02-07 00:09:03.246;TRF;1;1;247;;3
2025-02-07 01:22:45.165;TRF;1;0;0;;3
2025-02-07 02:23:52.312;TRF;1;0;0;;3
2025-02-07 02:28:10.884;TRF;1;0;0;;3
2025-02-07 02:48:42.383;TRF;1;0;0;;3
2025-02-07 02:50:05.211;TRF;1;0;0;;3
2025-02-07 03:04:11.662;TRF;1;0;0;;3
2025-02-07 04:56:45.365;TRF;1;0;0;;3
2025-02-07 05:00:54.040;TRF;1;0;0;;3
2025-02-07 07:49:48.853;TRF;1;0;0;;3
2025-02-07 08:00:51.429;TRF;1;0;0;;3
2025-02-07 14:58:23.686;TRF;1;0;0;;0
2025-02-07 15:06:28.977;TRF;1;0;0;;0
2025-02-07 17:24:40.890;TRF;1;0;0;;0
2025-02-07 17:25:02.515;TRF;1;0;0;;0
2025-02-07 18:17:51.910;TRF;1;0;0;;0
2025-02-07 18:22:00.985;TRF;1;0;0;;0
2025-02-07 18:40:24.365;TRF;1;0;0;;0
2025-02-07 18:43:44.326;TRF;1;0;0;;0
2025-02-07 18:44:53.566;TRF;1;0;0;;0
2025-02-07 18:49:11.841;TRF;1;0;0;;0
2025-02-07 21:15:33.495;TRF;1;0;0;;0
2025-02-07 21:17:27.193;TRF;1;0;0;;0
2025-02-07 23:16:11.827;TRF;1;0;0;;0
2025-02-07 23:20:09.419;TRF;1;0;0;;0
2025-02-08 00:57:59.009;TRF;1;0;0;;0
2025-02-08 01:52:58.897;TRF;1;0;0;;0
2025-02-08 02:00:06.201;TRF;1;0;0;;0
2025-02-08 02:17:03.317;TRF;1;0;0;;0
2025-02-08 02:19:49.616;TRF;1;0;0;;0
2025-02-08 02:20:20.428;TRF;1;0;0;;0
2025-02-08 07:51:06.393;TRF;1;0;0;;0
2025-02-08 07:51:10.240;TRF;1;0;0;;0
2025-02-08 07:58:40.727;TRF;1;0;0;;0
2025-02-08 08:01:30.262;TRF;1;0;0;;0
2025-02-08 08:11:22.518;TRF;1;0;0;;0
2025-02-08 18:20:13.737;TRF;1;0;0;;0
2025-02-08 18:20:29.095;TRF;1;0;0;;0
2025-02-08 18:27:34.215;TRF;1;0;0;;0
2025-02-08 19:04:10.654;TRF;1;0;0;;0
2025-02-08 19:05:25.514;TRF;1;0;0;;0
2025-02-08 20:11:42.765;TRF;1;0;0;;0
2025-02-08 20:50:45.749;TRF;1;0;0;;0
2025-02-08 20:54:28.223;TRF;1;0;0;;0
2025-02-08 22:21:55.203;TRF;1;0;0;;0
2025-02-08 22:24:07.005;TRF;1;0;0;;0
2025-02-08 22:27:27.957;TRF;1;0;0;;0
2025-02-08 22:27:50.985;TRF;1;0;0;;0
2025-02-08 23:20:31.132;TRF;1;0;0;;0
2025-02-08 23:28:28.973;TRF;1;0;0;;0
2025-02-08 23:39:33.627;TRF;1;0;0;;0
2025-02-08 23:40:50.087;TRF;1;0;0;;0
2025-02-09 00:05:18.854;TRF;1;0;0;;0
2025-02-09 00:09:28.978;TRF;1;0;0;;0
2025-02-09 00:23:53.638;TRF;1;0;0;;0
2025-02-09 01:31:53.470;TRF;1;0;0;;0
2025-02-09 05:25:23.439;TRF;1;0;0;;0
2025-02-09 05:29:12.776;TRF;1;0;0;;0
2025-02-09 07:57:12.622;TRF;1;0;0;;0
2025-02-09 07:57:37.002;TRF;1;0;0;;0
2025-02-09 18:17:32.472;TRF;1;0;0;;0
2025-02-10 06:10:58.370;TRF;1;0;0;;0
2025-02-10 06:12:24.945;TRF;1;0;0;;0
2025-02-10 07:44:47.375;TRF;1;0;0;;0
2025-02-10 17:56:31.923;TRF;1;0;0;;5
2025-02-10 23:25:38.338;TRF;1;0;0;;5
2025-02-10 23:31:54.483;TRF;1;0;0;;5
2025-02-11 01:20:08.984;TRF;1;0;0;;5
2025-02-11 01:39:51.757;TRF;1;0;0;;5
2025-02-11 01:41:29.676;TRF;1;0;0;;5
2025-02-11 05:25:17.637;TRF;1;0;0;;5
2025-02-11 05:27:47.191;TRF;1;0;0;;5
2025-02-11 06:16:37.943;TRF;1;0;0;;5
2025-02-11 06:17:38.513;TRF;1;0;0;;5
2025-02-11 07:32:09.644;TRF;1;0;0;;5
2025-02-11 07:41:41.847;TRF;1;0;0;;5
2025-02-11 07:43:34.439;TRF;1;0;0;;5
2025-02-11 07:59:16.433;TRF;1;0;0;;5
2025-02-11 08:10:07.671;TRF;1;0;0;;5
2025-02-11 16:47:30.035;TRF;1;0;0;;5
2025-02-11 16:58:09.523;TRF;1;0;0;;5
2025-02-11 17:40:46.135;TRF;1;0;0;;5
2025-02-11 17:42:20.053;TRF;1;0;0;;5
2025-02-11 18:03:37.463;TRF;1;0;0;;5
2025-02-11 18:07:02.790;TRF;1;0;0;;5
2025-02-11 18:18:56.001;TRF;1;0;0;;5
2025-02-11 18:24:16.314;TRF;1;0;0;;5
2025-02-11 18:25:58.943;TRF;1;1;198;;5
2025-02-11 18:57:20.325;TRF;1;0;0;;5
2025-02-11 18:58:12.280;TRF;1;0;0;;5
2025-02-11 20:18:50.017;TRF;1;1;257;;5
2025-02-11 20:38:04.693;TRF;1;0;0;;5
2025-02-11 20:40:17.609;TRF;1;0;0;;5
2025-02-11 21:11:18.539;TRF;1;1;244;;5
2025-02-11 21:49:10.524;TRF;1;0;0;;5
2025-02-11 21:50:33.069;TRF;1;0;0;;5
2025-02-11 22:02:44.079;TRF;1;0;0;;5
2025-02-11 22:09:49.161;TRF;1;0;0;;5
2025-02-11 22:13:12.269;TRF;1;0;0;;5
2025-02-11 22:25:36.205;TRF;1;0;0;;5
2025-02-11 22:40:00.250;TRF;1;0;0;;5
2025-02-11 22:43:25.880;TRF;1;0;0;;5
2025-02-11 22:57:30.584;TRF;1;0;0;;5
2025-02-11 23:05:47.153;TRF;1;0;0;;5
2025-02-11 23:31:24.872;TRF;1;0;0;;5
2025-02-12 00:06:58.563;TRF;1;0;0;;5
2025-02-12 00:27:47.055;TRF;1;1;251;;5
2025-02-12 01:02:20.998;TRF;1;0;0;;5
2025-02-12 01:04:46.505;TRF;1;0;0;;5
2025-02-12 02:33:08.745;TRF;1;0;0;;5
2025-02-12 03:23:34.437;TRF;1;0;0;;5
2025-02-12 03:32:14.794;TRF;1;0;0;;5
2025-02-12 03:38:39.998;TRF;1;0;0;;5
2025-02-12 03:39:14.044;TRF;1;0;0;;5
2025-02-12 05:13:56.622;TRF;1;0;0;;5
2025-02-12 05:15:38.139;TRF;1;0;0;;5
2025-02-12 05:51:20.071;TRF;1;0;0;;5
2025-02-12 06:02:23.882;TRF;1;0;0;;5
2025-02-12 06:10:17.828;TRF;1;0;0;;5
2025-02-12 06:15:21.421;TRF;1;0;0;;5
2025-02-12 07:48:38.239;TRF;1;0;0;;5
2025-02-12 08:00:41.683;TRF;1;0;0;;5
2025-02-12 08:01:08.776;TRF;1;0;0;;5
2025-02-12 08:01:31.927;TRF;1;0;0;;5
2025-02-12 08:01:46.513;TRF;1;0;0;;5
2025-02-12 08:12:03.029;TRF;1;0;0;;5
2025-02-12 17:47:27.834;TRF;1;0;0;;1
2025-02-12 17:48:25.031;TRF;1;1;203;;1
2025-02-12 18:10:28.195;TRF;1;0;0;;1
2025-02-12 18:41:38.794;TRF;1;1;181;;1
2025-02-12 18:59:08.599;TRF;1;1;241;;1
2025-02-12 18:59:28.923;TRF;1;0;0;;1
2025-02-12 18:59:36.760;TRF;1;1;267;;1
2025-02-12 20:24:22.210;TRF;1;0;0;;1
2025-02-12 20:25:29.078;TRF;1;0;0;;1
2025-02-12 21:54:56.076;TRF;1;0;0;;1
2025-02-12 21:56:37.979;TRF;1;0;0;;1
2025-02-12 22:12:01.273;TRF;1;0;0;;1
2025-02-12 22:15:49.466;TRF;1;0;0;;1
2025-02-12 22:26:04.828;TRF;1;0;0;;1
2025-02-12 22:32:15.880;TRF;1;0;0;;1
2025-02-12 23:49:50.986;TRF;1;1;263;;1
2025-02-13 00:11:05.011;TRF;1;0;0;;1
2025-02-13 00:14:57.255;TRF;1;0;0;;1
2025-02-13 00:27:23.460;TRF;1;1;258;;1
2025-02-13 00:52:19.178;TRF;1;0;0;;1
2025-02-13 01:09:34.991;TRF;1;0;0;;1
2025-02-13 01:26:06.333;TRF;1;0;0;;1
2025-02-13 03:02:16.255;TRF;1;0;0;;1
2025-02-13 03:16:36.161;TRF;1;0;0;;1
2025-02-13 03:22:02.821;TRF;1;0;0;;1
2025-02-13 03:47:48.203;TRF;1;0;0;;1
2025-02-13 03:52:19.321;TRF;1;0;0;;1
2025-02-13 04:13:22.040;TRF;1;0;0;;1
2025-02-13 04:16:27.376;TRF;1;0;0;;1
2025-02-13 04:35:31.325;TRF;1;0;0;;1
2025-02-13 04:40:31.138;TRF;1;0;0;;1
2025-02-13 05:00:26.671;TRF;1;0;0;;1
2025-02-13 05:17:25.143;TRF;1;0;0;;1
2025-02-13 05:19:36.490;TRF;1;0;0;;1
2025-02-13 05:21:33.167;TRF;1;0;0;;1
2025-02-13 05:31:17.744;TRF;1;0;0;;1
2025-02-13 05:44:06.993;TRF;1;0;0;;1
2025-02-13 05:55:03.313;TRF;1;0;0;;1
2025-02-13 07:37:56.060;TRF;1;0;0;;1
2025-02-13 07:38:35.771;TRF;1;0;0;;1
2025-02-13 07:39:11.175;TRF;1;0;0;;1
2025-02-13 07:52:26.498;TRF;1;0;0;;1
2025-02-13 18:08:50.722;TRF;1;0;0;;1
2025-02-13 18:20:55.600;TRF;1;0;0;;1
2025-02-13 18:24:46.639;TRF;1;0;0;;1
2025-02-13 18:32:33.483;TRF;1;0;0;;1
2025-02-13 18:34:21.083;TRF;1;1;250;;1
2025-02-13 18:40:09.618;TRF;1;1;164;;1
2025-02-13 18:40:17.141;TRF;1;1;283;;1
2025-02-13 22:02:37.981;TRF;1;0;0;;1
2025-02-13 22:04:23.051;TRF;1;0;0;;1
2025-02-13 22:10:16.751;TRF;1;0;0;;1
2025-02-13 22:15:35.612;TRF;1;0;0;;1
2025-02-13 23:18:28.386;TRF;1;0;0;;1
2025-02-13 23:49:07.007;TRF;1;0;0;;1
2025-02-14 01:50:12.359;TRF;1;0;0;;1
2025-02-14 01:52:18.034;TRF;1;0;0;;1
2025-02-14 04:26:05.142;TRF;1;0;0;;1
2025-02-14 02:10:17.013;TRF;1;0;0;;1
2025-02-14 02:14:56.166;TRF;1;0;0;;1
2025-02-14 02:19:16.041;TRF;1;0;0;;1
2025-02-14 03:41:02.645;TRF;1;0;0;;1
2025-02-14 03:48:02.753;TRF;1;0;0;;1
2025-02-14 03:48:42.463;TRF;1;0;0;;1
2025-02-14 04:06:27.598;TRF;1;0;0;;1
2025-02-14 04:11:57.592;TRF;1;0;0;;1
2025-02-14 04:32:14.966;TRF;1;0;0;;1
2025-02-14 04:46:14.486;TRF;1;0;0;;1
2025-02-14 02:20:30.986;TRF;1;0;0;;1
2025-02-14 04:46:21.515;TRF;1;0;0;;1
2025-02-14 04:51:41.441;TRF;1;0;0;;1
2025-02-14 05:36:13.048;TRF;1;0;0;;1
2025-02-14 05:38:56.841;TRF;1;0;0;;1
2025-02-14 05:45:14.066;TRF;1;0;0;;1
2025-02-14 05:48:28.501;TRF;1;0;0;;1
2025-02-14 06:25:39.129;TRF;1;0;0;;1
2025-02-14 06:46:46.345;TRF;1;0;0;;1
2025-02-14 07:06:09.612;TRF;1;0;0;;1
2025-02-14 07:40:04.966;TRF;1;0;0;;1
2025-02-14 07:47:06.226;TRF;1;0;0;;1
2025-02-14 07:55:31.040;TRF;1;0;0;;1
2025-02-14 07:56:28.474;TRF;1;0;0;;1
2025-02-14 08:05:02.426;TRF;1;0;0;;1
2025-02-14 08:09:29.687;TRF;1;0;0;;1
2025-02-14 16:38:42.157;TRF;1;0;0;;1
2025-02-14 16:50:53.147;TRF;1;0;0;;1
2025-02-14 17:51:40.334;TRF;1;0;0;;1
2025-02-14 17:51:42.316;TRF;1;0;0;;1
2025-02-14 18:48:40.990;TRF;1;0;0;;1
2025-02-14 18:49:12.619;TRF;1;1;200;;1
2025-02-14 21:38:00.768;TRF;1;0;0;;1
2025-02-14 21:39:04.579;TRF;1;0;0;;1
2025-02-14 22:34:13.730;TRF;1;0;0;;1
2025-02-14 22:37:07.580;TRF;1;0;0;;1
2025-02-14 23:01:51.360;TRF;1;0;0;;1
2025-02-14 23:07:59.093;TRF;1;0;0;;1
2025-02-15 00:29:04.417;TRF;1;1;246;;1
2025-02-15 00:47:59.545;TRF;1;0;0;;1
2025-02-15 00:49:13.752;TRF;1;0;0;;1
2025-02-15 01:41:39.448;TRF;1;0;0;;1
2025-02-15 02:03:41.307;TRF;1;0;0;;1
2025-02-15 02:12:18.815;TRF;1;0;0;;1
2025-02-15 02:19:23.831;TRF;1;0;0;;1
2025-02-15 02:21:07.779;TRF;1;0;0;;1
2025-02-15 02:45:24.585;TRF;1;0;0;;1
2025-02-15 03:23:17.659;TRF;1;0;0;;1
2025-02-15 03:30:27.419;TRF;1;0;0;;1
2025-02-15 03:46:19.404;TRF;1;1;260;;1
2025-02-15 04:06:56.711;TRF;1;1;254;;1
2025-02-15 04:38:50.605;TRF;1;0;0;;1
2025-02-15 04:53:48.977;TRF;1;0;0;;1
2025-02-15 05:01:41.108;TRF;1;0;0;;1
2025-02-15 05:03:24.813;TRF;1;0;0;;1
2025-02-15 05:17:00.262;TRF;1;0;0;;1
2025-02-15 05:18:35.091;TRF;1;0;0;;1
2025-02-15 05:33:13.436;TRF;1;1;230;;1
2025-02-15 05:49:01.513;TRF;1;1;210;;1
2025-02-15 06:11:52.832;TRF;1;0;0;;1
2025-02-15 06:21:15.771;TRF;1;0;0;;1
2025-02-15 07:24:06.100;TRF;1;0;0;;1
2025-02-15 07:49:58.474;TRF;1;0;0;;1
2025-02-15 13:33:12.404;TRF;1;0;0;;1
2025-02-15 17:58:42.508;TRF;1;0;0;;1
2025-02-15 18:05:24.859;TRF;1;0;0;;1
2025-02-15 18:10:15.497;TRF;1;0;0;;1
2025-02-15 18:13:10.488;TRF;1;0;0;;1
2025-02-15 18:13:15.204;TRF;1;0;0;;1
2025-02-15 18:15:08.153;TRF;1;0;0;;1
2025-02-15 18:26:16.138;TRF;1;0;0;;1
2025-02-15 18:26:26.192;TRF;1;0;0;;1
2025-02-15 18:39:37.221;TRF;1;0;0;;1
2025-02-15 18:41:23.849;TRF;1;1;244;;1
2025-02-15 19:52:24.412;TRF;1;0;0;;1
2025-02-15 19:53:04.211;TRF;1;0;0;;1
2025-02-15 21:12:37.308;TRF;1;0;0;;1
2025-02-15 21:12:52.898;TRF;1;0;0;;1
2025-02-15 21:14:06.074;TRF;1;0;0;;1
2025-02-15 21:14:55.044;TRF;1;0;0;;1
2025-02-15 21:58:11.896;TRF;1;0;0;;1
2025-02-15 23:22:10.945;TRF;1;0;0;;1
2025-02-15 23:34:43.950;TRF;1;0;0;;1
2025-02-15 23:42:52.354;TRF;1;0;0;;1
2025-02-15 23:54:47.745;TRF;1;0;0;;1
2025-02-16 03:01:16.436;TRF;1;0;0;;1
2025-02-16 03:09:26.697;TRF;1;0;0;;1
2025-02-16 03:10:32.586;TRF;1;0;0;;1
2025-02-16 03:13:07.471;TRF;1;0;0;;1
2025-02-16 03:37:41.888;TRF;1;0;0;;1
2025-02-16 03:45:17.421;TRF;1;0;0;;1
2025-02-16 03:48:05.274;TRF;1;0;0;;1
2025-02-16 03:58:01.043;TRF;1;0;0;;1
2025-02-16 04:09:57.816;TRF;1;0;0;;1
2025-02-16 04:16:18.796;TRF;1;0;0;;1
2025-02-16 04:18:00.105;TRF;1;0;0;;1
2025-02-16 04:22:55.550;TRF;1;0;0;;1
2025-02-16 04:28:22.127;TRF;1;0;0;;1
2025-02-16 04:32:29.020;TRF;1;0;0;;1
2025-02-16 04:43:26.173;TRF;1;0;0;;1
2025-02-16 04:54:40.961;TRF;1;0;0;;1
2025-02-16 04:57:14.985;TRF;1;0;0;;1
2025-02-16 05:18:51.613;TRF;1;0;0;;1
2025-02-16 05:36:25.807;TRF;1;0;0;;1
2025-02-16 05:43:09.191;TRF;1;0;0;;1
2025-02-16 05:50:45.921;TRF;1;0;0;;1
2025-02-16 06:01:29.672;TRF;1;0;0;;1
2025-02-16 06:53:57.716;TRF;1;0;0;;1
2025-02-16 07:12:31.226;TRF;1;0;0;;1
2025-02-16 07:13:32.447;TRF;1;0;0;;1
2025-02-16 07:31:18.543;TRF;1;0;0;;1
2025-02-16 07:54:12.730;TRF;1;0;0;;1
2025-02-16 07:55:13.332;TRF;1;0;0;;1
2025-02-16 08:05:27.914;TRF;1;0;0;;1
2025-02-16 17:31:28.976;TRF;1;1;212;;1
2025-02-16 19:02:12.080;TRF;1;0;0;;1
2025-02-16 19:02:41.226;TRF;1;0;0;;1
2025-02-16 21:45:14.942;TRF;1;0;0;;1
2025-02-16 21:45:34.477;TRF;1;0;0;;1
2025-02-17 00:03:38.166;TRF;1;0;0;;1
2025-02-17 00:10:49.698;TRF;1;0;0;;1
2025-02-17 02:02:59.387;TRF;1;0;0;;1
2025-02-17 02:06:05.445;TRF;1;0;0;;1
2025-02-17 02:11:17.209;TRF;1;0;0;;1
2025-02-17 02:12:45.172;TRF;1;0;0;;1
2025-02-17 02:49:02.889;TRF;1;0;0;;1
2025-02-17 02:51:59.759;TRF;1;0;0;;1
2025-02-17 04:25:27.498;TRF;1;0;0;;1
2025-02-17 04:27:37.413;TRF;1;0;0;;1
2025-02-17 05:19:04.879;TRF;1;0;0;;1
2025-02-17 05:20:05.950;TRF;1;0;0;;1
2025-02-17 06:39:10.698;TRF;1;0;0;;1
2025-02-17 07:20:42.567;TRF;1;0;0;;1
2025-02-17 07:47:25.799;TRF;1;0;0;;1
2025-02-17 07:52:39.943;TRF;1;0;0;;1
2025-02-17 17:05:16.968;TRF;1;0;0;;1
2025-02-17 17:31:07.867;TRF;1;0;0;;1
2025-02-17 18:02:41.698;TRF;1;0;0;;1
2025-02-17 18:26:24.689;TRF;1;0;0;;1
2025-02-17 18:34:26.397;TRF;1;1;251;;1
2025-02-17 20:36:31.967;TRF;1;0;0;;1
2025-02-17 20:36:57.016;TRF;1;0;0;;1
2025-02-17 21:47:27.278;TRF;1;1;254;;1
2025-02-17 21:49:03.346;TRF;1;0;0;;1
2025-02-17 22:17:14.215;TRF;1;0;0;;1
2025-02-17 22:22:48.432;TRF;1;0;0;;1
2025-02-17 23:18:34.784;TRF;1;0;0;;1
2025-02-17 23:20:10.312;TRF;1;0;0;;1
2025-02-18 00:09:10.039;TRF;1;0;0;;1
2025-02-18 00:10:30.211;TRF;1;0;0;;1
2025-02-18 00:27:20.293;TRF;1;0;0;;1
2025-02-18 00:44:03.486;TRF;1;0;0;;1
2025-02-18 00:53:55.133;TRF;1;0;0;;1
2025-02-18 01:15:56.685;TRF;1;0;0;;1
2025-02-18 01:37:46.700;TRF;1;0;0;;1
2025-02-18 01:45:55.253;TRF;1;0;0;;1
2025-02-18 01:55:59.034;TRF;1;0;0;;1
2025-02-18 01:56:37.651;TRF;1;0;0;;1
2025-02-18 02:02:27.627;TRF;1;0;0;;1
2025-02-18 02:37:31.062;TRF;1;0;0;;1
2025-02-18 02:41:22.603;TRF;1;0;0;;1
2025-02-18 03:22:50.181;TRF;1;0;0;;1
2025-02-18 03:27:34.337;TRF;1;0;0;;1
2025-02-18 03:35:39.476;TRF;1;0;0;;1
2025-02-18 03:43:22.383;TRF;1;0;0;;1
2025-02-18 04:08:22.143;TRF;1;0;0;;1
2025-02-18 04:16:10.753;TRF;1;0;0;;1
2025-02-18 04:39:43.568;TRF;1;0;0;;1
2025-02-18 04:55:14.211;TRF;1;0;0;;1
2025-02-18 04:58:05.049;TRF;1;0;0;;1
2025-02-18 05:00:46.418;TRF;1;0;0;;1
2025-02-18 05:14:59.248;TRF;1;0;0;;1
2025-02-18 05:33:28.680;TRF;1;0;0;;1
2025-02-18 05:58:33.827;TRF;1;0;0;;1
2025-02-18 06:04:33.558;TRF;1;0;0;;1
2025-02-18 07:40:51.323;TRF;1;0;0;;1
2025-02-18 07:48:35.910;TRF;1;0;0;;1
2025-02-18 18:24:55.900;TRF;1;1;231;;1
2025-02-18 19:51:06.503;TRF;1;0;0;;1
2025-02-18 19:51:47.224;TRF;1;0;0;;1
2025-02-18 20:39:44.562;TRF;1;0;0;;1
2025-02-18 20:40:10.362;TRF;1;0;0;;1
2025-02-18 22:07:02.590;TRF;1;1;220;;1
2025-02-18 22:59:37.205;TRF;1;0;0;;1
2025-02-18 23:40:17.468;TRF;1;0;0;;1
2025-02-18 23:40:41.690;TRF;1;0;0;;1
2025-02-19 00:00:08.082;TRF;1;0;0;;1
2025-02-19 00:01:38.328;TRF;1;0;0;;1
2025-02-19 00:09:16.185;TRF;1;0;0;;1
2025-02-19 00:11:06.258;TRF;1;0;0;;1
2025-02-19 01:04:52.209;TRF;1;0;0;;1
2025-02-19 01:08:13.329;TRF;1;0;0;;1
2025-02-19 01:18:22.409;TRF;1;0;0;;1
2025-02-19 01:22:47.980;TRF;1;0;0;;1
2025-02-19 01:31:47.759;TRF;1;0;0;;1
2025-02-19 02:04:43.285;TRF;1;0;0;;1
2025-02-19 02:11:42.717;TRF;1;0;0;;1
2025-02-19 02:22:01.522;TRF;1;0;0;;1
2025-02-19 02:28:18.821;TRF;1;0;0;;1
2025-02-19 02:32:15.276;TRF;1;0;0;;1
2025-02-19 02:47:45.802;TRF;1;0;0;;1
2025-02-19 02:57:40.446;TRF;1;0;0;;1
2025-02-19 03:35:15.660;TRF;1;0;0;;1
2025-02-19 03:38:09.208;TRF;1;0;0;;1
2025-02-19 03:39:50.876;TRF;1;0;0;;1
2025-02-19 03:48:19.699;TRF;1;0;0;;1
2025-02-19 03:57:50.822;TRF;1;0;0;;1
2025-02-19 04:05:42.162;TRF;1;0;0;;1
2025-02-19 04:22:48.875;TRF;1;0;0;;1
2025-02-19 04:49:37.535;TRF;1;1;200;;1
2025-02-19 05:19:44.507;TRF;1;0;0;;1
2025-02-19 05:20:54.249;TRF;1;0;0;;1
2025-02-19 05:23:04.955;TRF;1;0;0;;1
2025-02-19 05:46:37.673;TRF;1;0;0;;1
2025-02-19 05:59:50.710;TRF;1;1;212;;1
2025-02-19 06:04:23.311;TRF;1;0;0;;1
2025-02-19 07:17:41.194;TRF;1;0;0;;1
2025-02-19 07:22:58.620;TRF;1;0;0;;1
2025-02-19 07:23:25.117;TRF;1;0;0;;1
2025-02-19 07:32:58.075;TRF;1;0;0;;1
2025-02-19 07:45:39.219;TRF;1;0;0;;1
2025-02-19 07:47:29.356;TRF;1;0;0;;1
2025-02-19 07:57:26.622;TRF;1;0;0;;1
2025-02-19 17:42:18.458;TRF;1;0;0;;1
2025-02-19 22:34:16.306;TRF;1;0;0;;1
2025-02-19 22:49:51.266;TRF;1;0;0;;1
2025-02-19 22:57:10.196;TRF;1;0;0;;1
2025-02-19 23:02:02.128;TRF;1;0;0;;1
2025-02-19 23:22:22.680;TRF;1;0;0;;1
2025-02-19 23:23:17.797;TRF;1;0;0;;1
2025-02-19 23:40:49.359;TRF;1;0;0;;1
2025-02-19 23:55:43.963;TRF;1;0;0;;1
2025-02-20 00:15:25.703;TRF;1;0;0;;1
2025-02-20 00:18:38.867;TRF;1;0;0;;1
2025-02-20 00:42:04.753;TRF;1;0;0;;1
2025-02-20 00:44:25.331;TRF;1;0;0;;1
2025-02-20 01:12:38.137;TRF;1;0;0;;1
2025-02-20 01:16:10.523;TRF;1;0;0;;1
2025-02-20 01:29:35.226;TRF;1;0;0;;1
2025-02-20 01:56:46.110;TRF;1;0;0;;1
2025-02-20 01:58:17.097;TRF;1;0;0;;1
2025-02-20 07:41:55.076;TRF;1;0;0;;1
2025-02-20 07:45:07.480;TRF;1;0;0;;1
2025-02-20 18:14:42.217;TRF;1;1;241;;1
2025-02-20 18:38:10.775;TRF;1;0;0;;1
2025-02-20 18:47:43.748;TRF;1;0;0;;1
2025-02-20 20:29:52.782;TRF;1;1;265;;1
2025-02-20 21:18:46.633;TRF;1;1;238;;1
2025-02-20 21:19:09.361;TRF;1;0;0;;1
2025-02-20 21:20:32.849;TRF;1;0;0;;1
2025-02-20 21:21:24.100;TRF;1;0;0;;1
2025-02-20 21:33:33.544;TRF;1;0;0;;1
2025-02-20 22:17:22.789;TRF;1;0;0;;1
2025-02-20 22:18:47.758;TRF;1;0;0;;1
2025-02-20 22:38:28.594;TRF;1;0;0;;1
2025-02-20 22:41:46.454;TRF;1;0;0;;1
2025-02-20 22:46:58.585;TRF;1;0;0;;1
2025-02-20 22:55:05.260;TRF;1;0;0;;1
2025-02-20 23:00:34.849;TRF;1;0;0;;1
2025-02-20 23:13:29.244;TRF;1;0;0;;1
2025-02-20 23:20:10.415;TRF;1;0;0;;1
2025-02-20 23:20:26.963;TRF;1;0;0;;1
2025-02-20 23:26:41.378;TRF;1;0;0;;1
2025-02-20 23:31:42.230;TRF;1;0;0;;1
2025-02-20 23:33:24.280;TRF;1;1;222;;1
2025-02-20 23:41:20.491;TRF;1;0;0;;1
2025-02-21 00:41:32.017;TRF;1;0;0;;1
2025-02-21 00:43:16.569;TRF;1;0;0;;1
2025-02-21 01:37:24.231;TRF;1;0;0;;1
2025-02-21 01:37:51.677;TRF;1;0;0;;1
2025-02-21 03:32:38.329;TRF;1;0;0;;1
2025-02-21 03:32:59.049;TRF;1;0;0;;1
2025-02-21 04:00:11.859;TRF;1;0;0;;1
2025-02-21 04:01:42.796;TRF;1;0;0;;1
2025-02-21 05:15:25.868;TRF;1;0;0;;1
2025-02-21 05:16:27.870;TRF;1;0;0;;1
2025-02-21 07:43:36.157;TRF;1;0;0;;1
2025-02-21 07:43:48.886;TRF;1;0;0;;1
2025-02-21 07:51:28.276;TRF;1;0;0;;1
2025-02-21 17:53:17.104;TRF;1;0;0;;1
2025-02-21 18:08:53.811;TRF;1;0;0;;1
2025-02-21 18:52:23.812;TRF;1;0;0;;1
2025-02-21 18:55:24.024;TRF;1;0;0;;1
2025-02-21 20:21:19.347;TRF;1;0;0;;1
2025-02-21 20:23:14.421;TRF;1;0;0;;1
2025-02-21 20:27:22.445;TRF;1;0;0;;1
2025-02-21 20:30:47.146;TRF;1;0;0;;1
2025-02-21 20:45:51.006;TRF;1;0;0;;1
2025-02-21 20:47:59.270;TRF;1;0;0;;1
2025-02-21 21:14:48.083;TRF;1;1;258;;1
2025-02-21 22:18:26.883;TRF;1;0;0;;1
2025-02-21 22:19:28.711;TRF;1;0;0;;1
2025-02-21 22:37:09.806;TRF;1;0;0;;1
2025-02-21 22:37:56.236;TRF;1;0;0;;1
2025-02-21 22:58:08.774;TRF;1;0;0;;1
2025-02-21 22:59:16.142;TRF;1;0;0;;1
2025-02-21 23:41:29.919;TRF;1;0;0;;1
2025-02-21 23:42:39.571;TRF;1;0;0;;1
2025-02-21 23:49:53.888;TRF;1;0;0;;1
2025-02-22 00:08:17.642;TRF;1;0;0;;1
2025-02-22 00:23:32.681;TRF;1;0;0;;1
2025-02-22 00:27:16.511;TRF;1;0;0;;1
2025-02-22 01:25:48.139;TRF;1;0;0;;1
2025-02-22 01:36:43.806;TRF;1;0;0;;1
2025-02-22 02:20:48.400;TRF;1;0;0;;1
2025-02-22 02:49:09.743;TRF;1;0;0;;1
2025-02-22 02:51:21.031;TRF;1;0;0;;1
2025-02-22 03:30:34.452;TRF;1;0;0;;1
2025-02-22 03:36:15.776;TRF;1;0;0;;1
2025-02-22 04:30:54.472;TRF;1;0;0;;1
2025-02-22 04:32:18.426;TRF;1;0;0;;1
2025-02-22 06:08:22.365;TRF;1;0;0;;1
2025-02-22 06:10:17.984;TRF;1;0;0;;1
2025-02-22 07:19:01.816;TRF;1;0;0;;1
2025-02-22 07:29:34.484;TRF;1;0;0;;1
2025-02-22 07:46:51.032;TRF;1;0;0;;1
2025-02-22 07:59:38.637;TRF;1;0;0;;1
2025-02-22 18:53:20.201;TRF;1;0;0;;1
2025-02-22 22:28:12.842;TRF;1;0;0;;1
2025-02-22 22:29:23.293;TRF;1;0;0;;1
2025-02-22 23:06:35.843;TRF;1;0;0;;1
2025-02-22 23:09:25.553;TRF;1;0;0;;1
2025-02-22 23:46:03.781;TRF;1;0;0;;1
2025-02-22 23:46:56.490;TRF;1;0;0;;1
2025-02-23 00:07:45.412;TRF;1;0;0;;1
2025-02-23 00:40:07.414;TRF;1;0;0;;1
2025-02-23 00:40:42.152;TRF;1;0;0;;1
2025-02-23 01:29:25.373;TRF;1;0;0;;1
2025-02-23 01:34:52.820;TRF;1;0;0;;1
2025-02-23 02:10:03.999;TRF;1;0;0;;1
2025-02-23 02:10:25.588;TRF;1;0;0;;1
2025-02-23 05:25:49.526;TRF;1;0;0;;1
2025-02-23 05:28:02.292;TRF;1;0;0;;1
2025-02-23 07:58:52.457;TRF;1;0;0;;1
2025-02-23 19:00:27.009;TRF;1;0;0;;1
2025-02-23 19:06:24.266;TRF;1;0;0;;1
2025-02-23 19:23:29.710;TRF;1;0;0;;1
2025-02-23 19:30:16.829;TRF;1;0;0;;1
2025-02-23 21:32:04.637;TRF;1;0;0;;1
2025-02-23 21:33:08.292;TRF;1;0;0;;1
2025-02-23 22:11:14.159;TRF;1;0;0;;1
2025-02-23 22:11:50.649;TRF;1;0;0;;1
2025-02-23 22:35:52.102;TRF;1;0;0;;1
2025-02-23 22:36:53.251;TRF;1;0;0;;1
2025-02-23 22:40:33.108;TRF;1;0;0;;1
2025-02-23 22:48:14.127;TRF;1;0;0;;1
2025-02-23 23:00:39.236;TRF;1;0;0;;1
2025-02-23 23:15:09.079;TRF;1;0;0;;1
2025-02-23 23:22:25.477;TRF;1;0;0;;1
2025-02-23 23:25:45.431;TRF;1;0;0;;1
2025-02-23 23:29:09.578;TRF;1;0;0;;1
2025-02-24 07:46:53.383;TRF;1;0;0;;1
2025-02-24 07:47:29.088;TRF;1;0;0;;1
2025-02-24 07:52:35.433;TRF;1;0;0;;1
2025-02-24 19:03:31.873;TRF;1;0;0;;1
2025-02-24 19:04:19.643;TRF;1;0;0;;1
2025-02-24 19:09:51.305;TRF;1;0;0;;1
2025-02-24 19:12:39.002;TRF;1;0;0;;1
2025-02-24 22:17:47.087;TRF;1;0;0;;1
2025-02-24 22:18:40.297;TRF;1;0;0;;1
2025-02-24 22:58:42.325;TRF;1;0;0;;1
2025-02-24 22:59:31.274;TRF;1;0;0;;1
2025-02-24 23:00:52.478;TRF;1;0;0;;1
2025-02-24 23:13:09.561;TRF;1;0;0;;1
2025-02-24 23:27:57.611;TRF;1;0;0;;1
2025-02-24 23:32:05.419;TRF;1;0;0;;1
2025-02-24 23:46:45.511;TRF;1;0;0;;1
2025-02-24 23:51:41.537;TRF;1;0;0;;1
2025-02-25 00:01:16.669;TRF;1;0;0;;1
2025-02-25 00:01:24.821;TRF;1;0;0;;1
2025-02-25 00:45:57.976;TRF;1;0;0;;1
2025-02-25 00:53:09.657;TRF;1;0;0;;1
2025-02-25 01:16:51.906;TRF;1;0;0;;1
2025-02-25 01:31:58.958;TRF;1;0;0;;1
2025-02-25 01:40:00.406;TRF;1;0;0;;1
2025-02-25 01:42:56.456;TRF;1;0;0;;1
2025-02-25 01:47:05.797;TRF;1;0;0;;1
2025-02-25 01:56:00.320;TRF;1;0;0;;1
2025-02-25 02:00:03.436;TRF;1;0;0;;1
2025-02-25 02:10:40.905;TRF;1;0;0;;1
2025-02-25 02:13:39.004;TRF;1;0;0;;1
2025-02-25 02:14:47.986;TRF;1;0;0;;1
2025-02-25 02:45:22.091;TRF;1;0;0;;1
2025-02-25 02:55:38.050;TRF;1;0;0;;1
2025-02-25 02:56:40.133;TRF;1;0;0;;1
2025-02-25 03:22:00.442;TRF;1;0;0;;1
2025-02-25 03:25:48.036;TRF;1;0;0;;1
2025-02-25 03:45:19.068;TRF;1;0;0;;1
2025-02-25 03:48:26.134;TRF;1;0;0;;1
2025-02-25 04:49:56.792;TRF;1;0;0;;1
2025-02-25 04:50:45.441;TRF;1;0;0;;1
2025-02-25 06:00:03.066;TRF;1;0;0;;1
2025-02-25 07:03:57.532;TRF;1;0;0;;1
2025-02-25 07:04:16.079;TRF;1;0;0;;1
2025-02-25 07:51:42.413;TRF;1;0;0;;1
2025-02-25 08:15:07.051;TRF;1;0;0;;1
2025-02-25 18:04:25.555;TRF;1;0;0;;1
2025-02-25 18:11:15.240;TRF;1;0;0;;1
2025-02-25 18:15:20.097;TRF;1;0;0;;1
2025-02-25 18:48:59.268;TRF;1;0;0;;1
2025-02-25 18:55:40.758;TRF;1;0;0;;1
2025-02-25 19:10:30.935;TRF;1;0;0;;1
2025-02-25 19:10:45.090;TRF;1;0;0;;1
2025-02-25 19:11:13.534;TRF;1;0;0;;1
2025-02-25 19:13:41.443;TRF;1;1;216;;1
2025-02-25 19:13:43.697;TRF;1;1;242;;1
2025-02-25 20:00:54.314;TRF;1;0;0;;1
2025-02-25 20:01:49.611;TRF;1;0;0;;1
2025-02-25 21:42:03.453;TRF;1;0;0;;1
2025-02-25 21:43:56.192;TRF;1;0;0;;1
2025-02-25 22:52:59.292;TRF;1;0;0;;1
2025-02-25 22:54:01.388;TRF;1;0;0;;1
2025-02-26 00:09:46.547;TRF;1;0;0;;1
2025-02-26 00:10:45.593;TRF;1;0;0;;1
2025-02-26 01:03:08.712;TRF;1;0;0;;1
2025-02-26 01:04:41.715;TRF;1;0;0;;1
2025-02-26 01:16:57.637;TRF;1;0;0;;1
2025-02-26 01:25:37.178;TRF;1;0;0;;1
2025-02-26 01:38:41.118;TRF;1;0;0;;1
2025-02-26 01:43:36.115;TRF;1;0;0;;1
2025-02-26 01:58:10.891;TRF;1;0;0;;1
2025-02-26 02:01:16.898;TRF;1;0;0;;1
2025-02-26 02:14:05.443;TRF;1;0;0;;1
2025-02-26 02:19:39.213;TRF;1;0;0;;1
2025-02-26 02:36:38.475;TRF;1;0;0;;1
2025-02-26 02:47:44.088;TRF;1;0;0;;1
2025-02-26 02:58:33.575;TRF;1;1;222;;1
2025-02-26 03:04:45.342;TRF;1;1;221;;1
2025-02-26 03:19:01.650;TRF;1;0;0;;1
2025-02-26 03:24:20.755;TRF;1;0;0;;1
2025-02-26 03:28:56.006;TRF;1;0;0;;1
2025-02-26 03:33:10.945;TRF;1;0;0;;1
2025-02-26 03:43:33.324;TRF;1;0;0;;1
2025-02-26 03:46:29.343;TRF;1;0;0;;1
2025-02-26 03:55:24.579;TRF;1;0;0;;1
2025-02-26 03:58:39.649;TRF;1;0;0;;1
2025-02-26 04:08:30.096;TRF;1;0;0;;1
2025-02-26 04:17:07.479;TRF;1;0;0;;1
2025-02-26 04:19:01.973;TRF;1;0;0;;1
2025-02-26 04:22:39.522;TRF;1;0;0;;1
2025-02-26 04:25:54.610;TRF;1;0;0;;1
2025-02-26 04:39:55.332;TRF;1;0;0;;1
2025-02-26 04:43:02.036;TRF;1;0;0;;1
2025-02-26 04:50:58.233;TRF;1;0;0;;1
2025-02-26 04:53:55.778;TRF;1;0;0;;1
2025-02-26 05:15:23.759;TRF;1;0;0;;1
2025-02-26 05:19:59.937;TRF;1;0;0;;1
2025-02-26 08:36:54.207;TRF;1;0;0;;1
2025-02-26 17:38:36.276;TRF;1;1;237;;1
2025-02-26 17:39:40.796;TRF;1;0;0;;1
2025-02-26 17:40:29.743;TRF;1;1;239;;1
2025-02-26 17:59:44.659;TRF;1;0;0;;1
2025-02-26 19:01:53.887;TRF;1;0;0;;1
2025-02-26 19:27:43.390;TRF;1;1;176;;1
2025-02-26 21:04:27.526;TRF;1;1;230;;1
2025-02-26 21:45:35.325;TRF;1;0;0;;1
2025-02-26 21:46:36.239;TRF;1;0;0;;1
2025-02-26 22:02:55.925;TRF;1;1;227;;1
2025-02-26 22:20:19.867;TRF;1;0;0;;1
2025-02-26 22:20:50.507;TRF;1;0;0;;1
2025-02-26 22:42:55.228;TRF;1;0;0;;1
2025-02-26 22:43:26.943;TRF;1;0;0;;1
2025-02-26 23:09:16.465;TRF;1;0;0;;1
2025-02-26 23:10:16.142;TRF;1;0;0;;1
2025-02-26 23:40:29.372;TRF;1;0;0;;1
2025-02-26 23:49:22.954;TRF;1;0;0;;1
2025-02-27 00:12:58.458;TRF;1;0;0;;1
2025-02-27 00:16:04.273;TRF;1;0;0;;1
2025-02-27 00:16:22.759;TRF;1;0;0;;1
2025-02-27 00:18:14.367;TRF;1;0;0;;1
2025-02-27 00:38:45.441;TRF;1;0;0;;1
2025-02-27 00:48:41.555;TRF;1;0;0;;1
2025-02-27 01:03:36.797;TRF;1;0;0;;1
2025-02-27 01:08:03.258;TRF;1;0;0;;1
2025-02-27 01:23:09.395;TRF;1;0;0;;1
2025-02-27 01:32:10.551;TRF;1;0;0;;1
2025-02-27 01:42:30.313;TRF;1;0;0;;1
2025-02-27 01:48:47.975;TRF;1;0;0;;1
2025-02-27 02:08:15.872;TRF;1;1;238;;1
2025-02-27 02:31:54.781;TRF;1;0;0;;1
2025-02-27 02:36:08.214;TRF;1;0;0;;1
2025-02-27 02:38:07.221;TRF;1;0;0;;1
2025-02-27 02:52:02.834;TRF;1;0;0;;1
2025-02-27 03:04:32.838;TRF;1;0;0;;1
2025-02-27 03:47:37.660;TRF;1;0;0;;1
2025-02-27 03:53:19.789;TRF;1;0;0;;1
2025-02-27 03:55:46.551;TRF;1;0;0;;1
2025-02-27 03:59:58.718;TRF;1;0;0;;1
2025-02-27 04:59:00.751;TRF;1;0;0;;1
2025-02-27 05:12:47.711;TRF;1;0;0;;1
2025-02-27 05:15:54.555;TRF;1;0;0;;1
2025-02-27 05:26:30.476;TRF;1;0;0;;1
2025-02-27 05:42:06.249;TRF;1;0;0;;1
2025-02-27 05:51:49.027;TRF;1;1;292;;1
2025-02-27 07:12:50.448;TRF;1;0;0;;1
2025-02-27 07:55:36.970;TRF;1;0;0;;1
2025-02-27 14:41:25.025;TRF;1;0;0;;1
2025-02-27 18:47:01.542;TRF;1;0;0;;1
2025-02-27 19:14:29.073;TRF;1;1;214;;1
2025-02-27 19:23:38.330;TRF;1;0;0;;1
2025-02-27 19:24:15.861;TRF;1;0;0;;1
2025-02-27 19:32:53.933;TRF;1;0;0;;1
2025-02-27 22:15:59.144;TRF;1;0;0;;1
2025-02-27 23:13:17.358;TRF;1;0;0;;1
2025-02-27 23:13:58.682;TRF;1;0;0;;1
2025-02-27 23:53:41.823;TRF;1;0;0;;1
2025-02-27 23:58:23.137;TRF;1;0;0;;1
2025-02-28 00:15:50.181;TRF;1;0;0;;1
2025-02-28 00:23:27.655;TRF;1;0;0;;1
2025-02-28 00:49:29.161;TRF;1;0;0;;1
2025-02-28 00:57:16.606;TRF;1;0;0;;1
2025-02-28 01:05:29.886;TRF;1;0;0;;1
2025-02-28 01:24:39.828;TRF;1;0;0;;1
2025-02-28 01:25:13.977;TRF;1;0;0;;1
2025-02-28 01:26:40.974;TRF;1;0;0;;1
2025-02-28 01:26:52.974;TRF;1;0;0;;1
2025-02-28 02:15:37.867;TRF;1;0;0;;1
2025-02-28 02:16:30.740;TRF;1;0;0;;1
2025-02-28 02:20:16.941;TRF;1;0;0;;1
2025-02-28 02:20:23.097;TRF;1;0;0;;1
2025-02-28 04:51:22.786;TRF;1;0;0;;1
2025-02-28 04:54:16.391;TRF;1;0;0;;1
2025-02-28 05:04:26.686;TRF;1;0;0;;1
2025-02-28 05:05:58.843;TRF;1;0;0;;1
2025-02-28 07:22:39.828;TRF;1;0;0;;1
2025-02-28 07:51:11.376;TRF;1;0;0;;1
2025-02-28 18:39:59.206;TRF;1;0;0;;1
2025-02-28 18:46:28.430;TRF;1;0;0;;1
2025-02-28 19:05:20.893;TRF;1;0;0;;1
2025-02-28 19:05:16.631;TRF;1;0;0;;1
2025-01-21 14:44:15.640;TRF;1;0;0;;1
2025-01-21 14:44:18.258;TRF;1;0;0;;1
2025-01-21 14:44:29.170;TRF;1;0;0;;1
2025-01-21 14:50:13.402;TRF;1;0;0;;1
2025-01-21 15:40:27.064;TRF;1;0;0;;1
2025-01-21 16:23:59.418;TRF;1;0;0;;1
2025-01-21 16:32:36.414;TRF;1;0;0;;1
2025-01-21 18:37:39.681;TRF;1;0;0;;1
2025-01-21 18:39:24.442;TRF;1;0;0;;1
2025-01-21 18:39:28.769;TRF;1;0;0;;1
2025-01-21 19:16:35.904;TRF;1;0;0;;1
2025-01-22 03:02:10.197;TRF;1;0;0;;1
2025-01-22 03:08:22.775;TRF;1;0;0;;1
2025-01-22 07:49:28.497;TRF;1;0;0;;1
2025-01-22 08:07:30.702;TRF;1;0;0;;1
2025-01-22 08:51:19.073;TRF;1;0;0;;1
2025-01-22 11:56:42.759;TRF;1;0;0;;1
2025-01-22 14:43:24.966;TRF;1;0;0;;1
2025-01-22 14:49:07.082;TRF;1;0;0;;1
2025-01-22 15:08:06.497;TRF;1;0;0;;1
2025-01-22 20:37:33.169;TRF;1;0;0;;1
2025-01-25 00:42:31.598;TRF;1;0;0;;1
2025-01-25 00:57:19.882;TRF;1;0;0;;1
2025-01-25 01:36:46.342;TRF;1;0;0;;1
2025-01-25 01:37:40.261;TRF;1;0;0;;1
2025-01-25 01:37:41.878;TRF;1;0;0;;1
2025-01-25 02:27:01.635;TRF;1;0;0;;1
2025-01-25 02:42:06.283;TRF;1;0;0;;1
2025-01-25 03:03:31.444;TRF;1;0;0;;1
2025-01-25 03:27:48.753;TRF;1;0;0;;1
2025-01-25 04:58:05.662;TRF;1;0;0;;1
2025-01-25 05:19:22.795;TRF;1;0;0;;1
2025-01-25 05:22:33.852;TRF;1;0;0;;1
2025-01-25 08:13:54.975;TRF;1;0;0;;1
2025-01-25 17:54:00.526;TRF;1;0;0;;1
2025-01-25 23:28:26.262;TRF;1;0;0;;1
2025-01-26 01:04:07.334;TRF;1;0;0;;1
2025-01-26 01:55:53.381;TRF;1;0;0;;1
2025-01-26 02:00:53.955;TRF;1;1;231;;1
2025-01-26 02:51:58.020;TRF;1;0;0;;1
2025-01-26 03:42:16.433;TRF;1;0;0;;1
2025-01-26 03:44:39.600;TRF;1;0;0;;1
2025-01-26 05:08:26.615;TRF;1;0;0;;1
2025-01-26 07:54:16.470;TRF;1;0;0;;1
2025-01-26 07:56:41.658;TRF;1;0;0;;1
2025-01-26 08:23:42.020;TRF;1;0;0;;1
2025-01-26 08:24:52.621;TRF;1;0;0;;1
2025-01-26 17:41:29.928;TRF;1;0;0;;1
2025-01-26 17:46:54.301;TRF;1;0;0;;1
2025-01-26 17:53:30.532;TRF;1;1;175;;1
2025-01-26 21:39:33.662;TRF;1;0;0;;1
2025-01-27 08:11:30.425;TRF;1;0;0;;1
2025-01-27 08:18:57.562;TRF;1;1;200;;1
2025-01-27 15:38:53.299;TRF;1;0;0;;1
2025-01-27 16:02:06.729;TRF;1;0;0;;1
2025-01-27 16:04:10.862;TRF;1;0;0;;1
2025-01-27 16:15:14.511;TRF;1;0;0;;1
2025-01-27 16:23:13.795;TRF;1;0;0;;1
2025-01-27 16:57:08.002;TRF;1;0;0;;1
2025-01-27 17:16:28.420;TRF;1;0;0;;1
2025-01-28 06:06:12.761;TRF;1;0;0;;1
2025-01-28 06:14:55.201;TRF;1;0;0;;1
2025-01-28 06:18:01.755;TRF;1;0;0;;1
2025-01-28 07:03:58.856;TRF;1;0;0;;1
2025-01-28 07:44:18.536;TRF;1;0;0;;1
2025-01-28 08:05:38.460;TRF;1;0;0;;1
2025-01-28 08:21:18.897;TRF;1;0;0;;1
2025-01-28 17:00:06.565;TRF;1;0;0;;1
2025-01-28 17:07:07.793;TRF;1;0;0;;1
2025-01-28 17:48:23.937;TRF;1;0;0;;1
2025-01-28 18:05:47.410;TRF;1;0;0;;1
2025-01-28 18:20:33.881;TRF;1;1;205;;1
2025-01-28 18:40:48.154;TRF;1;0;0;;1
2025-01-28 19:06:18.208;TRF;1;0;0;;1
2025-03-01 00:12:40.572;TRF;1;0;0;;1
2025-03-01 00:13:13.196;TRF;1;0;0;;1
2025-03-01 00:33:48.169;TRF;1;1;229;;1
2025-03-01 01:31:12.927;TRF;1;0;0;;1
2025-03-01 01:32:24.556;TRF;1;0;0;;1
2025-03-01 01:33:11.317;TRF;1;0;0;;1
2025-03-01 01:39:27.723;TRF;1;0;0;;1
2025-03-01 02:38:11.545;TRF;1;0;0;;1
2025-03-01 02:54:50.260;TRF;1;0;0;;1
2025-03-01 03:14:57.438;TRF;1;0;0;;1
2025-03-01 03:17:54.375;TRF;1;0;0;;1
2025-03-01 03:23:37.664;TRF;1;1;238;;1
2025-03-01 04:16:49.072;TRF;1;0;0;;1
2025-03-01 04:21:40.137;TRF;1;0;0;;1
2025-03-01 04:56:03.608;TRF;1;0;0;;1
2025-03-01 04:56:50.447;TRF;1;0;0;;1
2025-03-01 05:17:56.130;TRF;1;0;0;;1
2025-03-01 05:21:17.732;TRF;1;0;0;;1
2025-03-01 05:30:29.137;TRF;1;1;242;;1
2025-03-01 06:11:09.863;TRF;1;1;227;;1
2025-03-01 06:47:02.726;TRF;1;0;0;;1
2025-03-01 07:05:40.893;TRF;1;0;0;;1
2025-03-01 07:21:08.335;TRF;1;0;0;;1
2025-03-01 07:32:49.865;TRF;1;0;0;;1
2025-03-01 07:36:52.410;TRF;1;0;0;;1
2025-03-01 08:15:07.622;TRF;1;0;0;;1
2025-03-01 08:15:26.260;TRF;1;0;0;;1
2025-03-01 08:15:28.804;TRF;1;0;0;;1
2025-03-01 08:22:12.502;TRF;1;0;0;;1
2025-03-01 08:47:27.185;TRF;1;0;0;;1
2025-03-01 18:19:33.664;TRF;1;0;0;;1
2025-03-01 18:48:12.261;TRF;1;0;0;;1
2025-03-01 18:52:30.385;TRF;1;0;0;;1
2025-03-01 19:03:19.930;TRF;1;0;0;;1
2025-03-01 19:03:39.703;TRF;1;0;0;;1
2025-03-01 19:07:49.766;TRF;1;0;0;;1
2025-03-01 19:08:02.346;TRF;1;0;0;;1
2025-03-01 19:13:03.191;TRF;1;0;0;;1
2025-03-01 19:16:46.309;TRF;1;1;218;;1
2025-03-01 19:30:18.730;TRF;1;1;230;;1
2025-03-01 19:55:54.672;TRF;1;0;0;;1
2025-03-01 19:56:14.722;TRF;1;0;0;;1
2025-03-01 19:58:28.131;TRF;1;0;0;;1
2025-03-01 20:08:14.408;TRF;1;0;0;;1
2025-03-01 20:41:22.374;TRF;1;0;0;;1
2025-03-01 20:42:17.817;TRF;1;0;0;;1
2025-03-01 21:03:14.986;TRF;1;0;0;;1
2025-03-01 21:03:50.074;TRF;1;0;0;;1
2025-03-01 21:39:40.808;TRF;1;1;223;;1
2025-03-01 22:03:22.679;TRF;1;0;0;;1
2025-03-01 22:04:50.691;TRF;1;0;0;;1
2025-03-01 22:10:05.174;TRF;1;0;0;;1
2025-03-01 22:13:08.942;TRF;1;0;0;;1
2025-03-01 22:34:27.485;TRF;1;0;0;;1
2025-03-01 22:37:02.705;TRF;1;0;0;;1
2025-03-01 23:04:01.159;TRF;1;0;0;;1
2025-03-01 23:08:21.622;TRF;1;0;0;;1
2025-03-01 23:16:39.449;TRF;1;0;0;;1
2025-03-01 23:18:44.379;TRF;1;0;0;;1
2025-03-01 23:30:43.593;TRF;1;1;235;;1
2025-03-01 23:44:58.048;TRF;1;0;0;;1
2025-03-01 23:46:52.441;TRF;1;0;0;;1
2025-03-02 00:03:11.292;TRF;1;0;0;;1
2025-03-02 00:12:05.058;TRF;1;0;0;;1
2025-03-02 00:55:00.553;TRF;1;1;236;;1
2025-03-02 01:04:54.310;TRF;1;0;0;;1
2025-03-02 01:09:17.828;TRF;1;0;0;;1
2025-03-02 01:25:19.647;TRF;1;1;227;;1
2025-03-02 01:42:36.439;TRF;1;0;0;;1
2025-03-02 01:58:20.462;TRF;1;0;0;;1
2025-03-02 02:09:39.702;TRF;1;0;0;;1
2025-03-02 02:11:56.969;TRF;1;0;0;;1
2025-03-02 02:29:39.618;TRF;1;0;0;;1
2025-03-02 02:34:59.027;TRF;1;0;0;;1
2025-03-02 02:55:43.539;TRF;1;1;235;;1
2025-03-02 03:26:12.936;TRF;1;0;0;;1
2025-03-02 03:44:35.536;TRF;1;0;0;;1
2025-03-02 03:53:24.726;TRF;1;0;0;;1
2025-03-02 03:55:49.979;TRF;1;0;0;;1
2025-03-02 03:59:57.991;TRF;1;0;0;;1
2025-03-02 04:04:48.030;TRF;1;0;0;;1
2025-03-02 04:19:09.947;TRF;1;0;0;;1
2025-03-02 04:46:45.725;TRF;1;0;0;;1
2025-03-02 05:03:03.885;TRF;1;1;233;;1
2025-03-02 05:21:32.316;TRF;1;0;0;;1
2025-03-02 05:27:11.142;TRF;1;0;0;;1
2025-03-02 05:48:04.695;TRF;1;0;0;;1
2025-03-02 05:54:38.092;TRF;1;0;0;;1
2025-03-02 06:10:07.058;TRF;1;0;0;;1
2025-03-02 07:00:39.185;TRF;1;0;0;;1
2025-03-02 08:19:41.918;TRF;1;0;0;;1
2025-03-02 18:47:21.313;TRF;1;0;0;;1
2025-03-02 19:57:22.806;TRF;1;0;0;;1
2025-03-02 19:58:32.958;TRF;1;0;0;;1
2025-03-02 20:14:40.515;TRF;1;0;0;;1
2025-03-02 20:16:11.560;TRF;1;0;0;;1
2025-03-02 20:48:57.449;TRF;1;1;236;;1
2025-03-02 20:50:12.810;TRF;1;0;0;;1
2025-03-02 21:58:12.416;TRF;1;0;0;;1
2025-03-02 22:00:52.226;TRF;1;0;0;;1
2025-03-02 22:34:54.301;TRF;1;0;0;;1
2025-03-02 22:51:10.149;TRF;1;0;0;;1
2025-03-02 23:08:29.081;TRF;1;0;0;;1
2025-03-02 23:12:17.935;TRF;1;0;0;;1
2025-03-02 23:36:37.136;TRF;1;0;0;;1
2025-03-02 23:45:58.526;TRF;1;0;0;;1
2025-03-02 23:48:34.915;TRF;1;0;0;;1
2025-05-21 06:37:16.145;TRF;1;0;0;;1
2025-05-21 06:43:05.458;TRF;1;0;0;;1
2025-05-21 17:20:01.425;TRF;1;0;0;;1
2025-05-21 17:25:26.118;TRF;1;0;0;;1
2025-05-21 17:37:14.642;TRF;1;0;0;;1
2025-05-21 20:09:10.207;TRF;1;0;0;;1
2025-05-21 20:46:38.931;TRF;1;0;0;;1
2025-05-21 20:53:28.186;TRF;1;0;0;;1
2025-05-21 20:53:28.982;TRF;1;1;212;;1
2025-05-21 21:58:18.151;TRF;1;0;0;;1
2025-05-21 22:03:00.453;TRF;1;0;0;;1
2025-05-20 04:31:07.452;TRF;1;0;0;;2
2025-05-20 04:45:41.653;TRF;1;0;0;;2
2025-05-20 09:23:29.725;TRF;1;0;0;;2
2025-05-20 09:41:11.864;TRF;1;0;0;;2
2025-05-20 21:47:40.802;TRF;1;0;0;;2
2025-05-19 01:33:32.879;TRF;1;0;0;;1
2025-05-19 01:34:37.530;TRF;1;0;0;;1
2025-05-19 02:05:05.136;TRF;1;0;0;;1
2025-05-19 02:05:25.536;TRF;1;0;0;;1
2025-05-19 02:24:01.359;TRF;1;0;0;;1
2025-05-19 02:24:26.997;TRF;1;0;0;;1
2025-05-19 02:30:00.775;TRF;1;0;0;;1
2025-05-19 02:30:15.626;TRF;1;0;0;;1
2025-05-19 02:38:11.581;TRF;1;0;0;;1
2025-05-19 02:38:33.216;TRF;1;0;0;;1
2025-05-19 02:48:47.340;TRF;1;0;0;;1
2025-05-19 02:53:05.846;TRF;1;0;0;;1
2025-05-19 02:53:55.331;TRF;1;0;0;;1
2025-05-19 03:03:21.315;TRF;1;0;0;;1
2025-05-19 02:54:09.396;TRF;1;0;0;;1
2025-05-19 06:30:47.132;TRF;1;0;0;;1
2025-05-19 06:48:48.298;TRF;1;0;0;;1
2025-05-19 06:51:02.668;TRF;1;0;0;;1
2025-05-19 06:56:23.279;TRF;1;0;0;;1
2025-05-19 07:05:55.864;TRF;1;0;0;;1
2025-05-19 12:20:26.373;TRF;1;0;0;;3
2025-05-19 12:33:14.640;TRF;1;0;0;;2
2025-05-19 12:52:58.205;TRF;1;0;0;;2
2025-05-19 12:54:08.429;TRF;1;0;0;;2
2025-05-19 13:26:52.916;TRF;1;0;0;;2
2025-05-19 13:30:19.761;TRF;1;0;0;;2
2025-05-19 13:31:53.503;TRF;1;1;249;;2
2025-05-19 14:48:38.413;TRF;1;1;219;;1
2025-05-19 17:53:58.819;TRF;1;0;0;;1
2025-05-19 18:19:58.803;TRF;1;0;0;;1
2025-05-19 18:38:31.369;TRF;1;0;0;;1
2025-05-19 18:33:08.091;TRF;1;0;0;;1
2025-05-19 20:25:19.617;TRF;1;0;0;;2
2025-05-19 20:33:26.438;TRF;1;0;0;;2
2025-05-19 20:19:08.294;TRF;1;0;0;;2
2025-05-19 19:14:16.836;TRF;1;0;0;;2
2025-05-19 20:33:43.333;TRF;1;0;0;;2
2025-05-19 20:35:38.753;TRF;1;0;0;;2
2025-05-19 21:32:11.073;TRF;1;0;0;;2
2025-05-19 20:42:38.016;TRF;1;0;0;;2
2025-05-19 22:17:03.655;TRF;1;0;0;;2
2025-05-19 22:25:10.166;TRF;1;0;0;;2
2025-05-19 20:36:42.581;TRF;1;0;0;;2
2025-05-19 22:27:37.423;TRF;1;0;0;;2
2025-05-19 22:27:32.098;TRF;1;0;0;;2
2025-05-19 22:34:19.551;TRF;1;0;0;;2
2025-05-19 22:44:24.796;TRF;1;0;0;;2
2025-05-19 22:44:38.240;TRF;1;0;0;;2
2025-05-19 22:56:14.677;TRF;1;0;0;;2
2025-05-19 23:34:46.497;TRF;1;0;0;;2
2025-05-22 06:35:48.025;TRF;1;0;0;;2
2025-05-22 06:43:21.380;TRF;1;0;0;;2
2025-05-22 06:52:26.035;TRF;1;0;0;;2
2025-05-22 07:19:52.096;TRF;1;0;0;;2
2025-05-22 07:35:12.655;TRF;1;0;0;;2
2025-05-22 08:08:39.577;TRF;1;0;0;;2
2025-05-22 11:12:00.402;TRF;1;0;0;;2
2025-05-22 16:13:26.136;TRF;1;0;0;;2
2025-05-22 20:22:47.393;TRF;1;0;0;;2
2025-05-22 21:40:09.551;TRF;1;0;0;;2
2025-05-22 21:45:56.434;TRF;1;0;0;;2
2025-05-22 21:46:10.404;TRF;1;1;197;;2
2025-05-23 00:43:37.885;TRF;1;0;0;;2
2025-05-23 05:51:22.118;TRF;1;0;0;;2
2025-05-23 06:26:02.548;TRF;1;0;0;;2
2025-05-23 06:30:58.756;TRF;1;0;0;;2
2025-05-23 06:42:26.943;TRF;1;0;0;;2
2025-05-23 06:51:51.458;TRF;1;0;0;;2
2025-05-23 07:33:46.015;TRF;1;0;0;;2
2025-05-23 06:54:59.924;TRF;1;0;0;;2
2025-05-23 07:44:04.176;TRF;1;0;0;;1
2025-05-23 12:37:41.346;TRF;1;1;240;;1
2025-05-23 19:45:56.280;TRF;1;0;0;;1
2025-05-23 19:49:06.533;TRF;1;0;0;;1
2025-05-23 19:50:21.093;TRF;1;0;0;;1
2025-05-23 19:50:19.731;TRF;1;0;0;;1
2025-05-23 19:50:26.518;TRF;1;0;0;;1
2025-05-23 19:50:26.469;TRF;1;1;195;;1
2025-05-23 23:48:03.365;TRF;1;0;0;;1
2025-05-24 00:15:39.392;TRF;1;0;0;;1
2025-05-24 06:06:39.033;TRF;1;0;0;;1
2025-05-24 12:56:51.808;TRF;1;0;0;;1
2025-05-24 12:58:01.798;TRF;1;0;0;;1
2025-05-24 12:58:03.132;TRF;1;0;0;;1
2025-05-24 18:22:01.107;TRF;1;0;0;;1
2025-05-24 18:23:54.831;TRF;1;1;217;;1
2025-05-24 19:23:02.531;TRF;1;0;0;;1
2025-05-24 19:23:25.716;TRF;1;0;0;;1
2025-05-24 19:23:27.673;TRF;1;0;0;;1
2025-05-24 19:23:30.115;TRF;1;1;179;;1
2025-05-24 20:29:15.249;TRF;1;0;0;;1
2025-05-24 20:30:50.900;TRF;1;0;0;;1
2025-05-24 23:49:30.918;TRF;1;0;0;;1
2025-05-24 23:49:46.844;TRF;1;0;0;;1
2025-05-25 00:44:35.213;TRF;1;0;0;;1
2025-05-25 00:44:37.864;TRF;1;0;0;;1
2025-05-25 00:52:39.814;TRF;1;0;0;;1
2025-05-25 02:12:51.646;TRF;1;0;0;;1
2025-05-26 04:14:31.167;TRF;1;0;0;;1
2025-05-26 04:14:01.566;TRF;1;0;0;;1
2025-05-26 04:11:30.462;TRF;1;0;0;;1
2025-05-26 04:11:24.413;TRF;1;0;0;;1
2025-05-26 04:07:25.057;TRF;1;0;0;;1
2025-05-26 04:02:31.397;TRF;1;0;0;;1
2025-05-26 04:46:55.022;TRF;1;0;0;;1
2025-05-26 04:52:43.625;TRF;1;0;0;;1
2025-05-26 04:53:27.806;TRF;1;0;0;;1
2025-05-26 04:55:46.879;TRF;1;0;0;;1
2025-05-26 04:57:20.049;TRF;1;0;0;;1
2025-05-26 06:40:19.790;TRF;1;0;0;;1
2025-05-26 06:51:42.527;TRF;1;0;0;;1
2025-05-26 06:54:08.398;TRF;1;0;0;;1
2025-05-26 06:55:23.607;TRF;1;0;0;;1
2025-05-26 06:57:27.647;TRF;1;0;0;;1
2025-05-26 07:16:07.830;TRF;1;0;0;;1
2025-05-26 10:17:03.047;TRF;1;0;0;;1
2025-05-26 11:58:24.115;TRF;1;1;212;;1
2025-05-26 12:17:24.007;TRF;1;1;295;;1
2025-05-26 12:17:49.690;TRF;1;0;0;;1
2025-05-26 12:18:14.691;TRF;1;0;0;;1
2025-05-26 12:18:34.841;TRF;1;0;0;;1
2025-05-26 12:21:49.633;TRF;1;1;337;;1
2025-05-26 13:29:34.969;TRF;1;0;0;;1
2025-05-26 13:30:00.719;TRF;1;0;0;;1
2025-05-26 13:33:42.965;TRF;1;0;0;;1
2025-05-26 13:34:08.947;TRF;1;0;0;;1
2025-05-26 13:40:23.205;TRF;1;0;0;;1
2025-05-26 13:40:50.749;TRF;1;0;0;;1
2025-05-26 13:41:12.616;TRF;1;0;0;;1
2025-05-26 13:42:10.385;TRF;1;0;0;;1
2025-05-26 13:42:15.160;TRF;1;0;0;;1
2025-05-26 13:57:11.443;TRF;1;0;0;;1
2025-05-26 14:19:42.951;TRF;1;0;0;;1
2025-05-26 14:19:52.008;TRF;1;1;245;;1
2025-05-26 14:50:55.880;TRF;1;1;199;;1
2025-05-26 14:53:59.745;TRF;1;0;0;;1
2025-05-26 14:54:45.310;TRF;1;0;0;;1
2025-05-26 14:56:39.804;TRF;1;0;0;;1
2025-05-26 14:55:33.964;TRF;1;0;0;;1
2025-05-26 15:00:34.952;TRF;1;0;0;;1
2025-05-26 14:59:48.215;TRF;1;0;0;;1
2025-05-26 15:01:19.462;TRF;1;0;0;;1
2025-05-26 15:04:42.510;TRF;1;0;0;;1
2025-05-26 15:13:40.021;TRF;1;0;0;;1
2025-05-26 15:14:29.177;TRF;1;0;0;;1
2025-05-26 15:14:59.213;TRF;1;0;0;;1
2025-05-26 15:46:37.203;TRF;1;0;0;;1
2025-05-26 15:51:41.821;TRF;1;1;257;;1
2025-05-26 18:01:33.595;TRF;1;1;157;;1
2025-05-26 18:46:45.031;TRF;1;0;0;;1
2025-05-26 18:58:35.327;TRF;1;0;0;;1
2025-05-26 19:17:24.938;TRF;1;1;250;;1
2025-05-26 19:46:53.121;TRF;1;0;0;;1
2025-05-26 19:47:48.272;TRF;1;0;0;;1
2025-05-26 19:52:13.498;TRF;1;0;0;;1
2025-05-26 19:56:37.353;TRF;1;0;0;;1
2025-05-26 19:57:53.326;TRF;1;0;0;;1
2025-05-26 20:02:11.677;TRF;1;0;0;;1
2025-05-26 19:56:37.451;TRF;1;1;195;;1
2025-05-26 20:03:05.577;TRF;1;0;0;;1
2025-05-26 20:28:48.059;TRF;1;0;0;;1
2025-05-26 20:35:56.274;TRF;1;1;234;;1
2025-05-26 22:35:14.806;TRF;1;0;0;;1
2025-05-26 23:44:38.847;TRF;1;0;0;;1
2025-05-27 06:15:57.082;TRF;1;0;0;;1
2025-05-27 06:33:42.740;TRF;1;0;0;;1
2025-05-27 06:44:39.167;TRF;1;0;0;;1
2025-05-27 06:56:27.121;TRF;1;0;0;;1
2025-05-27 07:11:16.174;TRF;1;0;0;;1
2025-05-27 07:12:40.923;TRF;1;0;0;;1
2025-05-27 13:55:33.639;TRF;1;0;0;;1
2025-05-27 13:56:41.938;TRF;1;0;0;;1
2025-05-27 17:14:31.153;TRF;1;0;0;;1
2025-05-27 17:15:18.919;TRF;1;0;0;;1
2025-05-27 17:20:12.885;TRF;1;0;0;;1
2025-05-27 17:27:17.285;TRF;1;0;0;;1
2025-05-27 17:33:31.932;TRF;1;0;0;;1
2025-05-27 17:34:08.003;TRF;1;0;0;;1
2025-05-27 17:41:49.140;TRF;1;0;0;;1
2025-05-27 17:41:53.028;TRF;1;0;0;;1
2025-05-27 17:43:15.459;TRF;1;0;0;;1
2025-05-27 17:47:31.010;TRF;1;0;0;;1
2025-05-27 17:50:11.464;TRF;1;0;0;;1
2025-05-27 17:53:54.595;TRF;1;0;0;;1
2025-05-27 17:54:30.378;TRF;1;0;0;;1
2025-05-27 17:54:31.799;TRF;1;0;0;;1
2025-05-27 17:54:57.700;TRF;1;0;0;;1
2025-05-27 18:29:38.552;TRF;1;0;0;;1
2025-05-27 18:29:41.554;TRF;1;0;0;;1
2025-05-27 18:38:48.384;TRF;1;0;0;;1
2025-05-27 18:43:20.254;TRF;1;0;0;;1
2025-05-27 18:43:54.899;TRF;1;0;0;;1
2025-05-27 18:43:56.429;TRF;1;0;0;;1
2025-05-27 18:57:52.128;TRF;1;1;293;;1
2025-05-27 18:59:00.490;TRF;1;0;0;;1
2025-05-27 18:43:56.381;TRF;1;0;0;;1
2025-05-27 19:07:58.738;TRF;1;0;0;;1
2025-05-27 19:16:01.483;TRF;1;0;0;;1
2025-05-27 19:21:07.365;TRF;1;0;0;;1
2025-05-27 19:21:52.704;TRF;1;0;0;;1
2025-05-27 19:37:09.928;TRF;1;0;0;;1
2025-05-27 20:51:14.300;TRF;1;1;205;;1
2025-05-27 20:56:32.673;TRF;1;0;0;;1
2025-05-27 20:58:04.103;TRF;1;0;0;;1
2025-05-27 21:06:22.487;TRF;1;0;0;;1
2025-05-28 06:30:12.200;TRF;1;0;0;;1
2025-05-28 06:35:44.337;TRF;1;0;0;;1
2025-05-28 06:42:06.505;TRF;1;0;0;;1
2025-05-28 06:48:44.236;TRF;1;0;0;;1
2025-05-28 06:51:32.231;TRF;1;0;0;;1
2025-05-28 06:58:59.287;TRF;1;0;0;;1
2025-05-28 07:05:22.906;TRF;1;0;0;;1
2025-05-28 07:10:30.399;TRF;1;0;0;;1
2025-05-28 10:31:10.005;TRF;1;0;0;;1
2025-05-28 10:31:35.818;TRF;1;0;0;;1
2025-05-28 10:31:54.391;TRF;1;0;0;;1
2025-05-28 10:31:59.447;TRF;1;0;0;;1
2025-05-28 12:32:28.346;TRF;1;0;0;;1
2025-05-28 13:34:43.930;TRF;1;0;0;;1
2025-05-28 13:33:11.942;TRF;1;1;251;;1
2025-05-28 13:34:42.901;TRF;1;0;0;;1
2025-05-28 13:36:42.229;TRF;1;0;0;;1
2025-05-28 13:38:28.141;TRF;1;0;0;;1
2025-05-28 15:23:34.330;TRF;1;0;0;;1
2025-05-28 13:44:09.049;TRF;1;1;232;;1
2025-05-28 20:12:14.715;TRF;1;0;0;;1
2025-05-28 20:20:08.840;TRF;1;0;0;;1
2025-05-28 20:41:57.349;TRF;1;0;0;;1
2025-05-28 20:43:57.056;TRF;1;0;0;;1
2025-05-28 20:45:18.006;TRF;1;0;0;;1
2025-05-28 20:47:22.498;TRF;1;0;0;;1
2025-05-28 20:55:08.399;TRF;1;0;0;;1
2025-05-28 21:02:52.048;TRF;1;0;0;;1
2025-05-28 21:07:26.035;TRF;1;0;0;;1
2025-05-28 21:53:02.966;TRF;1;0;0;;1
2025-05-28 21:12:29.448;TRF;1;0;0;;1
2025-05-28 22:05:39.051;TRF;1;0;0;;1
2025-05-28 23:11:45.881;TRF;1;0;0;;1
2025-05-28 22:06:05.139;TRF;1;0;0;;1
2025-05-28 23:16:27.493;TRF;1;1;190;;1
2025-05-28 21:12:30.477;TRF;1;1;181;;1
2025-05-29 05:54:07.573;TRF;1;0;0;;1
2025-05-29 05:59:08.875;TRF;1;0;0;;1
2025-05-29 06:00:21.521;TRF;1;0;0;;1
2025-05-29 06:22:09.774;TRF;1;0;0;;1
2025-05-29 06:39:52.798;TRF;1;0;0;;1
2025-05-29 06:24:34.709;TRF;1;0;0;;1
2025-05-29 06:55:09.874;TRF;1;0;0;;1
2025-05-29 07:01:31.323;TRF;1;0;0;;1
2025-05-29 07:05:42.448;TRF;1;0;0;;1
2025-05-29 12:38:35.315;TRF;1;0;0;;1
2025-05-29 12:40:29.808;TRF;1;1;172;;1
2025-05-29 14:33:12.181;TRF;1;0;0;;1
2025-05-29 15:40:09.319;TRF;1;0;0;;1
2025-05-29 15:41:50.813;TRF;1;0;0;;1
2025-05-29 15:41:47.619;TRF;1;0;0;;1
2025-05-29 15:40:54.269;TRF;1;0;0;;1
2025-05-29 15:40:32.669;TRF;1;0;0;;1
2025-05-29 15:45:26.105;TRF;1;0;0;;1
2025-05-29 15:49:24.561;TRF;1;0;0;;1
2025-05-29 15:43:44.390;TRF;1;1;206;;1
2025-05-29 15:49:28.922;TRF;1;0;0;;1
2025-05-29 16:12:14.569;TRF;1;0;0;;1
2025-05-29 16:16:32.286;TRF;1;0;0;;1
2025-05-29 16:18:53.876;TRF;1;0;0;;1
2025-05-29 16:20:22.234;TRF;1;0;0;;1
2025-05-29 16:21:39.881;TRF;1;0;0;;1
2025-05-29 16:20:56.624;TRF;1;0;0;;1
2025-05-29 16:21:41.498;TRF;1;1;208;;1
2025-05-29 17:10:41.859;TRF;1;1;184;;1
2025-05-29 17:16:46.706;TRF;1;0;0;;1
2025-05-29 17:17:37.554;TRF;1;0;0;;1
2025-05-29 17:24:51.930;TRF;1;0;0;;1
2025-05-29 19:27:18.476;TRF;1;0;0;;1
2025-05-29 19:34:39.785;TRF;1;0;0;;1
2025-05-29 20:05:03.801;TRF;1;0;0;;1
2025-05-29 20:29:10.161;TRF;1;0;0;;1
2025-05-29 20:34:47.347;TRF;1;0;0;;1
2025-05-29 21:03:47.829;TRF;1;0;0;;1
2025-05-29 21:04:41.628;TRF;1;0;0;;1
2025-05-29 22:05:23.873;TRF;1;0;0;;1
2025-05-29 22:08:35.428;TRF;1;0;0;;1
2025-05-29 22:08:38.122;TRF;1;0;0;;1
2025-05-29 22:09:25.803;TRF;1;0;0;;1
2025-05-29 23:24:37.241;TRF;1;0;0;;1
2025-05-29 23:26:05.370;TRF;1;0;0;;1
2025-05-30 05:36:21.447;TRF;1;0;0;;2
2025-05-30 05:37:26.686;TRF;1;0;0;;2
2025-05-30 06:45:57.772;TRF;1;0;0;;2
2025-05-30 07:24:04.934;TRF;1;0;0;;2
2025-05-30 07:34:59.435;TRF;1;0;0;;2
2025-05-30 09:31:21.924;TRF;1;0;0;;2
2025-05-30 11:42:38.813;TRF;1;0;0;;2
2025-05-30 11:43:05.882;TRF;1;0;0;;2
2025-05-30 11:52:33.324;TRF;1;0;0;;2
2025-05-30 11:52:44.981;TRF;1;0;0;;2
2025-05-30 11:52:58.322;TRF;1;0;0;;2
2025-05-30 13:55:57.873;TRF;1;0;0;;2
2025-05-30 13:56:09.766;TRF;1;0;0;;2
2025-05-30 14:48:31.092;TRF;1;0;0;;2
2025-05-30 14:53:01.236;TRF;1;0;0;;1
2025-05-30 15:56:35.001;TRF;1;0;0;;1
2025-05-30 16:00:17.315;TRF;1;0;0;;1
2025-05-30 16:03:35.474;TRF;1;0;0;;1
2025-05-30 20:11:43.223;TRF;1;0;0;;1
2025-05-30 20:49:49.749;TRF;1;0;0;;1
2025-05-30 21:03:00.949;TRF;1;0;0;;1
2025-05-30 21:04:33.126;TRF;1;0;0;;1
2025-05-30 21:12:50.759;TRF;1;0;0;;1
2025-05-30 21:13:30.700;TRF;1;0;0;;1
2025-05-31 06:30:09.126;TRF;1;0;0;;2
2025-05-31 06:33:52.480;TRF;1;0;0;;2
2025-05-31 06:36:38.580;TRF;1;0;0;;2
2025-05-31 07:00:48.474;TRF;1;0;0;;2
2025-05-31 07:10:36.391;TRF;1;0;0;;2
2025-05-31 07:53:06.772;TRF;1;0;0;;2
2025-05-31 08:04:17.289;TRF;1;1;196;;2
2025-05-31 13:12:48.649;TRF;1;0;0;;2
2025-05-31 13:12:51.950;TRF;1;0;0;;2
2025-05-31 18:25:11.357;TRF;1;0;0;;2
2025-05-31 18:37:46.508;TRF;1;0;0;;2
2025-05-31 18:39:34.496;TRF;1;0;0;;2
2025-05-31 18:46:39.149;TRF;1;0;0;;2
2025-05-31 18:49:57.591;TRF;1;0;0;;2
2025-05-31 19:02:01.136;TRF;1;0;0;;2
2025-05-31 19:10:54.218;TRF;1;0;0;;2
2025-05-31 19:34:09.254;TRF;1;0;0;;2
2025-05-31 19:37:04.102;TRF;1;0;0;;2
2025-05-31 19:59:32.776;TRF;1;0;0;;2
2025-05-31 20:01:24.239;TRF;1;0;0;;2
2025-05-31 20:21:21.905;TRF;1;0;0;;2
2025-05-31 20:28:28.958;TRF;1;0;0;;2
2025-05-31 20:30:49.150;TRF;1;0;0;;2
2025-05-31 20:33:57.585;TRF;1;0;0;;2
2025-05-31 20:45:58.520;TRF;1;0;0;;2
2025-05-31 20:48:38.579;TRF;1;0;0;;2
2025-05-31 20:59:59.485;TRF;1;0;0;;2
2025-05-31 21:03:48.206;TRF;1;0;0;;2
2025-05-31 21:21:12.526;TRF;1;0;0;;2
2025-05-31 21:26:17.710;TRF;1;0;0;;2
2025-05-31 22:11:39.114;TRF;1;0;0;;2
2025-06-01 06:23:52.506;TRF;1;0;0;;2
2025-06-01 06:37:05.806;TRF;1;0;0;;2
2025-06-01 13:22:16.400;TRF;1;0;0;;2
2025-06-01 06:45:16.708;TRF;1;0;0;;2
2025-06-01 06:37:29.989;TRF;1;1;225;;2
2025-06-01 13:52:59.834;TRF;1;0;0;;2
2025-06-01 13:34:44.190;TRF;1;0;0;;2
2025-06-01 13:57:46.351;TRF;1;0;0;;2
2025-06-01 14:00:05.001;TRF;1;0;0;;2
2025-06-01 14:22:25.431;TRF;1;0;0;;2
2025-06-01 14:35:19.287;TRF;1;0;0;;2
2025-06-01 14:36:40.317;TRF;1;0;0;;2
2025-06-01 14:46:47.992;TRF;1;0;0;;2
2025-06-01 14:50:37.134;TRF;1;0;0;;2
2025-06-01 14:58:48.346;TRF;1;0;0;;2
2025-06-01 16:03:18.225;TRF;1;0;0;;2
2025-06-01 16:06:02.396;TRF;1;0;0;;2
2025-06-01 16:11:20.278;TRF;1;0;0;;2
2025-06-01 16:17:25.787;TRF;1;0;0;;2
2025-06-01 16:32:45.799;TRF;1;0;0;;2
2025-06-01 16:35:31.818;TRF;1;0;0;;2
2025-06-01 16:46:50.252;TRF;1;0;0;;2
2025-06-01 16:48:31.931;TRF;1;0;0;;2
2025-06-01 16:58:51.598;TRF;1;0;0;;2
2025-06-01 17:02:05.664;TRF;1;0;0;;2
2025-06-01 18:59:30.201;TRF;1;0;0;;2
2025-06-01 18:50:52.261;TRF;1;0;0;;2
2025-06-01 19:05:57.099;TRF;1;0;0;;2
2025-06-01 19:06:21.165;TRF;1;0;0;;2
2025-06-01 19:12:34.512;TRF;1;0;0;;2
2025-06-01 19:06:00.214;TRF;1;1;199;;2
2025-06-01 19:16:43.027;TRF;1;0;0;;2
2025-06-01 19:18:14.329;TRF;1;0;0;;2
2025-06-01 19:20:17.223;TRF;1;0;0;;2
2025-06-01 19:22:55.548;TRF;1;0;0;;2
2025-06-01 19:34:46.469;TRF;1;0;0;;2
2025-06-01 19:37:40.300;TRF;1;0;0;;2
2025-06-01 19:49:54.794;TRF;1;0;0;;2
2025-06-01 20:01:53.036;TRF;1;0;0;;2
2025-06-01 20:19:59.351;TRF;1;0;0;;2
2025-06-01 20:55:58.500;TRF;1;0;0;;2
2025-06-01 20:57:10.161;TRF;1;0;0;;2
2025-06-01 21:44:09.917;TRF;1;0;0;;2
2025-06-01 22:13:35.446;TRF;1;0;0;;2
2025-05-01 06:17:15.535;TRF;1;0;0;;1
2025-05-01 06:19:49.885;TRF;1;0;0;;1
2025-05-01 06:40:25.930;TRF;1;0;0;;1
2025-05-01 07:02:14.610;TRF;1;0;0;;1
2025-05-01 07:29:28.600;TRF;1;0;0;;1
2025-05-01 07:51:33.207;TRF;1;0;0;;1
2025-05-01 08:11:04.689;TRF;1;0;0;;1
2025-05-01 08:18:03.229;TRF;1;0;0;;1
2025-05-01 08:29:39.675;TRF;1;0;0;;1
2025-05-01 10:03:28.244;TRF;1;0;0;;1
2025-05-01 10:42:46.893;TRF;1;0;0;;1
2025-05-01 11:55:54.503;TRF;1;0;0;;1
2025-05-01 16:35:19.178;TRF;1;0;0;;1
2025-05-01 19:32:44.478;TRF;1;0;0;;1
2025-05-01 20:20:13.196;TRF;1;0;0;;1
2025-05-01 20:52:42.007;TRF;1;0;0;;1
2025-05-01 21:01:15.108;TRF;1;0;0;;1
2025-05-01 21:03:53.660;TRF;1;0;0;;1
2025-05-01 21:05:57.990;TRF;1;0;0;;1
2025-05-01 21:06:05.032;TRF;1;0;0;;1
2025-05-01 21:06:12.890;TRF;1;0;0;;1
2025-05-02 03:38:13.025;TRF;1;0;0;;1
2025-05-02 07:12:22.737;TRF;1;0;0;;1
2025-05-02 07:49:18.316;TRF;1;0;0;;1
2025-05-02 08:32:38.971;TRF;1;0;0;;1
2025-05-02 11:54:08.929;TRF;1;0;0;;1
2025-05-02 12:05:05.473;TRF;1;0;0;;1
2025-05-02 12:46:56.213;TRF;1;0;0;;1
2025-05-02 13:12:21.065;TRF;1;0;0;;1
2025-05-02 13:37:06.472;TRF;1;0;0;;1
2025-05-02 18:13:04.946;TRF;1;0;0;;2
2025-05-02 18:43:38.610;TRF;1;0;0;;2
2025-05-02 18:45:37.189;TRF;1;0;0;;2
2025-05-02 18:46:31.362;TRF;1;0;0;;2
2025-05-02 19:10:02.028;TRF;1;0;0;;2
2025-05-02 19:19:08.438;TRF;1;0;0;;2
2025-05-02 20:02:58.212;TRF;1;0;0;;3
2025-05-03 13:30:15.060;TRF;1;1;256;;3
2025-05-03 15:36:25.548;TRF;1;0;0;;3
2025-05-03 15:46:32.103;TRF;1;0;0;;3
2025-05-03 15:49:15.735;TRF;1;0;0;;3
2025-05-03 16:02:10.433;TRF;1;0;0;;3
2025-05-03 17:38:47.819;TRF;1;0;0;;3
2025-05-03 18:11:24.737;TRF;1;0;0;;3
2025-05-03 18:52:48.992;TRF;1;1;398;;3
2025-05-03 21:00:00.037;TRF;1;0;0;;3
2025-05-04 12:58:25.552;TRF;1;1;187;;3
2025-05-04 16:31:20.774;TRF;1;0;0;;3
2025-05-04 16:31:13.724;TRF;1;0;0;;3
2025-05-04 16:36:04.252;TRF;1;0;0;;3
2025-05-04 16:34:31.171;TRF;1;0;0;;3
2025-05-04 16:36:09.982;TRF;1;0;0;;3
2025-05-04 16:41:31.347;TRF;1;0;0;;3
2025-05-04 17:00:34.211;TRF;1;0;0;;3
2025-05-04 18:22:51.015;TRF;1;0;0;;3
2025-05-04 18:23:50.715;TRF;1;0;0;;3
2025-05-04 18:24:49.965;TRF;1;0;0;;3
2025-05-04 18:28:56.968;TRF;1;0;0;;3
2025-05-04 18:33:53.373;TRF;1;0;0;;3
2025-05-04 18:52:27.553;TRF;1;0;0;;3
2025-05-04 18:25:41.859;TRF;1;0;0;;3
2025-05-04 18:54:21.728;TRF;1;0;0;;3
2025-05-04 19:25:22.606;TRF;1;0;0;;3
2025-05-04 19:28:18.307;TRF;1;0;0;;3
2025-05-04 20:23:31.489;TRF;1;0;0;;3
2025-05-04 21:02:09.061;TRF;1;0;0;;3
2025-05-04 21:02:21.080;TRF;1;0;0;;3
2025-05-04 19:28:35.147;TRF;1;0;0;;3
2025-05-04 19:38:04.861;TRF;1;0;0;;3
2025-05-04 20:12:39.668;TRF;1;0;0;;3
2025-05-04 21:20:30.002;TRF;1;0;0;;3
2025-05-05 02:42:25.399;TRF;1;0;0;;3
2025-05-05 02:19:24.385;TRF;1;0;0;;3
2025-05-05 07:25:33.000;TRF;1;0;0;;3
2025-05-05 15:00:34.049;TRF;1;0;0;;3
2025-05-05 15:37:41.330;TRF;1;0;0;;3
2025-05-05 15:38:05.813;TRF;1;0;0;;3
2025-05-05 16:15:45.471;TRF;1;0;0;;3
2025-05-05 17:42:58.735;TRF;1;0;0;;3
2025-05-05 17:50:01.591;TRF;1;0;0;;3
2025-05-05 20:26:48.527;TRF;1;0;0;;3
2025-05-05 16:15:45.330;TRF;1;1;326;;2
2025-05-06 02:41:08.935;TRF;1;0;0;;3
2025-05-06 02:59:36.002;TRF;1;0;0;;3
2025-05-06 05:52:14.538;TRF;1;0;0;;3
2025-05-06 06:04:06.748;TRF;1;0;0;;3
2025-05-06 06:44:52.065;TRF;1;0;0;;3
2025-05-06 06:58:34.515;TRF;1;0;0;;3
2025-05-06 20:06:58.976;TRF;1;0;0;;3
2025-05-06 21:25:03.578;TRF;1;0;0;;3
2025-05-06 19:15:44.537;TRF;1;0;0;;3
2025-05-06 19:45:27.042;TRF;1;0;0;;3
2025-05-07 02:53:57.320;TRF;1;0;0;;3
2025-05-07 03:00:56.873;TRF;1;0;0;;3
2025-05-07 06:31:10.152;TRF;1;0;0;;3
2025-05-07 06:35:05.810;TRF;1;0;0;;3
2025-05-07 06:44:55.162;TRF;1;0;0;;3
2025-05-07 07:01:57.891;TRF;1;0;0;;2
2025-05-07 10:42:53.348;TRF;1;0;0;;2
2025-05-07 13:50:35.749;TRF;1;0;0;;2
2025-05-07 13:51:58.274;TRF;1;0;0;;2
2025-05-07 14:36:46.119;TRF;1;0;0;;2
2025-05-07 17:18:34.043;TRF;1;0;0;;2
2025-05-07 17:35:19.936;TRF;1;0;0;;2
2025-05-07 17:36:28.483;TRF;1;0;0;;2
2025-05-07 17:35:23.764;TRF;1;1;283;;2
2025-05-07 17:38:36.612;TRF;1;0;0;;2
2025-05-07 17:38:46.822;TRF;1;0;0;;2
2025-05-07 17:39:27.622;TRF;1;0;0;;2
2025-05-07 18:48:31.038;TRF;1;0;0;;2
2025-05-07 18:49:10.047;TRF;1;0;0;;2
2025-05-07 18:49:19.429;TRF;1;0;0;;2
2025-05-07 18:49:22.473;TRF;1;0;0;;2
2025-05-07 19:00:20.866;TRF;1;0;0;;2
2025-05-07 17:41:37.837;TRF;1;1;274;;2
2025-05-07 17:48:11.917;TRF;1;0;0;;2
2025-05-07 19:08:46.567;TRF;1;0;0;;2
2025-05-07 19:00:20.338;TRF;1;0;0;;2
2025-05-07 19:10:30.381;TRF;1;0;0;;2
2025-05-07 19:46:44.957;TRF;1;0;0;;2
2025-05-07 19:48:32.631;TRF;1;0;0;;2
2025-05-07 21:00:12.675;TRF;1;0;0;;2
2025-05-07 21:04:59.423;TRF;1;0;0;;2
2025-05-07 21:05:04.932;TRF;1;0;0;;2
2025-05-07 21:05:11.000;TRF;1;0;0;;2
2025-05-07 21:07:09.681;TRF;1;0;0;;2
2025-05-07 21:15:10.916;TRF;1;0;0;;2
2025-05-07 23:36:42.560;TRF;1;0;0;;2
2025-05-07 23:39:57.612;TRF;1;0;0;;2
2025-05-07 23:56:25.492;TRF;1;0;0;;2
2025-05-08 00:03:16.015;TRF;1;0;0;;2
2025-05-08 00:03:57.800;TRF;1;0;0;;2
2025-05-08 00:04:23.592;TRF;1;0;0;;2
2025-05-08 00:15:03.878;TRF;1;0;0;;2
2025-05-08 00:15:57.547;TRF;1;0;0;;2
2025-05-08 00:23:43.376;TRF;1;0;0;;2
2025-05-08 00:28:03.028;TRF;1;0;0;;2
2025-05-08 01:32:02.042;TRF;1;0;0;;2
2025-05-08 01:32:57.389;TRF;1;0;0;;2
2025-05-08 02:43:24.974;TRF;1;0;0;;2
2025-05-08 02:54:14.094;TRF;1;0;0;;2
2025-05-08 03:59:07.953;TRF;1;1;200;;2
2025-05-08 05:17:03.419;TRF;1;0;0;;2
2025-05-08 05:12:11.340;TRF;1;0;0;;2
2025-05-08 06:15:14.106;TRF;1;0;0;;2
2025-05-08 06:17:16.056;TRF;1;0;0;;2
2025-05-08 06:30:07.678;TRF;1;0;0;;2
2025-05-08 06:32:52.592;TRF;1;0;0;;2
2025-05-08 06:37:35.653;TRF;1;0;0;;2
2025-05-08 06:39:09.296;TRF;1;0;0;;2
2025-05-08 06:54:41.467;TRF;1;0;0;;2
2025-05-08 07:19:48.979;TRF;1;0;0;;2
2025-05-08 07:58:59.467;TRF;1;0;0;;2
2025-05-08 07:59:00.767;TRF;1;0;0;;2
2025-05-08 08:05:05.472;TRF;1;0;0;;2
2025-05-08 09:02:50.941;TRF;1;1;141;;2
2025-05-08 11:08:21.004;TRF;1;0;0;;2
2025-05-08 11:08:23.583;TRF;1;0;0;;2
2025-05-08 11:19:37.558;TRF;1;0;0;;2
2025-05-08 11:23:58.532;TRF;1;0;0;;2
2025-05-08 12:01:32.142;TRF;1;0;0;;2
2025-05-08 12:04:24.239;TRF;1;0;0;;2
2025-05-08 12:07:32.044;TRF;1;0;0;;2
2025-05-08 16:21:46.648;TRF;1;0;0;;2
2025-05-08 12:07:30.672;TRF;1;1;255;;2
2025-05-08 16:21:42.140;TRF;1;0;0;;2
2025-05-08 22:57:32.703;TRF;1;0;0;;2
2025-05-08 23:12:04.119;TRF;1;0;0;;2
2025-05-08 23:34:27.677;TRF;1;0;0;;2
2025-05-08 23:39:25.574;TRF;1;0;0;;2
2025-05-09 01:26:54.329;TRF;1;0;0;;2
2025-05-09 01:50:00.045;TRF;1;0;0;;2
2025-05-09 01:52:36.939;TRF;1;0;0;;2
2025-05-09 02:03:44.700;TRF;1;0;0;;2
2025-05-09 04:46:16.345;TRF;1;0;0;;2
2025-05-09 04:45:40.313;TRF;1;0;0;;2
2025-05-09 04:10:26.138;TRF;1;0;0;;2
2025-05-09 04:05:57.175;TRF;1;0;0;;2
2025-05-09 02:53:23.083;TRF;1;1;293;;2
2025-05-09 05:02:39.573;TRF;1;0;0;;2
2025-05-09 05:05:01.223;TRF;1;0;0;;2
2025-05-09 05:58:25.331;TRF;1;0;0;;2
2025-05-09 05:59:07.547;TRF;1;0;0;;2
2025-05-09 06:09:44.839;TRF;1;0;0;;2
2025-05-09 06:35:26.044;TRF;1;0;0;;2
2025-05-09 10:15:55.035;TRF;1;0;0;;2
2025-05-09 06:37:54.638;TRF;1;1;279;;2
2025-05-09 11:35:01.655;TRF;1;1;143;;1
2025-05-09 20:16:09.617;TRF;1;0;0;;1
2025-05-09 17:59:01.450;TRF;1;1;186;;1
2025-05-09 20:56:23.259;TRF;1;0;0;;1
2025-05-09 20:56:38.571;TRF;1;0;0;;1
2025-05-10 04:07:53.149;TRF;1;0;0;;1
2025-05-10 04:09:13.356;TRF;1;0;0;;1
2025-05-10 06:11:54.268;TRF;1;0;0;;1
2025-05-10 06:13:25.468;TRF;1;0;0;;1
2025-05-10 06:29:35.419;TRF;1;0;0;;1
2025-05-10 06:29:47.719;TRF;1;0;0;;1
2025-05-10 06:31:57.373;TRF;1;0;0;;1
2025-05-10 06:38:10.833;TRF;1;0;0;;1
2025-05-10 06:42:56.782;TRF;1;0;0;;1
2025-05-10 06:44:39.332;TRF;1;0;0;;1
2025-05-10 07:02:15.142;TRF;1;0;0;;1
2025-05-10 07:10:21.046;TRF;1;0;0;;1
2025-05-10 11:06:28.319;TRF;1;0;0;;1
2025-05-10 19:57:48.940;TRF;1;0;0;;1
2025-05-10 20:17:21.982;TRF;1;0;0;;1
2025-05-10 20:43:51.066;TRF;1;0;0;;2
2025-05-11 03:22:15.258;TRF;1;1;243;;3
2025-05-11 08:11:03.337;TRF;1;0;0;;3
2025-05-11 08:11:22.100;TRF;1;1;288;;3
2025-05-11 09:15:42.435;TRF;1;0;0;;3
2025-05-11 12:20:29.592;TRF;1;0;0;;3
2025-05-11 21:11:04.406;TRF;1;1;176;;1
2025-05-12 00:10:57.233;TRF;1;1;166;;1
2025-05-12 06:32:22.259;TRF;1;0;0;;1
2025-05-12 06:36:44.716;TRF;1;0;0;;1
2025-05-12 06:46:13.886;TRF;1;0;0;;1
2025-05-12 06:46:29.600;TRF;1;0;0;;1
2025-05-12 07:36:25.799;TRF;1;0;0;;1
2025-05-12 06:46:34.350;TRF;1;1;201;;1
2025-05-12 07:36:32.300;TRF;1;1;348;;1
2025-05-12 07:52:41.340;TRF;1;0;0;;1
2025-05-12 07:55:20.830;TRF;1;0;0;;1
2025-05-12 07:56:22.934;TRF;1;0;0;;1
2025-05-12 07:56:31.310;TRF;1;0;0;;1
2025-05-12 08:25:57.341;TRF;1;0;0;;1
2025-05-12 13:12:12.391;TRF;1;0;0;;1
2025-05-12 13:13:37.242;TRF;1;0;0;;1
2025-05-12 15:53:43.856;TRF;1;0;0;;1
2025-05-12 15:55:09.576;TRF;1;0;0;;1
2025-05-12 15:59:02.622;TRF;1;0;0;;1
2025-05-12 16:00:36.866;TRF;1;0;0;;1
2025-05-12 16:39:03.463;TRF;1;1;260;;1
2025-05-12 17:52:35.255;TRF;1;0;0;;1
2025-05-12 17:56:03.406;TRF;1;0;0;;1
2025-05-12 18:00:18.458;TRF;1;0;0;;1
2025-05-12 19:05:59.813;TRF;1;1;183;;1
2025-05-12 21:30:50.085;TRF;1;0;0;;1
2025-05-12 21:32:02.941;TRF;1;0;0;;1
2025-05-12 21:41:14.746;TRF;1;0;0;;1
2025-05-12 21:41:51.596;TRF;1;0;0;;1
2025-05-12 21:50:35.916;TRF;1;1;171;;1
2025-05-13 01:49:57.066;TRF;1;0;0;;1
2025-05-13 05:31:28.320;TRF;1;0;0;;1
2025-05-13 06:22:52.160;TRF;1;0;0;;1
2025-05-13 06:24:34.662;TRF;1;0;0;;1
2025-05-13 06:37:08.213;TRF;1;0;0;;1
2025-05-13 06:41:11.363;TRF;1;0;0;;1
2025-05-13 07:47:52.342;TRF;1;0;0;;1
2025-05-13 08:50:53.016;TRF;1;0;0;;1
2025-05-13 12:43:54.216;TRF;1;0;0;;1
2025-05-13 12:43:56.216;TRF;1;0;0;;1
2025-05-13 12:44:31.566;TRF;1;0;0;;1
2025-05-13 12:44:54.616;TRF;1;0;0;;1
2025-05-13 14:35:59.821;TRF;1;0;0;;1
2025-05-13 12:45:10.808;TRF;1;0;0;;1
2025-05-13 22:06:52.641;TRF;1;0;0;;1
2025-05-13 17:58:08.050;TRF;1;0;0;;1
2025-05-13 17:21:37.116;TRF;1;1;150;;1
2025-05-13 22:07:56.982;TRF;1;1;191;;1
2025-05-14 15:30:32.553;TRF;1;0;0;;1
2025-05-14 15:31:02.971;TRF;1;0;0;;1
2025-05-14 15:33:43.143;TRF;1;0;0;;1
2025-05-14 15:33:54.975;TRF;1;0;0;;1
2025-05-14 19:03:26.545;TRF;1;0;0;;1
2025-05-14 18:48:30.691;TRF;1;0;0;;1
2025-05-14 16:15:12.480;TRF;1;0;0;;1
2025-05-14 15:34:56.126;TRF;1;0;0;;1
2025-05-14 21:12:49.196;TRF;1;0;0;;1
2025-05-14 21:15:50.497;TRF;1;0;0;;1
2025-05-14 21:29:13.166;TRF;1;0;0;;1
2025-05-14 21:31:34.943;TRF;1;0;0;;1
2025-05-14 21:36:13.147;TRF;1;0;0;;1
2025-05-14 21:36:35.801;TRF;1;0;0;;1
2025-05-14 21:44:25.464;TRF;1;0;0;;1
2025-05-15 06:12:04.501;TRF;1;0;0;;1
2025-05-15 06:17:06.066;TRF;1;0;0;;1
2025-05-15 06:19:38.410;TRF;1;0;0;;1
2025-05-15 06:26:46.374;TRF;1;0;0;;1
2025-05-15 06:37:15.013;TRF;1;0;0;;1
2025-05-15 06:39:03.169;TRF;1;0;0;;1
2025-05-15 06:39:38.673;TRF;1;0;0;;1
2025-05-15 07:02:43.382;TRF;1;0;0;;1
2025-05-15 11:14:28.056;TRF;1;0;0;;1
2025-05-15 11:15:34.006;TRF;1;0;0;;1
2025-05-15 11:50:22.806;TRF;1;0;0;;1
2025-05-15 11:50:59.506;TRF;1;0;0;;1
2025-05-15 11:51:03.239;TRF;1;0;0;;1
2025-05-15 12:03:10.276;TRF;1;0;0;;1
2025-05-15 20:39:12.187;TRF;1;0;0;;1
2025-05-15 20:50:37.534;TRF;1;0;0;;1
2025-05-15 21:31:53.113;TRF;1;0;0;;1
2025-05-15 21:32:09.109;TRF;1;0;0;;1
2025-05-16 01:56:30.109;TRF;1;0;0;;1
2025-05-16 01:56:32.959;TRF;1;0;0;;1
2025-05-16 06:22:38.265;TRF;1;0;0;;1
2025-05-16 06:25:50.082;TRF;1;0;0;;1
2025-05-16 06:26:54.105;TRF;1;0;0;;1
2025-05-16 06:46:35.198;TRF;1;0;0;;1
2025-05-16 06:52:03.996;TRF;1;0;0;;1
2025-05-16 06:52:19.333;TRF;1;0;0;;1
2025-05-16 06:55:11.285;TRF;1;0;0;;1
2025-05-16 07:04:06.903;TRF;1;0;0;;1
2025-05-16 07:18:06.089;TRF;1;0;0;;1
2025-05-16 07:23:26.296;TRF;1;0;0;;1
2025-05-16 09:37:56.213;TRF;1;0;0;;1
2025-05-16 12:16:24.130;TRF;1;1;182;;1
2025-05-16 17:03:35.025;TRF;1;0;0;;1
2025-05-16 17:44:23.531;TRF;1;0;0;;1
2025-05-16 20:37:26.839;TRF;1;0;0;;1
2025-05-16 20:40:26.030;TRF;1;0;0;;1
2025-05-16 21:00:59.051;TRF;1;0;0;;1
2025-05-16 20:59:20.661;TRF;1;0;0;;1
2025-05-16 21:04:42.206;TRF;1;0;0;;1
2025-05-17 04:14:24.156;TRF;1;0;0;;1
2025-05-17 04:14:48.756;TRF;1;0;0;;1
2025-05-17 05:37:10.193;TRF;1;0;0;;1
2025-05-17 05:38:55.046;TRF;1;0;0;;1
2025-05-17 05:40:25.497;TRF;1;0;0;;1
2025-05-17 05:41:03.542;TRF;1;0;0;;1
2025-05-17 05:44:01.102;TRF;1;0;0;;1
2025-05-17 05:44:20.555;TRF;1;1;203;;1
2025-05-17 06:22:09.489;TRF;1;0;0;;1
2025-05-17 06:26:16.630;TRF;1;0;0;;1
2025-05-17 06:59:24.658;TRF;1;0;0;;1
2025-05-17 07:01:13.831;TRF;1;0;0;;1
2025-05-17 06:59:21.730;TRF;1;0;0;;1
2025-05-17 07:05:17.483;TRF;1;0;0;;1
2025-05-17 12:14:10.003;TRF;1;0;0;;1
2025-05-17 12:14:15.152;TRF;1;0;0;;1
2025-05-17 12:38:30.006;TRF;1;0;0;;1
2025-05-17 12:38:52.582;TRF;1;0;0;;1
2025-05-17 12:58:11.012;TRF;1;0;0;;1
2025-05-17 12:59:15.812;TRF;1;0;0;;1
2025-05-17 12:59:36.244;TRF;1;0;0;;1
2025-05-17 12:59:37.855;TRF;1;0;0;;1
2025-05-17 17:24:22.902;TRF;1;0;0;;1
2025-05-17 17:26:47.584;TRF;1;0;0;;1
2025-05-17 17:27:17.844;TRF;1;0;0;;1
2025-05-17 17:32:29.234;TRF;1;0;0;;1
2025-05-17 17:35:25.311;TRF;1;0;0;;1
2025-05-17 17:35:59.347;TRF;1;0;0;;1
2025-05-17 17:41:18.950;TRF;1;0;0;;1
2025-05-17 17:49:36.606;TRF;1;0;0;;1
2025-05-17 18:01:34.474;TRF;1;0;0;;1
2025-05-17 18:05:48.369;TRF;1;0;0;;1
2025-05-17 18:06:35.459;TRF;1;0;0;;1
2025-05-17 18:06:40.873;TRF;1;0;0;;1
2025-05-17 18:08:35.671;TRF;1;0;0;;1
2025-05-17 18:08:54.271;TRF;1;0;0;;1
2025-05-17 18:15:59.953;TRF;1;0;0;;1
2025-05-17 19:11:15.106;TRF;1;0;0;;1
2025-05-17 18:15:55.955;TRF;1;0;0;;1
2025-05-17 19:12:59.755;TRF;1;0;0;;1
2025-05-17 19:14:01.982;TRF;1;0;0;;1
2025-05-17 19:24:30.090;TRF;1;0;0;;1
2025-05-17 19:33:29.304;TRF;1;0;0;;1
2025-05-17 19:29:51.794;TRF;1;0;0;;1
2025-05-17 19:24:47.300;TRF;1;1;221;;1
2025-05-17 19:42:13.580;TRF;1;0;0;;1
2025-05-17 19:52:27.523;TRF;1;0;0;;1
2025-05-17 19:52:34.983;TRF;1;0;0;;1
2025-05-17 19:56:10.917;TRF;1;1;181;;1
2025-05-17 19:56:11.162;TRF;1;1;240;;1
2025-05-17 20:36:38.596;TRF;1;1;221;;1
2025-05-17 20:57:09.046;TRF;1;0;0;;1
2025-05-17 21:05:24.831;TRF;1;0;0;;1
2025-05-17 21:06:40.876;TRF;1;0;0;;1
2025-05-17 21:07:45.289;TRF;1;0;0;;1
2025-05-17 21:10:07.622;TRF;1;0;0;;1
2025-05-17 21:19:41.162;TRF;1;0;0;;1
2025-05-17 21:19:47.920;TRF;1;0;0;;1
2025-05-17 21:23:50.878;TRF;1;0;0;;1
2025-05-17 21:25:02.070;TRF;1;0;0;;1
2025-05-17 21:31:09.826;TRF;1;0;0;;1
2025-05-17 21:32:10.164;TRF;1;0;0;;1
2025-05-17 21:44:55.851;TRF;1;0;0;;1
2025-05-17 21:52:03.386;TRF;1;0;0;;1
2025-05-17 21:52:10.370;TRF;1;0;0;;1
2025-05-17 21:53:50.827;TRF;1;0;0;;1
2025-05-17 21:54:04.956;TRF;1;0;0;;1
2025-05-17 22:00:28.383;TRF;1;0;0;;1
2025-05-17 22:00:57.382;TRF;1;0;0;;1
2025-05-17 22:01:18.724;TRF;1;0;0;;1
2025-05-17 22:08:38.371;TRF;1;0;0;;1
2025-05-17 22:21:18.807;TRF;1;0;0;;1
2025-05-17 22:21:30.105;TRF;1;0;0;;1
2025-05-17 22:25:45.584;TRF;1;0;0;;1
2025-05-17 22:26:00.677;TRF;1;0;0;;1
2025-05-17 22:31:18.043;TRF;1;0;0;;1
2025-05-17 22:31:34.304;TRF;1;0;0;;1
2025-05-17 22:33:13.306;TRF;1;0;0;;1
2025-05-17 22:33:25.356;TRF;1;0;0;;1
2025-05-17 22:39:50.312;TRF;1;0;0;;1
2025-05-17 22:40:02.166;TRF;1;0;0;;1
2025-05-17 22:42:26.465;TRF;1;0;0;;1
2025-05-17 22:42:33.352;TRF;1;0;0;;1
2025-05-17 22:42:44.104;TRF;1;0;0;;1
2025-05-17 22:45:03.228;TRF;1;0;0;;1
2025-05-17 22:45:08.361;TRF;1;0;0;;1
2025-05-17 22:47:13.287;TRF;1;0;0;;1
2025-05-17 22:47:17.459;TRF;1;0;0;;1
2025-05-17 22:49:19.812;TRF;1;0;0;;1
2025-05-17 22:49:31.338;TRF;1;0;0;;1
2025-05-17 23:01:22.893;TRF;1;0;0;;1
2025-05-17 23:01:56.987;TRF;1;0;0;;1
2025-05-17 23:04:27.404;TRF;1;0;0;;1
2025-05-17 23:04:43.422;TRF;1;0;0;;1
2025-05-17 23:04:56.350;TRF;1;0;0;;1
2025-05-17 23:05:08.426;TRF;1;0;0;;1
2025-05-17 23:09:23.383;TRF;1;0;0;;1
2025-05-17 23:09:53.499;TRF;1;0;0;;1
2025-05-17 23:09:51.931;TRF;1;0;0;;1
2025-05-17 23:14:37.733;TRF;1;0;0;;1
2025-05-17 23:14:42.524;TRF;1;0;0;;1
2025-05-17 23:15:23.165;TRF;1;0;0;;1
2025-05-17 23:19:33.665;TRF;1;0;0;;1
2025-05-17 23:19:47.276;TRF;1;0;0;;1
2025-05-17 23:19:55.597;TRF;1;0;0;;1
2025-05-18 06:18:34.466;TRF;1;0;0;;1
2025-05-18 06:22:09.128;TRF;1;0;0;;1
2025-05-18 06:27:23.378;TRF;1;0;0;;1
2025-05-18 06:31:42.689;TRF;1;0;0;;1
2025-05-18 16:54:17.471;TRF;1;0;0;;1
2025-05-18 16:54:23.510;TRF;1;0;0;;1
2025-05-18 20:36:04.368;TRF;1;0;0;;1
2025-05-18 20:26:14.497;TRF;1;0;0;;1
2025-05-18 20:10:27.282;TRF;1;0;0;;1
2025-05-18 19:06:28.937;TRF;1;0;0;;1
2025-05-18 18:36:39.676;TRF;1;0;0;;1
2025-05-18 18:23:31.764;TRF;1;0;0;;1
2025-05-18 18:15:42.318;TRF;1;0;0;;1
2025-05-18 16:54:59.272;TRF;1;0;0;;1
2025-05-18 20:36:14.979;TRF;1;0;0;;1
2025-05-18 21:06:01.118;TRF;1;0;0;;1
2025-05-18 20:36:29.195;TRF;1;1;272;;1
2025-05-18 20:52:32.379;TRF;1;1;191;;1
2025-05-18 21:12:08.418;TRF;1;0;0;;1
2025-05-18 21:12:22.518;TRF;1;0;0;;1
2025-05-18 21:14:11.819;TRF;1;0;0;;1
2025-05-18 21:14:31.924;TRF;1;0;0;;1
2025-05-18 21:45:04.407;TRF;1;0;0;;1
2025-05-18 21:15:04.975;TRF;1;0;0;;1
2025-05-18 21:45:52.708;TRF;1;0;0;;1
2025-05-18 21:46:13.098;TRF;1;0;0;;1
2025-05-18 21:51:26.089;TRF;1;0;0;;1
2025-05-18 21:48:48.670;TRF;1;0;0;;1
2025-05-18 23:05:02.830;TRF;1;0;0;;1
2025-05-18 23:04:06.119;TRF;1;0;0;;1
2025-05-18 21:46:07.414;TRF;1;1;258;;1
2025-04-01 00:10:22.445;TRF;1;0;0;;1
2025-04-01 00:10:39.538;TRF;1;0;0;;1
2025-04-01 05:40:18.275;TRF;1;0;0;;1
2025-04-01 04:06:30.625;TRF;1;0;0;;1
2025-04-01 05:42:51.450;TRF;1;0;0;;1
2025-04-01 06:49:25.971;TRF;1;0;0;;1
2025-04-01 07:48:00.420;TRF;1;0;0;;1
2025-04-01 20:06:17.987;TRF;1;0;0;;1
2025-04-01 20:28:46.753;TRF;1;0;0;;1
2025-04-01 20:06:14.413;TRF;1;1;168;;1
2025-04-01 20:37:41.964;TRF;1;0;0;;1
2025-04-01 20:40:48.593;TRF;1;0;0;;1
2025-04-01 20:45:33.420;TRF;1;0;0;;1
2025-04-01 20:45:57.845;TRF;1;0;0;;1
2025-04-01 20:46:01.833;TRF;1;0;0;;1
2025-04-01 20:48:38.200;TRF;1;0;0;;1
2025-04-01 20:48:52.087;TRF;1;0;0;;1
2025-04-01 20:57:25.835;TRF;1;0;0;;1
2025-06-02 06:46:28.378;TRF;1;0;0;;3
2025-06-02 06:58:19.386;TRF;1;0;0;;3
2025-06-02 07:46:25.232;TRF;1;0;0;;3
2025-06-02 07:53:44.643;TRF;1;1;186;;3
2025-06-02 11:08:40.607;TRF;1;0;0;;3
2025-06-02 11:24:26.181;TRF;1;0;0;;3
2025-06-02 13:38:58.200;TRF;1;1;164;;3
2025-06-03 14:20:53.913;TRF;1;1;152;;3
2025-06-03 17:31:16.962;TRF;1;0;0;;3
2025-06-03 19:28:48.246;TRF;1;0;0;;3
2025-06-03 20:46:53.868;TRF;1;0;0;;3
2025-06-03 20:50:52.320;TRF;1;0;0;;3
2025-06-03 21:06:57.264;TRF;1;0;0;;3
2025-06-04 13:05:39.469;TRF;1;0;0;;3
2025-06-04 13:06:24.556;TRF;1;0;0;;3
2025-06-04 15:19:45.793;TRF;1;0;0;;3
2025-06-04 15:53:33.766;TRF;1;0;0;;3
2025-06-04 13:13:28.743;TRF;1;1;180;;3
2025-06-04 15:55:56.455;TRF;1;0;0;;3
2025-06-04 15:57:08.960;TRF;1;0;0;;3
2025-06-04 16:00:40.160;TRF;1;1;193;;3
2025-06-04 16:20:22.046;TRF;1;0;0;;3
2025-06-04 16:26:02.947;TRF;1;0;0;;3
2025-06-04 17:11:30.228;TRF;1;0;0;;3
2025-06-04 17:06:16.475;TRF;1;0;0;;3
2025-06-04 17:11:31.812;TRF;1;0;0;;3
2025-06-04 17:15:57.603;TRF;1;1;212;;3
2025-06-04 17:19:33.505;TRF;1;0;0;;3
2025-06-04 18:02:34.994;TRF;1;1;241;;3
2025-06-04 17:39:39.086;TRF;1;0;0;;3
2025-06-05 01:49:32.698;TRF;1;0;0;;3
2025-06-05 01:49:39.440;TRF;1;0;0;;3
2025-06-05 02:12:35.961;TRF;1;0;0;;3
2025-06-05 05:00:16.730;TRF;1;0;0;;3
2025-06-05 05:00:19.108;TRF;1;1;161;;3
2025-06-05 08:39:00.236;TRF;1;1;224;;3
2025-06-05 11:13:37.369;TRF;1;0;0;;3
2025-06-05 12:31:04.084;TRF;1;1;198;;3
2025-06-05 12:48:16.268;TRF;1;1;187;;3
2025-06-05 13:10:30.927;TRF;1;0;0;;3
2025-06-05 13:57:17.581;TRF;1;0;0;;3
2025-06-05 14:00:28.269;TRF;1;0;0;;3
2025-06-05 14:00:28.738;TRF;1;1;203;;3
2025-06-05 17:01:14.495;TRF;1;1;225;;2
2025-06-05 18:27:16.566;TRF;1;1;251;;2
2025-06-05 18:56:05.147;TRF;1;1;249;;2
2025-06-05 19:47:22.642;TRF;1;0;0;;2
2025-06-05 20:34:54.452;TRF;1;0;0;;2
2025-06-05 22:12:28.859;TRF;1;0;0;;2
2025-06-06 07:17:41.268;TRF;1;1;239;;2
2025-06-06 07:31:51.880;TRF;1;0;0;;2
2025-06-06 09:40:36.358;TRF;1;0;0;;2
2025-06-06 16:33:26.144;TRF;1;1;219;;2
2025-06-06 17:03:05.515;TRF;1;0;0;;2
2025-06-06 17:06:07.212;TRF;1;0;0;;2
2025-06-06 17:06:32.063;TRF;1;0;0;;2
2025-06-06 17:07:32.651;TRF;1;1;269;;2
2025-06-06 17:37:22.835;TRF;1;0;0;;2
2025-06-06 17:39:52.099;TRF;1;1;233;;2
2025-06-06 17:45:57.180;TRF;1;1;155;;2
2025-06-06 18:03:02.004;TRF;1;1;195;;2
2025-06-06 19:51:17.363;TRF;1;1;221;;2
2025-06-06 20:02:22.401;TRF;1;-1;186;;2
2025-06-06 20:03:08.589;TRF;1;1;232;;2
2025-06-06 20:49:15.379;TRM;1;1;440;;2
2025-06-06 21:17:03.551;TRF;1;0;0;;2
2025-06-06 21:43:47.117;TRF;1;0;0;;2
2025-06-07 06:49:11.872;TRF;1;0;0;;2
2025-06-07 07:14:15.466;TRF;1;0;0;;2
2025-06-07 08:19:02.909;TRF;1;0;0;;2
2025-06-07 09:00:42.289;TRF;1;0;0;;2
2025-06-07 09:08:49.023;TRF;1;0;0;;2
2025-06-07 09:10:04.915;TRF;1;0;0;;2
2025-06-07 09:22:13.979;TRF;1;0;0;;2
2025-06-07 11:17:59.548;TRF;1;0;0;;2
2025-06-07 14:02:18.614;TRF;1;0;0;;2
2025-06-07 14:34:25.724;TRF;1;0;0;;2
2025-06-07 15:34:23.165;TRF;1;0;0;;2
2025-06-07 15:35:31.904;TRF;1;0;0;;2
2025-06-07 17:01:21.840;TRF;1;0;0;;2
2025-06-07 17:07:03.698;TRF;1;0;0;;2
2025-06-07 17:21:34.163;TRF;1;0;0;;2
2025-06-07 17:24:24.485;TRF;1;0;0;;2
2025-06-07 17:59:18.185;TRF;1;0;0;;2
2025-06-07 18:22:21.790;TRF;1;0;0;;2
2025-06-07 18:26:59.582;TRF;1;0;0;;2
2025-06-07 18:16:56.802;TRF;1;0;0;;2
2025-06-07 18:15:16.402;TRF;1;0;0;;2
2025-06-07 18:09:06.585;TRF;1;0;0;;2
2025-06-07 18:01:47.912;TRF;1;1;193;;2
2025-06-07 18:05:06.306;TRF;1;1;206;;2
2025-06-07 18:27:21.684;TRF;1;1;237;;2
2025-06-07 18:40:08.346;TRF;1;1;194;;2
2025-06-07 19:33:42.812;TRF;1;0;0;;2
2025-06-07 20:03:17.784;TRF;1;0;0;;2
2025-06-07 20:15:35.506;TRF;1;0;0;;2
2025-06-07 20:17:20.207;TRF;1;0;0;;2
2025-06-07 20:11:41.187;TRF;1;1;243;;2
2025-06-07 20:14:27.080;TRF;1;1;178;;2
2025-06-07 20:18:33.312;TRF;1;0;0;;2
2025-06-07 20:35:19.752;TRF;1;0;0;;2
2025-06-07 20:38:53.627;TRF;1;0;0;;2
2025-06-07 20:39:49.505;TRF;1;0;0;;2
2025-06-07 20:41:58.550;TRF;1;1;195;;2
2025-06-07 21:36:11.673;TRF;1;0;0;;2
2025-06-07 21:43:58.446;TRF;1;0;0;;2
2025-06-08 07:01:58.140;TRF;1;0;0;;2
2025-06-08 07:09:29.092;TRF;1;0;0;;2
2025-06-08 07:16:31.277;TRF;1;0;0;;2
2025-06-08 10:09:43.150;TRF;1;0;0;;2
2025-06-08 10:17:07.957;TRF;1;0;0;;2
2025-06-08 13:45:51.569;TRF;1;0;0;;2
2025-06-08 13:51:56.672;TRF;1;0;0;;2
2025-06-08 15:34:17.602;TRF;1;0;0;;2
2025-06-08 15:40:07.357;TRF;1;0;0;;2
2025-06-08 17:34:46.057;TRF;1;0;0;;2
2025-06-08 17:40:41.218;TRF;1;0;0;;2
2025-06-08 18:01:18.370;TRF;1;0;0;;2
2025-06-08 18:03:02.769;TRF;1;0;0;;2
2025-06-08 18:38:18.485;TRF;1;0;0;;2
2025-06-08 18:44:03.014;TRF;1;0;0;;2
2025-06-08 19:08:41.242;TRF;1;0;0;;2
2025-06-08 19:11:06.920;TRF;1;0;0;;2
2025-06-08 21:20:05.229;TRF;1;1;266;;2
2025-06-08 21:25:16.994;TRF;1;0;0;;2
2025-06-08 21:27:20.632;TRF;1;0;0;;2
2025-06-08 21:36:15.361;TRF;1;0;0;;2
2025-06-08 21:37:35.178;TRF;1;0;0;;2
2025-06-08 21:59:22.522;TRF;1;0;0;;2
2025-06-09 06:26:56.817;TRF;1;0;0;;1
2025-06-09 06:27:57.426;TRF;1;0;0;;1
2025-06-09 20:34:27.959;TRF;1;0;0;;1
2025-06-09 20:36:00.722;TRF;1;0;0;;1
2025-06-09 20:38:59.758;TRF;1;0;0;;1
2025-06-09 20:39:01.695;TRF;1;1;276;;1
2025-06-09 20:43:38.148;TRF;1;1;268;;1
2025-06-09 21:04:59.922;TRF;1;0;0;;1
2025-06-09 21:27:18.498;TRF;1;0;0;;1
2025-06-09 22:13:26.202;TRF;1;0;0;;1
2025-06-09 22:33:31.944;TRF;1;0;0;;1
2025-06-10 03:37:01.409;TRF;1;0;0;;1
2025-06-10 03:32:44.332;TRF;1;0;0;;1
2025-06-10 02:46:51.204;TRF;1;0;0;;1
2025-06-10 02:52:38.976;TRF;1;1;156;;1
2025-06-10 04:09:42.381;TRF;1;0;0;;1
2025-06-10 04:35:58.980;TRF;1;0;0;;1
2025-06-10 06:24:12.572;TRF;1;0;0;;1
2025-06-10 06:49:41.398;TRF;1;0;0;;1
2025-06-10 09:22:27.214;TRF;1;1;165;;1
2025-06-10 12:10:02.442;TRF;1;0;0;;1
2025-06-10 12:37:50.484;TRF;1;0;0;;1
2025-06-10 14:53:55.678;TRF;1;0;0;;1
2025-06-10 17:50:27.529;TRF;1;0;0;;1
2025-06-10 17:57:32.577;TRF;1;0;0;;1
2025-06-10 18:24:09.520;TRF;1;0;0;;1
2025-06-10 19:00:35.350;TRF;1;0;0;;1
2025-06-10 19:12:50.723;TRF;1;0;0;;1
2025-06-10 21:12:07.283;TRF;1;0;0;;1
2025-06-10 19:14:59.164;TRF;1;1;215;;1
2025-06-10 21:23:08.218;TRF;1;0;0;;2
2025-06-10 21:25:28.771;TRF;1;0;0;;2
2025-06-10 22:09:36.420;TRF;1;0;0;;2
2025-06-10 22:20:43.970;TRF;1;1;272;;2
2025-06-11 04:07:36.909;TRF;1;0;0;;3
2025-06-11 04:27:06.252;TRF;1;0;0;;3
2025-06-11 15:37:57.722;TRF;1;0;0;;3
2025-06-11 15:41:50.852;TRF;1;0;0;;3
2025-06-11 16:59:58.875;TRF;1;0;0;;3
2025-06-11 17:02:58.714;TRF;1;0;0;;3
2025-06-11 17:19:32.345;TRF;1;0;0;;3
2025-06-11 17:27:59.561;TRF;1;0;0;;3
2025-06-11 17:29:07.111;TRF;1;0;0;;3
2025-06-11 17:38:23.360;TRF;1;0;0;;3
2025-06-11 17:47:10.811;TRF;1;0;0;;3
2025-06-11 17:42:35.298;TRF;1;1;207;;2
2025-06-11 17:47:10.187;TRF;1;0;0;;2
2025-06-11 17:54:42.751;TRF;1;0;0;;2
2025-06-11 18:06:07.508;TRF;1;0;0;;2
2025-06-11 18:06:09.958;TRF;1;0;0;;2
2025-06-11 18:06:40.356;TRF;1;0;0;;2
2025-06-11 21:01:11.276;TRF;1;1;275;;2
2025-06-11 21:05:57.785;TRF;1;0;0;;2
2025-06-11 21:12:48.914;TRF;1;0;0;;2
2025-06-11 21:15:59.078;TRF;1;0;0;;2
2025-06-11 21:17:58.043;TRF;1;0;0;;2
2025-06-11 21:18:51.990;TRF;1;0;0;;2
2025-06-11 22:31:40.480;TRF;1;0;0;;2
2025-06-12 01:17:01.384;TRF;1;0;0;;2
2025-06-12 01:23:33.638;TRF;1;0;0;;2
2025-06-12 01:23:46.444;TRF;1;0;0;;2
2025-06-12 01:29:35.354;TRF;1;0;0;;2
2025-06-12 01:33:15.109;TRF;1;0;0;;2
2025-06-12 01:40:08.907;TRF;1;0;0;;2
2025-06-12 04:30:32.789;TRF;1;0;0;;2
2025-06-12 01:50:57.115;TRF;1;0;0;;2
2025-06-12 05:18:16.875;TRF;1;0;0;;2
2025-06-12 05:18:56.730;TRF;1;0;0;;2
2025-06-12 05:29:47.190;TRF;1;0;0;;2
2025-06-12 05:29:58.001;TRF;1;0;0;;2
2025-06-12 06:55:15.310;TRF;1;0;0;;2
2025-06-12 07:03:10.129;TRF;1;0;0;;2
2025-06-12 07:19:26.368;TRF;1;0;0;;2
2025-06-12 17:47:59.429;TRF;1;1;210;;1
2025-06-12 18:13:37.011;TRF;1;0;0;;1
2025-06-12 20:23:54.244;TRF;1;0;0;;1
2025-06-12 20:25:34.298;TRF;1;0;0;;1
2025-06-12 21:00:58.725;TRF;1;0;0;;1
2025-06-12 21:02:11.736;TRF;1;0;0;;1
2025-06-12 21:31:23.168;TRF;1;0;0;;1
2025-06-12 22:40:27.149;TRF;1;0;0;;1
2025-06-12 21:26:41.340;TRF;1;0;0;;1
2025-06-12 21:33:44.292;TRF;1;1;235;;1
2025-06-13 05:50:30.810;TRF;1;0;0;;1
2025-06-13 06:14:53.236;TRF;1;0;0;;1
2025-06-13 09:35:34.831;TRF;1;0;0;;1
2025-06-13 14:44:08.440;TRF;1;0;0;;1
2025-06-13 14:50:43.267;TRF;1;1;0;;1
2025-06-13 14:50:41.062;TRF;1;0;0;;1
2025-06-13 15:51:28.797;TRF;1;0;0;;1
2025-06-13 16:00:01.902;TRF;1;0;0;;1
2025-06-13 16:15:34.432;TRF;1;0;0;;1
2025-06-13 16:15:40.784;TRF;1;0;0;;1
2025-06-13 16:16:39.564;TRF;1;0;0;;1
2025-06-13 16:34:39.421;TRF;1;0;0;;1
2025-06-13 16:34:41.805;TRF;1;0;0;;1
2025-06-13 16:34:41.373;TRF;1;1;180;;1
2025-06-13 17:55:33.491;TRF;1;0;0;;1
2025-06-13 17:51:50.227;TRF;1;0;0;;1
2025-06-13 17:59:26.930;TRF;1;0;0;;1
2025-06-13 18:08:14.137;TRF;1;0;0;;1
2025-06-13 18:11:53.292;TRF;1;0;0;;1
2025-06-13 18:12:54.778;TRF;1;0;0;;1
2025-06-13 18:47:53.850;TRF;1;0;0;;1
2025-06-13 17:49:29.871;TRF;1;0;0;;1
2025-06-13 19:20:40.384;TRF;1;0;0;;1
2025-06-13 20:02:05.948;TRF;1;0;0;;1
2025-06-13 19:22:05.915;TRF;1;0;0;;1
2025-06-13 20:11:38.137;TRF;1;0;0;;1
2025-06-13 20:08:49.600;TRF;1;0;0;;1
2025-06-13 20:14:44.289;TRF;1;0;0;;1
2025-06-13 20:13:22.287;TRF;1;0;0;;1
2025-06-13 20:16:02.543;TRF;1;0;0;;1
2025-06-13 20:26:19.699;TRF;1;0;0;;1
2025-06-13 20:28:43.625;TRF;1;0;0;;1
2025-06-13 20:30:50.738;TRF;1;0;0;;1
2025-06-13 20:32:03.789;TRF;1;0;0;;1
2025-06-13 20:43:36.452;TRF;1;0;0;;1
2025-06-13 20:54:10.156;TRF;1;0;0;;1
2025-06-13 21:03:37.235;TRF;1;0;0;;1
2025-06-13 21:07:14.785;TRF;1;0;0;;1
2025-06-13 21:26:11.111;TRF;1;0;0;;1
2025-06-13 21:28:00.973;TRF;1;0;0;;1
2025-06-13 21:37:17.633;TRF;1;0;0;;1
2025-06-13 21:39:38.545;TRF;1;0;0;;1
2025-06-13 22:37:53.277;TRF;1;0;0;;1
2025-06-13 21:40:12.427;TRF;1;1;220;;1
2025-06-13 23:28:24.991;TRF;1;0;0;;1
2025-06-13 22:40:29.252;TRF;1;0;0;;1
2025-06-13 18:50:05.946;TRF;1;1;225;;1
2025-06-13 19:22:00.251;TRF;1;1;208;;1
2025-06-13 19:36:06.009;TRF;1;1;274;;1
2025-06-14 05:44:33.379;TRF;1;0;0;;1
2025-06-14 06:35:57.202;TRF;1;0;0;;1
2025-06-14 06:40:03.959;TRF;1;0;0;;1
2025-06-14 06:54:39.130;TRF;1;0;0;;1
2025-06-14 07:02:12.627;TRF;1;0;0;;1
2025-06-14 07:19:48.429;TRF;1;0;0;;1
2025-06-14 12:44:02.826;TRF;1;0;0;;1
2025-06-14 12:55:19.156;TRF;1;0;0;;1
2025-06-14 18:42:21.257;TRF;1;0;0;;1
2025-06-14 19:39:51.023;TRF;1;0;0;;1
2025-06-14 16:51:21.750;TRF;1;1;169;;1
2025-06-14 19:43:28.329;TRF;1;0;0;;1
2025-06-14 19:47:56.831;TRF;1;0;0;;1
2025-06-14 20:04:17.149;TRF;1;0;0;;1
2025-06-14 19:50:54.080;TRF;1;0;0;;1
2025-06-14 19:54:15.543;TRF;1;1;264;;1
2025-06-14 20:08:03.615;TRF;1;0;0;;1
2025-06-14 20:10:25.669;TRF;1;0;0;;1
2025-06-14 20:16:48.231;TRF;1;0;0;;1
2025-06-14 20:33:45.583;TRF;1;0;0;;1
2025-06-14 20:39:44.335;TRF;1;0;0;;1
2025-06-14 20:42:55.231;TRF;1;0;0;;1
2025-06-14 20:37:17.404;TRF;1;1;209;;1
2025-06-14 20:47:25.334;TRF;1;0;0;;1
2025-06-14 20:54:28.096;TRF;1;0;0;;1
2025-06-14 20:56:29.198;TRF;1;0;0;;1
2025-06-14 21:11:30.415;TRF;1;0;0;;1
2025-06-14 21:18:43.686;TRF;1;1;200;;1
2025-06-15 03:08:46.033;TRF;1;1;147;;2
2025-06-15 06:30:19.990;TRF;1;0;0;;2
2025-06-15 06:45:37.870;TRF;1;0;0;;2
2025-06-15 06:56:55.744;TRF;1;0;0;;2
2025-06-15 07:22:41.699;TRF;1;0;0;;2
2025-06-15 08:46:15.474;TRF;1;0;0;;2
2025-06-15 08:11:22.014;TRF;1;0;0;;2
2025-06-15 08:05:19.522;TRF;1;0;0;;2
2025-06-15 08:02:35.805;TRF;1;0;0;;2
2025-06-15 07:29:20.668;TRF;1;1;200;;2
2025-06-15 11:26:47.070;TRF;1;0;0;;2
2025-06-15 20:32:52.662;TRF;1;0;0;;1
2025-06-15 20:35:31.413;TRF;1;0;0;;1
2025-06-15 17:49:52.725;TRF;1;1;205;;1
2025-06-15 20:40:22.822;TRF;1;0;0;;1
2025-06-15 20:51:58.766;TRF;1;0;0;;1
2025-06-15 20:56:34.793;TRF;1;0;0;;1
2025-06-15 20:58:10.466;TRF;1;0;0;;1
2025-06-15 20:58:27.862;TRF;1;0;0;;1
2025-06-15 20:58:59.498;TRF;1;0;0;;1
2025-06-15 21:00:10.790;TRF;1;0;0;;1
2025-06-15 21:01:47.917;TRF;1;0;0;;1
2025-06-15 21:04:35.318;TRF;1;0;0;;1
2025-06-15 21:06:07.795;TRF;1;0;0;;1
2025-06-15 21:50:37.839;TRF;1;0;0;;1
2025-06-16 06:35:31.695;TRF;1;0;0;;1
2025-06-16 07:18:27.143;TRF;1;0;0;;1
2025-06-16 09:44:06.564;TRF;1;0;0;;1
2025-06-16 09:45:43.566;TRF;1;0;0;;1
2025-06-16 10:51:21.583;TRF;1;0;0;;1
2025-06-16 12:44:13.940;TRF;1;0;0;;1
2025-06-16 14:22:22.148;TRF;1;0;0;;1
2025-06-16 14:23:03.545;TRF;1;0;0;;1
2025-06-16 14:23:14.226;TRF;1;1;237;;1
2025-06-16 17:37:24.476;TRF;1;0;0;;1
2025-06-16 16:13:52.603;TRF;1;0;0;;1
2025-06-16 15:17:04.769;TRF;1;0;0;;1
2025-06-16 14:45:37.338;TRF;1;1;188;;1
2025-06-16 17:41:20.886;TRF;1;0;0;;1
2025-06-16 17:47:55.686;TRF;1;0;0;;1
2025-06-16 17:48:39.837;TRF;1;0;0;;1
2025-06-16 18:10:51.489;TRF;1;0;0;;1
2025-06-16 19:16:25.833;TRF;1;0;0;;1
2025-06-16 19:25:26.710;TRF;1;0;0;;1
2025-06-16 19:32:09.260;TRF;1;0;0;;1
2025-06-16 19:36:42.968;TRF;1;0;0;;1
2025-06-16 19:45:47.975;TRF;1;0;0;;1
2025-06-16 19:44:20.499;TRF;1;1;270;;1
2025-06-16 19:50:16.721;TRF;1;0;0;;1
2025-06-16 19:54:11.009;TRF;1;0;0;;1
2025-06-16 20:00:00.548;TRF;1;0;0;;1
2025-06-16 19:54:16.598;TRF;1;1;164;;1
2025-06-16 20:01:27.012;TRF;1;0;0;;1
2025-06-16 20:06:49.811;TRF;1;0;0;;1
2025-06-16 20:20:52.556;TRF;1;0;0;;1
2025-06-16 20:23:00.658;TRF;1;0;0;;1
2025-06-16 20:23:30.536;TRF;1;1;182;;1
2025-06-16 20:25:04.051;TRF;1;0;0;;1
2025-06-16 20:32:07.587;TRF;1;0;0;;1
2025-06-16 20:34:44.966;TRF;1;0;0;;1
2025-06-16 20:45:07.278;TRF;1;0;0;;1
2025-06-16 20:47:19.278;TRF;1;0;0;;1
2025-06-16 21:03:15.641;TRF;1;0;0;;1
2025-06-16 21:03:38.339;TRF;1;0;0;;1
2025-06-16 21:13:11.445;TRF;1;0;0;;1
2025-06-16 21:14:49.456;TRF;1;0;0;;1
2025-06-16 21:24:38.647;TRF;1;0;0;;1
2025-06-16 21:28:45.721;TRF;1;0;0;;1
2025-06-16 21:38:12.049;TRF;1;0;0;;1
2025-06-16 21:50:08.663;TRF;1;0;0;;1
2025-06-16 21:30:06.105;TRF;1;1;284;;1
2025-06-16 21:57:54.899;TRF;1;1;171;;1
2025-06-17 00:25:47.375;TRF;1;0;0;;1
2025-06-17 00:28:40.376;TRF;1;0;0;;1
2025-06-17 00:52:17.466;TRF;1;0;0;;1
2025-06-17 00:53:19.667;TRF;1;0;0;;1
2025-06-17 00:57:16.081;TRF;1;0;0;;1
2025-06-17 01:04:27.670;TRF;1;0;0;;1
2025-06-17 01:58:58.242;TRF;1;0;0;;1
2025-06-17 01:59:18.063;TRF;1;0;0;;1
2025-06-17 01:59:17.766;TRF;1;1;208;;1
2025-06-17 02:42:12.983;TRF;1;0;0;;1
2025-06-17 04:28:30.722;TRF;1;0;0;;1
2025-06-17 05:30:53.808;TRF;1;0;0;;1
2025-06-17 05:33:52.511;TRF;1;0;0;;1
2025-06-17 05:37:33.964;TRF;1;0;0;;1
2025-06-17 05:40:08.166;TRF;1;0;0;;1
2025-06-17 05:34:50.814;TRF;1;1;212;;1
2025-06-17 05:59:09.658;TRF;1;0;0;;1
2025-06-17 06:00:35.364;TRF;1;0;0;;1
2025-06-17 06:17:30.736;TRF;1;0;0;;1
2025-06-17 06:17:17.638;TRF;1;0;0;;1
2025-06-17 06:17:42.940;TRF;1;0;0;;1
2025-06-17 06:26:39.569;TRF;1;0;0;;1
2025-06-17 06:28:42.097;TRF;1;0;0;;1
2025-06-17 06:19:22.030;TRF;1;1;298;;1
2025-06-17 06:35:03.183;TRF;1;0;0;;1
2025-06-17 06:38:33.536;TRF;1;0;0;;1
2025-06-17 06:44:43.044;TRF;1;0;0;;1
2025-06-17 06:48:22.102;TRF;1;0;0;;1
2025-06-17 06:51:21.064;TRF;1;0;0;;1
2025-06-17 06:58:53.184;TRF;1;0;0;;1
2025-06-17 07:01:15.446;TRF;1;0;0;;1
2025-06-17 07:06:53.347;TRF;1;0;0;;1
2025-06-17 07:25:14.963;TRF;1;0;0;;1
2025-06-17 07:26:26.970;TRF;1;0;0;;1
2025-06-17 07:30:11.717;TRF;1;0;0;;1
2025-06-17 07:30:45.427;TRF;1;0;0;;1
2025-06-17 09:14:13.240;TRF;1;0;0;;1
2025-06-17 12:55:56.750;TRF;1;1;285;;1
2025-06-17 13:08:41.613;TRF;1;1;195;;1
2025-06-17 13:16:36.000;TRF;1;0;0;;1
2025-06-17 13:16:51.718;TRF;1;0;0;;1
2025-06-17 15:17:39.248;TRF;1;0;0;;1
2025-06-17 15:18:18.540;TRF;1;0;0;;1
2025-06-17 14:36:09.020;TRF;1;1;196;;1
2025-06-17 16:33:52.999;TRF;1;0;0;;1
2025-06-17 17:42:20.065;TRF;1;0;0;;1
2025-06-17 17:25:28.230;TRF;1;0;0;;1
2025-06-17 18:03:02.546;TRF;1;0;0;;1
2025-06-17 18:10:09.396;TRF;1;0;0;;1
2025-06-17 18:17:02.965;TRF;1;0;0;;1
2025-06-17 18:05:52.850;TRF;1;1;208;;1
2025-06-17 18:08:03.825;TRF;1;1;179;;1
2025-06-17 18:17:49.195;TRF;1;1;164;;1
2025-06-17 18:17:53.837;TRF;1;1;191;;1
2025-06-17 18:23:24.256;TRF;1;1;224;;1
2025-06-17 18:29:24.238;TRF;1;0;0;;1
2025-06-17 18:44:03.393;TRF;1;0;0;;1
2025-06-17 18:44:41.734;TRF;1;1;248;;1
2025-06-17 19:57:19.181;TRF;1;0;0;;1
2025-06-17 20:09:24.338;TRF;1;0;0;;1
2025-06-17 20:22:19.842;TRF;1;0;0;;1
2025-06-17 20:42:07.761;TRF;1;0;0;;1
2025-06-17 20:17:11.933;TRF;1;1;213;;1
2025-06-17 20:44:25.111;TRF;1;0;0;;1
2025-06-17 20:56:07.355;TRF;1;0;0;;1
2025-06-17 20:57:50.020;TRF;1;0;0;;1
2025-06-17 21:20:54.840;TRF;1;0;0;;1
2025-06-17 21:24:05.111;TRF;1;0;0;;1
2025-06-17 21:24:35.859;TRF;1;0;0;;1
2025-06-17 21:26:40.708;TRF;1;0;0;;1
2025-06-17 22:07:42.647;TRF;1;0;0;;1
2025-06-17 22:15:20.757;TRF;1;0;0;;1
2025-06-17 22:28:25.611;TRF;1;0;0;;1
2025-06-17 22:35:15.555;TRF;1;0;0;;1
2025-06-17 22:36:21.452;TRF;1;0;0;;1
2025-06-17 22:36:35.105;TRF;1;0;0;;1
2025-06-17 22:38:21.904;TRF;1;0;0;;1
2025-06-17 22:39:20.552;TRF;1;0;0;;1
2025-06-17 22:39:25.855;TRF;1;0;0;;1
2025-06-17 22:41:24.304;TRF;1;0;0;;1
2025-06-17 22:42:08.202;TRF;1;0;0;;1
2025-06-17 22:42:14.386;TRF;1;0;0;;1
2025-06-17 22:47:44.232;TRF;1;0;0;;1
2025-06-17 22:47:56.324;TRF;1;0;0;;1
2025-06-17 22:53:03.362;TRF;1;0;0;;1
2025-06-17 22:50:04.005;TRF;1;0;0;;1
2025-06-17 22:42:38.700;TRF;1;1;242;;1
2025-06-17 22:54:53.491;TRF;1;0;0;;1
2025-06-17 22:58:14.359;TRF;1;0;0;;1
2025-06-17 22:59:33.350;TRF;1;0;0;;1
2025-06-17 23:01:06.004;TRF;1;0;0;;1
2025-06-17 23:01:59.343;TRF;1;0;0;;1
2025-06-17 23:03:58.407;TRF;1;0;0;;1
2025-06-17 23:05:12.611;TRF;1;0;0;;1
2025-06-17 23:17:04.018;TRF;1;0;0;;1
2025-06-17 23:17:35.315;TRF;1;0;0;;1
2025-06-17 23:19:02.717;TRF;1;0;0;;1
2025-06-17 23:19:18.614;TRF;1;0;0;;1
2025-06-17 23:26:13.801;TRF;1;1;257;;1
2025-06-18 00:14:04.766;TRF;1;0;0;;1
2025-06-18 04:27:33.368;TRF;1;0;0;;1
2025-06-18 06:18:37.674;TRF;1;0;0;;1
2025-06-18 06:37:01.081;TRF;1;0;0;;1
2025-06-18 08:53:45.948;TRF;1;0;0;;1
2025-06-18 16:24:03.481;TRF;1;0;0;;1
2025-06-18 16:26:44.733;TRF;1;0;0;;1
2025-06-18 16:28:50.906;TRF;1;1;190;;1
2025-06-18 21:25:40.048;TRF;1;0;0;;1
2025-06-18 21:35:23.554;TRF;1;0;0;;1
2025-06-18 21:36:32.150;TRF;1;0;0;;1
2025-06-18 21:36:53.857;TRF;1;0;0;;1
2025-06-18 22:03:05.323;TRF;1;0;0;;1
2025-06-18 22:27:14.332;TRF;1;0;0;;1
2025-06-18 22:00:00.872;TRF;1;0;0;;1
2025-06-18 21:42:58.691;TRF;1;0;0;;1
2025-06-18 21:41:35.897;TRF;1;0;0;;1
2025-06-18 21:38:55.601;TRF;1;0;0;;1
2025-06-18 21:37:43.196;TRF;1;1;196;;1
2025-06-19 01:49:06.467;TRF;1;0;0;;1
2025-06-19 03:15:51.228;TRF;1;0;0;;1
2025-06-19 12:39:54.338;TRF;1;0;0;;1
2025-06-19 15:00:47.798;TRF;1;0;0;;1
2025-06-19 17:19:05.563;TRF;1;1;207;;1
2025-06-19 17:43:12.141;TRF;1;1;182;;1
2025-06-19 18:13:39.719;TRF;1;1;242;;1
2025-06-19 18:17:19.943;TRF;1;1;245;;1
2025-06-19 18:44:37.344;TRF;1;1;246;;1
2025-06-19 18:51:26.838;TRF;1;1;271;;1
2025-06-19 19:39:20.407;TRF;1;0;0;;1
2025-06-19 21:19:23.000;TRF;1;0;0;;1
2025-06-19 21:30:55.098;TRF;1;0;0;;1
2025-06-19 21:23:03.139;TRF;1;1;191;;1
2025-06-19 23:45:44.083;TRF;1;0;0;;1
2025-06-20 00:03:47.784;TRF;1;0;0;;1
2025-06-20 00:05:50.179;TRF;1;0;0;;1
2025-06-20 00:11:17.645;TRF;1;0;0;;1
2025-06-20 00:12:35.411;TRF;1;0;0;;1
2025-06-20 02:51:12.072;TRF;1;0;0;;1
2025-06-20 03:13:18.920;TRF;1;0;0;;1
2025-06-20 13:21:54.991;TRF;1;0;0;;1
2025-06-20 21:06:21.536;TRF;1;0;0;;1
2025-06-20 21:17:39.352;TRF;1;0;0;;1
2025-06-20 22:07:01.219;TRF;1;0;0;;1
2025-06-20 22:10:56.773;TRF;1;0;0;;1
2025-06-20 22:11:45.061;TRF;1;0;0;;1
2025-06-20 22:24:24.816;TRF;1;0;0;;1
2025-06-20 22:28:12.369;TRF;1;0;0;;1
2025-06-20 23:05:24.030;TRF;1;0;0;;1
2025-06-25 07:01:54.088;TRF;1;1;304;;1
2025-06-20 13:42:57.838;TRF;1;0;0;;1
2025-06-20 22:07:01.603;TRF;1;1;231;;1
2025-06-20 23:44:37.408;TRF;1;0;0;;1
2025-06-20 23:44:35.497;TRF;1;1;199;;1
2025-06-21 05:28:13.692;TRF;1;0;0;;1
2025-06-21 05:33:05.459;TRF;1;0;0;;1
2025-06-21 06:12:55.662;TRF;1;0;0;;1
2025-06-21 14:59:59.746;TRF;1;0;0;;1
2025-06-21 16:23:04.257;TRF;1;1;184;;1
2025-06-22 08:31:33.334;TRF;1;0;0;;1
2025-06-22 08:33:07.388;TRF;1;0;0;;1
2025-06-22 10:05:34.701;TRF;1;0;0;;1
2025-06-22 10:05:41.053;TRF;1;0;0;;1
2025-06-22 17:02:08.897;TRF;1;0;0;;1
2025-06-22 17:58:42.373;TRF;1;0;0;;1
2025-06-23 15:14:20.277;TRF;1;0;0;;1
2025-06-23 15:15:31.028;TRF;1;0;0;;1
2025-06-23 21:13:03.045;TRF;1;0;0;;1
2025-06-23 21:10:42.595;TRF;1;0;0;;1
2025-06-23 21:03:09.184;TRF;1;0;0;;1
2025-06-23 20:54:34.936;TRF;1;0;0;;1
2025-06-23 17:56:46.222;TRF;1;0;0;;1
2025-06-23 17:55:52.883;TRF;1;0;0;;1
2025-06-23 17:55:52.456;TRF;1;1;188;;1
2025-06-23 18:31:24.907;TRF;1;1;205;;1
2025-06-24 09:13:20.283;TRF;1;0;0;;1
2025-06-24 09:17:44.359;TRF;1;0;0;;1
2025-06-24 15:57:20.866;TRF;1;0;0;;1
2025-06-24 15:59:12.770;TRF;1;0;0;;1
2025-06-24 19:57:49.699;TRF;1;0;0;;1
2025-06-24 19:59:58.345;TRF;1;0;0;;1
2025-06-25 06:51:26.448;TRF;1;0;0;;1
2025-06-25 06:54:24.107;TRF;1;0;0;;1
2025-06-25 07:00:46.934;TRF;1;0;0;;1
2025-06-25 06:59:54.150;TRF;1;0;0;;1
2025-06-25 07:00:55.071;TRF;1;0;0;;1
2025-06-25 07:04:05.348;TRF;1;1;195;;1
2025-06-25 07:39:36.338;TRF;1;0;0;;1
2025-06-25 07:39:40.261;TRF;1;0;0;;1
2025-06-25 07:39:47.356;TRF;1;0;0;;1
2025-06-25 07:40:39.657;TRF;1;0;0;;1
2025-06-25 07:49:53.461;TRF;1;0;0;;1
2025-06-25 07:50:26.860;TRF;1;0;0;;1
2025-06-25 11:46:54.081;TRF;1;0;0;;1
2025-06-25 11:47:02.859;TRF;1;0;0;;1
2025-06-25 13:53:38.499;TRF;1;0;0;;1
2025-06-25 13:53:58.897;TRF;1;0;0;;1
2025-06-25 14:02:05.537;TRF;1;0;0;;1
2025-06-25 14:03:43.205;TRF;1;0;0;;1
2025-06-25 14:37:35.222;TRF;1;0;0;;1
2025-06-25 14:50:38.830;TRF;1;0;0;;1
2025-06-25 15:04:46.074;TRF;1;0;0;;1
2025-06-25 15:05:36.850;TRF;1;0;0;;1
2025-06-25 16:48:56.985;TRF;1;0;0;;1
2025-06-25 16:59:22.884;TRF;1;0;0;;1
2025-06-25 17:00:07.240;TRF;1;0;0;;1
2025-06-25 17:12:42.809;TRF;1;0;0;;1
2025-06-25 19:44:54.902;TRF;1;0;0;;1
2025-06-25 19:48:38.244;TRF;1;0;0;;1
2025-06-25 21:37:38.437;TRF;1;0;0;;1
2025-06-25 21:39:19.076;TRF;1;0;0;;1
2025-06-25 21:42:28.901;TRF;1;0;0;;1
2025-06-25 21:49:37.269;TRF;1;0;0;;1
2025-06-26 13:30:49.818;TRF;1;0;0;;1
2025-06-26 13:46:32.478;TRF;1;0;0;;1
2025-06-26 13:49:52.180;TRF;1;0;0;;1
2025-06-26 13:50:30.930;TRF;1;0;0;;1
2025-06-26 13:50:34.605;TRF;1;0;0;;1
2025-06-26 14:00:25.004;TRF;1;1;218;;1
2025-06-26 15:55:51.098;TRF;1;0;0;;1
2025-06-26 16:07:22.111;TRF;1;0;0;;1
2025-06-26 17:29:37.524;TRF;1;0;0;;1
2025-06-26 18:49:12.469;TRF;1;0;0;;1
2025-06-26 20:25:57.026;TRF;1;0;0;;1
2025-06-26 20:28:51.992;TRF;1;0;0;;1
2025-06-26 21:34:51.142;TRF;1;0;0;;1
2025-06-26 21:35:25.529;TRF;1;0;0;;1
2025-06-26 21:36:06.698;TRF;1;0;0;;1
2025-06-26 21:40:16.214;TRF;1;0;0;;1
2025-06-26 21:36:51.737;TRF;1;1;203;;1
2025-06-27 04:40:49.674;TRF;1;0;0;;1
2025-06-27 06:08:18.667;TRF;1;0;0;;1
2025-06-27 06:10:04.175;TRF;1;0;0;;1
2025-06-27 06:15:53.260;TRF;1;0;0;;1
2025-06-27 11:23:46.864;TRF;1;0;0;;1
2025-06-27 12:08:47.059;TRF;1;1;212;;1
2025-06-27 20:55:47.333;TRF;1;0;0;;1
2025-06-27 20:58:28.429;TRF;1;0;0;;1
2025-06-27 22:07:09.487;TRF;1;0;0;;1
2025-06-27 22:08:25.487;TRF;1;0;0;;1
2025-06-28 03:19:40.365;TRF;1;0;0;;1
2025-06-27 20:59:57.411;TRF;1;1;138;;1
2025-06-28 01:24:05.874;TRF;1;0;0;;1
2025-06-28 01:48:17.616;TRF;1;0;0;;1
2025-06-28 02:19:51.839;TRF;1;0;0;;1
2025-06-28 02:29:21.576;TRF;1;0;0;;1
2025-06-28 02:31:18.329;TRF;1;0;0;;1
2025-06-28 02:36:09.726;TRF;1;0;0;;1
2025-06-28 02:39:56.731;TRF;1;0;0;;1
2025-06-28 02:48:58.297;TRF;1;0;0;;1
2025-06-28 02:49:09.623;TRF;1;0;0;;1
2025-06-28 02:51:40.989;TRF;1;0;0;;1
2025-06-28 02:57:45.350;TRF;1;0;0;;1
2025-06-28 03:00:14.753;TRF;1;0;0;;1
2025-06-28 03:11:52.348;TRF;1;0;0;;1
2025-06-28 03:22:44.726;TRF;1;0;0;;1
2025-06-28 05:09:13.100;TRF;1;1;213;;1
2025-06-28 05:27:19.929;TRF;1;0;0;;1
2025-06-28 05:33:24.028;TRF;1;0;0;;1
2025-06-28 10:15:27.633;TRF;1;0;0;;1
2025-06-28 06:28:35.592;TRF;1;1;179;;1
2025-06-28 08:18:57.250;TRF;1;1;184;;1
2025-06-28 12:08:18.780;TRF;1;0;0;;1
2025-06-28 13:39:23.263;TRF;1;0;0;;1
2025-06-28 21:55:35.797;TRF;1;0;0;;1
2025-06-28 21:56:58.388;TRF;1;0;0;;1
2025-06-29 13:38:02.483;TRF;1;0;0;;1
2025-06-29 13:38:37.779;TRF;1;0;0;;1
2025-06-29 13:38:56.220;TRF;1;0;0;;1
2025-06-29 13:54:11.734;TRF;1;0;0;;1
2025-06-29 08:48:28.832;TRF;1;1;165;;1
2025-06-29 13:54:29.403;TRF;1;1;201;;1
2025-06-29 14:01:24.649;TRF;1;0;0;;1
2025-06-29 14:01:42.555;TRF;1;0;0;;1
2025-06-29 14:06:18.873;TRF;1;0;0;;1
2025-06-29 14:40:32.643;TRF;1;0;0;;1
2025-06-29 15:21:57.444;TRF;1;0;0;;1
2025-06-29 15:21:46.762;TRF;1;0;0;;1
2025-06-29 17:32:51.611;TRF;1;0;0;;1
2025-06-29 17:55:54.575;TRF;1;1;186;;1
2025-06-29 17:58:51.593;TRF;1;0;0;;1
2025-06-29 18:06:12.796;TRF;1;0;0;;1
2025-06-29 18:15:03.544;TRF;1;0;0;;1
2025-06-29 20:23:47.955;TRF;1;0;0;;1
2025-06-29 18:07:05.056;TRF;1;1;224;;1
2025-06-29 20:24:14.699;TRF;1;0;0;;1
2025-06-29 20:42:35.258;TRF;1;0;0;;1
2025-06-29 21:04:51.120;TRF;1;0;0;;1
2025-06-29 21:54:18.837;TRF;1;0;0;;1
2025-06-30 20:12:00.281;TRF;1;1;207;;1
2025-06-30 21:21:49.134;TRF;1;1;181;;1
2025-06-30 20:11:51.055;TRF;1;0;0;;1
2025-06-30 18:39:23.708;TRF;1;0;0;;1
2025-06-30 16:36:37.959;TRF;1;0;0;;1
2025-06-30 16:34:30.649;TRF;1;0;0;;1
2025-06-30 14:00:23.526;TRF;1;0;0;;1
2025-06-30 13:46:34.118;TRF;1;0;0;;1
2025-06-30 13:41:42.700;TRF;1;0;0;;1
2025-06-30 13:13:57.120;TRF;1;0;0;;1
2025-06-30 12:52:00.247;TRF;1;0;0;;1
2025-06-30 12:40:49.054;TRF;1;0;0;;1
2025-06-30 12:38:33.827;TRF;1;0;0;;1
2025-06-30 06:46:34.989;TRF;1;0;0;;1
2025-09-19 09:02:21.105;TRF;1;0;0;;1
2025-09-19 09:06:31.378;TRF;1;0;0;;1
2025-09-19 09:45:43.813;TRF;1;0;0;;2
2025-09-19 09:46:03.163;TRF;1;0;0;;2
2025-09-19 10:26:00.812;TRF;1;0;0;;1
2025-09-19 10:44:45.855;TRF;1;0;0;;1
2025-09-19 13:44:14.683;TRF;1;1;199;;1
2025-09-19 15:11:50.342;TRF;1;1;198;;1
2025-09-19 15:14:07.172;TRF;1;0;0;;1
2025-09-19 15:23:19.060;TRF;1;0;0;;1
2025-09-19 15:48:41.523;TRF;1;0;0;;1
2025-09-19 15:50:03.475;TRF;1;0;0;;1
2025-09-19 15:58:29.538;TRF;1;0;0;;1
2025-09-19 16:00:18.754;TRF;1;1;240;;1
2025-09-19 19:17:36.041;TRF;1;1;268;;1
2025-09-19 19:29:01.345;TRF;1;0;0;;1
2025-09-19 19:30:20.947;TRF;1;0;0;;1
2025-09-17 12:26:12.181;TRF;1;1;221;;2
2025-09-17 13:31:41.819;TRF;1;1;238;;1
2025-09-17 14:44:16.780;TRF;1;0;0;;2
2025-09-17 15:20:46.019;TRF;1;0;0;;1
2025-09-17 16:19:47.641;TRF;1;1;235;;1
2025-09-17 16:52:12.013;TRF;1;0;0;;1
2025-09-17 16:52:45.665;TRF;1;0;0;;1
2025-09-17 16:52:49.312;TRF;1;0;0;;1
2025-09-16 13:22:36.312;TRF;1;0;0;;1
2025-09-16 16:01:08.351;TRF;1;0;0;;1
2025-09-16 17:30:04.309;TRF;1;0;0;;1
2025-09-16 17:46:47.835;TRF;1;0;0;;1
2025-09-06 05:00:11.909;TRF;1;0;0;;1
2025-09-05 00:57:57.589;TRF;1;0;0;;1
2025-09-05 07:09:16.749;TRF;1;0;0;;1
2025-09-05 07:29:36.576;TRF;1;0;0;;1
2025-09-05 07:31:11.898;TRF;1;0;0;;1
2025-09-05 07:37:35.910;TRF;1;0;0;;1
2025-09-05 07:47:56.924;TRF;1;0;0;;1
2025-09-05 06:54:18.063;TRF;1;0;0;;1
2025-09-05 07:55:32.093;TRF;1;1;147;;1
2025-07-01 01:04:17.560;TRF;1;0;0;;1
2025-07-01 01:10:27.081;TRF;1;0;0;;1
2025-07-01 01:18:16.401;TRF;1;0;0;;1
2025-07-01 01:28:50.002;TRF;1;0;0;;1
2025-07-01 06:52:18.212;TRF;1;0;0;;1
2025-07-01 10:25:27.791;TRF;1;0;0;;1
2025-07-01 12:42:11.078;TRF;1;0;0;;1
2025-07-01 14:11:14.213;TRF;1;0;0;;1
2025-07-01 14:45:45.357;TRF;1;0;0;;1
2025-07-01 18:30:34.677;TRF;1;0;0;;2
2025-07-01 18:32:37.018;TRF;1;0;0;;2
2025-07-01 18:33:39.570;TRF;1;0;0;;2
2025-07-01 20:41:11.411;TRF;1;0;0;;2
2025-07-01 20:41:22.228;TRF;1;0;0;;2
2025-07-01 20:41:24.697;TRF;1;0;0;;2
2025-07-01 20:41:33.649;TRF;1;0;0;;2
2025-07-01 20:44:17.761;TRF;1;0;0;;2
2025-07-02 03:11:04.259;TRF;1;0;0;;1
2025-07-02 03:11:11.072;TRF;1;0;0;;1
2025-07-02 03:13:04.936;TRF;1;0;0;;1
2025-07-02 03:18:41.467;TRF;1;0;0;;1
2025-07-02 06:20:00.743;TRF;1;0;0;;1
2025-07-02 03:18:41.179;TRF;1;1;201;;1
2025-07-02 16:27:24.900;TRF;1;0;0;;1
2025-07-02 16:56:53.155;TRF;1;0;0;;1
2025-07-02 19:05:40.496;TRF;1;0;0;;1
2025-07-02 19:05:31.798;TRF;1;0;0;;1
2025-07-02 19:05:42.113;TRF;1;0;0;;1
2025-07-02 19:05:55.902;TRF;1;0;0;;1
2025-07-02 19:10:21.769;TRF;1;0;0;;1
2025-07-03 00:09:13.806;TRF;1;0;0;;1
2025-07-03 09:36:02.462;TRF;1;0;0;;1
2025-07-03 10:14:32.924;TRF;1;0;0;;1
2025-07-03 20:43:33.172;TRF;1;0;0;;1
2025-07-03 22:13:29.429;TRF;1;0;0;;1
2025-07-04 00:19:12.989;TRF;1;0;0;;1
2025-07-04 14:15:30.991;TRF;1;0;0;;1
2025-07-04 14:16:27.666;TRF;1;0;0;;1
2025-07-04 14:22:43.427;TRF;1;0;0;;1
2025-07-04 15:11:06.702;TRF;1;0;0;;1
2025-07-04 15:11:39.855;TRF;1;0;0;;1
2025-07-04 17:39:51.097;TRF;1;0;0;;1
2025-07-04 20:20:05.469;TRF;1;0;0;;2
2025-07-04 20:20:53.293;TRF;1;0;0;;2
2025-07-04 20:38:49.114;TRF;1;0;0;;2
2025-07-04 21:17:06.440;TRF;1;0;0;;2
2025-07-04 13:27:48.444;TRF;1;1;188;;2
2025-07-10 14:24:06.213;TRF;1;0;0;;1
2025-07-05 07:37:27.044;TRF;1;0;0;;1
2025-07-05 07:36:49.816;TRF;1;0;0;;1
2025-07-05 07:36:48.952;TRF;1;0;0;;1
2025-07-05 07:16:00.853;TRF;1;0;0;;1
2025-07-05 07:08:23.799;TRF;1;0;0;;1
2025-07-05 06:51:23.360;TRF;1;0;0;;1
2025-07-05 06:49:30.354;TRF;1;0;0;;1
2025-07-05 06:42:32.257;TRF;1;0;0;;1
2025-07-05 02:07:37.462;TRF;1;0;0;;1
2025-07-05 02:05:50.896;TRF;1;0;0;;1
2025-07-05 19:11:29.598;TRF;1;0;0;;1
2025-07-05 19:53:49.362;TRF;1;0;0;;1
2025-07-05 19:54:00.666;TRF;1;0;0;;1
2025-07-05 19:54:08.182;TRF;1;0;0;;1
2025-07-05 19:55:12.238;TRF;1;0;0;;1
2025-07-05 21:00:23.982;TRF;1;0;0;;1
2025-07-05 21:29:19.491;TRF;1;0;0;;1
2025-07-05 21:30:13.334;TRF;1;0;0;;1
2025-07-05 21:57:31.219;TRF;1;0;0;;1
2025-07-05 23:08:11.973;TRF;1;0;0;;1
2025-07-05 23:08:32.881;TRF;1;0;0;;1
2025-07-05 23:10:14.733;TRF;1;1;194;;1
2025-07-05 23:12:23.793;TRF;1;1;207;;1
2025-07-07 15:00:07.425;TRF;1;0;0;;1
2025-07-05 19:20:47.025;TRF;1;1;214;;1
2025-07-05 20:00:35.285;TRF;1;1;147;;1
2025-07-05 20:45:13.869;TRF;1;1;174;;1
2025-07-05 19:08:32.653;TRF;1;0;0;;1
2025-07-05 13:30:01.368;TRF;1;0;0;;1
2025-07-05 16:18:05.934;TRF;1;0;0;;1
2025-07-05 12:56:34.189;TRF;1;0;0;;1
2025-07-05 13:29:52.304;TRF;1;0;0;;1
2025-07-05 12:55:58.958;TRF;1;0;0;;1
2025-07-05 12:55:55.326;TRF;1;0;0;;1
2025-07-05 12:55:12.118;TRF;1;0;0;;1
2025-07-05 12:53:29.495;TRF;1;0;0;;1
2025-07-05 08:23:57.892;TRF;1;0;0;;1
2025-07-05 08:02:38.708;TRF;1;0;0;;1
2025-07-05 07:38:25.105;TRF;1;0;0;;1
2025-07-07 00:04:04.250;TRF;1;0;0;;1
2025-07-07 06:35:55.221;TRF;1;0;0;;1
2025-07-07 07:03:26.429;TRF;1;0;0;;1
2025-07-07 09:27:25.771;TRF;1;0;0;;1
2025-07-07 09:31:38.282;TRF;1;0;0;;1
2025-07-07 09:41:56.724;TRF;1;0;0;;1
2025-07-07 09:53:56.254;TRF;1;0;0;;1
2025-07-07 11:06:51.963;TRF;1;0;0;;1
2025-07-07 13:56:23.306;TRF;1;0;0;;1
2025-07-07 14:01:14.667;TRF;1;0;0;;1
2025-07-07 14:02:24.942;TRF;1;0;0;;1
2025-07-07 13:01:44.964;TRF;1;0;0;;1
2025-07-07 14:04:36.072;TRF;1;0;0;;1
2025-07-07 14:04:48.998;TRF;1;0;0;;1
2025-07-07 14:26:38.730;TRF;1;0;0;;1
2025-07-07 14:29:31.195;TRF;1;0;0;;1
2025-07-07 14:29:34.061;TRF;1;0;0;;1
2025-07-07 14:31:49.894;TRF;1;0;0;;1
2025-07-07 14:32:20.700;TRF;1;0;0;;1
2025-07-07 14:46:20.009;TRF;1;0;0;;1
2025-07-07 14:59:54.665;TRF;1;0;0;;1
2025-07-07 17:10:48.562;TRF;1;0;0;;1
2025-07-07 17:11:13.613;TRF;1;0;0;;1
2025-07-07 18:46:22.712;TRF;1;0;0;;1
2025-07-07 18:46:29.968;TRF;1;0;0;;1
2025-07-07 18:46:48.938;TRF;1;0;0;;1
2025-07-07 19:14:16.770;TRF;1;0;0;;1
2025-07-07 16:20:19.590;TRF;1;0;0;;1
2025-07-07 19:26:00.205;TRF;1;0;0;;1
2025-07-07 19:30:10.669;TRF;1;0;0;;1
2025-07-07 19:33:58.906;TRF;1;0;0;;1
2025-07-07 19:44:24.286;TRF;1;0;0;;1
2025-07-07 20:37:40.793;TRF;1;0;0;;1
2025-07-07 20:52:53.482;TRF;1;0;0;;1
2025-07-07 21:21:16.779;TRF;1;0;0;;1
2025-07-07 19:30:15.299;TRF;1;0;0;;1
2025-07-07 21:23:35.084;TRF;1;0;0;;1
2025-07-07 21:32:03.146;TRF;1;0;0;;1
2025-07-07 21:32:11.563;TRF;1;0;0;;1
2025-07-07 22:12:33.353;TRF;1;0;0;;1
2025-07-07 22:55:07.365;TRF;1;0;0;;1
2025-07-07 23:21:27.682;TRF;1;0;0;;1
2025-07-07 23:21:32.883;TRF;1;0;0;;1
2025-07-07 23:25:14.972;TRF;1;0;0;;1
2025-07-08 06:10:11.804;TRF;1;0;0;;1
2025-07-08 06:40:48.738;TRF;1;0;0;;1
2025-07-08 06:40:33.887;TRF;1;0;0;;1
2025-07-08 06:28:58.675;TRF;1;0;0;;1
2025-07-08 06:23:28.474;TRF;1;0;0;;1
2025-07-08 06:22:33.524;TRF;1;0;0;;1
2025-07-08 06:13:13.122;TRF;1;0;0;;1
2025-07-08 06:13:06.872;TRF;1;0;0;;1
2025-07-08 06:10:11.372;TRF;1;0;0;;1
2025-07-08 07:03:39.189;TRF;1;0;0;;1
2025-07-08 07:24:41.854;TRF;1;0;0;;1
2025-07-08 08:34:51.037;TRF;1;0;0;;1
2025-07-08 11:15:43.587;TRF;1;0;0;;1
2025-07-08 11:51:35.599;TRF;1;0;0;;1
2025-07-08 06:41:18.205;TRF;1;0;0;;1
2025-07-08 11:54:19.806;TRF;1;0;0;;1
2025-07-08 11:56:26.372;TRF;1;0;0;;1
2025-07-08 11:56:52.705;TRF;1;0;0;;1
2025-07-08 11:56:44.522;TRF;1;0;0;;1
2025-07-08 12:13:49.166;TRF;1;0;0;;1
2025-07-08 15:53:05.261;TRF;1;0;0;;1
2025-07-08 15:56:43.916;TRF;1;0;0;;1
2025-07-08 16:18:24.926;TRF;1;0;0;;1
2025-07-08 16:20:59.925;TRF;1;0;0;;1
2025-07-08 21:45:18.037;TRF;1;0;0;;1
2025-07-08 13:43:20.396;TRF;1;0;0;;1
2025-07-08 18:17:29.223;TRF;1;0;0;;1
2025-07-08 17:37:24.890;TRF;1;0;0;;1
2025-07-08 16:45:12.943;TRF;1;0;0;;1
2025-07-08 21:45:17.919;TRF;1;1;170;;1
2025-07-09 00:19:44.157;TRF;1;0;0;;1
2025-07-09 00:21:07.926;TRF;1;0;0;;1
2025-07-09 02:59:27.160;TRF;1;0;0;;1
2025-07-09 03:05:18.975;TRF;1;0;0;;1
2025-07-09 03:36:21.020;TRF;1;0;0;;1
2025-07-09 04:24:40.136;TRF;1;0;0;;1
2025-07-09 04:26:29.932;TRF;1;0;0;;1
2025-07-09 04:49:23.750;TRF;1;0;0;;1
2025-07-09 04:50:06.586;TRF;1;0;0;;1
2025-07-09 05:12:38.942;TRF;1;0;0;;1
2025-07-09 05:17:03.193;TRF;1;0;0;;1
2025-07-09 05:17:12.107;TRF;1;0;0;;1
2025-07-09 05:28:48.055;TRF;1;0;0;;1
2025-07-09 05:29:11.522;TRF;1;0;0;;1
2025-07-09 05:51:14.697;TRF;1;0;0;;1
2025-07-09 05:51:58.247;TRF;1;0;0;;1
2025-07-09 05:57:54.632;TRF;1;0;0;;1
2025-07-09 06:19:07.720;TRF;1;0;0;;1
2025-07-09 06:19:29.249;TRF;1;0;0;;1
2025-07-09 06:32:16.884;TRF;1;0;0;;1
2025-07-09 06:42:28.184;TRF;1;0;0;;1
2025-07-09 10:15:10.962;TRF;1;0;0;;1
2025-07-09 12:00:42.027;TRF;1;0;0;;1
2025-07-09 12:28:57.531;TRF;1;0;0;;1
2025-07-09 12:41:43.789;TRF;1;0;0;;1
2025-07-09 13:16:42.159;TRF;1;0;0;;1
2025-07-09 13:16:46.665;TRF;1;0;0;;1
2025-07-09 13:16:58.313;TRF;1;0;0;;1
2025-07-09 13:25:49.915;TRF;1;0;0;;1
2025-07-09 15:00:49.163;TRF;1;0;0;;1
2025-07-09 15:15:46.861;TRF;1;0;0;;1
2025-07-09 16:33:24.397;TRF;1;0;0;;1
2025-07-09 16:37:21.616;TRF;1;0;0;;1
2025-07-09 22:02:33.428;TRF;1;0;0;;1
2025-07-09 22:07:25.471;TRF;1;0;0;;1
2025-07-10 02:23:46.382;TRF;1;0;0;;1
2025-07-10 02:23:50.409;TRF;1;0;0;;1
2025-07-10 03:17:36.332;TRF;1;0;0;;1
2025-07-10 02:28:53.137;TRF;1;0;0;;1
2025-07-10 03:11:19.546;TRF;1;0;0;;1
2025-07-10 03:44:41.342;TRF;1;0;0;;1
2025-07-10 03:45:28.240;TRF;1;0;0;;1
2025-07-10 13:27:29.433;TRF;1;0;0;;1
2025-07-10 15:18:40.147;TRF;1;0;0;;1
2025-07-10 15:21:42.798;TRF;1;0;0;;1
2025-07-10 14:25:05.159;TRF;1;0;0;;1
2025-07-10 15:35:59.449;TRF;1;0;0;;1
2025-07-10 16:08:08.049;TRF;1;0;0;;1
2025-07-10 15:36:01.293;TRF;1;1;210;;1
2025-07-10 15:37:32.697;TRF;1;0;0;;1
2025-07-10 16:52:39.824;TRF;1;0;0;;1
2025-07-10 17:09:58.955;TRF;1;0;0;;1
2025-07-10 22:10:26.903;TRF;1;0;0;;1
2025-07-10 22:18:39.281;TRF;1;0;0;;1
2025-07-10 18:40:48.910;TRF;1;1;166;;1
2025-07-10 18:58:00.446;TRF;1;1;244;;1
2025-07-11 02:02:02.800;TRF;1;0;0;;1
2025-07-11 02:06:01.070;TRF;1;0;0;;1
2025-07-11 02:03:40.065;TRF;1;0;0;;1
2025-07-11 03:09:40.033;TRF;1;0;0;;1
2025-07-11 03:10:18.526;TRF;1;0;0;;1
2025-07-11 03:22:47.241;TRF;1;0;0;;1
2025-07-11 06:28:56.411;TRF;1;0;0;;1
2025-07-11 06:29:38.507;TRF;1;0;0;;1
2025-07-11 10:00:07.354;TRF;1;0;0;;1
2025-07-11 11:12:24.325;TRF;1;0;0;;1
2025-07-11 11:12:24.962;TRF;1;0;0;;1
2025-07-11 11:12:25.305;TRF;1;0;0;;1
2025-07-11 11:33:11.249;TRF;1;0;0;;1
2025-07-11 13:05:14.878;TRF;1;0;0;;1
2025-07-11 13:56:45.639;TRF;1;1;209;;1
2025-07-11 21:41:26.007;TRF;1;0;0;;1
2025-07-11 21:45:18.147;TRF;1;0;0;;1
2025-07-11 21:48:14.298;TRF;1;0;0;;1
2025-07-11 13:09:58.684;TRF;1;0;0;;1
2025-07-11 21:58:59.903;TRF;1;0;0;;1
2025-07-11 22:07:47.202;TRF;1;0;0;;1
2025-07-11 22:08:07.561;TRF;1;0;0;;1
2025-07-11 22:15:15.930;TRF;1;0;0;;1
2025-07-11 21:53:25.512;TRF;1;1;199;;1
2025-07-11 22:15:37.597;TRF;1;1;214;;1
2025-07-12 05:28:12.387;TRF;1;0;0;;1
2025-07-12 05:33:23.708;TRF;1;0;0;;1
2025-07-12 06:06:21.136;TRF;1;0;0;;1
2025-07-12 06:08:46.974;TRF;1;0;0;;1
2025-07-12 12:27:45.137;TRF;1;0;0;;1
2025-07-12 12:59:06.988;TRF;1;0;0;;1
2025-07-12 13:01:52.507;TRF;1;0;0;;1
2025-07-12 13:12:06.851;TRF;1;0;0;;1
2025-07-12 13:13:40.616;TRF;1;0;0;;1
2025-07-12 13:32:45.487;TRF;1;0;0;;1
2025-07-12 13:50:55.466;TRF;1;0;0;;1
2025-07-12 14:46:51.667;TRF;1;0;0;;1
2025-07-12 14:53:51.745;TRF;1;0;0;;1
2025-07-12 14:58:17.669;TRF;1;0;0;;1
2025-07-12 15:02:25.295;TRF;1;0;0;;1
2025-07-12 15:19:33.876;TRF;1;0;0;;1
2025-07-12 15:32:33.050;TRF;1;0;0;;1
2025-07-12 18:25:58.805;TRF;1;0;0;;1
2025-07-12 18:28:03.314;TRF;1;0;0;;1
2025-07-12 18:44:56.876;TRF;1;0;0;;1
2025-07-12 18:53:07.153;TRF;1;0;0;;1
2025-07-12 18:54:56.400;TRF;1;0;0;;1
2025-07-12 18:55:38.304;TRF;1;0;0;;1
2025-07-12 19:33:09.020;TRF;1;0;0;;1
2025-07-12 20:32:06.803;TRF;1;0;0;;1
2025-07-12 21:11:05.293;TRF;1;0;0;;1
2025-07-12 21:17:38.832;TRF;1;0;0;;1
2025-07-12 22:06:22.987;TRF;1;0;0;;1
2025-07-12 22:14:57.282;TRF;1;0;0;;1
2025-07-12 23:44:28.087;TRF;1;0;0;;1
2025-07-12 20:36:56.653;TRF;1;0;0;;1
2025-07-13 05:43:15.397;TRF;1;0;0;;1
2025-07-13 06:19:05.780;TRF;1;0;0;;1
2025-07-13 06:21:56.335;TRF;1;0;0;;1
2025-07-13 06:31:28.976;TRF;1;0;0;;1
2025-07-13 06:38:10.647;TRF;1;0;0;;1
2025-07-13 04:13:32.593;TRF;1;0;0;;1
2025-07-13 06:44:58.472;TRF;1;0;0;;1
2025-07-13 06:46:12.631;TRF;1;0;0;;1
2025-07-13 06:51:01.712;TRF;1;0;0;;1
2025-07-13 06:52:10.421;TRF;1;0;0;;1
2025-07-13 06:57:35.298;TRF;1;0;0;;1
2025-07-13 07:12:14.852;TRF;1;0;0;;1
2025-07-13 07:26:01.556;TRF;1;0;0;;1
2025-07-13 12:30:56.924;TRF;1;0;0;;1
2025-07-13 12:55:16.380;TRF;1;0;0;;1
2025-07-13 12:55:37.228;TRF;1;0;0;;1
2025-07-13 14:34:50.058;TRF;1;0;0;;1
2025-07-13 16:58:07.695;TRF;1;0;0;;1
2025-07-13 18:48:45.222;TRF;1;0;0;;1
2025-07-13 18:55:47.584;TRF;1;0;0;;1
2025-07-13 19:07:16.667;TRF;1;0;0;;1
2025-07-13 19:10:02.768;TRF;1;0;0;;1
2025-07-13 19:25:38.985;TRF;1;0;0;;1
2025-07-13 19:28:11.334;TRF;1;0;0;;1
2025-07-13 19:50:18.465;TRF;1;0;0;;1
2025-07-13 19:53:27.619;TRF;1;0;0;;1
2025-07-13 20:05:49.238;TRF;1;0;0;;1
2025-07-13 21:29:53.331;TRF;1;0;0;;1
2025-07-13 21:33:36.795;TRF;1;0;0;;1
2025-07-13 22:14:11.690;TRF;1;0;0;;1
2025-07-13 23:50:58.277;TRF;1;0;0;;1
2025-07-13 23:38:55.572;TRF;1;0;0;;1
2025-07-13 23:31:01.178;TRF;1;0;0;;1
2025-07-14 02:36:26.721;TRF;1;0;0;;1
2025-07-14 02:46:32.649;TRF;1;0;0;;1
2025-07-14 03:06:07.865;TRF;1;0;0;;1
2025-07-14 04:21:31.720;TRF;1;0;0;;1
2025-07-14 05:24:26.823;TRF;1;0;0;;1
2025-07-14 06:12:51.788;TRF;1;0;0;;1
2025-07-14 06:14:55.633;TRF;1;0;0;;1
2025-07-14 06:25:30.289;TRF;1;0;0;;1
2025-07-14 06:31:10.872;TRF;1;0;0;;1
2025-07-14 06:31:57.753;TRF;1;0;0;;1
2025-07-14 06:32:54.650;TRF;1;0;0;;1
2025-07-14 06:46:55.401;TRF;1;0;0;;1
2025-07-14 06:49:48.477;TRF;1;0;0;;1
2025-07-14 06:56:29.843;TRF;1;0;0;;1
2025-07-14 07:00:50.619;TRF;1;0;0;;1
2025-07-14 07:11:08.602;TRF;1;0;0;;1
2025-07-14 07:17:56.247;TRF;1;0;0;;1
2025-07-14 07:18:22.312;TRF;1;0;0;;1
2025-07-14 07:54:49.092;TRF;1;0;0;;1
2025-07-14 09:17:21.784;TRF;1;0;0;;1
2025-07-14 09:25:58.729;TRF;1;0;0;;1
2025-07-14 09:30:13.977;TRF;1;0;0;;1
2025-07-14 11:06:39.390;TRF;1;0;0;;1
2025-07-14 11:25:00.807;TRF;1;0;0;;1
2025-07-14 13:32:00.187;TRF;1;0;0;;1
2025-07-14 13:32:06.083;TRF;1;0;0;;1
2025-07-14 14:25:13.838;TRF;1;0;0;;1
2025-07-14 14:25:19.606;TRF;1;0;0;;1
2025-07-14 14:51:47.137;TRF;1;0;0;;1
2025-07-14 14:54:38.273;TRF;1;0;0;;1
2025-07-14 17:33:27.457;TRF;1;0;0;;1
2025-07-14 17:41:41.132;TRF;1;0;0;;1
2025-07-14 18:16:44.377;TRF;1;0;0;;1
2025-07-14 18:22:51.764;TRF;1;0;0;;1
2025-07-14 18:42:43.972;TRF;1;0;0;;1
2025-07-14 18:42:48.256;TRF;1;0;0;;1
2025-07-14 19:01:14.915;TRF;1;0;0;;1
2025-07-14 21:41:59.677;TRF;1;0;0;;1
2025-07-14 21:42:16.061;TRF;1;0;0;;1
2025-07-14 22:01:43.487;TRF;1;0;0;;1
2025-07-14 22:28:52.642;TRF;1;0;0;;1
2025-07-15 02:52:18.807;TRF;1;0;0;;1
2025-07-15 03:22:15.292;TRF;1;0;0;;1
2025-07-15 05:01:20.914;TRF;1;0;0;;1
2025-07-15 05:32:45.566;TRF;1;0;0;;1
2025-07-15 06:09:40.189;TRF;1;0;0;;1
2025-07-15 06:10:07.131;TRF;1;0;0;;1
2025-07-15 06:19:35.408;TRF;1;0;0;;1
2025-07-15 06:21:33.660;TRF;1;0;0;;1
2025-07-15 06:21:33.170;TRF;1;0;0;;1
2025-07-15 06:22:08.605;TRF;1;0;0;;1
2025-07-15 10:29:44.753;TRF;1;0;0;;1
2025-07-15 11:08:25.004;TRF;1;0;0;;1
2025-07-15 13:58:51.607;TRF;1;0;0;;1
2025-07-15 14:38:50.304;TRF;1;0;0;;1
2025-07-15 14:31:46.981;TRF;1;0;0;;1
2025-07-15 14:52:12.320;TRF;1;0;0;;1
2025-07-15 16:11:41.440;TRF;1;0;0;;1
2025-07-15 16:12:04.489;TRF;1;0;0;;1
2025-07-15 16:18:46.587;TRF;1;0;0;;1
2025-07-15 17:27:30.433;TRF;1;0;0;;1
2025-07-15 17:44:23.701;TRF;1;0;0;;1
2025-07-15 17:46:44.161;TRF;1;0;0;;1
2025-07-15 18:37:08.959;TRF;1;0;0;;1
2025-07-15 18:37:39.886;TRF;1;0;0;;1
2025-07-15 18:38:49.852;TRF;1;0;0;;1
2025-07-15 18:39:23.856;TRF;1;0;0;;1
2025-07-15 18:55:26.348;TRF;1;0;0;;1
2025-07-15 18:58:15.479;TRF;1;0;0;;1
2025-07-15 19:21:18.927;TRF;1;0;0;;1
2025-07-15 19:23:42.114;TRF;1;0;0;;1
2025-07-15 19:34:35.872;TRF;1;0;0;;1
2025-07-15 19:49:20.570;TRF;1;0;0;;1
2025-07-15 20:08:30.828;TRF;1;0;0;;1
2025-07-15 20:29:35.628;TRF;1;0;0;;1
2025-07-15 21:42:20.294;TRF;1;0;0;;1
2025-07-15 21:42:37.228;TRF;1;1;218;;1
2025-07-16 04:56:48.624;TRF;1;0;0;;1
2025-07-16 05:52:23.972;TRF;1;0;0;;1
2025-07-16 06:19:07.439;TRF;1;0;0;;1
2025-07-16 06:19:12.543;TRF;1;0;0;;1
2025-07-16 06:34:13.391;TRF;1;0;0;;1
2025-07-16 06:38:46.044;TRF;1;0;0;;1
2025-07-16 06:48:27.094;TRF;1;0;0;;1
2025-07-16 06:49:11.597;TRF;1;0;0;;1
2025-07-16 08:53:39.090;TRF;1;0;0;;1
2025-07-16 08:54:07.284;TRF;1;0;0;;1
2025-07-16 10:07:58.343;TRF;1;0;0;;1
2025-07-16 11:01:46.343;TRF;1;0;0;;1
2025-07-16 11:29:18.940;TRF;1;0;0;;1
2025-07-16 13:10:56.708;TRF;1;0;0;;1
2025-07-16 13:46:43.685;TRF;1;0;0;;1
2025-07-16 14:27:38.274;TRF;1;0;0;;1
2025-07-16 14:58:55.984;TRF;1;0;0;;1
2025-07-16 15:26:57.430;TRF;1;0;0;;1
2025-07-16 17:17:18.406;TRF;1;0;0;;1
2025-07-16 18:00:43.770;TRF;1;0;0;;1
2025-07-16 18:15:52.125;TRF;1;0;0;;1
2025-07-16 18:22:23.033;TRF;1;0;0;;1
2025-07-16 20:54:09.203;TRF;1;0;0;;1
2025-07-16 16:21:45.170;TRF;1;0;0;;1
2025-07-16 23:54:18.039;TRF;1;0;0;;1
2025-07-16 23:54:39.749;TRF;1;0;0;;1
2025-07-16 20:57:39.595;TRF;1;1;203;;1
2025-07-17 05:04:34.381;TRF;1;0;0;;1
2025-07-17 05:54:01.429;TRF;1;0;0;;1
2025-07-17 06:00:06.817;TRF;1;0;0;;1
2025-07-17 06:01:13.768;TRF;1;0;0;;1
2025-07-17 06:04:56.600;TRF;1;0;0;;1
2025-07-17 06:11:40.568;TRF;1;0;0;;1
2025-07-17 11:39:43.202;TRF;1;0;0;;1
2025-07-17 15:04:21.493;TRF;1;0;0;;1
2025-07-17 15:04:24.335;TRF;1;0;0;;1
2025-07-17 15:54:27.632;TRF;1;0;0;;1
2025-07-17 15:54:43.769;TRF;1;0;0;;1
2025-07-17 16:38:49.740;TRF;1;0;0;;1
2025-10-13 19:27:00.453;TRF;1;1;242;;2
2025-07-17 19:08:09.913;TRF;1;1;230;;1
2025-07-18 05:31:51.225;TRF;1;0;0;;1
2025-07-18 05:31:57.126;TRF;1;0;0;;1
2025-07-18 06:27:31.940;TRF;1;0;0;;1
2025-07-18 06:27:36.537;TRF;1;0;0;;1
2025-07-18 11:33:58.549;TRF;1;0;0;;1
2025-07-18 12:32:23.925;TRF;1;0;0;;1
2025-07-18 12:42:07.227;TRF;1;0;0;;1
2025-07-18 12:55:33.457;TRF;1;0;0;;1
2025-07-18 14:16:26.973;TRF;1;0;0;;1
2025-07-18 14:18:35.714;TRF;1;0;0;;1
2025-07-18 14:19:49.645;TRF;1;0;0;;1
2025-07-18 16:53:45.327;TRF;1;0;0;;1
2025-07-18 17:07:27.331;TRF;1;0;0;;1
2025-07-18 18:15:04.091;TRF;1;0;0;;1
2025-07-18 19:35:20.395;TRF;1;0;0;;1
2025-07-18 19:37:52.745;TRF;1;0;0;;1
2025-10-13 17:58:22.980;TRF;1;0;0;;2
2025-10-13 18:04:01.950;TRF;1;0;0;;2
2025-10-13 18:05:05.074;TRF;1;0;0;;2
2025-10-13 19:31:29.932;TRF;1;0;0;;2
2025-10-13 19:32:25.946;TRF;1;0;0;;2
2025-10-13 18:05:05.650;TRF;1;1;268;;2
2025-10-13 18:12:39.505;TRF;1;0;0;;2
2025-10-13 18:16:50.040;TRF;1;1;184;;2
2025-10-13 19:11:29.013;TRF;1;0;0;;2
2025-10-13 19:14:10.193;TRF;1;0;0;;2
2025-10-13 19:14:12.392;TRF;1;0;0;;2
2025-10-13 19:14:23.532;TRF;1;0;0;;2
2025-10-13 19:15:06.668;TRF;1;0;0;;2
2025-10-13 19:15:17.406;TRF;1;0;0;;2
2025-10-13 19:15:26.606;TRF;1;0;0;;2
2025-10-13 19:15:34.551;TRF;1;0;0;;2
2025-10-13 19:15:44.054;TRF;1;0;0;;2
2025-10-13 19:15:49.375;TRF;1;0;0;;2
2025-10-13 19:16:00.993;TRF;1;0;0;;2
2025-10-13 19:19:05.663;TRF;1;0;0;;2
2025-10-13 19:19:10.935;TRF;1;0;0;;2
2025-10-13 19:19:15.402;TRF;1;0;0;;2
2025-10-13 19:19:22.341;TRF;1;0;0;;2
2025-10-13 19:19:34.547;TRF;1;1;210;;2
2025-10-13 19:26:53.608;TRF;1;0;0;;2
2025-10-13 19:26:55.470;TRF;1;0;0;;2
2025-10-13 19:33:34.194;TRF;1;0;0;;2
2025-10-13 19:34:15.063;TRF;1;1;230;;2
2025-10-13 19:34:17.527;TRF;1;1;297;;2
2025-10-13 19:34:20.363;TRF;1;0;0;;2
2025-10-13 19:37:20.219;TRF;1;0;0;;2
2025-10-13 19:37:23.827;TRF;1;0;0;;2
2025-10-13 19:44:26.402;TRF;1;0;0;;2
2025-10-13 20:53:43.437;TRF;1;0;0;;2
2025-10-13 19:47:27.123;TRF;1;1;185;;2
2025-10-13 20:59:54.283;TRM;1;1;438;;2
2025-10-13 20:57:05.439;TRM;1;0;0;;2
2025-10-13 20:58:23.355;TRM;1;0;0;;2
2025-10-13 20:58:24.377;TRF;1;0;0;;2
2025-10-13 20:58:38.799;TRM;1;0;0;;2
2025-10-13 20:58:49.644;TRM;1;0;0;;2
2025-10-13 20:59:38.861;TRM;1;0;0;;2
2025-10-13 21:00:37.037;TRM;1;0;0;;2
2025-10-14 00:01:12.601;TRF;1;0;0;;2
2025-10-14 00:04:55.926;TRF;1;0;0;;2
2025-10-14 00:29:00.581;TRF;1;0;0;;2
2025-10-14 02:22:06.727;TRF;1;0;0;;2
2025-10-14 02:41:35.470;TRF;1;0;0;;2
2025-10-14 07:10:37.076;TRF;1;0;0;;2
2025-10-14 08:09:06.695;TRF;1;0;0;;2
2025-10-14 09:08:16.998;TRF;1;0;0;;2
2025-10-14 09:11:58.755;TRF;1;0;0;;2
2025-10-14 11:52:40.498;TRF;1;0;0;;2
2025-10-14 11:56:38.355;TRF;1;0;0;;2
2025-10-14 13:41:28.932;TRF;1;0;0;;2
2025-10-14 14:49:07.791;TRF;1;0;0;;2
2025-10-14 15:11:14.908;TRF;1;0;0;;2
2025-10-14 15:28:00.150;TRF;1;1;253;;2
2025-10-14 15:28:03.149;TRF;1;1;317;;2
2025-10-14 16:32:28.293;TRF;1;0;0;;2
2025-10-14 16:39:30.322;TRF;1;0;0;;2
2025-10-14 16:46:46.103;TRF;1;0;0;;2
2025-10-14 16:50:41.748;TRF;1;0;0;;2
2025-10-14 16:54:34.995;TRF;1;0;0;;2
2025-10-14 16:54:35.287;TRF;1;1;235;;2
2025-10-14 17:14:27.443;TRF;1;0;0;;2
2025-10-14 17:21:19.328;TRF;1;0;0;;2
2025-10-14 17:21:37.614;TRF;1;0;0;;2
2025-10-14 17:56:10.400;TRF;1;0;0;;2
2025-10-14 18:45:44.817;TRF;1;0;0;;2
2025-10-14 18:46:37.557;TRF;1;0;0;;2
2025-10-14 18:58:26.705;TRF;1;0;0;;2
2025-10-14 19:03:28.572;TRF;1;0;0;;2
2025-10-14 19:04:51.107;TRF;1;0;0;;2
2025-10-14 19:15:17.331;TRF;1;0;0;;2
2025-10-14 19:23:17.195;TRF;1;0;0;;2
2025-10-14 19:27:11.127;TRF;1;0;0;;2
2025-10-14 19:27:54.803;TRF;1;0;0;;2
2025-10-14 19:27:59.523;TRF;1;0;0;;2
2025-10-14 19:28:10.061;TRF;1;0;0;;2
2025-10-14 19:29:59.445;TRF;1;0;0;;2
2025-10-14 19:30:08.533;TRF;1;0;0;;2
2025-10-14 20:04:53.043;TRF;1;0;0;;2
2025-10-14 20:07:38.362;TRF;1;0;0;;2
2025-10-14 20:08:11.390;TRF;1;0;0;;2
2025-10-14 20:12:28.070;TRF;1;0;0;;2
2025-10-14 20:13:35.150;TRF;1;0;0;;2
2025-10-14 20:13:40.084;TRF;1;0;0;;2
2025-10-14 20:13:43.793;TRF;1;0;0;;2
2025-10-14 20:13:56.430;TRF;1;0;0;;2
2025-10-14 20:14:01.623;TRF;1;0;0;;2
2025-10-14 21:15:54.602;TRF;1;0;0;;2
2025-10-14 21:16:05.619;TRF;1;0;0;;2
2025-10-14 21:16:13.524;TRF;1;0;0;;2
2025-10-14 21:17:11.150;TRF;1;0;0;;2
2025-10-14 21:16:16.008;TRF;1;0;0;;2
2025-10-14 21:18:44.088;TRF;1;0;0;;2
2025-10-14 21:23:16.920;TRF;1;0;0;;2
2025-10-14 21:23:45.312;TRF;1;0;0;;2
2025-10-14 21:23:50.116;TRF;1;0;0;;2
2025-10-15 07:59:46.493;TRF;1;0;0;;2
2025-10-15 07:59:53.582;TRF;1;0;0;;2
2025-10-15 08:00:01.534;TRF;1;0;0;;2
2025-10-15 08:00:12.730;TRF;1;0;0;;2
2025-10-15 08:00:13.344;TRF;1;0;0;;2
2025-10-15 08:00:15.918;TRF;1;0;0;;2
2025-10-15 08:00:26.499;TRF;1;0;0;;2
2025-10-15 08:00:36.291;TRF;1;0;0;;2
2025-10-15 08:17:01.395;TRF;1;0;0;;2
2025-10-15 17:47:21.315;TRF;1;0;0;;2
2025-10-15 19:02:59.876;TRF;1;0;0;;2
2025-10-15 19:16:12.474;TRF;1;0;0;;2
2025-10-15 19:28:56.426;TRF;1;0;0;;2
2025-10-15 19:30:28.571;TRF;1;0;0;;2
2025-10-15 19:38:11.904;TRF;1;0;0;;2
2025-10-15 19:43:14.388;TRF;1;0;0;;2
2025-10-15 21:14:04.104;TRF;1;0;0;;2
2025-10-16 00:59:02.014;TRF;1;1;172;;2
2025-10-16 04:42:29.636;TRF;1;0;0;;2
2025-10-16 08:02:28.281;TRF;1;0;0;;2
2025-10-16 13:05:26.696;TRF;1;0;0;;2
2025-10-16 13:11:11.575;TRF;1;0;0;;2
2025-10-16 12:49:38.105;TRF;1;1;275;;2
2025-10-16 15:10:52.172;TRF;1;0;0;;2
2025-10-16 15:10:58.157;TRF;1;0;0;;2
2025-10-16 16:34:03.572;TRF;1;0;0;;2
2025-10-16 16:37:04.128;TRF;1;1;260;;2
2025-10-16 17:40:42.137;TRF;1;0;0;;2
2025-10-16 18:57:46.662;TRF;1;0;0;;2
2025-10-16 18:52:33.836;TRF;1;0;0;;2
2025-10-16 19:00:12.876;TRF;1;0;0;;2
2025-10-16 19:00:15.276;TRF;1;1;145;;2
2025-10-16 19:27:25.972;TRF;1;0;0;;2
2025-10-16 19:29:14.804;TRF;1;0;0;;2
2025-10-16 21:31:21.269;TRF;1;0;0;;1
2025-10-16 21:32:27.877;TRF;1;0;0;;1
2025-10-16 21:36:28.047;TRF;1;0;0;;1
2025-10-16 21:36:30.547;TRF;1;0;0;;1
2025-10-16 23:35:30.858;TRF;1;0;0;;1
2025-10-19 08:20:14.542;TRF;1;0;0;;1
2025-10-19 10:06:14.894;TRF;1;0;0;;1
2025-10-19 10:12:34.259;TRF;1;0;0;;1
2025-10-19 11:37:43.974;TRF;1;0;0;;1
2025-10-19 11:38:24.340;TRF;1;0;0;;1
2025-10-19 11:39:10.407;TRF;1;0;0;;1
2025-10-19 11:41:15.589;TRF;1;0;0;;1
2025-10-19 11:39:10.772;TRF;1;0;0;;1
2025-10-19 11:39:10.261;TRF;1;1;258;;1
2025-10-19 11:44:07.515;TRF;1;0;0;;1
2025-10-19 11:46:12.648;TRF;1;0;0;;1
2025-10-19 11:47:50.763;TRF;1;0;0;;1
2025-10-19 11:47:58.942;TRF;1;0;0;;1
2025-10-19 11:48:13.724;TRF;1;0;0;;1
2025-10-19 11:51:28.294;TRF;1;0;0;;1
2025-10-19 11:51:42.041;TRF;1;0;0;;1
2025-10-19 13:54:00.143;TRF;1;0;0;;1
2025-10-19 13:54:21.350;TRF;1;0;0;;1
2025-10-19 13:54:28.065;TRF;1;0;0;;1
2025-10-19 13:54:30.651;TRF;1;0;0;;1
2025-10-19 13:54:32.259;TRF;1;1;229;;1
2025-10-19 13:55:08.351;TRF;1;0;0;;1
2025-10-19 13:56:26.632;TRF;1;0;0;;1
2025-10-19 13:58:19.299;TRF;1;0;0;;1
2025-10-19 19:30:45.233;TRF;1;0;0;;2
2025-10-19 23:23:37.166;TRF;1;1;178;;2
2025-10-20 06:38:38.734;TRF;1;0;0;;2
2025-10-20 06:54:37.001;TRF;1;0;0;;2
2025-10-20 12:50:35.961;TRF;1;0;0;;1
2025-10-20 12:53:33.927;TRF;1;0;0;;1
2025-10-20 12:53:19.976;TRF;1;0;0;;1
2025-10-20 12:57:31.438;TRF;1;0;0;;1
2025-10-20 09:13:23.170;TRF;1;1;300;;1
2025-10-20 13:02:25.176;TRF;1;0;0;;1
2025-10-20 13:02:12.786;TRF;1;0;0;;1
2025-10-20 13:02:36.790;TRF;1;0;0;;1
2025-10-20 14:43:28.222;TRF;1;0;0;;1
2025-10-20 14:43:31.002;TRF;1;0;0;;1
2025-10-20 15:38:06.234;TRF;1;0;0;;1
2025-10-20 15:35:47.846;TRF;1;0;0;;1
2025-10-20 15:52:00.240;TRF;1;0;0;;1
2025-10-20 15:46:51.995;TRF;1;0;0;;1
2025-10-20 18:46:21.142;TRF;1;0;0;;2
2025-10-20 18:49:09.236;TRF;1;0;0;;2
2025-10-20 18:48:38.058;TRF;1;0;0;;2
2025-10-20 18:49:42.240;TRF;1;0;0;;2
2025-10-20 18:49:44.324;TRF;1;0;0;;2
2025-10-20 18:51:41.272;TRF;1;0;0;;2
2025-10-20 19:04:50.880;TRF;1;0;0;;2
2025-10-20 19:34:06.183;TRF;1;0;0;;2
2025-10-20 19:35:41.171;TRF;1;0;0;;2
2025-10-20 20:28:16.713;TRF;1;0;0;;2
2025-10-21 08:11:42.774;TRF;1;0;0;;1
2025-10-21 08:38:10.627;TRF;1;0;0;;1
2025-10-21 08:44:20.075;TRF;1;0;0;;1
2025-10-21 09:12:23.625;TRF;1;0;0;;1
2025-10-21 09:28:03.314;TRF;1;1;172;;1
2025-10-21 10:25:59.438;TRF;1;0;0;;1
2025-10-21 10:27:23.015;TRF;1;0;0;;1
2025-10-21 10:27:26.169;TRF;1;0;0;;1
2025-10-21 10:27:37.790;TRF;1;0;0;;1
2025-10-21 10:28:10.424;TRF;1;0;0;;1
2025-10-21 10:28:13.574;TRF;1;0;0;;1
2025-10-21 10:48:10.370;TRF;1;0;0;;1
2025-10-21 11:38:40.533;TRF;1;0;0;;1
2025-10-21 11:49:56.120;TRF;1;0;0;;1
2025-10-21 12:06:44.686;TRF;1;0;0;;1
2025-10-21 14:14:31.299;TRF;1;0;0;;1
2025-10-21 14:14:40.125;TRF;1;0;0;;1
2025-10-21 14:15:34.546;TRF;1;0;0;;1
2025-10-21 14:15:39.179;TRF;1;0;0;;1
2025-10-21 14:17:47.879;TRF;1;0;0;;1
2025-10-21 14:18:03.937;TRF;1;0;0;;1
2025-10-21 14:18:46.895;TRF;1;0;0;;1
2025-10-21 14:19:19.998;TRF;1;0;0;;1
2025-10-21 14:27:53.142;TRF;1;0;0;;1
2025-10-21 14:14:34.043;TRF;1;1;302;;1
2025-10-21 14:14:34.043;TRF;1;1;201;;1
2025-10-21 14:54:19.264;TRF;1;0;0;;1
2025-10-21 16:21:22.534;TRF;1;0;0;;1
2025-10-21 14:54:20.538;TRF;1;1;209;;1
2025-10-21 16:22:07.553;TRF;1;0;0;;1
2025-10-21 18:40:51.527;TRF;1;0;0;;1
2025-10-21 19:38:25.710;TRF;1;0;0;;1
2025-10-21 19:43:37.022;TRF;1;0;0;;1
2025-10-21 20:24:17.012;TRF;1;0;0;;1
2025-10-21 21:50:55.280;TRF;1;0;0;;1
2025-10-21 22:11:23.436;TRF;1;0;0;;1
2025-10-21 23:22:27.753;TRF;1;0;0;;2
2025-10-21 23:22:46.048;TRF;1;1;332;;2
2025-10-21 19:43:37.316;TRF;1;1;191;;2
2025-10-22 01:53:09.795;TRF;1;0;0;;1
2025-10-22 01:55:38.262;TRF;1;0;0;;1
2025-10-22 01:56:11.111;TRF;1;0;0;;1
2025-10-22 02:44:30.008;TRF;1;0;0;;1
2025-10-22 02:47:16.122;TRF;1;0;0;;1
2025-10-22 03:13:57.931;TRF;1;0;0;;1
2025-10-22 03:18:09.630;TRF;1;0;0;;1
2025-10-22 03:28:35.059;TRF;1;0;0;;1
2025-10-22 01:58:28.563;TRF;1;1;216;;1
2025-10-22 03:36:49.866;TRF;1;0;0;;1
2025-10-22 03:45:55.508;TRF;1;0;0;;1
2025-10-22 06:50:25.147;TRF;1;0;0;;1
2025-10-22 07:37:54.997;TRF;1;0;0;;1
2025-10-22 08:11:28.466;TRF;1;0;0;;1
2025-10-22 12:00:02.762;TRF;1;1;193;;1
2025-10-22 12:00:02.762;TRF;1;0;0;;1
2025-10-22 12:00:53.024;TRF;1;0;0;;1
2025-10-22 12:06:32.533;TRF;1;0;0;;1
2025-10-22 12:06:49.404;TRF;1;0;0;;1
2025-10-22 13:11:18.065;TRF;1;0;0;;1
2025-10-22 13:11:20.737;TRF;1;1;170;;1
2025-10-22 13:22:47.016;TRF;1;0;0;;1
2025-10-22 13:23:01.266;TRF;1;0;0;;1
2025-10-22 13:25:41.767;TRF;1;0;0;;1
2025-10-22 13:25:41.959;TRF;1;0;0;;1
2025-10-22 15:54:34.580;TRF;1;0;0;;2
2025-10-22 15:55:08.077;TRF;1;0;0;;2
2025-10-22 15:59:35.806;TRF;1;0;0;;2
2025-10-22 16:00:58.529;TRF;1;0;0;;2
2025-10-22 16:01:37.591;TRF;1;0;0;;2
2025-10-22 16:01:36.548;TRF;1;1;158;;2
2025-10-22 16:29:40.801;TRF;1;1;331;;1
2025-10-22 16:30:42.957;TRF;1;1;295;;1
2025-10-24 08:04:55.986;TRF;1;0;0;;1
2025-10-24 13:08:21.124;TRF;1;0;0;;2
2025-10-24 18:12:59.778;TRF;1;0;0;;2
2025-10-24 18:17:43.425;TRF;1;0;0;;2
2025-10-24 18:21:02.247;TRF;1;0;0;;2
2025-10-24 18:21:04.402;TRF;1;0;0;;2
2025-10-24 18:21:22.502;TRF;1;0;0;;2
2025-10-24 18:21:36.630;TRF;1;0;0;;2
2025-10-24 18:21:45.386;TRF;1;0;0;;2
2025-10-24 18:21:49.450;TRF;1;0;0;;2
2025-10-24 18:22:27.494;TRF;1;0;0;;2
2025-10-24 18:22:56.416;TRF;1;0;0;;2
2025-10-24 18:23:44.756;TRF;1;0;0;;2
2025-10-24 18:23:57.727;TRF;1;0;0;;2
2025-10-24 18:24:02.277;TRF;1;0;0;;2
2025-10-24 19:46:21.812;TRF;1;0;0;;2
2025-10-24 22:25:05.530;TRF;1;0;0;;1
2025-10-24 22:25:00.098;TRF;1;0;0;;1
2025-10-24 22:26:35.517;TRF;1;0;0;;1
2025-10-24 23:23:30.988;TRF;1;0;0;;1
2025-10-24 23:23:32.954;TRF;1;0;0;;1
2025-10-24 23:23:53.675;TRF;1;0;0;;1
2025-10-24 23:25:12.329;TRF;1;0;0;;1
2025-10-24 23:25:25.459;TRF;1;0;0;;1
2025-10-24 23:28:20.278;TRF;1;0;0;;1
2025-10-24 23:28:56.504;TRF;1;0;0;;1
2025-10-24 23:29:01.032;TRF;1;0;0;;1
2025-10-24 23:29:30.755;TRF;1;0;0;;1
2025-10-24 23:29:45.586;TRF;1;0;0;;1
2025-10-24 23:30:00.845;TRF;1;0;0;;1
2025-10-24 23:30:06.289;TRF;1;0;0;;1
2025-10-24 23:30:42.252;TRF;1;0;0;;1
2025-10-24 23:31:46.830;TRF;1;0;0;;1
2025-10-24 23:33:20.868;TRF;1;0;0;;1
2025-10-24 23:53:34.411;TRF;1;0;0;;1
2025-10-24 23:38:52.495;TRF;1;0;0;;1
2025-10-24 23:54:32.054;TRF;1;0;0;;1
2025-10-24 23:36:39.952;TRF;1;0;0;;1
2025-10-24 23:36:42.794;TRF;1;0;0;;1
2025-10-24 23:36:44.424;TRF;1;0;0;;1
2025-10-24 23:36:42.794;TRF;1;1;216;;1
2025-10-25 00:07:27.566;TRF;1;0;0;;1
2025-10-25 00:10:22.080;TRF;1;0;0;;1
2025-10-25 00:36:08.607;TRF;1;0;0;;1
2025-10-25 00:38:31.085;TRF;1;0;0;;1
2025-10-25 00:50:48.851;TRF;1;0;0;;1
2025-10-25 00:50:46.911;TRF;1;0;0;;1
2025-10-25 00:51:34.323;TRF;1;0;0;;1
2025-10-25 01:51:07.643;TRF;1;0;0;;1
2025-10-25 01:54:58.935;TRF;1;0;0;;1
2025-10-25 02:16:19.882;TRF;1;0;0;;1
2025-10-25 02:19:11.084;TRF;1;0;0;;1
2025-10-25 02:22:44.534;TRF;1;0;0;;1
2025-10-25 02:22:48.064;TRF;1;0;0;;1
2025-10-25 04:53:31.276;TRF;1;0;0;;1
2025-10-25 04:56:26.204;TRF;1;0;0;;1
2025-10-25 05:55:27.138;TRF;1;0;0;;1
2025-10-25 05:56:16.045;TRF;1;0;0;;1
2025-10-25 05:59:24.160;TRF;1;0;0;;1
2025-10-25 06:00:45.227;TRF;1;0;0;;1
2025-10-25 06:03:45.430;TRF;1;0;0;;1
2025-10-25 06:11:44.686;TRF;1;0;0;;1
2025-10-25 06:14:19.044;TRF;1;0;0;;1
2025-10-25 06:18:33.552;TRF;1;0;0;;1
2025-10-25 06:19:32.437;TRF;1;0;0;;1
2025-10-25 06:21:07.817;TRF;1;0;0;;1
2025-10-25 06:22:22.831;TRF;1;0;0;;1
2025-10-25 06:23:20.359;TRF;1;0;0;;1
2025-10-25 06:35:56.102;TRF;1;0;0;;1
2025-10-25 06:36:12.541;TRF;1;0;0;;1
2025-10-25 07:04:08.728;TRF;1;0;0;;1
2025-10-25 07:19:44.305;TRF;1;0;0;;1
2025-10-25 07:19:52.690;TRF;1;0;0;;1
2025-10-25 07:29:12.414;TRF;1;0;0;;1
2025-10-25 07:19:53.855;TRF;1;0;0;;1
2025-10-25 07:32:19.401;TRF;1;0;0;;1
2025-10-25 07:36:10.228;TRF;1;0;0;;1
2025-10-25 07:36:47.574;TRF;1;0;0;;1
2025-10-25 07:36:46.790;TRF;1;1;217;;1
2025-10-25 09:20:53.610;TRF;1;1;224;;1
2025-10-25 09:28:29.368;TRF;1;0;0;;1
2025-10-25 09:28:31.832;TRF;1;1;236;;1
2025-10-25 10:16:02.840;TRF;1;1;256;;1
2025-10-25 10:57:54.180;TRF;1;1;210;;1
2025-10-25 11:03:43.972;TRF;1;0;0;;1
2025-10-25 11:10:45.132;TRF;1;0;0;;1
2025-10-25 11:10:47.061;TRF;1;0;0;;1
2025-10-25 11:16:32.812;TRF;1;0;0;;1
2025-10-25 11:16:34.436;TRF;1;0;0;;1
2025-10-25 11:19:34.037;TRF;1;1;136;;1
2025-10-25 11:25:26.546;TRF;1;1;193;;1
2025-10-25 11:28:43.745;TRF;1;1;227;;1
2025-10-25 11:32:25.547;TRF;1;1;226;;1
2025-10-25 11:53:42.963;TRF;1;1;242;;1
2025-10-25 12:03:03.660;TRF;1;0;0;;1
2025-10-25 12:03:06.478;TRF;1;0;0;;1
2025-10-25 12:04:06.072;TRF;1;0;0;;1
2025-10-25 12:30:47.312;TRF;1;0;0;;1
2025-10-25 12:32:17.358;TRF;1;0;0;;1
2025-10-25 13:21:05.935;TRF;1;0;0;;1
2025-10-25 13:21:54.942;TRF;1;0;0;;1
2025-10-25 13:33:24.690;TRF;1;0;0;;1
2025-10-25 13:34:25.446;TRF;1;0;0;;1
2025-10-25 13:50:46.780;TRF;1;0;0;;1
2025-10-25 13:50:49.054;TRF;1;0;0;;1
2025-10-25 14:22:33.429;TRF;1;0;0;;1
2025-10-25 14:23:24.435;TRF;1;0;0;;1
2025-10-25 14:44:07.905;TRF;1;0;0;;1
2025-10-25 14:46:06.066;TRF;1;0;0;;1
2025-10-25 14:47:02.358;TRF;1;0;0;;1
2025-10-25 15:09:06.146;TRF;1;0;0;;1
2025-10-25 15:09:55.819;TRF;1;0;0;;1
2025-10-25 15:10:03.763;TRF;1;0;0;;1
2025-10-25 15:38:36.220;TRF;1;0;0;;1
2025-10-25 15:16:07.956;TRF;1;0;0;;1
2025-10-25 15:38:38.572;TRF;1;0;0;;1
2025-10-25 16:06:21.170;TRF;1;1;272;;1
2025-10-25 16:19:54.322;TRF;1;1;292;;1
2025-10-26 11:49:23.401;TRF;1;0;0;;1
2025-10-26 12:06:19.718;TRF;1;0;0;;1
2025-10-26 12:10:46.799;TRF;1;0;0;;1
2025-10-26 13:35:38.252;TRF;1;0;0;;1
2025-10-26 13:39:04.693;TRF;1;0;0;;1
2025-10-26 13:40:12.486;TRF;1;0;0;;1
2025-10-26 13:39:05.816;TRF;1;0;0;;1
2025-10-26 13:39:03.514;TRF;1;1;151;;1
2025-10-26 13:35:37.868;TRF;1;1;166;;1
2025-10-26 12:10:45.634;TRF;1;1;158;;1
2025-10-26 17:53:20.709;TRF;1;0;0;;1
2025-10-26 17:53:20.709;TRF;1;0;0;;1
2025-10-26 17:56:02.885;TRF;1;0;0;;1
2025-10-26 17:57:22.091;TRF;1;0;0;;1
2025-10-26 18:08:24.207;TRF;1;0;0;;1
2025-10-26 18:09:35.722;TRF;1;0;0;;1
2025-10-27 13:45:28.375;TRF;1;0;0;;1
2025-10-27 13:46:43.479;TRF;1;0;0;;1
2025-10-27 17:49:14.646;TRF;1;0;0;;1
2025-10-27 18:11:40.643;TRF;1;0;0;;1
2025-10-27 18:11:43.571;TRF;1;0;0;;1
2025-10-27 18:11:46.517;TRF;1;0;0;;1
2025-10-27 18:24:28.171;TRF;1;0;0;;1
2025-10-27 18:47:50.161;TRF;1;0;0;;1
2025-10-27 21:30:18.641;TRF;1;0;0;;1
2025-10-27 21:32:12.248;TRF;1;0;0;;1
2025-10-27 21:33:59.594;TRF;1;0;0;;1
2025-10-27 21:36:46.760;TRF;1;0;0;;1
2025-10-27 21:36:58.002;TRF;1;0;0;;1
2025-10-27 21:43:22.257;TRF;1;0;0;;1
2025-10-27 21:43:22.649;TRF;1;1;189;;1
2025-10-27 13:46:42.019;TRF;1;1;221;;1
2025-10-29 11:27:54.124;TRF;1;1;240;;1
2025-10-29 13:55:48.003;TRF;1;0;0;;1
2025-10-29 13:56:55.880;TRF;1;0;0;;1
2025-10-29 13:58:00.947;TRF;1;0;0;;1
2025-10-29 15:04:54.755;TRF;1;0;0;;1
2025-10-29 15:04:57.530;TRF;1;1;239;;1
2025-10-29 15:22:45.629;TRF;1;1;260;;1
2025-10-29 15:40:18.179;TRF;1;0;0;;1
2025-10-29 17:33:13.665;TRF;1;0;0;;1
2025-10-29 17:35:20.758;TRF;1;0;0;;1
2025-10-29 18:43:57.381;TRF;1;1;273;;1
2025-10-29 19:27:10.894;TRF;1;0;0;;1
2025-10-29 19:28:13.305;TRF;1;0;0;;1
2025-10-29 19:28:43.183;TRF;1;0;0;;1
2025-10-29 19:29:34.452;TRF;1;0;0;;1
2025-10-30 10:56:56.764;TRF;1;1;298;;1
2025-10-30 14:02:57.073;TRF;1;1;182;;1
2025-10-30 15:32:03.018;TRF;1;0;0;;1
2025-10-30 15:34:18.502;TRF;1;0;0;;1
2025-10-30 15:57:54.787;TRF;1;0;0;;1
2025-10-30 16:00:39.290;TRF;1;0;0;;1
2025-10-30 16:23:58.884;TRF;1;0;0;;1
2025-10-30 16:47:32.214;TRF;1;0;0;;1
2025-10-30 16:51:05.856;TRF;1;0;0;;1
2025-10-30 16:51:06.052;TRF;1;0;0;;1
2025-10-30 17:45:07.204;TRF;1;0;0;;1
2025-10-30 18:10:58.455;TRF;1;0;0;;1
2025-10-30 17:45:06.322;TRF;1;1;327;;1
2025-10-30 18:22:26.645;TRF;1;1;216;;1
2025-10-30 18:25:34.373;TRF;1;1;224;;1
2025-10-30 23:05:35.011;TRF;1;0;0;;1
2025-10-30 23:05:51.402;TRF;1;0;0;;1
2025-10-30 23:06:53.206;TRF;1;0;0;;1
2025-10-30 23:13:19.471;TRF;1;0;0;;1
2025-10-30 23:17:36.093;TRF;1;0;0;;1
2025-10-31 11:44:13.866;TRF;1;1;232;;1
2025-10-31 11:49:12.662;TRF;1;0;0;;1
2025-10-31 14:34:55.244;TRF;1;1;0;;1
2025-10-31 14:34:56.616;TRF;1;0;0;;1
2025-10-31 16:36:00.473;TRF;1;0;0;;1
2025-10-31 16:36:48.405;TRF;1;0;0;;1
2025-10-31 17:08:50.620;TRF;1;0;0;;1
2025-10-31 17:08:56.594;TRF;1;0;0;;1
2025-10-31 19:24:19.486;TRF;1;0;0;;1
2025-03-03 00:15:11.860;TRF;1;1;228;;1
2025-03-03 00:38:42.323;TRF;1;0;0;;1
2025-03-03 00:43:22.874;TRF;1;0;0;;1
2025-03-03 00:59:57.499;TRF;1;0;0;;1
2025-03-03 01:05:06.099;TRF;1;0;0;;1
2025-03-03 01:20:24.541;TRF;1;0;0;;1
2025-03-03 01:29:07.180;TRF;1;0;0;;1
2025-03-03 01:43:21.324;TRF;1;0;0;;1
2025-03-03 01:47:40.473;TRF;1;0;0;;1
2025-03-03 02:01:32.487;TRF;1;1;209;;1
2025-03-03 02:40:24.752;TRF;1;0;0;;1
2025-03-03 02:47:13.931;TRF;1;0;0;;1
2025-03-03 03:23:26.650;TRF;1;0;0;;1
2025-03-03 03:30:38.752;TRF;1;0;0;;1
2025-03-03 03:52:53.118;TRF;1;0;0;;1
2025-03-03 04:15:26.235;TRF;1;0;0;;1
2025-03-03 04:17:53.358;TRF;1;0;0;;1
2025-03-03 04:44:57.636;TRF;1;0;0;;1
2025-03-03 04:57:10.467;TRF;1;0;0;;1
2025-03-03 05:13:45.645;TRF;1;0;0;;1
2025-03-03 05:42:21.054;TRF;1;0;0;;1
2025-03-03 05:57:27.268;TRF;1;0;0;;1
2025-03-03 06:03:58.573;TRF;1;0;0;;1
2025-03-03 08:15:56.679;TRF;1;0;0;;1
2025-03-03 16:29:50.130;TRF;1;0;0;;1
2025-03-03 18:44:47.535;TRF;1;0;0;;1
2025-03-03 19:03:07.026;TRF;1;0;0;;1
2025-03-03 19:03:07.712;TRF;1;0;0;;1
2025-03-03 19:03:49.090;TRF;1;0;0;;1
2025-03-03 19:04:40.493;TRF;1;0;0;;1
2025-03-03 19:04:48.687;TRF;1;0;0;;1
2025-03-03 19:05:26.900;TRF;1;0;0;;1
2025-03-03 19:04:46.923;TRF;1;0;0;;1
2025-03-03 22:18:13.968;TRF;1;0;0;;1
2025-03-03 22:59:38.037;TRF;1;0;0;;1
2025-03-03 22:59:48.673;TRF;1;0;0;;1
2025-03-03 23:01:47.410;TRF;1;0;0;;1
2025-03-03 23:57:22.627;TRF;1;1;227;;1
2025-03-03 20:35:39.661;TRF;1;1;225;;1
2025-03-04 00:09:20.299;TRF;1;0;0;;1
2025-03-04 00:25:14.883;TRF;1;0;0;;1
2025-03-04 00:27:36.401;TRF;1;0;0;;1
2025-03-04 00:28:29.850;TRF;1;0;0;;1
2025-03-04 00:42:14.317;TRF;1;0;0;;1
2025-03-04 00:45:58.933;TRF;1;0;0;;1
2025-03-04 01:14:03.589;TRF;1;0;0;;1
2025-03-04 01:18:45.473;TRF;1;0;0;;1
2025-03-04 02:08:38.887;TRF;1;0;0;;1
2025-03-04 02:09:45.037;TRF;1;0;0;;1
2025-03-04 02:28:55.163;TRF;1;0;0;;1
2025-03-04 02:32:38.856;TRF;1;0;0;;1
2025-03-04 02:01:29.052;TRF;1;1;233;;1
2025-03-04 03:39:08.605;TRF;1;0;0;;1
2025-03-04 03:40:49.388;TRF;1;0;0;;1
2025-03-04 04:56:00.022;TRF;1;0;0;;1
2025-03-04 04:54:26.390;TRF;1;0;0;;1
2025-03-04 04:32:35.763;TRF;1;0;0;;1
2025-03-04 04:28:46.065;TRF;1;0;0;;1
2025-03-04 04:27:06.906;TRF;1;0;0;;1
2025-03-04 04:26:00.938;TRF;1;0;0;;1
2025-03-04 03:52:02.905;TRF;1;1;221;;1
2025-03-04 06:13:45.311;TRF;1;0;0;;1
2025-03-04 06:23:17.680;TRF;1;0;0;;1
2025-03-04 06:24:12.319;TRF;1;0;0;;1
2025-03-04 06:42:16.428;TRF;1;0;0;;1
2025-03-04 06:55:31.512;TRF;1;0;0;;1
2025-03-04 06:59:35.809;TRF;1;0;0;;1
2025-03-04 07:06:15.452;TRF;1;0;0;;1
2025-03-04 07:09:09.489;TRF;1;0;0;;1
2025-03-04 07:10:27.564;TRF;1;0;0;;1
2025-03-04 07:10:31.314;TRF;1;0;0;;1
2025-03-04 07:11:42.196;TRF;1;0;0;;1
2025-03-04 07:11:44.058;TRF;1;0;0;;1
2025-03-04 07:12:09.296;TRF;1;0;0;;1
2025-03-04 07:14:58.997;TRF;1;0;0;;1
2025-03-04 08:42:33.013;TRF;1;0;0;;1
2025-03-04 08:55:40.159;TRF;1;0;0;;1
2025-03-04 11:34:11.432;TRF;1;0;0;;1
2025-03-04 05:52:55.183;TRF;1;0;0;;1
2025-03-04 12:20:58.597;TRF;1;0;0;;1
2025-03-04 17:13:02.609;TRF;1;0;0;;1
2025-03-04 18:47:47.462;TRF;1;0;0;;1
2025-03-04 18:49:32.154;TRF;1;0;0;;1
2025-03-04 17:59:18.192;TRF;1;1;218;;1
2025-03-04 18:10:09.686;TRF;1;1;173;;1
2025-03-05 06:39:23.189;TRF;1;0;0;;1
2025-03-05 07:27:50.365;TRF;1;0;0;;1
2025-03-05 12:20:15.801;TRF;1;0;0;;1
2025-03-05 13:03:39.707;TRF;1;0;0;;1
2025-03-05 15:10:42.699;TRF;1;0;0;;1
2025-03-05 16:10:58.435;TRF;1;0;0;;1
2025-03-05 17:11:23.460;TRF;1;0;0;;1
2025-03-05 17:50:37.955;TRF;1;0;0;;1
2025-03-05 18:35:29.360;TRF;1;0;0;;1
2025-03-05 18:36:13.012;TRF;1;0;0;;1
2025-03-05 18:39:25.731;TRF;1;0;0;;1
2025-03-05 18:35:28.772;TRF;1;1;175;;1
2025-03-06 02:39:22.685;TRF;1;0;0;;1
2025-03-06 07:35:06.806;TRF;1;0;0;;1
2025-03-06 12:22:02.613;TRF;1;0;0;;1
2025-03-06 12:59:29.475;TRF;1;0;0;;1
2025-03-06 15:47:28.702;TRF;1;0;0;;1
2025-03-06 16:55:17.876;TRF;1;0;0;;1
2025-03-06 17:21:31.649;TRF;1;0;0;;1
2025-03-06 17:23:59.579;TRF;1;0;0;;1
2025-03-06 17:25:19.712;TRF;1;0;0;;1
2025-03-06 17:49:51.883;TRF;1;0;0;;1
2025-03-06 19:22:21.020;TRF;1;0;0;;1
2025-03-07 07:27:46.112;TRF;1;0;0;;1
2025-03-07 10:44:29.450;TRF;1;0;0;;1
2025-03-07 10:56:31.887;TRF;1;0;0;;1
2025-03-07 12:32:23.709;TRF;1;0;0;;1
2025-03-07 12:55:01.357;TRF;1;0;0;;1
2025-03-07 12:57:50.986;TRF;1;0;0;;1
2025-03-07 13:30:28.902;TRF;1;0;0;;1
2025-03-07 19:09:16.721;TRF;1;0;0;;1
2025-03-08 07:31:40.936;TRF;1;0;0;;1
2025-03-08 09:11:03.011;TRF;1;0;0;;1
2025-03-08 09:11:04.618;TRF;1;0;0;;1
2025-03-08 10:45:54.079;TRF;1;0;0;;1
2025-03-08 10:45:57.692;TRF;1;0;0;;1
2025-03-08 10:47:47.325;TRF;1;0;0;;1
2025-03-08 10:47:49.993;TRF;1;0;0;;1
2025-03-08 10:48:13.229;TRF;1;1;190;;1
2025-03-08 10:48:15.777;TRF;1;0;0;;1
2025-03-08 11:37:14.015;TRF;1;0;0;;1
2025-03-08 11:49:34.269;TRF;1;0;0;;1
2025-03-08 12:07:53.929;TRF;1;0;0;;1
2025-03-08 23:50:55.605;TRF;1;0;0;;1
2025-03-08 23:52:39.006;TRF;1;0;0;;1
2025-03-08 22:04:34.248;TRF;1;0;0;;1
2025-03-08 22:05:19.469;TRF;1;0;0;;1
2025-03-08 19:58:12.161;TRF;1;1;201;;1
2025-03-08 19:53:27.784;TRF;1;0;0;;1
2025-03-08 19:25:03.863;TRF;1;0;0;;1
2025-03-08 19:24:21.763;TRF;1;0;0;;1
2025-03-08 18:56:29.210;TRF;1;0;0;;1
2025-03-08 18:10:28.989;TRF;1;0;0;;1
2025-03-08 17:56:23.976;TRF;1;0;0;;1
2025-03-08 17:54:19.400;TRF;1;0;0;;1
2025-03-08 17:54:19.988;TRF;1;1;214;;1
2025-03-08 17:02:34.835;TRF;1;1;177;;1
2025-03-09 00:36:30.810;TRF;1;0;0;;1
2025-03-09 00:36:57.060;TRF;1;0;0;;1
2025-03-09 00:39:20.843;TRF;1;1;228;;1
2025-03-09 01:09:54.648;TRF;1;0;0;;1
2025-03-09 01:12:38.711;TRF;1;0;0;;1
2025-03-09 05:25:42.474;TRF;1;0;0;;2
2025-03-09 05:25:44.474;TRF;1;0;0;;2
2025-03-09 07:59:22.259;TRF;1;0;0;;2
2025-03-09 08:04:50.240;TRF;1;0;0;;2
2025-03-09 09:07:10.027;TRF;1;0;0;;2
2025-03-09 10:43:43.330;TRF;1;0;0;;2
2025-03-09 11:04:30.196;TRF;1;1;175;;1
2025-03-09 12:02:15.350;TRF;1;0;0;;1
2025-03-09 12:26:26.611;TRF;1;0;0;;1
2025-03-09 13:03:51.964;TRF;1;0;0;;1
2025-03-09 13:08:22.355;TRF;1;0;0;;1
2025-03-09 13:44:56.650;TRF;1;0;0;;1
2025-03-09 14:06:02.768;TRF;1;0;0;;1
2025-03-09 14:18:49.557;TRF;1;0;0;;1
2025-03-09 17:04:15.798;TRF;1;0;0;;1
2025-03-09 20:06:50.179;TRF;1;0;0;;1
2025-03-09 23:48:29.653;TRF;1;0;0;;1
2025-03-09 23:51:22.552;TRF;1;0;0;;1
2025-03-10 05:22:33.643;TRF;1;0;0;;1
2025-03-10 05:24:23.640;TRF;1;0;0;;1
2025-03-10 05:25:51.512;TRF;1;0;0;;1
2025-03-10 05:37:05.042;TRF;1;0;0;;1
2025-03-10 06:09:18.949;TRF;1;0;0;;1
2025-03-10 06:09:44.284;TRF;1;0;0;;1
2025-03-10 06:11:58.463;TRF;1;0;0;;1
2025-03-10 06:19:24.888;TRF;1;0;0;;1
2025-03-10 06:24:19.842;TRF;1;0;0;;1
2025-03-10 06:57:53.739;TRF;1;0;0;;1
2025-03-10 07:01:32.928;TRF;1;0;0;;1
2025-03-10 07:32:13.287;TRF;1;0;0;;1
2025-03-10 07:48:27.478;TRF;1;0;0;;1
2025-03-10 08:15:42.498;TRF;1;0;0;;1
2025-03-10 12:42:23.374;TRF;1;0;0;;1
2025-03-10 13:04:46.305;TRF;1;0;0;;1
2025-03-10 13:08:40.629;TRF;1;0;0;;1
2025-03-10 13:11:22.845;TRF;1;0;0;;1
2025-03-10 13:46:22.436;TRF;1;0;0;;1
2025-03-10 15:23:16.929;TRF;1;0;0;;1
2025-03-10 15:25:02.932;TRF;1;0;0;;1
2025-03-10 16:17:38.848;TRF;1;0;0;;1
2025-03-10 16:18:54.236;TRF;1;0;0;;1
2025-03-10 18:24:27.129;TRF;1;0;0;;1
2025-03-10 19:09:50.153;TRF;1;0;0;;1
2025-03-10 21:27:19.166;TRF;1;0;0;;1
2025-03-10 21:09:57.574;TRF;1;0;0;;1
2025-03-10 21:30:16.999;TRF;1;0;0;;1
2025-03-10 21:39:04.439;TRF;1;0;0;;1
2025-03-10 21:48:36.526;TRF;1;0;0;;1
2025-03-10 21:49:03.708;TRF;1;0;0;;1
2025-03-10 21:55:17.937;TRF;1;0;0;;1
2025-03-10 21:59:49.663;TRF;1;0;0;;1
2025-03-10 22:08:23.373;TRF;1;0;0;;1
2025-03-10 19:18:45.634;TRF;1;1;192;;1
2025-03-11 00:09:05.936;TRF;1;0;0;;2
2025-03-11 07:31:29.895;TRF;1;0;0;;1
2025-03-11 07:31:36.175;TRF;1;0;0;;1
2025-03-11 08:00:17.643;TRF;1;0;0;;1
2025-03-11 08:07:42.507;TRF;1;0;0;;1
2025-03-11 09:21:36.522;TRF;1;0;0;;1
2025-03-11 12:16:36.477;TRF;1;0;0;;1
2025-03-11 12:37:00.192;TRF;1;0;0;;1
2025-03-11 17:20:53.331;TRF;1;0;0;;1
2025-03-11 18:57:40.635;TRF;1;0;0;;1
2025-03-11 23:34:18.455;TRF;1;0;0;;1
2025-03-11 23:35:39.656;TRF;1;0;0;;1
2025-03-11 19:02:46.093;TRF;1;1;173;;1
2025-03-12 00:35:59.246;TRF;1;0;0;;1
2025-03-12 03:57:05.733;TRF;1;0;0;;1
2025-03-12 03:57:39.610;TRF;1;0;0;;1
2025-03-12 02:01:40.481;TRF;1;0;0;;1
2025-03-12 02:00:56.670;TRF;1;0;0;;1
2025-03-12 00:36:42.831;TRF;1;1;204;;1
2025-03-12 07:01:07.125;TRF;1;0;0;;1
2025-03-12 07:02:39.126;TRF;1;0;0;;1
2025-03-12 08:10:12.474;TRF;1;0;0;;1
2025-03-12 08:45:32.603;TRF;1;0;0;;1
2025-03-12 09:00:01.487;TRF;1;0;0;;1
2025-03-12 09:00:53.436;TRF;1;0;0;;1
2025-03-12 09:29:44.347;TRF;1;0;0;;1
2025-03-12 09:31:45.171;TRF;1;0;0;;1
2025-03-12 09:46:20.501;TRF;1;0;0;;1
2025-03-12 11:18:54.530;TRF;1;0;0;;1
2025-03-12 23:40:15.703;TRF;1;0;0;;1
2025-03-12 23:38:52.959;TRF;1;0;0;;1
2025-03-12 16:38:43.038;TRF;1;1;175;;1
2025-03-12 18:12:34.445;TRF;1;1;179;;1
2025-03-13 01:10:34.263;TRF;1;0;0;;1
2025-03-13 01:11:19.277;TRF;1;0;0;;1
2025-03-13 01:49:22.035;TRF;1;0;0;;1
2025-03-13 01:50:23.298;TRF;1;0;0;;1
2025-03-13 02:34:48.481;TRF;1;0;0;;1
2025-03-13 02:35:49.797;TRF;1;0;0;;1
2025-03-13 06:59:53.901;TRF;1;0;0;;1
2025-03-13 07:00:29.700;TRF;1;0;0;;1
2025-03-13 07:02:13.520;TRF;1;0;0;;1
2025-03-13 05:58:05.036;TRF;1;0;0;;1
2025-03-13 07:26:50.191;TRF;1;0;0;;1
2025-03-13 08:28:40.045;TRF;1;0;0;;1
2025-03-13 18:26:51.474;TRF;1;0;0;;1
2025-03-13 18:40:20.100;TRF;1;0;0;;1
2025-03-13 18:52:15.741;TRF;1;0;0;;1
2025-03-13 18:52:55.837;TRF;1;0;0;;1
2025-03-13 19:00:29.069;TRF;1;0;0;;1
2025-03-13 18:41:28.612;TRF;1;0;0;;1
2025-03-13 19:04:27.292;TRF;1;0;0;;1
2025-03-13 19:05:12.111;TRF;1;0;0;;1
2025-03-13 19:14:51.526;TRF;1;0;0;;1
2025-03-13 19:14:56.758;TRF;1;0;0;;1
2025-03-13 19:22:03.702;TRF;1;0;0;;1
2025-03-13 19:15:48.404;TRF;1;0;0;;1
2025-03-13 20:08:36.335;TRF;1;0;0;;1
2025-03-13 20:09:36.036;TRF;1;0;0;;1
2025-03-13 19:37:46.808;TRF;1;0;0;;1
2025-03-13 20:09:37.408;TRF;1;0;0;;1
2025-03-13 20:12:07.405;TRF;1;0;0;;1
2025-03-13 20:13:07.022;TRF;1;0;0;;1
2025-03-13 20:14:56.960;TRF;1;0;0;;1
2025-03-13 20:18:20.267;TRF;1;0;0;;1
2025-03-13 20:44:56.191;TRF;1;0;0;;1
2025-03-13 20:45:34.985;TRF;1;0;0;;1
2025-03-13 22:35:12.165;TRF;1;0;0;;1
2025-03-13 22:36:50.123;TRF;1;0;0;;1
2025-03-13 23:03:42.935;TRF;1;0;0;;1
2025-03-13 23:01:47.142;TRF;1;0;0;;1
2025-03-13 23:44:07.714;TRF;1;0;0;;1
2025-03-13 23:45:05.715;TRF;1;0;0;;1
2025-03-13 21:40:01.123;TRF;1;1;239;;1
2025-03-13 13:30:59.789;TRF;1;0;0;;1
2025-03-13 12:05:00.597;TRF;1;0;0;;1
2025-03-13 12:05:02.377;TRF;1;1;186;;1
2025-11-01 00:40:29.824;TRF;1;0;0;;1
2025-11-01 00:41:01.026;TRF;1;0;0;;1
2025-11-01 08:27:31.432;TRF;1;0;0;;1
2025-11-01 09:14:39.279;TRF;1;0;0;;1
2025-11-01 09:16:39.921;TRF;1;0;0;;1
2025-11-01 09:58:41.340;TRF;1;0;0;;1
2025-11-01 10:02:54.040;TRF;1;0;0;;1
2025-11-01 10:38:37.665;TRF;1;0;0;;1
2025-11-01 10:40:28.772;TRF;1;0;0;;1
2025-11-01 10:40:33.311;TRF;1;0;0;;1
2025-11-01 10:42:21.664;TRF;1;0;0;;1
2025-11-01 12:22:23.843;TRF;1;0;0;;1
2025-11-01 12:22:32.469;TRF;1;0;0;;1
2025-11-01 12:22:39.091;TRF;1;0;0;;1
2025-11-01 12:23:32.402;TRF;1;0;0;;1
2025-11-01 12:24:00.703;TRF;1;0;0;;1
2025-11-01 12:24:19.071;TRF;1;0;0;;1
2025-11-01 12:27:13.306;TRF;1;0;0;;1
2025-11-01 12:27:15.560;TRF;1;0;0;;1
2025-11-01 12:33:17.090;TRF;1;0;0;;1
2025-11-01 12:24:16.865;TRF;1;1;325;;1
2025-11-01 12:27:20.046;TRF;1;1;173;;1
2025-11-01 13:15:29.899;TRF;1;0;0;;1
2025-11-01 13:15:32.633;TRF;1;1;244;;1
2025-11-01 13:17:40.649;TRF;1;0;0;;1
2025-11-01 13:17:44.274;TRF;1;0;0;;1
2025-11-01 13:35:32.198;TRF;1;0;0;;1
2025-11-01 13:38:46.284;TRF;1;0;0;;1
2025-11-01 13:38:51.036;TRF;1;0;0;;1
2025-11-01 13:58:57.742;TRF;1;0;0;;1
2025-11-01 13:58:59.830;TRF;1;0;0;;1
2025-11-01 13:59:05.670;TRF;1;0;0;;1
2025-11-01 15:19:33.689;TRF;1;0;0;;1
2025-11-01 15:22:15.262;TRF;1;0;0;;1
2025-11-01 15:22:17.703;TRF;1;0;0;;1
2025-11-01 15:22:19.496;TRF;1;0;0;;1
2025-11-01 15:24:20.226;TRF;1;0;0;;1
2025-11-01 15:39:58.725;TRF;1;0;0;;1
2025-11-01 15:45:40.851;TRF;1;0;0;;1
2025-11-01 15:48:02.154;TRF;1;0;0;;1
2025-11-01 15:48:04.222;TRF;1;0;0;;1
2025-11-01 16:20:31.508;TRF;1;0;0;;1
2025-11-01 16:28:25.907;TRF;1;0;0;;1
2025-11-01 17:26:19.879;TRF;1;0;0;;1
2025-11-01 17:50:45.542;TRF;1;0;0;;1
2025-11-01 17:50:45.542;TRF;1;0;0;;1
2025-11-01 17:50:55.925;TRF;1;0;0;;1
2025-11-01 17:51:24.553;TRF;1;0;0;;1
2025-11-01 17:52:08.565;TRF;1;0;0;;1
2025-11-01 17:52:31.408;TRF;1;0;0;;1
2025-11-01 18:13:14.566;TRF;1;0;0;;1
2025-11-01 18:50:39.421;TRF;1;0;0;;1
2025-11-01 18:50:41.554;TRF;1;0;0;;1
2025-11-01 18:57:55.707;TRF;1;0;0;;1
2025-11-01 18:59:58.093;TRF;1;0;0;;1
2025-11-01 19:03:55.862;TRF;1;0;0;;1
2025-11-01 19:05:45.000;TRF;1;0;0;;1
2025-11-01 19:06:34.488;TRF;1;0;0;;1
2025-11-01 19:17:19.309;TRF;1;0;0;;1
2025-11-01 19:18:41.162;TRF;1;0;0;;1
2025-11-01 19:48:25.071;TRF;1;0;0;;1
2025-11-01 16:28:26.201;TRF;1;1;168;;1
2025-11-02 08:09:19.053;TRF;1;1;228;;1
2025-11-02 08:33:52.296;TRM;1;1;490;;1
2025-11-02 09:18:16.758;TRF;1;0;0;;1
2025-11-02 09:42:53.525;TRF;1;0;0;;1
2025-11-02 09:42:56.042;TRF;1;0;0;;1
2025-11-02 10:16:12.029;TRF;1;0;0;;1
2025-11-02 10:23:09.525;TRF;1;0;0;;1
2025-11-02 10:17:15.081;TRF;1;0;0;;1
2025-11-02 10:25:14.579;TRF;1;0;0;;1
2025-11-02 10:31:05.202;TRF;1;0;0;;1
2025-11-02 23:08:56.405;TRF;1;1;215;;1
2025-11-02 23:03:33.148;TRF;1;1;223;;1
2025-11-02 22:58:54.498;TRF;1;0;0;;1
2025-11-02 22:58:44.026;TRF;1;0;0;;1
2025-11-02 19:48:26.239;TRF;1;1;217;;1
2025-11-02 19:48:23.897;TRF;1;0;0;;1
2025-11-02 19:45:11.628;TRF;1;0;0;;1
2025-11-02 19:41:18.518;TRF;1;0;0;;1
2025-11-02 19:40:52.396;TRF;1;0;0;;1
2025-11-02 19:36:29.938;TRF;1;0;0;;1
2025-11-02 19:33:05.488;TRF;1;0;0;;1
2025-11-02 19:28:39.961;TRF;1;0;0;;1
2025-11-02 19:28:37.329;TRF;1;0;0;;1
2025-11-02 19:24:26.502;TRF;1;0;0;;1
2025-11-02 19:24:20.550;TRF;1;0;0;;1
2025-11-02 19:21:29.571;TRF;1;0;0;;1
2025-11-02 18:03:46.948;TRF;1;1;236;;1
2025-11-02 17:56:13.209;TRF;1;1;218;;1
2025-11-02 17:18:18.206;TRF;1;1;221;;1
2025-11-02 16:55:27.572;TRF;1;0;0;;1
2025-11-02 16:54:29.921;TRF;1;0;0;;1
2025-11-02 16:46:36.666;TRF;1;0;0;;1
2025-11-02 16:41:35.461;TRF;1;1;196;;1
2025-11-02 16:41:19.160;TRF;1;0;0;;1
2025-11-02 16:41:10.078;TRF;1;0;0;;1
2025-11-02 16:40:37.793;TRF;1;0;0;;1
2025-11-02 16:34:07.215;TRF;1;1;186;;1
2025-11-02 16:34:01.762;TRF;1;0;0;;1
2025-11-02 16:32:55.694;TRF;1;1;188;;1
2025-11-02 16:31:08.000;TRF;1;0;0;;1
2025-11-02 16:15:40.062;TRF;1;1;385;;1
2025-11-02 15:57:26.111;TRF;1;0;0;;1
2025-11-02 15:55:32.396;TRF;1;0;0;;1
2025-11-02 15:53:06.176;TRF;1;0;0;;1
2025-11-02 15:44:20.712;TRF;1;1;202;;1
2025-11-02 15:26:00.362;TRF;1;0;0;;1
2025-11-02 14:45:19.080;TRF;1;1;214;;1
2025-11-02 14:43:58.951;TRF;1;0;0;;1
2025-11-02 14:43:52.985;TRF;1;0;0;;1
2025-11-02 14:20:48.725;TRF;1;1;205;;1
2025-11-02 14:20:39.781;TRF;1;0;0;;1
2025-11-02 14:18:41.009;TRF;1;1;316;;1
2025-11-02 14:18:08.624;TRF;1;0;0;;1
2025-11-02 14:17:33.858;TRF;1;0;0;;1
2025-11-02 14:06:17.835;TRF;1;1;251;;1
2025-11-02 14:06:14.494;TRF;1;0;0;;1
2025-11-02 13:32:54.638;TRF;1;1;251;;1
2025-11-02 13:32:50.638;TRF;1;0;0;;1
2025-11-02 13:32:50.638;TRF;1;0;0;;1
2025-11-02 13:32:50.638;TRF;1;0;0;;1
2025-11-02 13:02:48.521;TRF;1;0;0;;1
2025-11-02 12:58:23.515;TRF;1;1;308;;1
2025-11-02 12:44:45.894;TRF;1;1;206;;1
2025-11-02 12:44:01.456;TRF;1;0;0;;1
2025-11-02 12:40:35.003;TRF;1;0;0;;1
2025-11-02 12:40:13.007;TRF;1;0;0;;1
2025-11-02 12:40:07.087;TRF;1;0;0;;1
2025-11-02 12:33:34.559;TRF;1;0;0;;1
2025-11-02 12:20:18.822;TRF;1;0;0;;1
2025-11-02 12:20:48.184;TRF;1;0;0;;1
2025-11-02 12:20:58.188;TRF;1;0;0;;1
2025-11-02 12:20:59.118;TRF;1;1;209;;1
2025-11-02 12:11:18.085;TRF;1;1;359;;1
2025-11-02 12:11:10.820;TRF;1;0;0;;1
2025-11-02 12:06:11.228;TRF;1;0;0;;1
2025-11-02 12:05:19.892;TRF;1;0;0;;1
2025-11-02 12:04:59.372;TRF;1;0;0;;1
2025-11-02 11:58:38.238;TRF;1;1;221;;1
2025-11-02 11:48:53.104;TRF;1;1;241;;1
2025-11-02 11:36:00.471;TRF;1;0;0;;1
2025-11-02 11:32:34.470;TRF;1;1;172;;1
2025-11-02 11:05:44.482;TRF;1;1;235;;1
2025-11-02 11:05:22.821;TRF;1;0;0;;1
2025-11-03 07:19:21.751;TRF;1;0;0;;1
2025-11-03 07:19:23.997;TRF;1;0;0;;1
2025-11-03 07:49:11.613;TRF;1;0;0;;1
2025-11-03 07:50:10.410;TRF;1;0;0;;1
2025-11-03 08:21:44.297;TRF;1;0;0;;1
2025-11-03 08:21:47.651;TRF;1;0;0;;1
2025-11-03 08:21:51.818;TRF;1;0;0;;1
2025-11-03 08:22:09.288;TRF;1;0;0;;1
2025-11-03 08:27:30.943;TRF;1;0;0;;1
2025-11-03 08:27:43.151;TRF;1;0;0;;1
2025-11-03 08:27:45.525;TRF;1;0;0;;1
2025-11-03 08:27:48.895;TRF;1;0;0;;1
2025-11-03 08:30:59.735;TRF;1;0;0;;1
2025-11-03 09:15:04.257;TRF;1;0;0;;1
2025-11-03 09:18:34.043;TRF;1;0;0;;1
2025-11-03 10:45:22.128;TRF;1;0;0;;1
2025-11-03 10:47:59.232;TRF;1;0;0;;1
2025-11-03 11:47:49.439;TRF;1;0;0;;1
2025-11-03 11:47:52.917;TRF;1;1;275;;1
2025-11-03 12:26:20.307;TRF;1;0;0;;1
2025-11-03 12:26:22.575;TRF;1;1;246;;1
2025-11-22 05:15:08.348;TRF;1;0;0;;1
2025-11-22 05:15:30.744;TRF;1;0;0;;1
2025-11-22 08:03:34.480;TRF;1;0;0;;1
2025-11-22 08:04:30.852;TRF;1;1;283;;1
2025-11-22 08:26:16.547;TRF;1;0;0;;1
2025-11-22 10:30:07.227;TRF;1;1;295;;1
2025-11-22 12:51:49.539;TRF;1;1;242;;1
2025-11-22 13:04:52.268;TRF;1;1;306;;1
2025-11-22 14:00:56.490;TRF;1;1;257;;1
2025-11-22 14:04:45.083;TRF;1;0;0;;1
2025-11-22 14:05:31.443;TRF;1;0;0;;1
2025-11-22 14:52:51.949;TRF;1;0;0;;1
2025-11-22 15:00:18.123;TRF;1;0;0;;1
2025-11-22 15:09:03.733;TRF;1;0;0;;1
2025-11-22 15:09:09.148;TRF;1;0;0;;1
2025-11-22 15:09:14.831;TRF;1;0;0;;1
2025-11-22 15:29:58.083;TRF;1;0;0;;1
2025-11-22 15:30:33.275;TRF;1;0;0;;1
2025-11-22 15:30:44.278;TRF;1;0;0;;1
2025-11-22 15:31:05.824;TRF;1;0;0;;1
2025-11-22 15:31:14.519;TRF;1;0;0;;1
2025-11-22 15:34:37.393;TRF;1;0;0;;1
2025-11-22 15:40:34.002;TRF;1;0;0;;1
2025-11-22 15:40:41.477;TRF;1;0;0;;1
2025-11-22 15:48:42.346;TRF;1;0;0;;1
2025-11-22 15:49:02.956;TRF;1;0;0;;1
2025-11-22 15:49:16.976;TRF;1;0;0;;1
2025-11-22 15:48:41.396;TRF;1;1;214;;1
2025-11-22 15:49:35.721;TRF;1;0;0;;1
2025-11-22 15:50:48.692;TRF;1;0;0;;1
2025-11-22 15:55:30.497;TRF;1;0;0;;1
2025-11-22 15:56:41.182;TRF;1;0;0;;1
2025-11-22 16:04:40.435;TRF;1;0;0;;1
2025-11-22 16:05:11.142;TRF;1;0;0;;1
2025-11-22 16:10:47.262;TRF;1;0;0;;1
2025-11-22 16:21:03.743;TRF;1;0;0;;1
2025-11-22 17:10:23.712;TRF;1;1;304;;1
2025-11-22 17:19:23.270;TRF;1;0;0;;1
2025-11-22 17:48:14.855;TRF;1;0;0;;1
2025-11-22 17:52:33.158;TRF;1;0;0;;1
2025-11-22 17:52:51.911;TRF;1;0;0;;1
2025-11-22 17:58:28.168;TRF;1;0;0;;1
2025-11-22 17:59:44.966;TRF;1;0;0;;1
2025-11-22 17:59:48.269;TRF;1;0;0;;1
2025-11-22 18:51:54.252;TRF;1;0;0;;1
2025-11-22 18:51:57.903;TRF;1;0;0;;1
2025-11-22 18:52:37.857;TRF;1;0;0;;1
2025-11-22 18:52:43.508;TRF;1;0;0;;1
2025-11-22 18:54:49.457;TRF;1;0;0;;1
2025-11-26 00:18:34.163;TRF;1;0;0;;1
2025-11-26 00:51:56.295;TRF;1;0;0;;1
2025-11-26 01:42:21.553;TRF;1;0;0;;1
2025-11-26 01:42:17.803;TRF;1;0;0;;1
2025-11-26 01:43:29.419;TRF;1;0;0;;1
2025-11-26 01:44:51.044;TRF;1;0;0;;1
2025-11-26 01:45:20.152;TRF;1;0;0;;1
2025-11-26 02:38:01.298;TRF;1;0;0;;1
2025-11-26 03:41:21.710;TRF;1;0;0;;1
2025-11-26 03:43:04.247;TRF;1;0;0;;1
2025-11-26 03:53:34.518;TRF;1;0;0;;1
2025-11-26 04:08:22.527;TRF;1;0;0;;1
2025-11-26 04:14:46.232;TRF;1;0;0;;1
2025-11-26 04:38:19.699;TRF;1;0;0;;1
2025-11-26 04:38:40.253;TRF;1;0;0;;1
2025-11-26 04:47:52.361;TRF;1;0;0;;1
2025-11-26 04:46:20.384;TRF;1;1;176;;1
2025-11-26 04:47:52.655;TRF;1;0;0;;1
2025-11-26 04:48:12.935;TRF;1;0;0;;1
2025-11-26 05:20:50.297;TRF;1;0;0;;1
2025-11-26 05:20:56.795;TRF;1;0;0;;1
2025-11-26 05:21:58.286;TRF;1;0;0;;1
2025-11-26 06:06:26.075;TRF;1;0;0;;1
2025-11-26 06:06:30.975;TRF;1;0;0;;1
2025-11-26 06:06:33.971;TRF;1;0;0;;1
2025-11-26 06:33:02.107;TRF;1;1;0;;1
2025-11-26 06:34:37.635;TRF;1;1;0;;1
2025-11-26 06:35:41.551;TRF;1;1;0;;1
2025-11-26 08:10:00.662;TRF;1;1;0;;1
2025-11-26 08:15:22.516;TRF;1;1;0;;1
2025-11-26 08:53:17.588;TRF;1;1;0;;1
2025-11-26 08:54:11.088;TRF;1;1;0;;1
2025-11-26 08:58:02.005;TRF;1;1;0;;1
2025-11-26 09:43:19.623;TRF;1;0;0;;1
2025-11-26 09:46:26.125;TRF;1;0;0;;1
2025-11-26 10:17:21.741;TRF;1;0;0;;1
2025-11-26 10:18:20.954;TRF;1;0;0;;1
2025-11-26 17:43:00.130;TRF;1;1;273;;1
2025-11-26 17:28:22.499;TRF;1;0;0;;1
2025-11-26 17:13:37.090;TRF;1;0;0;;1
2025-11-26 16:56:07.089;TRF;1;1;251;;1
2025-11-26 16:51:05.437;TRF;1;1;237;;1
2025-11-26 15:09:51.027;TRF;1;1;255;;1
2025-11-26 14:42:28.688;TRF;1;0;0;;1
2025-11-26 14:39:27.217;TRF;1;0;0;;1
2025-11-26 14:34:20.395;TRF;1;1;242;;1
2025-11-26 14:13:39.531;TRF;1;0;0;;1
2025-11-26 14:10:24.714;TRF;1;0;0;;1
2025-11-26 14:07:51.909;TRF;1;0;0;;1
2025-11-26 13:45:41.805;TRF;1;0;0;;1
2025-11-26 13:34:44.965;TRF;1;0;0;;1
2025-11-26 13:33:34.024;TRF;1;0;0;;1
2025-11-26 13:02:08.268;TRF;1;0;0;;1
2025-11-26 13:01:18.272;TRF;1;0;0;;1
2025-11-26 11:50:20.471;TRF;1;1;284;;1
2025-03-14 00:09:50.930;TRF;1;0;0;;1
2025-03-14 00:11:00.537;TRF;1;0;0;;1
2025-03-14 00:37:34.580;TRF;1;0;0;;1
2025-03-14 00:38:46.810;TRF;1;0;0;;1
2025-03-14 00:48:51.915;TRF;1;0;0;;1
2025-03-14 00:49:55.288;TRF;1;0;0;;1
2025-03-14 01:13:52.204;TRF;1;0;0;;1
2025-03-14 01:15:57.397;TRF;1;0;0;;1
2025-03-14 01:49:23.465;TRF;1;0;0;;1
2025-03-14 01:50:42.471;TRF;1;0;0;;1
2025-03-14 01:57:14.212;TRF;1;0;0;;1
2025-03-14 02:10:44.061;TRF;1;0;0;;1
2025-03-14 02:18:26.626;TRF;1;0;0;;1
2025-03-14 02:19:33.659;TRF;1;0;0;;1
2025-03-14 03:35:02.880;TRF;1;0;0;;1
2025-03-14 03:38:05.506;TRF;1;0;0;;1
2025-03-14 03:55:18.972;TRF;1;0;0;;1
2025-03-14 03:58:05.634;TRF;1;0;0;;1
2025-03-14 04:39:14.234;TRF;1;0;0;;1
2025-03-14 02:37:20.638;TRF;1;0;0;;1
2025-03-14 08:28:25.422;TRF;1;0;0;;1
2025-03-14 06:36:03.493;TRF;1;0;0;;1
2025-03-14 05:20:13.152;TRF;1;0;0;;1
2025-03-14 05:18:33.210;TRF;1;0;0;;1
2025-03-14 04:43:09.984;TRF;1;1;237;;1
2025-03-14 18:52:44.345;TRF;1;0;0;;1
2025-03-14 19:03:21.157;TRF;1;0;0;;1
2025-03-14 23:59:36.436;TRF;1;0;0;;1
2025-03-14 23:54:44.858;TRF;1;0;0;;1
2025-03-14 23:36:50.684;TRF;1;1;229;;1
2025-03-14 23:11:37.266;TRF;1;0;0;;1
2025-03-14 23:08:23.865;TRF;1;0;0;;1
2025-03-14 22:59:12.310;TRF;1;1;272;;1
2025-03-14 22:39:48.897;TRF;1;0;0;;1
2025-03-14 22:35:45.321;TRF;1;0;0;;1
2025-03-14 22:13:41.432;TRF;1;0;0;;1
2025-03-14 22:12:47.353;TRF;1;0;0;;1
2025-03-14 21:03:20.113;TRF;1;0;0;;1
2025-03-14 21:01:57.568;TRF;1;0;0;;1
2025-03-14 19:13:07.305;TRF;1;0;0;;1
2025-03-14 19:13:02.343;TRF;1;0;0;;1
2025-03-14 19:11:23.191;TRF;1;0;0;;1
2025-03-14 19:04:56.853;TRF;1;0;0;;1
2025-03-14 19:03:21.449;TRF;1;0;0;;1
2025-03-14 18:52:44.417;TRF;1;0;0;;1
2025-03-15 23:55:39.622;TRF;1;0;0;;1
2025-03-15 23:51:17.245;TRF;1;0;0;;1
2025-03-15 23:31:39.806;TRF;1;0;0;;1
2025-03-15 23:30:05.660;TRF;1;0;0;;1
2025-03-15 22:46:56.254;TRF;1;1;240;;1
2025-03-15 22:03:34.402;TRF;1;1;236;;1
2025-03-15 21:22:25.305;TRF;1;0;0;;1
2025-03-15 21:21:55.379;TRF;1;0;0;;1
2025-03-15 20:24:01.147;TRF;1;0;0;;1
2025-03-15 20:23:35.869;TRF;1;0;0;;1
2025-03-15 19:52:49.601;TRF;1;1;263;;1
2025-03-15 19:16:46.977;TRF;1;1;199;;1
2025-03-15 19:08:17.034;TRF;1;0;0;;1
2025-03-15 19:04:09.083;TRF;1;0;0;;1
2025-03-15 19:03:46.625;TRF;1;0;0;;1
2025-03-15 18:41:29.377;TRF;1;0;0;;1
2025-03-15 07:24:56.992;TRF;1;0;0;;1
2025-03-15 07:01:19.408;TRF;1;0;0;;1
2025-03-15 06:43:40.927;TRF;1;0;0;;1
2025-03-15 06:42:32.340;TRF;1;0;0;;1
2025-03-15 06:41:25.445;TRF;1;0;0;;1
2025-03-15 06:27:49.845;TRF;1;0;0;;1
2025-03-15 06:24:30.133;TRF;1;0;0;;1
2025-03-15 05:51:49.222;TRF;1;0;0;;1
2025-03-15 05:48:05.625;TRF;1;0;0;;1
2025-03-15 05:06:36.122;TRF;1;0;0;;1
2025-03-15 05:04:25.261;TRF;1;0;0;;1
2025-03-15 04:44:00.780;TRF;1;0;0;;1
2025-03-15 04:05:54.855;TRF;1;0;0;;1
2025-03-15 04:02:39.616;TRF;1;0;0;;1
2025-03-15 03:39:03.509;TRF;1;0;0;;1
2025-03-15 03:36:51.985;TRF;1;0;0;;1
2025-03-15 03:22:58.652;TRF;1;1;242;;1
2025-03-15 02:56:43.387;TRF;1;0;0;;1
2025-03-15 02:55:01.888;TRF;1;0;0;;1
2025-03-15 02:49:56.256;TRF;1;1;211;;1
2025-03-15 02:41:53.140;TRF;1;0;0;;1
2025-03-15 02:41:53.067;TRF;1;0;0;;1
2025-03-15 02:39:59.087;TRF;1;0;0;;1
2025-03-15 02:19:53.015;TRF;1;0;0;;1
2025-03-15 02:02:26.458;TRF;1;0;0;;1
2025-03-15 02:02:15.768;TRF;1;0;0;;1
2025-03-15 01:17:38.578;TRF;1;0;0;;1
2025-03-15 01:12:51.842;TRF;1;0;0;;1
2025-03-15 01:12:42.531;TRF;1;0;0;;1
2025-03-15 00:29:15.999;TRF;1;0;0;;1
2025-03-15 00:28:16.804;TRF;1;0;0;;1
2025-03-15 00:22:23.575;TRF;1;0;0;;1
2025-03-15 00:11:16.714;TRF;1;1;235;;1
2025-03-16 23:46:15.580;TRF;1;0;0;;1
2025-03-16 23:20:54.370;TRF;1;0;0;;1
2025-03-16 23:20:11.945;TRF;1;0;0;;1
2025-03-16 22:42:44.179;TRF;1;0;0;;1
2025-03-16 22:15:41.875;TRF;1;0;0;;1
2025-03-16 20:06:09.620;TRF;1;0;0;;1
2025-03-16 19:59:41.236;TRF;1;0;0;;1
2025-03-16 19:32:24.293;TRF;1;0;0;;1
2025-03-16 19:28:45.212;TRF;1;0;0;;1
2025-03-16 19:21:41.595;TRF;1;0;0;;1
2025-03-16 19:21:18.869;TRF;1;0;0;;1
2025-03-16 19:13:08.723;TRF;1;1;222;;1
2025-03-16 19:05:17.640;TRF;1;0;0;;1
2025-03-16 18:56:53.527;TRF;1;0;0;;1
2025-03-16 18:56:40.109;TRF;1;0;0;;1
2025-03-16 18:53:36.623;TRF;1;0;0;;1
2025-03-16 08:32:05.358;TRF;1;0;0;;1
2025-03-16 07:12:08.553;TRF;1;0;0;;1
2025-03-16 07:10:57.361;TRF;1;0;0;;1
2025-03-16 03:26:03.604;TRF;1;0;0;;1
2025-03-16 03:17:20.839;TRF;1;0;0;;1
2025-03-16 02:57:59.601;TRF;1;0;0;;1
2025-03-16 02:31:57.051;TRF;1;1;258;;1
2025-03-16 02:21:40.752;TRF;1;0;0;;1
2025-03-16 02:21:40.824;TRF;1;0;0;;1
2025-03-16 02:12:46.495;TRF;1;0;0;;1
2025-03-16 02:10:14.911;TRF;1;0;0;;1
2025-03-16 02:06:21.339;TRF;1;0;0;;1
2025-03-16 01:42:44.018;TRF;1;0;0;;1
2025-03-16 01:28:41.799;TRF;1;0;0;;1
2025-03-16 01:09:59.894;TRF;1;0;0;;1
2025-03-16 01:08:47.185;TRF;1;0;0;;1
2025-03-16 01:03:58.622;TRF;1;0;0;;1
2025-03-16 01:01:28.624;TRF;1;0;0;;1
2025-03-16 00:53:16.197;TRF;1;0;0;;1
2025-03-16 00:52:53.748;TRF;1;0;0;;1
2025-03-16 00:14:07.274;TRF;1;1;236;;1
2025-03-16 00:07:36.483;TRF;1;0;0;;1
2025-03-16 00:04:25.460;TRF;1;0;0;;1
2025-03-17 23:35:08.952;TRF;1;1;173;;1
2025-03-17 23:32:15.240;TRF;1;0;0;;1
2025-03-17 23:32:07.940;TRF;1;0;0;;1
2025-03-17 23:13:42.292;TRF;1;0;0;;1
2025-03-17 23:11:49.526;TRF;1;0;0;;1
2025-03-17 22:18:55.053;TRF;1;0;0;;1
2025-03-17 22:18:09.382;TRF;1;0;0;;1
2025-03-17 19:33:04.114;TRF;1;1;230;;1
2025-03-17 19:31:23.245;TRF;1;0;0;;1
2025-03-17 19:30:20.450;TRF;1;0;0;;1
2025-03-17 19:29:58.615;TRF;1;0;0;;1
2025-03-17 19:15:20.897;TRF;1;0;0;;1
2025-03-17 19:08:08.199;TRF;1;0;0;;1
2025-03-17 18:43:12.251;TRF;1;0;0;;1
2025-03-17 18:38:18.930;TRF;1;0;0;;1
2025-03-17 18:32:05.745;TRF;1;0;0;;1
2025-03-17 07:06:47.057;TRF;1;0;0;;1
2025-03-17 04:47:30.841;TRF;1;0;0;;1
2025-03-17 03:16:03.367;TRF;1;0;0;;1
2025-03-17 03:06:57.083;TRF;1;0;0;;1
2025-03-17 02:56:40.716;TRF;1;0;0;;1
2025-03-17 02:43:10.254;TRF;1;0;0;;1
2025-03-17 02:06:52.354;TRF;1;1;225;;1
2025-03-17 01:42:20.005;TRF;1;0;0;;1
2025-03-17 00:50:24.571;TRF;1;0;0;;1
2025-03-17 00:45:56.168;TRF;1;0;0;;1
2025-03-17 00:09:01.975;TRF;1;0;0;;1
2025-03-18 23:11:05.722;TRF;1;0;0;;1
2025-03-18 23:10:26.420;TRF;1;0;0;;1
2025-03-18 18:48:29.449;TRF;1;1;215;;1
2025-03-18 09:25:39.534;TRF;1;0;0;;1
2025-03-18 09:23:42.699;TRF;1;0;0;;1
2025-03-18 07:00:32.801;TRF;1;0;0;;1
2025-03-18 06:52:56.601;TRF;1;0;0;;1
2025-03-18 06:08:43.004;TRF;1;0;0;;1
2025-03-18 06:08:38.831;TRF;1;0;0;;1
2025-03-18 06:06:32.692;TRF;1;0;0;;1
2025-03-18 05:51:38.331;TRF;1;0;0;;1
2025-03-18 05:25:14.647;TRF;1;0;0;;1
2025-03-18 05:10:59.951;TRF;1;0;0;;1
2025-03-18 04:53:47.714;TRF;1;0;0;;1
2025-03-18 04:47:17.849;TRF;1;0;0;;1
2025-03-18 04:44:23.953;TRF;1;0;0;;1
2025-03-18 04:44:13.759;TRF;1;0;0;;1
2025-03-18 04:32:57.820;TRF;1;0;0;;1
2025-03-18 00:51:47.479;TRF;1;0;0;;1
2025-03-18 00:31:17.052;TRF;1;0;0;;1
2025-03-18 00:17:23.426;TRF;1;0;0;;1
2025-03-20 21:47:05.545;TRF;1;0;0;;1
2025-03-20 21:46:41.933;TRF;1;0;0;;1
2025-03-20 19:22:43.807;TRF;1;1;182;;1
2025-03-20 07:40:07.455;TRF;1;0;0;;1
2025-03-20 06:40:47.259;TRF;1;0;0;;1
2025-03-20 06:36:08.338;TRF;1;0;0;;1
2025-03-20 05:24:01.717;TRF;1;0;0;;1
2025-03-20 05:22:54.918;TRF;1;0;0;;1
2025-03-20 03:16:23.981;TRF;1;0;0;;1
2025-03-20 02:53:51.544;TRF;1;0;0;;1
2025-03-20 02:53:17.293;TRF;1;0;0;;1
2025-03-20 01:34:41.509;TRF;1;0;0;;1
2025-03-20 01:33:44.169;TRF;1;0;0;;1
2025-03-20 00:26:32.454;TRF;1;1;253;;1
2025-03-20 00:25:27.549;TRF;1;0;0;;1
2025-03-20 00:24:43.360;TRF;1;0;0;;1
2025-03-21 21:54:42.155;TRF;1;1;192;;2
2025-03-21 10:04:03.820;TRF;1;0;0;;3
2025-03-21 06:57:36.161;TRF;1;0;0;;2
2025-03-22 07:38:32.967;TRF;1;0;0;;2
2025-03-22 07:58:49.011;TRF;1;0;0;;2
2025-03-22 08:28:16.125;TRF;1;0;0;;2
2025-03-22 17:30:55.979;TRF;1;0;0;;2
2025-03-22 18:47:07.164;TRF;1;1;214;;2
2025-03-23 07:28:48.576;TRF;1;0;0;;2
2025-03-23 17:01:49.874;TRF;1;0;0;;2
2025-03-23 18:04:32.906;TRF;1;0;0;;2
2025-03-23 18:07:12.468;TRF;1;0;0;;2
2025-03-24 05:57:27.230;TRF;1;0;0;;2
2025-03-24 06:04:44.048;TRF;1;0;0;;2
2025-03-24 06:06:05.206;TRF;1;0;0;;2
2025-03-24 06:17:26.404;TRF;1;0;0;;2
2025-03-24 07:02:28.036;TRF;1;0;0;;2
2025-03-24 22:35:47.109;TRF;1;0;0;;2
2025-03-24 19:18:44.585;TRF;1;0;0;;2
2025-03-24 15:48:35.114;TRM;1;1;405;;2
2025-03-25 07:00:37.194;TRF;1;0;0;;2
2025-03-25 19:38:07.445;TRF;1;0;0;;1
2025-03-25 18:50:33.912;TRF;1;0;0;;1
2025-03-25 23:38:54.788;TRF;1;0;0;;1
2025-03-25 23:39:07.638;TRF;1;0;0;;1
2025-03-25 19:41:11.366;TRF;1;1;217;;1
2025-03-26 06:30:53.751;TRF;1;0;0;;1
2025-03-26 06:31:58.085;TRF;1;0;0;;1
2025-03-26 06:34:30.466;TRF;1;0;0;;1
2025-03-26 06:54:27.012;TRF;1;0;0;;1
2025-03-26 07:03:42.058;TRF;1;0;0;;1
2025-03-26 18:19:11.018;TRF;1;0;0;;1
2025-03-26 18:34:58.607;TRF;1;0;0;;1
2025-03-26 19:01:59.257;TRF;1;0;0;;1
2025-03-26 22:52:31.608;TRF;1;0;0;;1
2025-03-26 22:53:19.551;TRF;1;0;0;;1
2025-03-26 23:44:38.190;TRF;1;0;0;;1
2025-03-26 23:47:09.121;TRF;1;0;0;;1
2025-03-26 23:48:21.241;TRF;1;0;0;;1
2025-03-26 23:55:41.091;TRF;1;0;0;;1
2025-03-27 00:54:07.815;TRF;1;0;0;;1
2025-03-27 00:56:55.768;TRF;1;0;0;;1
2025-03-27 01:06:33.842;TRF;1;0;0;;1
2025-03-27 01:07:13.354;TRF;1;0;0;;1
2025-03-27 03:20:05.606;TRF;1;0;0;;1
2025-03-27 03:21:40.315;TRF;1;0;0;;1
2025-03-27 04:43:34.746;TRF;1;0;0;;1
2025-03-27 04:45:20.875;TRF;1;0;0;;1
2025-03-27 06:31:12.057;TRF;1;0;0;;1
2025-03-27 06:39:29.684;TRF;1;0;0;;1
2025-03-27 06:54:22.643;TRF;1;0;0;;1
2025-03-27 06:58:35.219;TRF;1;0;0;;1
2025-03-27 17:09:12.370;TRF;1;0;0;;1
2025-03-27 17:17:39.336;TRF;1;0;0;;1
2025-03-27 17:17:56.755;TRF;1;0;0;;1
2025-03-27 18:46:08.627;TRF;1;0;0;;1
2025-03-27 18:50:16.866;TRF;1;0;0;;1
2025-03-27 19:39:54.400;TRF;1;0;0;;1
2025-03-27 19:39:55.433;TRF;1;1;200;;1
2025-03-28 06:47:01.858;TRF;1;0;0;;1
2025-03-28 07:23:43.584;TRF;1;0;0;;1
2025-03-28 16:27:33.665;TRF;1;0;0;;1
2025-03-28 16:27:36.293;TRF;1;0;0;;1
2025-03-28 16:27:40.353;TRF;1;0;0;;1
2025-03-28 16:33:52.077;TRF;1;0;0;;1
2025-03-28 16:34:54.682;TRF;1;0;0;;1
2025-03-28 16:37:54.601;TRF;1;0;0;;1
2025-03-28 16:38:04.151;TRF;1;0;0;;1
2025-03-28 16:38:07.257;TRF;1;0;0;;1
2025-03-28 16:38:20.874;TRF;1;0;0;;1
2025-03-28 16:39:41.267;TRF;1;0;0;;1
2025-03-28 18:58:12.775;TRF;1;1;233;;1
2025-03-28 18:30:57.788;TRF;1;0;0;;1
2025-03-28 18:07:57.644;TRF;1;0;0;;1
2025-03-28 17:01:27.997;TRF;1;0;0;;1
2025-03-28 16:48:21.228;TRF;1;0;0;;1
2025-03-28 16:45:50.598;TRF;1;0;0;;1
2025-03-28 16:42:58.729;TRF;1;0;0;;1
2025-03-28 16:42:47.291;TRF;1;0;0;;1
2025-03-28 16:41:40.761;TRF;1;0;0;;1
2025-03-28 16:41:20.184;TRF;1;0;0;;1
2025-03-28 16:39:58.523;TRF;1;1;272;;1
2025-03-29 07:02:31.643;TRF;1;0;0;;1
2025-03-29 16:02:26.527;TRF;1;0;0;;1
2025-03-29 16:06:16.266;TRF;1;0;0;;1
2025-03-29 22:04:29.602;TRF;1;0;0;;1
2025-03-29 22:06:13.070;TRF;1;0;0;;1
2025-04-03 20:27:00.924;TRF;1;0;0;;1
2025-03-29 23:29:25.414;TRF;1;1;214;;1
2025-03-30 20:09:58.875;TRF;1;0;0;;1
2025-03-30 20:24:04.643;TRF;1;0;0;;1
2025-03-30 20:29:34.698;TRF;1;1;228;;1
2025-03-31 07:39:10.102;TRF;1;0;0;;1
2025-03-31 19:45:42.894;TRF;1;0;0;;1
2025-03-31 19:52:10.481;TRF;1;0;0;;1
2025-03-31 20:28:45.296;TRF;1;0;0;;1
2025-03-31 21:29:42.828;TRF;1;0;0;;1
2025-03-31 21:30:34.174;TRF;1;0;0;;1
2025-03-31 21:51:19.753;TRF;1;0;0;;1
2025-03-31 21:52:17.319;TRF;1;0;0;;1
2025-03-31 22:21:20.859;TRF;1;0;0;;1
2025-03-31 22:26:11.043;TRF;1;0;0;;1
2025-03-31 22:34:58.640;TRF;1;0;0;;1
2025-03-31 22:35:27.954;TRF;1;0;0;;1
2025-03-31 22:39:55.008;TRF;1;0;0;;1
2025-03-31 22:44:14.009;TRF;1;0;0;;1
2025-03-31 22:52:37.527;TRF;1;0;0;;1
2025-03-31 22:52:45.173;TRF;1;0;0;;1
2025-03-31 22:55:00.511;TRF;1;0;0;;1
2025-03-31 22:55:07.427;TRF;1;0;0;;1
2025-03-31 23:15:25.273;TRF;1;0;0;;1
2025-03-31 23:19:16.236;TRF;1;0;0;;1
2025-03-31 23:21:05.482;TRF;1;0;0;;1
2025-03-31 23:28:38.295;TRF;1;0;0;;1
2025-03-31 23:32:00.105;TRF;1;0;0;;1
2025-03-31 23:40:19.622;TRF;1;0;0;;1
2025-03-31 22:35:27.589;TRF;1;1;186;;1
2025-04-02 07:18:09.245;TRF;1;0;0;;1
2025-04-02 07:27:38.851;TRF;1;0;0;;1
2025-04-02 07:48:09.623;TRF;1;0;0;;1
2025-04-02 07:58:33.731;TRF;1;0;0;;1
2025-04-02 19:54:54.006;TRF;1;0;0;;1
2025-04-02 20:02:24.278;TRF;1;0;0;;1
2025-04-02 20:12:00.229;TRF;1;0;0;;1
2025-04-02 21:08:19.893;TRF;1;0;0;;1
2025-04-03 07:44:36.522;TRF;1;0;0;;1
2025-04-03 16:30:25.763;TRF;1;0;0;;1
2025-04-03 16:30:34.736;TRF;1;0;0;;1
2025-04-03 16:37:15.764;TRF;1;0;0;;1
2025-04-03 17:16:46.200;TRF;1;0;0;;1
2025-04-03 20:10:05.774;TRF;1;0;0;;1
2025-04-03 20:13:18.808;TRF;1;0;0;;1
2025-04-03 20:23:26.343;TRF;1;0;0;;1
2025-04-04 02:03:33.443;TRF;1;0;0;;1
2025-04-04 07:36:59.607;TRF;1;0;0;;1
2025-04-04 13:36:52.268;TRF;1;0;0;;1
2025-04-04 13:41:59.438;TRF;1;0;0;;1
2025-04-04 15:47:29.016;TRF;1;0;0;;1
2025-04-04 17:24:20.286;TRF;1;0;0;;1
2025-04-04 18:27:14.596;TRF;1;0;0;;1
2025-04-04 19:15:27.247;TRF;1;0;0;;1
2025-04-04 19:19:59.699;TRF;1;0;0;;1
2025-04-04 23:46:46.121;TRF;1;0;0;;1
2025-04-05 07:30:20.940;TRF;1;0;0;;1
2025-04-05 07:54:01.633;TRF;1;0;0;;1
2025-04-05 19:50:18.150;TRF;1;0;0;;1
2025-04-05 19:52:33.382;TRF;1;0;0;;1
2025-04-05 20:07:02.024;TRF;1;0;0;;1
2025-04-05 20:57:50.583;TRF;1;0;0;;1
2025-04-06 07:46:43.764;TRF;1;0;0;;1
2025-04-06 07:36:51.904;TRF;1;0;0;;1
2025-04-06 07:28:41.656;TRF;1;0;0;;1
2025-04-06 07:25:52.580;TRF;1;0;0;;1
2025-04-06 00:13:55.992;TRF;1;0;0;;1
2025-04-06 18:12:46.655;TRF;1;0;0;;1
2025-04-06 18:15:52.855;TRF;1;0;0;;1
2025-04-06 18:54:38.584;TRF;1;0;0;;1
2025-04-06 18:58:36.902;TRF;1;0;0;;1
2025-04-06 19:01:37.658;TRF;1;0;0;;1
2025-04-06 19:42:38.242;TRF;1;0;0;;1
2025-04-06 19:45:38.127;TRF;1;0;0;;1
2025-04-06 20:21:31.278;TRF;1;0;0;;1
2025-04-06 20:27:59.026;TRF;1;0;0;;1
2025-04-06 20:31:34.450;TRF;1;0;0;;1
2025-04-06 20:40:58.560;TRF;1;0;0;;1
2025-04-07 07:35:24.125;TRF;1;0;0;;1
2025-04-07 18:36:26.354;TRF;1;0;0;;1
2025-04-07 18:41:48.058;TRF;1;0;0;;1
2025-04-07 20:34:26.794;TRF;1;0;0;;1
2025-04-07 20:36:37.409;TRF;1;0;0;;1
2025-04-07 21:12:54.196;TRF;1;0;0;;1
2025-04-07 22:43:12.388;TRF;1;0;0;;1
2025-04-08 00:43:17.468;TRF;1;0;0;;1
2025-04-08 04:54:15.109;TRF;1;0;0;;1
2025-04-08 07:37:02.403;TRF;1;0;0;;1
2025-04-08 20:00:35.397;TRF;1;0;0;;1
2025-04-08 20:29:57.773;TRF;1;0;0;;1
2025-04-08 20:33:54.774;TRF;1;0;0;;1
2025-04-09 07:18:25.814;TRF;1;0;0;;1
2025-04-09 07:29:07.484;TRF;1;0;0;;1
2025-04-09 17:45:28.087;TRF;1;0;0;;1
2025-04-09 19:34:40.448;TRF;1;0;0;;1
2025-04-09 21:04:40.236;TRF;1;0;0;;1
2025-04-11 07:57:30.462;TRF;1;0;0;;1
2025-04-09 21:13:47.537;TRF;1;1;184;;1
2025-04-10 07:21:27.308;TRF;1;0;0;;1
2025-04-10 07:43:57.173;TRF;1;0;0;;1
2025-04-10 07:57:19.748;TRF;1;0;0;;1
2025-04-10 07:57:21.388;TRF;1;0;0;;1
2025-04-10 08:00:59.161;TRF;1;0;0;;1
2025-04-10 08:09:06.214;TRF;1;0;0;;1
2025-04-10 08:12:58.553;TRF;1;0;0;;1
2025-04-10 08:14:00.246;TRF;1;0;0;;1
2025-04-10 18:46:09.763;TRF;1;0;0;;1
2025-04-10 19:37:04.077;TRF;1;0;0;;1
2025-04-10 19:41:12.225;TRF;1;0;0;;1
2025-04-10 19:56:12.012;TRF;1;0;0;;1
2025-04-10 19:56:19.926;TRF;1;0;0;;1
2025-04-10 19:58:03.340;TRF;1;0;0;;1
2025-04-10 21:58:53.832;TRF;1;0;0;;1
2025-04-10 22:00:56.912;TRF;1;0;0;;1
2025-04-11 02:36:23.134;TRF;1;0;0;;1
2025-04-11 07:13:55.966;TRF;1;0;0;;1
2025-04-11 08:09:54.001;TRF;1;0;0;;1
2025-04-11 20:09:37.724;TRF;1;0;0;;1
2025-04-11 20:15:39.843;TRF;1;0;0;;1
2025-04-11 20:31:15.376;TRF;1;0;0;;1
2025-04-11 20:25:35.173;TRF;1;0;0;;1
2025-04-11 20:16:38.760;TRF;1;1;203;;1
2025-04-11 20:32:25.461;TRF;1;1;159;;1
2025-04-12 00:56:10.082;TRF;1;0;0;;1
2025-04-12 01:20:09.534;TRF;1;0;0;;1
2025-04-12 02:57:35.971;TRF;1;0;0;;1
2025-04-12 02:59:25.122;TRF;1;0;0;;1
2025-04-12 07:22:47.776;TRF;1;0;0;;1
2025-04-12 07:47:05.945;TRF;1;0;0;;1
2025-04-12 09:21:18.941;TRF;1;0;0;;1
2025-04-12 16:21:08.813;TRF;1;0;0;;1
2025-04-12 16:21:55.273;TRF;1;0;0;;1
2025-04-12 16:21:59.219;TRF;1;0;0;;1
2025-04-12 18:06:42.853;TRF;1;0;0;;1
2025-04-12 18:17:37.624;TRF;1;0;0;;1
2025-04-12 19:09:32.328;TRF;1;0;0;;1
2025-04-12 19:13:05.547;TRF;1;0;0;;1
2025-04-12 19:26:13.262;TRF;1;0;0;;1
2025-04-12 19:37:06.958;TRF;1;0;0;;1
2025-04-13 04:31:12.039;TRF;1;0;0;;1
2025-04-13 04:31:14.820;TRF;1;0;0;;1
2025-04-13 07:42:08.145;TRF;1;0;0;;1
2025-04-13 07:48:03.107;TRF;1;0;0;;1
2025-04-13 08:04:04.002;TRF;1;0;0;;1
2025-04-13 18:35:05.633;TRF;1;0;0;;1
2025-04-14 04:09:54.318;TRF;1;0;0;;1
2025-04-14 05:05:08.638;TRF;1;0;0;;1
2025-04-14 05:09:12.283;TRF;1;0;0;;1
2025-04-14 07:17:51.912;TRF;1;0;0;;1
2025-04-14 07:46:12.531;TRF;1;0;0;;1
2025-04-14 16:07:04.655;TRF;1;0;0;;1
2025-04-14 17:02:36.178;TRF;1;0;0;;1
2025-04-14 20:52:26.154;TRF;1;0;0;;1
2025-04-14 21:15:14.344;TRF;1;0;0;;1
2025-04-14 21:15:22.070;TRF;1;0;0;;1
2025-04-15 03:17:45.027;TRF;1;0;0;;1
2025-04-15 03:57:37.348;TRF;1;0;0;;1
2025-04-15 07:05:36.907;TRF;1;0;0;;1
2025-04-15 07:50:26.526;TRF;1;0;0;;1
2025-04-15 08:03:35.372;TRF;1;0;0;;1
2025-04-15 19:22:31.950;TRF;1;0;0;;1
2025-04-15 19:30:43.271;TRF;1;0;0;;1
2025-04-15 19:56:27.961;TRF;1;0;0;;1
2025-04-15 20:00:20.288;TRF;1;0;0;;1
2025-04-16 07:04:12.084;TRF;1;0;0;;1
2025-04-16 07:13:32.877;TRF;1;0;0;;1
2025-04-16 08:21:19.242;TRF;1;0;0;;1
2025-04-16 22:02:51.678;TRF;1;0;0;;1
2025-04-16 21:57:50.141;TRF;1;0;0;;1
2025-04-16 21:53:40.415;TRF;1;0;0;;1
2025-04-16 20:43:45.597;TRF;1;1;184;;1
2025-04-16 20:36:58.470;TRF;1;1;236;;1
2025-04-16 20:30:02.358;TRF;1;0;0;;1
2025-04-16 19:47:42.424;TRF;1;0;0;;1
2025-04-16 19:13:07.429;TRF;1;0;0;;1
2025-04-16 19:11:28.974;TRF;1;0;0;;1
2025-04-16 19:10:17.251;TRF;1;0;0;;1
2025-04-16 18:15:10.746;TRF;1;0;0;;1
2025-04-16 18:03:23.971;TRF;1;0;0;;1
2025-04-16 17:16:19.171;TRF;1;0;0;;1
2025-04-16 17:11:20.055;TRF;1;0;0;;1
2025-04-16 17:10:37.857;TRF;1;0;0;;1
2025-04-16 17:10:39.171;TRF;1;0;0;;1
2025-04-16 16:09:00.850;TRF;1;0;0;;1
2025-04-16 15:48:43.280;TRF;1;0;0;;1
2025-04-16 15:42:21.221;TRF;1;0;0;;1
2025-04-16 15:35:25.616;TRF;1;0;0;;1
2025-04-16 15:35:21.825;TRF;1;0;0;;1
2025-04-16 15:32:38.678;TRF;1;0;0;;1
2025-04-16 15:31:24.227;TRF;1;0;0;;1
2025-04-16 15:30:54.393;TRF;1;0;0;;1
2025-04-16 15:30:53.953;TRF;1;1;206;;1
2025-04-16 15:28:32.301;TRF;1;0;0;;1
2025-04-16 15:19:37.531;TRF;1;0;0;;1
2025-04-16 15:19:32.817;TRF;1;0;0;;1
2025-04-16 15:19:06.002;TRF;1;0;0;;1
2025-04-16 14:05:34.390;TRF;1;0;0;;1
2025-04-16 14:00:44.149;TRF;1;0;0;;1
2025-04-16 14:00:43.083;TRF;1;1;194;;1
2025-04-16 08:21:18.552;TRF;1;1;195;;1
2025-04-17 03:26:43.285;TRF;1;0;0;;1
2025-04-17 03:46:44.190;TRF;1;0;0;;1
2025-04-17 06:38:32.115;TRF;1;0;0;;1
2025-04-17 06:53:57.214;TRF;1;0;0;;1
2025-04-17 14:31:26.195;TRF;1;0;0;;1
2025-04-17 14:31:28.604;TRF;1;0;0;;1
2025-04-17 14:31:42.750;TRF;1;0;0;;1
2025-04-17 14:35:12.505;TRF;1;0;0;;1
2025-04-17 18:14:27.359;TRF;1;0;0;;1
2025-04-17 18:15:48.671;TRF;1;0;0;;1
2025-04-17 18:47:14.369;TRF;1;0;0;;1
2025-04-17 18:52:48.702;TRF;1;0;0;;1
2025-04-17 18:57:19.858;TRF;1;0;0;;1
2025-04-17 19:46:30.410;TRF;1;0;0;;1
2025-04-17 20:46:52.871;TRF;1;0;0;;1
2025-04-17 20:48:23.033;TRF;1;0;0;;1
2025-04-17 20:51:24.144;TRF;1;0;0;;1
2025-04-17 20:56:26.518;TRF;1;0;0;;1
2025-04-18 06:57:23.931;TRF;1;0;0;;1
2025-04-18 07:13:16.887;TRF;1;0;0;;1
2025-04-18 07:39:51.787;TRF;1;0;0;;1
2025-04-18 19:55:37.779;TRF;1;0;0;;1
2025-04-18 14:51:11.210;TRF;1;0;0;;1
2025-04-18 19:55:38.582;TRF;1;0;0;;1
2025-04-18 20:01:37.911;TRF;1;0;0;;1
2025-04-18 20:11:25.775;TRF;1;0;0;;1
2025-04-22 07:42:52.744;TRF;1;0;0;;1
2025-04-18 20:21:00.402;TRF;1;1;186;;1
2025-04-19 07:47:45.628;TRF;1;0;0;;1
2025-04-19 19:16:18.556;TRF;1;0;0;;1
2025-04-19 20:16:35.895;TRF;1;0;0;;1
2025-04-19 20:18:48.864;TRF;1;0;0;;1
2025-04-19 20:43:38.827;TRF;1;0;0;;1
2025-04-19 21:07:20.052;TRF;1;0;0;;1
2025-04-19 21:11:05.083;TRF;1;0;0;;1
2025-04-20 04:51:11.915;TRF;1;0;0;;1
2025-04-20 05:09:19.025;TRF;1;0;0;;1
2025-04-20 05:59:36.154;TRF;1;0;0;;1
2025-04-20 05:45:35.788;TRF;1;0;0;;1
2025-04-20 07:06:57.606;TRF;1;0;0;;1
2025-04-20 07:26:03.177;TRF;1;0;0;;1
2025-04-20 07:52:03.463;TRF;1;0;0;;1
2025-04-20 19:19:54.674;TRF;1;0;0;;1
2025-04-20 20:11:57.029;TRF;1;0;0;;1
2025-04-20 20:25:48.830;TRF;1;0;0;;1
2025-04-21 06:27:24.924;TRF;1;0;0;;1
2025-04-21 08:08:43.917;TRF;1;0;0;;1
2025-04-21 08:24:35.333;TRF;1;0;0;;1
2025-04-21 15:29:48.341;TRF;1;0;0;;1
2025-04-21 16:52:02.672;TRF;1;0;0;;1
2025-04-21 18:50:56.855;TRF;1;0;0;;1
2025-04-21 18:58:45.880;TRF;1;0;0;;1
2025-04-21 19:26:53.673;TRF;1;0;0;;1
2025-04-21 19:27:20.919;TRF;1;0;0;;1
2025-04-22 07:31:01.064;TRF;1;0;0;;1
2025-04-22 07:05:39.947;TRF;1;0;0;;1
2025-04-22 07:51:07.850;TRF;1;0;0;;1
2025-04-22 08:08:24.034;TRF;1;0;0;;1
2025-04-22 08:18:07.377;TRF;1;0;0;;1
2025-04-22 08:30:21.935;TRF;1;0;0;;1
2025-04-22 08:34:28.205;TRF;1;0;0;;1
2025-04-22 19:29:24.094;TRF;1;0;0;;1
2025-04-22 19:29:55.028;TRF;1;0;0;;1
2025-04-22 19:39:22.279;TRF;1;0;0;;1
2025-04-22 19:52:57.426;TRF;1;0;0;;1
2025-04-22 19:54:54.397;TRF;1;0;0;;1
2025-04-22 19:56:30.313;TRF;1;0;0;;1
2025-04-22 19:56:31.481;TRF;1;0;0;;1
2025-04-22 20:22:39.868;TRF;1;0;0;;1
2025-04-22 20:33:17.647;TRF;1;1;219;;1
2025-04-23 01:46:53.205;TRF;1;0;0;;1
2025-04-23 01:37:16.467;TRF;1;0;0;;1
2025-04-23 05:38:38.215;TRF;1;0;0;;1
2025-04-23 06:31:15.955;TRF;1;0;0;;1
2025-04-23 06:35:18.001;TRF;1;0;0;;1
2025-04-23 06:43:55.400;TRF;1;0;0;;1
2025-04-23 06:50:01.001;TRF;1;0;0;;1
2025-04-23 11:01:45.689;TRF;1;0;0;;1
2025-04-23 14:30:17.344;TRF;1;0;0;;1
2025-04-23 14:30:17.490;TRF;1;0;0;;1
2025-04-23 14:25:17.525;TRF;1;0;0;;1
2025-04-23 17:01:07.955;TRF;1;0;0;;1
2025-04-23 17:20:50.401;TRF;1;0;0;;1
2025-04-23 19:13:24.605;TRF;1;0;0;;1
2025-04-23 19:17:26.749;TRF;1;0;0;;1
2025-04-23 20:12:29.652;TRF;1;0;0;;1
2025-04-23 20:28:00.929;TRF;1;0;0;;1
2025-04-23 20:31:04.535;TRF;1;0;0;;1
2025-04-23 21:01:09.604;TRF;1;0;0;;1
2025-04-23 21:03:05.106;TRF;1;1;180;;1
2025-04-24 06:39:11.720;TRF;1;0;0;;1
2025-04-24 06:40:37.050;TRF;1;0;0;;1
2025-04-24 07:23:34.142;TRF;1;0;0;;1
2025-04-24 13:42:17.651;TRF;1;0;0;;1
2025-04-24 17:58:26.022;TRF;1;0;0;;1
2025-04-24 18:02:37.383;TRF;1;0;0;;1
2025-04-24 18:35:50.159;TRF;1;0;0;;1
2025-04-24 19:02:41.000;TRF;1;0;0;;1
2025-04-24 18:41:46.782;TRF;1;0;0;;1
2025-04-24 19:02:41.438;TRF;1;0;0;;1
2025-04-24 21:31:33.346;TRF;1;0;0;;1
2025-04-24 21:41:04.417;TRF;1;0;0;;1
2025-04-24 21:41:54.287;TRF;1;0;0;;1
2025-04-24 21:46:10.443;TRF;1;0;0;;1
2025-04-24 21:54:05.296;TRF;1;0;0;;1
2025-04-24 21:58:05.617;TRF;1;0;0;;1
2025-04-24 19:28:47.952;TRF;1;1;277;;1
2025-04-24 19:16:02.247;TRF;1;1;285;;1
2025-04-24 18:05:50.884;TRF;1;1;218;;1
2025-04-25 18:26:18.739;TRF;1;1;306;;1
2025-04-25 19:16:05.834;TRF;1;0;0;;1
2025-04-25 19:18:49.129;TRF;1;0;0;;1
2025-04-25 19:19:40.785;TRF;1;0;0;;1
2025-04-25 19:19:45.567;TRF;1;0;0;;1
2025-04-25 20:30:32.458;TRF;1;0;0;;1
2025-04-25 20:35:14.711;TRF;1;0;0;;1
2025-04-25 21:10:58.988;TRF;1;0;0;;1
2025-04-25 21:17:07.997;TRF;1;0;0;;1
2025-04-26 16:23:47.390;TRF;1;1;225;;1
2025-04-26 17:06:15.896;TRF;1;1;253;;1
2025-04-27 08:30:38.957;TRF;1;0;0;;1
2025-04-27 14:21:32.448;TRF;1;0;0;;1
2025-04-27 18:40:52.965;TRF;1;0;0;;1
2025-04-27 16:41:44.036;TRF;1;0;0;;1
2025-04-27 18:40:54.060;TRF;1;0;0;;1
2025-04-27 19:44:04.455;TRF;1;0;0;;1
2025-04-27 20:26:36.324;TRF;1;0;0;;1
2025-04-27 20:34:02.899;TRF;1;0;0;;1
2025-04-27 20:56:28.884;TRF;1;0;0;;1
2025-04-27 20:58:41.189;TRF;1;0;0;;1
2025-04-27 21:07:07.099;TRF;1;0;0;;1
2025-04-27 21:09:39.815;TRF;1;0;0;;1
2025-04-28 04:21:12.991;TRF;1;0;0;;1
2025-04-28 05:31:35.751;TRF;1;0;0;;1
2025-04-28 06:39:21.470;TRF;1;0;0;;1
2025-04-28 07:22:18.638;TRF;1;0;0;;1
2025-04-28 07:48:24.067;TRF;1;0;0;;1
2025-04-28 08:09:09.402;TRF;1;0;0;;1
2025-04-28 08:22:42.625;TRF;1;0;0;;1
2025-04-28 10:35:53.083;TRF;1;0;0;;1
2025-04-28 10:47:40.633;TRF;1;0;0;;1
2025-04-28 18:12:07.904;TRF;1;0;0;;1
2025-04-28 18:21:13.717;TRF;1;0;0;;1
2025-04-28 18:21:19.245;TRF;1;0;0;;1
2025-04-28 18:52:07.038;TRF;1;0;0;;1
2025-04-28 19:20:34.624;TRF;1;0;0;;1
2025-04-28 19:20:54.254;TRF;1;0;0;;1
2025-04-28 19:21:58.843;TRF;1;0;0;;1
2025-04-28 19:40:56.142;TRF;1;0;0;;1
2025-04-28 19:41:58.600;TRF;1;0;0;;1
2025-04-28 19:47:52.299;TRF;1;0;0;;1
2025-04-28 19:51:17.912;TRF;1;0;0;;1
2025-04-28 20:03:39.047;TRF;1;0;0;;1
2025-04-28 20:05:50.506;TRF;1;0;0;;1
2025-04-28 20:20:13.155;TRF;1;0;0;;1
2025-04-28 20:33:31.025;TRF;1;0;0;;1
2025-04-28 20:47:58.519;TRF;1;0;0;;1
2025-04-28 21:08:04.802;TRF;1;0;0;;1
2025-04-29 01:56:03.159;TRF;1;0;0;;1
2025-04-29 01:59:09.062;TRF;1;0;0;;1
2025-04-29 05:04:43.900;TRF;1;0;0;;1
2025-04-29 05:13:20.323;TRF;1;0;0;;1
2025-04-29 05:15:08.603;TRF;1;0;0;;1
2025-04-29 05:21:52.217;TRF;1;0;0;;1
2025-04-29 06:31:17.646;TRF;1;0;0;;1
2025-04-29 06:31:22.307;TRF;1;0;0;;1
2025-04-29 06:42:01.110;TRF;1;0;0;;1
2025-04-29 06:51:22.484;TRF;1;0;0;;1
2025-04-29 07:17:17.297;TRF;1;0;0;;1
2025-04-29 07:40:10.003;TRF;1;0;0;;1
2025-04-29 07:49:30.194;TRF;1;0;0;;1
2025-04-29 08:24:42.816;TRF;1;0;0;;1
2025-04-29 08:27:15.475;TRF;1;0;0;;1
2025-04-29 09:18:54.901;TRF;1;0;0;;1
2025-04-29 10:02:04.149;TRF;1;0;0;;1
2025-04-29 10:03:25.860;TRF;1;0;0;;1
2025-04-29 11:02:22.456;TRF;1;0;0;;1
2025-04-29 13:38:07.468;TRF;1;0;0;;1
2025-04-29 15:36:44.313;TRF;1;0;0;;1
2025-04-29 15:37:53.271;TRF;1;0;0;;1
2025-04-29 18:52:40.616;TRF;1;0;0;;1
2025-04-29 21:51:25.728;TRF;1;1;182;;1
2025-04-29 21:50:39.534;TRF;1;0;0;;1
2025-04-29 21:19:18.134;TRF;1;0;0;;1
2025-04-29 21:17:49.939;TRF;1;0;0;;1
2025-04-29 21:14:59.277;TRF;1;0;0;;1
2025-04-29 21:05:27.560;TRF;1;1;173;;1
2025-04-29 20:56:23.479;TRF;1;0;0;;1
2025-04-29 20:56:20.746;TRF;1;0;0;;1
2025-04-29 20:54:50.020;TRF;1;0;0;;1
2025-04-29 20:47:23.083;TRF;1;0;0;;1
2025-04-29 19:53:20.583;TRF;1;1;212;;1
2025-04-29 19:48:22.044;TRF;1;0;0;;1
2025-04-29 19:45:41.120;TRF;1;0;0;;1
2025-04-29 19:19:59.268;TRF;1;0;0;;1
2025-04-29 19:19:17.310;TRF;1;0;0;;1
2025-04-29 19:03:56.082;TRF;1;0;0;;1
2025-04-29 18:56:00.240;TRF;1;0;0;;1
2025-04-30 01:56:28.350;TRF;1;0;0;;1
2025-04-30 01:55:32.059;TRF;1;0;0;;1
2025-04-30 21:22:33.588;TRF;1;1;179;;1
2025-04-30 21:22:17.943;TRF;1;0;0;;1
2025-04-30 20:41:38.326;TRF;1;0;0;;1
2025-04-30 20:03:08.167;TRF;1;0;0;;1
2025-04-30 19:59:04.490;TRF;1;1;168;;1
2025-04-30 19:58:14.648;TRF;1;0;0;;1
2025-04-30 19:19:24.362;TRF;1;0;0;;1
2025-04-30 19:08:26.677;TRF;1;0;0;;1
2025-04-30 19:06:17.857;TRF;1;0;0;;1
2025-04-30 18:56:35.272;TRF;1;0;0;;1
2025-04-30 15:22:41.066;TRF;1;0;0;;1
2025-04-30 13:01:21.635;TRF;1;0;0;;1
2025-04-30 13:01:09.917;TRF;1;0;0;;1
2025-04-30 13:00:26.413;TRF;1;0;0;;1
2025-04-30 11:46:49.335;TRF;1;0;0;;1
2025-04-30 08:14:24.333;TRF;1;1;177;;1
2025-04-30 08:09:39.367;TRF;1;0;0;;1
2025-04-30 08:01:38.018;TRF;1;0;0;;1
2025-04-30 07:38:11.539;TRF;1;0;0;;1
2025-04-30 07:36:42.039;TRF;1;0;0;;1
2025-04-30 07:34:18.709;TRF;1;0;0;;1
2025-04-30 07:34:15.198;TRF;1;0;0;;1
2025-04-30 06:30:41.535;TRF;1;0;0;;1
2025-04-30 06:22:11.823;TRF;1;1;232;;1
2025-04-30 06:21:29.458;TRF;1;0;0;;1
2025-04-30 06:13:24.642;TRF;1;0;0;;1
2025-04-30 05:13:57.172;TRF;1;0;0;;1
2025-04-30 04:37:22.250;TRF;1;0;0;;1
2025-04-30 04:37:18.204;TRF;1;0;0;;1
2025-04-30 01:56:28.350;TRF;1;0;0;;1
2025-04-30 01:55:33.139;TRF;1;0;0;;1
2025-07-19 22:11:02.291;TRF;1;1;171;;1
2025-07-19 21:55:09.669;TRF;1;0;0;;1
2025-07-19 21:48:03.852;TRF;1;0;0;;1
2025-07-19 21:47:59.928;TRF;1;1;227;;1
2025-07-19 21:47:49.879;TRF;1;0;0;;1
2025-07-19 20:26:11.560;TRF;1;0;0;;1
2025-07-19 20:26:09.453;TRF;1;0;0;;1
2025-07-19 20:25:38.931;TRF;1;0;0;;1
2025-07-19 20:24:56.390;TRF;1;0;0;;1
2025-07-19 20:17:00.128;TRF;1;0;0;;1
2025-07-19 20:08:07.142;TRF;1;1;168;;1
2025-07-19 20:07:08.307;TRF;1;0;0;;1
2025-07-19 20:05:17.663;TRF;1;0;0;;1
2025-07-19 20:02:43.764;TRF;1;0;0;;1
2025-07-19 20:02:35.850;TRF;1;0;0;;1
2025-07-19 20:01:37.345;TRF;1;0;0;;1
2025-07-19 20:01:05.536;TRF;1;0;0;;1
2025-07-19 20:00:52.600;TRF;1;0;0;;1
2025-07-19 20:00:41.339;TRF;1;0;0;;1
2025-07-19 19:54:41.498;TRF;1;0;0;;1
2025-07-19 19:51:23.262;TRF;1;0;0;;1
2025-07-19 19:51:20.246;TRF;1;0;0;;1
2025-07-19 19:51:06.524;TRF;1;0;0;;1
2025-07-19 19:37:08.653;TRF;1;0;0;;1
2025-07-19 19:31:28.184;TRF;1;0;0;;1
2025-07-19 19:19:11.657;TRF;1;0;0;;1
2025-07-19 19:06:16.261;TRF;1;0;0;;1
2025-07-19 16:43:15.304;TRF;1;0;0;;1
2025-07-19 16:18:23.111;TRF;1;0;0;;1
2025-07-19 16:18:11.533;TRF;1;0;0;;1
2025-07-19 16:11:47.928;TRF;1;0;0;;1
2025-07-19 14:11:22.986;TRF;1;1;192;;1
2025-07-19 14:02:17.221;TRF;1;0;0;;1
2025-07-19 13:28:19.795;TRF;1;0;0;;1
2025-07-19 13:28:05.818;TRF;1;0;0;;1
2025-07-19 11:50:28.649;TRF;1;0;0;;1
2025-07-19 11:39:54.276;TRF;1;0;0;;1
2025-07-19 11:39:30.775;TRF;1;0;0;;1
2025-07-19 10:54:27.378;TRF;1;0;0;;1
2025-07-19 06:44:17.806;TRF;1;0;0;;1
2025-07-19 06:43:53.781;TRF;1;0;0;;1
2025-07-19 06:20:00.680;TRF;1;0;0;;1
2025-07-19 03:59:31.435;TRF;1;0;0;;1
2025-07-19 02:38:44.275;TRF;1;0;0;;1
2025-07-20 01:12:52.971;TRF;1;0;0;;1
2025-07-20 01:17:49.665;TRF;1;0;0;;1
2025-07-20 01:21:23.576;TRF;1;0;0;;1
2025-07-20 01:21:30.096;TRF;1;0;0;;1
2025-07-20 01:47:12.269;TRF;1;0;0;;1
2025-07-20 01:47:17.922;TRF;1;0;0;;1
2025-07-20 01:48:59.713;TRF;1;0;0;;1
2025-07-20 01:49:32.808;TRF;1;0;0;;1
2025-07-20 01:49:40.751;TRF;1;0;0;;1
2025-07-20 01:55:10.442;TRF;1;0;0;;1
2025-07-20 05:54:53.422;TRF;1;0;0;;1
2025-07-20 05:54:53.422;TRF;1;0;0;;1
2025-07-20 05:54:53.422;TRF;1;0;0;;1
2025-07-20 05:55:56.884;TRF;1;0;0;;1
2025-07-20 06:01:37.705;TRF;1;0;0;;1
2025-07-20 06:04:49.720;TRF;1;0;0;;1
2025-07-20 06:22:35.859;TRF;1;0;0;;1
2025-07-20 06:29:40.573;TRF;1;0;0;;1
2025-07-20 06:32:01.581;TRF;1;0;0;;1
2025-07-20 06:32:05.981;TRF;1;0;0;;1
2025-07-20 06:32:19.839;TRF;1;0;0;;1
2025-07-20 06:52:27.239;TRF;1;0;0;;1
2025-07-20 09:20:49.952;TRF;1;0;0;;1
2025-07-20 09:54:56.196;TRF;1;0;0;;1
2025-07-20 11:07:18.931;TRF;1;0;0;;1
2025-07-20 13:41:37.634;TRF;1;0;0;;1
2025-07-20 13:42:01.747;TRF;1;0;0;;1
2025-07-20 14:51:53.045;TRF;1;0;0;;1
2025-07-20 15:43:01.279;TRF;1;0;0;;1
2025-07-20 15:43:36.901;TRF;1;0;0;;1
2025-07-20 15:44:16.314;TRF;1;0;0;;1
2025-07-20 17:29:27.019;TRF;1;0;0;;1
2025-07-20 17:30:07.688;TRF;1;0;0;;1
2025-07-20 18:11:03.432;TRF;1;0;0;;1
2025-07-20 18:13:39.687;TRF;1;0;0;;1
2025-07-20 18:38:38.355;TRF;1;0;0;;1
2025-07-20 18:39:57.775;TRF;1;0;0;;1
2025-07-20 18:48:49.368;TRF;1;0;0;;1
2025-07-20 19:28:20.510;TRF;1;0;0;;1
2025-07-20 19:28:50.482;TRF;1;0;0;;1
2025-07-20 19:29:51.939;TRF;1;0;0;;1
2025-07-20 19:37:54.625;TRF;1;0;0;;1
2025-07-20 19:43:54.942;TRF;1;0;0;;1
2025-07-20 20:28:52.418;TRF;1;0;0;;1
2025-07-20 20:35:58.372;TRF;1;0;0;;1
2025-07-20 20:38:30.376;TRF;1;0;0;;1
2025-07-20 20:39:13.852;TRF;1;0;0;;1
2025-07-20 20:49:40.858;TRF;1;0;0;;1
2025-07-20 20:50:14.595;TRF;1;0;0;;1
2025-07-20 20:50:18.996;TRF;1;0;0;;1
2025-07-20 21:19:19.913;TRF;1;0;0;;1
2025-07-20 21:20:38.871;TRF;1;0;0;;1
2025-07-20 21:20:54.066;TRF;1;0;0;;1
2025-07-20 21:22:17.235;TRF;1;0;0;;1
2025-07-20 21:26:12.616;TRF;1;0;0;;1
2025-07-20 21:26:17.743;TRF;1;0;0;;1
2025-07-20 21:26:32.288;TRF;1;0;0;;1
2025-07-20 21:26:38.008;TRF;1;0;0;;1
2025-07-20 21:55:06.727;TRF;1;0;0;;1
2025-07-21 23:21:24.432;TRF;1;0;0;;1
2025-07-21 22:03:54.334;TRF;1;1;242;;1
2025-07-21 22:03:44.050;TRF;1;0;0;;1
2025-07-21 21:44:49.888;TRF;1;0;0;;1
2025-07-21 21:44:31.993;TRF;1;0;0;;1
2025-07-21 21:44:24.921;TRF;1;0;0;;1
2025-07-21 21:36:41.237;TRF;1;0;0;;1
2025-07-21 21:22:48.282;TRF;1;0;0;;1
2025-07-21 21:17:16.859;TRF;1;0;0;;1
2025-07-21 20:46:23.325;TRF;1;0;0;;1
2025-07-21 20:41:26.646;TRF;1;0;0;;1
2025-07-21 20:40:55.630;TRF;1;0;0;;1
2025-07-21 20:40:35.828;TRF;1;0;0;;1
2025-07-21 20:38:33.222;TRF;1;0;0;;1
2025-07-21 20:37:11.349;TRF;1;0;0;;1
2025-07-21 20:01:01.818;TRF;1;0;0;;1
2025-07-21 19:59:21.575;TRF;1;1;179;;1
2025-07-21 19:59:01.663;TRF;1;0;0;;1
2025-07-21 19:52:37.146;TRF;1;0;0;;1
2025-07-21 19:52:23.422;TRF;1;1;242;;1
2025-07-21 19:52:06.560;TRF;1;0;0;;1
2025-07-21 19:52:07.071;TRF;1;0;0;;1
2025-07-21 19:48:59.341;TRF;1;0;0;;1
2025-07-21 19:39:11.928;TRF;1;0;0;;1
2025-07-21 19:36:43.355;TRF;1;0;0;;1
2025-07-21 19:29:02.702;TRF;1;0;0;;1
2025-07-21 19:28:11.241;TRF;1;0;0;;1
2025-07-21 18:39:23.834;TRF;1;0;0;;1
2025-07-21 18:36:22.472;TRF;1;0;0;;1
2025-07-21 18:24:47.152;TRF;1;0;0;;1
2025-07-21 17:49:17.991;TRF;1;0;0;;1
2025-07-21 17:24:23.216;TRF;1;0;0;;1
2025-07-21 17:23:27.931;TRF;1;0;0;;1
2025-07-21 17:03:08.845;TRF;1;0;0;;1
2025-07-21 15:55:55.820;TRF;1;0;0;;1
2025-07-21 15:54:00.955;TRF;1;0;0;;1
2025-07-21 15:20:11.427;TRF;1;0;0;;1
2025-07-21 15:12:47.344;TRF;1;0;0;;1
2025-07-21 14:02:30.848;TRF;1;0;0;;1
2025-07-21 13:26:39.741;TRF;1;0;0;;1
2025-07-21 10:49:52.156;TRF;1;0;0;;1
2025-07-21 10:29:14.844;TRF;1;0;0;;1
2025-07-21 06:41:57.005;TRF;1;0;0;;1
2025-07-21 06:19:12.109;TRF;1;0;0;;1
2025-07-21 06:10:10.563;TRF;1;0;0;;1
2025-07-21 04:28:07.323;TRF;1;0;0;;1
2025-07-21 04:26:58.522;TRF;1;0;0;;1
2025-07-21 01:45:08.221;TRF;1;0;0;;1
2025-07-22 02:11:46.700;TRF;1;0;0;;1
2025-07-22 02:41:14.259;TRF;1;0;0;;1
2025-07-22 02:43:32.105;TRF;1;0;0;;1
2025-07-22 02:43:58.689;TRF;1;0;0;;1
2025-07-22 02:45:35.547;TRF;1;0;0;;1
2025-07-22 02:45:37.319;TRF;1;0;0;;1
2025-07-22 06:14:17.602;TRF;1;0;0;;1
2025-07-22 06:26:13.701;TRF;1;0;0;;1
2025-07-22 06:31:20.379;TRF;1;0;0;;1
2025-07-22 09:55:58.388;TRF;1;0;0;;1
2025-07-22 09:58:46.808;TRF;1;0;0;;1
2025-07-22 10:33:41.664;TRF;1;0;0;;1
2025-07-22 13:17:06.531;TRF;1;0;0;;1
2025-07-22 13:18:08.804;TRF;1;0;0;;1
2025-07-22 14:19:46.421;TRF;1;0;0;;1
2025-07-22 14:20:16.617;TRF;1;0;0;;1
2025-07-22 17:08:44.592;TRF;1;0;0;;1
2025-07-22 17:11:30.895;TRF;1;0;0;;1
2025-07-22 17:16:42.006;TRF;1;0;0;;1
2025-07-22 17:16:55.675;TRF;1;0;0;;1
2025-07-22 18:53:00.276;TRF;1;0;0;;1
2025-07-22 19:31:06.866;TRF;1;0;0;;1
2025-07-22 19:59:38.125;TRF;1;0;0;;1
2025-07-22 21:09:17.107;TRF;1;0;0;;1
2025-07-22 21:11:30.717;TRF;1;0;0;;1
2025-07-22 21:25:54.620;TRF;1;0;0;;1
2025-07-22 21:31:15.811;TRF;1;0;0;;1
2025-07-22 21:34:13.131;TRF;1;0;0;;1
2025-07-23 00:38:32.555;TRF;1;0;0;;1
2025-07-23 03:15:37.564;TRF;1;0;0;;1
2025-07-23 06:25:57.822;TRF;1;0;0;;1
2025-07-23 11:08:26.809;TRF;1;0;0;;1
2025-07-23 11:33:29.197;TRF;1;0;0;;1
2025-07-24 01:15:00.430;TRF;1;0;0;;1
2025-07-24 06:27:35.493;TRF;1;0;0;;1
2025-07-24 11:00:13.747;TRF;1;0;0;;1
2025-07-24 11:01:39.495;TRF;1;0;0;;1
2025-07-24 14:27:11.484;TRF;1;0;0;;1
2025-07-24 15:06:11.570;TRF;1;0;0;;1
2025-07-24 15:06:12.446;TRF;1;0;0;;1
2025-07-24 15:07:26.614;TRF;1;0;0;;1
2025-07-24 15:10:13.761;TRF;1;0;0;;1
2025-07-24 15:10:51.020;TRF;1;0;0;;1
2025-07-24 15:10:54.839;TRF;1;0;0;;1
2025-07-24 15:11:52.182;TRF;1;0;0;;1
2025-07-24 15:11:52.693;TRF;1;0;0;;1
2025-07-24 15:17:28.121;TRF;1;0;0;;1
2025-07-24 15:17:29.873;TRF;1;0;0;;1
2025-07-24 15:17:32.282;TRF;1;0;0;;1
2025-07-24 15:18:05.022;TRF;1;0;0;;1
2025-07-24 15:19:22.042;TRF;1;0;0;;1
2025-07-24 15:19:23.210;TRF;1;0;0;;1
2025-07-24 15:19:57.570;TRF;1;0;0;;1
2025-07-24 15:19:58.227;TRF;1;0;0;;1
2025-07-24 15:20:11.477;TRF;1;0;0;;1
2025-07-24 15:20:12.353;TRF;1;0;0;;1
2025-07-24 15:21:31.303;TRF;1;0;0;;1
2025-07-24 15:21:58.270;TRF;1;0;0;;1
2025-07-24 15:24:22.491;TRF;1;0;0;;1
2025-07-24 15:42:31.769;TRF;1;0;0;;1
2025-07-24 16:34:42.837;TRF;1;0;0;;1
2025-07-24 20:59:47.449;TRF;1;0;0;;1
2025-07-24 20:57:29.797;TRF;1;0;0;;1
2025-07-24 18:40:27.074;TRF;1;1;247;;1
2025-07-24 18:20:38.302;TRF;1;1;288;;1
2025-07-24 17:59:24.569;TRF;1;1;186;;1
2025-07-24 17:58:27.981;TRF;1;0;0;;1
2025-07-24 16:59:05.419;TRF;1;0;0;;1
2025-07-24 16:43:33.066;TRF;1;0;0;;1
2025-07-24 16:40:30.344;TRF;1;0;0;;1
2025-07-24 16:34:42.621;TRF;1;0;0;;1
2025-07-25 23:40:11.831;TRF;1;0;0;;1
2025-07-25 22:11:57.924;TRF;1;0;0;;1
2025-07-25 21:48:56.774;TRF;1;0;0;;1
2025-07-25 19:33:13.878;TRF;1;0;0;;1
2025-07-25 19:14:05.769;TRF;1;0;0;;1
2025-07-25 18:09:13.651;TRF;1;0;0;;1
2025-07-25 17:24:18.250;TRF;1;0;0;;1
2025-07-25 17:21:58.056;TRF;1;0;0;;1
2025-07-25 16:28:03.255;TRF;1;0;0;;1
2025-07-25 16:25:13.116;TRF;1;0;0;;1
2025-07-25 15:55:15.746;TRF;1;1;214;;1
2025-07-25 12:00:17.896;TRF;1;0;0;;1
2025-07-25 11:45:18.824;TRF;1;0;0;;1
2025-07-25 11:35:20.244;TRF;1;0;0;;1
2025-07-25 07:45:48.998;TRF;1;0;0;;1
2025-07-25 06:41:11.564;TRF;1;0;0;;1
2025-07-25 06:15:16.032;TRF;1;0;0;;1
2025-07-25 06:05:40.881;TRF;1;0;0;;1
2025-07-25 06:04:28.615;TRF;1;0;0;;1
2025-07-25 06:03:04.352;TRF;1;0;0;;1
2025-07-25 06:02:48.757;TRF;1;0;0;;1
2025-07-25 06:00:30.178;TRF;1;0;0;;1
2025-07-25 05:55:25.949;TRF;1;0;0;;1
2025-07-25 05:53:54.492;TRF;1;0;0;;1
2025-07-25 05:29:51.166;TRF;1;0;0;;1
2025-07-25 05:26:47.672;TRF;1;0;0;;1
2025-07-25 05:10:54.863;TRF;1;0;0;;1
2025-07-25 05:10:00.653;TRF;1;0;0;;1
2025-07-25 04:40:37.001;TRF;1;0;0;;1
2025-07-25 04:39:21.389;TRF;1;0;0;;1
2025-07-25 03:46:43.767;TRF;1;0;0;;1
2025-07-25 03:44:47.622;TRF;1;0;0;;1
2025-07-25 03:33:18.691;TRF;1;0;0;;1
2025-07-25 03:30:57.228;TRF;1;0;0;;1
2025-07-25 02:14:36.143;TRF;1;0;0;;1
2025-07-26 02:25:52.648;TRF;1;1;178;;2
2025-07-26 02:32:36.760;TRF;1;0;0;;2
2025-07-26 02:32:46.400;TRF;1;0;0;;2
2025-07-26 02:32:54.551;TRF;1;0;0;;2
2025-07-26 02:33:07.148;TRF;1;0;0;;2
2025-07-26 02:34:40.872;TRF;1;0;0;;2
2025-07-26 02:41:45.082;TRF;1;0;0;;2
2025-07-26 02:41:47.325;TRF;1;0;0;;2
2025-07-26 02:43:32.250;TRF;1;0;0;;2
2025-07-26 23:31:03.335;TRF;1;1;166;;1
2025-07-26 21:47:23.370;TRF;1;1;258;;1
2025-07-26 21:44:42.604;TRF;1;0;0;;1
2025-07-26 21:40:31.879;TRF;1;0;0;;1
2025-07-26 21:25:49.527;TRF;1;0;0;;1
2025-07-26 21:18:15.634;TRF;1;0;0;;1
2025-07-26 21:09:57.245;TRF;1;0;0;;1
2025-07-26 21:07:09.577;TRF;1;0;0;;1
2025-07-26 21:01:43.811;TRF;1;0;0;;1
2025-07-26 20:59:15.605;TRF;1;0;0;;1
2025-07-26 20:58:14.630;TRF;1;0;0;;1
2025-07-26 20:54:47.440;TRF;1;0;0;;1
2025-07-26 20:48:38.488;TRF;1;0;0;;1
2025-07-26 20:42:34.305;TRF;1;0;0;;1
2025-07-26 20:01:46.337;TRF;1;0;0;;1
2025-07-26 19:56:55.515;TRF;1;0;0;;1
2025-07-26 17:54:59.501;TRF;1;0;0;;1
2025-07-26 17:51:50.392;TRF;1;1;172;;1
2025-07-26 17:51:07.583;TRF;1;0;0;;1
2025-07-26 17:34:07.313;TRF;1;0;0;;1
2025-07-26 17:33:27.493;TRF;1;0;0;;1
2025-07-26 16:40:47.203;TRF;1;0;0;;1
2025-07-26 13:02:20.010;TRF;1;0;0;;1
2025-07-26 09:32:08.775;TRF;1;0;0;;1
2025-07-26 07:07:25.162;TRF;1;0;0;;1
2025-07-26 07:01:49.290;TRF;1;0;0;;1
2025-07-26 07:01:10.744;TRF;1;0;0;;1
2025-07-26 07:01:06.733;TRF;1;1;228;;1
2025-07-26 07:00:47.693;TRF;1;0;0;;1
2025-07-26 06:53:54.010;TRF;1;0;0;;1
2025-07-26 06:52:08.037;TRF;1;0;0;;1
2025-07-26 06:21:47.846;TRF;1;0;0;;1
2025-07-26 06:08:09.779;TRF;1;0;0;;1
2025-07-26 05:30:11.207;TRF;1;0;0;;1
2025-07-26 05:29:24.169;TRF;1;0;0;;1
2025-07-26 05:10:28.698;TRF;1;0;0;;1
2025-07-26 05:08:44.411;TRF;1;0;0;;1
2025-07-26 03:55:39.860;TRF;1;0;0;;1
2025-07-26 03:36:08.866;TRF;1;0;0;;1
2025-07-26 03:35:59.874;TRF;1;0;0;;1
2025-07-26 03:05:15.083;TRF;1;1;197;;2
2025-07-26 03:03:13.853;TRF;1;0;0;;2
2025-07-26 02:54:38.625;TRF;1;0;0;;2
2025-07-27 00:36:57.765;TRF;1;0;0;;2
2025-07-27 00:38:54.753;TRF;1;0;0;;2
2025-07-27 01:23:01.150;TRF;1;0;0;;2
2025-07-27 01:25:09.174;TRF;1;0;0;;2
2025-07-27 01:41:10.401;TRF;1;0;0;;2
2025-07-27 01:52:02.823;TRF;1;0;0;;2
2025-07-27 03:16:46.077;TRF;1;0;0;;2
2025-07-27 03:34:15.069;TRF;1;0;0;;2
2025-07-27 03:39:30.166;TRF;1;0;0;;2
2025-07-27 03:54:33.997;TRF;1;0;0;;2
2025-07-27 04:05:11.930;TRF;1;0;0;;2
2025-07-27 04:10:05.121;TRF;1;0;0;;2
2025-07-27 22:38:14.435;TRF;1;1;211;;2
2025-07-27 22:37:52.667;TRF;1;0;0;;2
2025-07-27 22:37:48.250;TRF;1;0;0;;2
2025-07-27 21:47:05.687;TRF;1;1;206;;2
2025-07-27 21:46:27.853;TRF;1;0;0;;2
2025-07-27 21:30:01.192;TRF;1;0;0;;2
2025-07-27 21:20:06.107;TRF;1;0;0;;2
2025-07-27 21:15:13.157;TRF;1;0;0;;2
2025-07-27 21:12:40.058;TRF;1;0;0;;2
2025-07-27 21:12:28.467;TRF;1;0;0;;2
2025-07-27 20:36:35.021;TRF;1;0;0;;1
2025-07-27 20:25:49.994;TRF;1;0;0;;1
2025-07-27 20:22:24.029;TRF;1;0;0;;1
2025-07-27 19:41:07.962;TRF;1;0;0;;1
2025-07-27 19:40:04.693;TRF;1;0;0;;1
2025-07-27 18:13:51.048;TRF;1;0;0;;1
2025-07-27 18:11:30.149;TRF;1;0;0;;1
2025-07-27 16:27:04.085;TRF;1;0;0;;1
2025-07-27 16:25:45.108;TRF;1;0;0;;1
2025-07-27 16:18:19.198;TRF;1;0;0;;1
2025-07-27 16:02:08.714;TRF;1;0;0;;1
2025-07-27 16:00:26.424;TRF;1;0;0;;1
2025-07-27 15:53:34.516;TRF;1;0;0;;1
2025-07-27 15:53:32.363;TRF;1;0;0;;1
2025-07-27 15:02:00.681;TRF;1;0;0;;1
2025-07-27 14:57:57.137;TRF;1;0;0;;1
2025-07-27 14:33:34.702;TRF;1;0;0;;1
2025-07-27 14:30:13.504;TRF;1;0;0;;1
2025-07-27 13:23:31.033;TRF;1;0;0;;1
2025-07-27 12:46:37.129;TRF;1;0;0;;1
2025-07-27 10:54:16.073;TRF;1;0;0;;1
2025-07-27 10:54:01.357;TRF;1;0;0;;1
2025-07-27 10:20:37.000;TRF;1;0;0;;1
2025-07-27 06:52:26.621;TRF;1;0;0;;1
2025-07-27 05:00:07.803;TRF;1;0;0;;1
2025-07-28 23:40:47.843;TRF;1;1;199;;1
2025-07-28 22:03:44.422;TRF;1;1;227;;1
2025-07-28 21:45:53.519;TRF;1;0;0;;1
2025-07-28 19:00:32.136;TRF;1;0;0;;1
2025-07-28 18:55:34.160;TRF;1;0;0;;1
2025-07-28 18:53:33.505;TRF;1;0;0;;1
2025-07-28 18:47:01.409;TRF;1;0;0;;1
2025-07-28 17:55:04.098;TRF;1;0;0;;1
2025-07-28 17:01:19.480;TRF;1;0;0;;1
2025-07-28 16:43:51.258;TRF;1;0;0;;1
2025-07-28 10:25:15.793;TRF;1;0;0;;1
2025-07-28 06:33:44.251;TRF;1;0;0;;1
2025-07-28 05:54:20.839;TRF;1;0;0;;1
2025-07-28 05:52:25.363;TRF;1;0;0;;1
2025-07-28 04:43:58.636;TRF;1;0;0;;1
2025-07-28 04:42:45.476;TRF;1;0;0;;1
2025-07-28 04:39:12.556;TRF;1;0;0;;1
2025-07-28 04:39:00.874;TRF;1;0;0;;1
2025-07-28 04:36:34.779;TRF;1;0;0;;1
2025-07-28 04:20:13.268;TRF;1;0;0;;1
2025-07-28 04:18:52.022;TRF;1;0;0;;1
2025-07-28 03:51:10.551;TRF;1;0;0;;1
2025-07-28 03:49:53.187;TRF;1;0;0;;1
2025-07-28 03:19:26.958;TRF;1;0;0;;1
2025-07-28 03:17:22.664;TRF;1;0;0;;1
2025-07-28 03:14:14.470;TRF;1;0;0;;1
2025-07-28 03:12:37.461;TRF;1;0;0;;1
2025-07-28 03:02:01.679;TRF;1;0;0;;1
2025-07-28 02:58:44.139;TRF;1;0;0;;1
2025-07-28 02:06:14.207;TRF;1;0;0;;1
2025-07-28 01:38:39.286;TRF;1;0;0;;1
2025-07-28 00:54:10.859;TRF;1;0;0;;1
2025-07-28 00:45:11.634;TRF;1;0;0;;1
2025-07-28 00:18:34.532;TRF;1;0;0;;1
2025-07-29 00:38:12.519;TRF;1;0;0;;1
2025-07-29 00:42:11.777;TRF;1;0;0;;1
2025-07-29 00:46:35.680;TRF;1;0;0;;1
2025-07-29 00:46:41.504;TRF;1;0;0;;1
2025-07-29 00:50:17.718;TRF;1;0;0;;1
2025-07-29 00:59:13.562;TRF;1;0;0;;1
2025-07-29 01:03:02.636;TRF;1;0;0;;1
2025-07-29 01:21:48.531;TRF;1;0;0;;1
2025-07-29 01:40:35.021;TRF;1;0;0;;1
2025-07-29 01:44:54.322;TRF;1;0;0;;1
2025-07-29 01:54:25.213;TRF;1;0;0;;1
2025-07-29 02:13:15.237;TRF;1;0;0;;1
2025-07-29 02:20:15.021;TRF;1;0;0;;1
2025-07-29 02:25:03.994;TRF;1;0;0;;1
2025-07-29 03:31:34.942;TRF;1;0;0;;1
2025-07-29 03:32:44.354;TRF;1;0;0;;1
2025-07-29 04:07:41.109;TRF;1;0;0;;1
2025-07-29 04:08:39.852;TRF;1;0;0;;1
2025-07-29 21:16:19.037;TRF;1;1;213;;1
2025-07-29 21:09:28.026;TRF;1;1;201;;1
2025-07-29 21:08:46.835;TRF;1;0;0;;1
2025-07-29 21:05:10.034;TRF;1;0;0;;1
2025-07-29 17:02:13.571;TRF;1;0;0;;1
2025-07-29 16:19:56.379;TRF;1;0;0;;1
2025-07-29 16:17:30.821;TRF;1;0;0;;1
2025-07-29 14:52:57.152;TRF;1;0;0;;1
2025-07-29 14:07:06.339;TRF;1;0;0;;1
2025-07-29 14:06:34.692;TRF;1;0;0;;1
2025-07-29 14:06:13.652;TRF;1;0;0;;1
2025-07-29 14:05:10.039;TRF;1;0;0;;1
2025-07-29 14:04:48.733;TRF;1;0;0;;1
2025-07-29 14:04:48.733;TRF;1;0;0;;1
2025-07-29 13:01:16.213;TRF;1;0;0;;1
2025-07-29 12:54:10.380;TRF;1;0;0;;1
2025-07-29 12:45:45.673;TRF;1;0;0;;1
2025-07-29 12:42:03.308;TRF;1;0;0;;1
2025-07-29 12:18:20.678;TRF;1;1;195;;1
2025-07-29 12:18:04.775;TRF;1;0;0;;1
2025-07-29 11:11:00.615;TRF;1;0;0;;1
2025-07-29 06:51:53.011;TRF;1;0;0;;1
2025-07-29 06:37:25.859;TRF;1;0;0;;1
2025-07-29 06:20:20.152;TRF;1;0;0;;1
2025-07-29 06:14:05.197;TRF;1;0;0;;1
2025-07-29 06:11:08.991;TRF;1;0;0;;1
2025-07-29 06:08:37.232;TRF;1;0;0;;1
2025-07-29 06:06:37.279;TRF;1;0;0;;1
2025-07-29 06:05:28.424;TRF;1;0;0;;1
2025-07-29 06:05:16.661;TRF;1;1;213;;1
2025-07-29 06:04:33.884;TRF;1;0;0;;1
2025-07-29 06:04:27.852;TRF;1;0;0;;1
2025-07-29 05:46:45.095;TRF;1;0;0;;1
2025-07-29 05:45:58.603;TRF;1;0;0;;1
2025-07-29 04:41:34.082;TRF;1;0;0;;1
2025-07-29 04:40:43.760;TRF;1;0;0;;1
2025-07-29 04:30:13.996;TRF;1;0;0;;1
2025-07-29 04:29:29.973;TRF;1;0;0;;1
2025-07-29 04:24:04.136;TRF;1;0;0;;1
2025-07-30 00:11:57.673;TRF;1;0;0;;1
2025-07-30 00:12:57.941;TRF;1;0;0;;1
2025-07-30 00:23:28.668;TRF;1;0;0;;1
2025-07-30 03:38:41.477;TRF;1;0;0;;2
2025-07-30 06:12:54.934;TRF;1;0;0;;2
2025-07-30 10:45:23.645;TRF;1;0;0;;1
2025-07-30 13:19:24.144;TRF;1;0;0;;1
2025-07-30 13:19:43.639;TRF;1;0;0;;1
2025-07-30 15:48:36.663;TRF;1;0;0;;1
2025-07-30 16:04:23.491;TRF;1;0;0;;1
2025-07-30 16:06:05.930;TRF;1;0;0;;1
2025-07-30 16:12:26.416;TRF;1;0;0;;1
2025-07-30 16:15:26.392;TRF;1;0;0;;1
2025-07-30 16:50:30.749;TRF;1;0;0;;1
2025-07-30 17:06:32.793;TRF;1;0;0;;1
2025-07-30 18:49:41.700;TRF;1;0;0;;1
2025-07-30 18:54:02.049;TRF;1;0;0;;1
2025-07-30 21:03:40.621;TRF;1;0;0;;1
2025-07-30 21:35:07.928;TRF;1;0;0;;1
2025-07-30 21:46:31.685;TRF;1;0;0;;1
2025-07-30 23:45:27.183;TRF;1;0;0;;1
2025-07-31 00:56:05.393;TRF;1;0;0;;1
2025-07-31 00:57:22.397;TRF;1;0;0;;1
2025-07-31 02:03:56.486;TRF;1;0;0;;1
2025-07-31 02:05:56.909;TRF;1;0;0;;1
2025-07-31 23:06:15.594;TRF;1;1;179;;1
2025-07-31 21:48:17.406;TRF;1;1;192;;1
2025-07-31 21:44:07.334;TRF;1;0;0;;1
2025-07-31 21:42:52.992;TRF;1;0;0;;1
2025-07-31 21:39:11.935;TRF;1;0;0;;1
2025-07-31 21:34:34.425;TRF;1;0;0;;1
2025-07-31 21:18:31.595;TRF;1;0;0;;1
2025-07-31 21:15:41.365;TRF;1;0;0;;1
2025-07-31 21:15:24.719;TRF;1;0;0;;1
2025-07-31 21:04:06.969;TRF;1;0;0;;1
2025-07-31 21:03:32.111;TRF;1;0;0;;1
2025-07-31 21:03:30.198;TRF;1;0;0;;1
2025-07-31 18:08:54.952;TRF;1;0;0;;1
2025-07-31 18:08:57.653;TRF;1;0;0;;1
2025-07-31 17:43:39.717;TRF;1;0;0;;1
2025-07-31 17:30:55.954;TRF;1;0;0;;1
2025-07-31 17:25:53.462;TRF;1;0;0;;1
2025-07-31 16:16:46.816;TRF;1;0;0;;1
2025-07-31 14:40:12.174;TRF;1;0;0;;1
2025-07-31 14:16:51.238;TRF;1;0;0;;1
2025-07-31 14:06:30.746;TRF;1;0;0;;1
2025-07-31 14:03:48.645;TRF;1;0;0;;1
2025-07-31 12:41:08.124;TRF;1;0;0;;1
2025-07-31 11:56:52.642;TRF;1;0;0;;1
2025-07-31 11:53:12.930;TRF;1;0;0;;1
2025-07-31 09:58:56.931;TRF;1;0;0;;1
2025-07-31 05:53:23.092;TRF;1;0;0;;1
2025-07-31 05:52:11.344;TRF;1;0;0;;1
2025-07-31 05:52:10.480;TRF;1;1;0;;1
2025-07-31 05:35:10.550;TRF;1;0;0;;1
2025-07-31 05:31:57.625;TRF;1;0;0;;1
2025-07-31 04:55:04.512;TRF;1;0;0;;1
2025-07-31 04:36:24.317;TRF;1;1;218;;1
2025-07-31 04:20:38.819;TRF;1;1;235;;1
2025-07-31 04:20:09.862;TRF;1;0;0;;1
2025-07-31 04:00:39.114;TRF;1;0;0;;1
2025-07-31 03:59:25.520;TRF;1;0;0;;1
2025-07-31 03:55:56.563;TRF;1;0;0;;1
2025-07-31 03:54:46.725;TRF;1;0;0;;1
2025-07-31 03:52:54.479;TRF;1;0;0;;1
2025-07-31 03:52:07.269;TRF;1;0;0;;1
2025-07-31 03:25:16.368;TRF;1;0;0;;1
2025-07-31 03:22:28.147;TRF;1;0;0;;1
2025-07-31 03:21:11.312;TRF;1;0;0;;1
2025-07-31 03:16:27.566;TRF;1;0;0;;1
2025-07-31 03:09:37.138;TRF;1;0;0;;1
2025-07-31 03:09:12.838;TRF;1;0;0;;1
2025-07-31 02:45:29.954;TRF;1;0;0;;1
2025-07-31 02:43:33.836;TRF;1;0;0;;1
2025-07-31 02:39:24.914;TRF;1;0;0;;1
2025-07-31 02:35:05.603;TRF;1;0;0;;1
2025-07-31 02:19:15.701;TRF;1;0;0;;1
2025-08-01 06:19:08.134;TRF;1;0;0;;1
2025-08-01 06:20:40.272;TRF;1;0;0;;1
2025-08-01 06:29:25.215;TRF;1;0;0;;1
2025-08-01 06:30:42.664;TRF;1;0;0;;1
2025-08-01 06:33:04.616;TRF;1;0;0;;1
2025-08-01 06:35:38.172;TRF;1;0;0;;1
2025-08-01 06:50:26.028;TRF;1;0;0;;1
2025-08-01 07:03:55.400;TRF;1;0;0;;1
2025-08-01 07:15:46.404;TRF;1;1;216;;1
2025-08-01 07:15:50.292;TRF;1;0;0;;1
2025-08-01 10:13:22.684;TRF;1;0;0;;1
2025-08-01 11:54:35.395;TRF;1;0;0;;1
2025-08-01 12:15:13.769;TRF;1;0;0;;1
2025-08-01 15:09:49.333;TRF;1;0;0;;1
2025-08-01 15:10:26.378;TRF;1;0;0;;1
2025-08-01 15:55:09.086;TRF;1;0;0;;1
2025-08-01 15:57:27.621;TRF;1;0;0;;1
2025-08-01 16:27:41.291;TRF;1;0;0;;1
2025-08-01 16:28:19.374;TRF;1;0;0;;1
2025-08-01 17:59:05.027;TRF;1;0;0;;1
2025-08-01 18:04:31.428;TRF;1;0;0;;1
2025-08-01 18:29:47.650;TRF;1;0;0;;1
2025-08-01 18:32:50.240;TRF;1;0;0;;1
2025-08-01 18:43:29.138;TRF;1;0;0;;1
2025-08-01 18:44:06.640;TRF;1;0;0;;1
2025-08-01 18:47:07.491;TRF;1;0;0;;1
2025-08-01 19:03:47.092;TRF;1;0;0;;1
2025-08-01 19:13:42.998;TRF;1;0;0;;1
2025-08-01 20:46:16.416;TRF;1;0;0;;1
2025-08-01 20:46:53.686;TRF;1;0;0;;1
2025-08-01 21:30:34.545;TRF;1;0;0;;1
2025-08-02 00:00:32.666;TRF;1;0;0;;1
2025-08-02 02:23:08.414;TRF;1;0;0;;1
2025-08-02 02:23:50.270;TRF;1;0;0;;1
2025-08-02 02:25:32.661;TRF;1;0;0;;1
2025-08-02 04:47:51.029;TRF;1;0;0;;1
2025-08-02 04:48:22.408;TRF;1;0;0;;1
2025-08-02 05:42:46.197;TRF;1;0;0;;1
2025-08-02 05:43:14.769;TRF;1;0;0;;1
2025-08-02 06:18:42.199;TRF;1;0;0;;1
2025-08-02 06:19:28.056;TRF;1;0;0;;1
2025-08-02 07:57:21.930;TRF;1;0;0;;1
2025-08-02 08:32:33.185;TRF;1;0;0;;1
2025-08-02 23:53:24.464;TRF;1;1;185;;1
2025-08-02 22:15:02.014;TRF;1;1;212;;1
2025-08-02 21:51:03.950;TRF;1;0;0;;1
2025-08-02 21:51:01.357;TRF;1;0;0;;1
2025-08-02 21:39:34.041;TRF;1;0;0;;1
2025-08-02 21:38:54.900;TRF;1;0;0;;1
2025-08-02 21:28:55.939;TRF;1;0;0;;1
2025-08-02 21:24:39.648;TRF;1;0;0;;1
2025-08-02 21:06:38.686;TRF;1;0;0;;1
2025-08-02 21:06:36.469;TRF;1;0;0;;1
2025-08-02 21:06:30.525;TRF;1;0;0;;1
2025-08-02 21:06:10.519;TRF;1;0;0;;1
2025-08-02 21:05:47.461;TRF;1;0;0;;1
2025-08-02 21:05:20.588;TRF;1;0;0;;1
2025-08-02 20:31:14.908;TRF;1;0;0;;1
2025-08-02 20:23:27.248;TRF;1;0;0;;1
2025-08-02 20:17:31.628;TRF;1;0;0;;1
2025-08-02 20:16:55.543;TRF;1;0;0;;1
2025-08-02 20:12:59.330;TRF;1;0;0;;1
2025-08-02 20:11:32.608;TRF;1;0;0;;1
2025-08-02 19:45:56.655;TRF;1;0;0;;1
2025-08-02 19:42:02.617;TRF;1;0;0;;1
2025-08-02 19:37:38.532;TRF;1;0;0;;1
2025-08-02 19:34:12.558;TRF;1;0;0;;1
2025-08-02 19:28:59.161;TRF;1;0;0;;1
2025-08-02 19:29:01.497;TRF;1;0;0;;1
2025-08-02 19:28:30.190;TRF;1;0;0;;1
2025-08-02 19:28:30.920;TRF;1;0;0;;1
2025-08-02 19:28:13.031;TRF;1;0;0;;1
2025-08-02 19:13:50.014;TRF;1;0;0;;1
2025-08-02 19:13:04.988;TRF;1;0;0;;1
2025-08-02 19:13:09.952;TRF;1;0;0;;1
2025-08-02 19:12:09.910;TRF;1;1;194;;1
2025-08-02 18:44:14.603;TRF;1;0;0;;1
2025-08-02 18:35:12.695;TRF;1;0;0;;1
2025-08-02 18:29:45.009;TRF;1;0;0;;1
2025-08-02 17:40:07.477;TRF;1;0;0;;1
2025-08-02 17:37:37.367;TRF;1;0;0;;1
2025-08-02 17:32:50.887;TRF;1;0;0;;1
2025-08-02 17:31:26.181;TRF;1;0;0;;1
2025-08-02 17:31:21.689;TRF;1;0;0;;1
2025-08-02 17:29:03.606;TRF;1;0;0;;1
2025-08-02 17:10:41.357;TRF;1;0;0;;1
2025-08-02 17:08:14.142;TRF;1;0;0;;1
2025-08-02 16:54:55.725;TRF;1;0;0;;1
2025-08-02 16:33:29.752;TRF;1;0;0;;1
2025-08-02 16:32:13.952;TRF;1;0;0;;1
2025-08-02 15:54:51.973;TRF;1;0;0;;1
2025-08-02 15:37:43.687;TRF;1;0;0;;1
2025-08-02 15:01:43.122;TRF;1;0;0;;1
2025-08-02 14:52:28.946;TRF;1;0;0;;1
2025-08-02 14:06:47.113;TRF;1;1;205;;1
2025-08-02 14:05:49.372;TRF;1;0;0;;1
2025-08-02 13:43:10.241;TRF;1;0;0;;1
2025-08-02 13:37:52.375;TRF;1;0;0;;1
2025-08-02 13:12:14.947;TRF;1;1;221;;1
2025-08-02 11:28:11.696;TRF;1;0;0;;1
2025-08-02 09:57:51.131;TRF;1;0;0;;1
2025-08-02 09:54:51.339;TRF;1;0;0;;1
2025-08-02 09:53:17.901;TRF;1;0;0;;1
2025-08-02 09:53:07.779;TRF;1;0;0;;1
2025-08-02 09:52:49.979;TRF;1;0;0;;1
2025-08-02 09:52:25.328;TRF;1;0;0;;1
2025-08-02 08:51:39.885;TRF;1;0;0;;1
2025-08-03 02:46:40.411;TRF;1;0;0;;1
2025-08-03 02:46:41.197;TRF;1;0;0;;1
2025-08-03 02:46:49.447;TRF;1;0;0;;1
2025-08-03 23:56:28.531;TRF;1;1;194;;1
2025-08-03 23:39:22.810;TRF;1;1;209;;1
2025-08-03 23:38:59.469;TRF;1;0;0;;1
2025-08-03 23:37:13.011;TRF;1;0;0;;1
2025-08-03 23:36:50.507;TRF;1;0;0;;1
2025-08-03 21:57:37.501;TRF;1;1;194;;1
2025-08-03 21:55:16.285;TRF;1;0;0;;1
2025-08-03 21:49:26.099;TRF;1;0;0;;1
2025-08-03 21:49:29.822;TRF;1;0;0;;1
2025-08-03 21:45:33.178;TRF;1;0;0;;1
2025-08-03 21:31:23.569;TRF;1;0;0;;1
2025-08-03 21:24:39.005;TRF;1;0;0;;1
2025-08-03 21:16:05.237;TRF;1;0;0;;1
2025-08-03 21:04:21.945;TRF;1;0;0;;1
2025-08-03 21:02:22.389;TRF;1;0;0;;1
2025-08-03 19:30:52.816;TRF;1;1;211;;1
2025-08-03 19:28:57.822;TRF;1;0;0;;1
2025-08-03 19:28:42.909;TRF;1;0;0;;1
2025-08-03 19:28:39.612;TRF;1;0;0;;1
2025-08-03 19:27:20.543;TRF;1;0;0;;1
2025-08-03 19:26:39.615;TRF;1;0;0;;1
2025-08-03 19:26:10.015;TRF;1;0;0;;1
2025-08-03 19:17:22.449;TRF;1;0;0;;1
2025-08-03 19:17:13.305;TRF;1;1;218;;1
2025-08-03 19:16:53.467;TRF;1;0;0;;1
2025-08-03 19:16:33.686;TRF;1;0;0;;1
2025-08-03 19:16:30.135;TRF;1;0;0;;1
2025-08-03 19:13:32.989;TRF;1;0;0;;1
2025-08-03 19:13:23.978;TRF;1;0;0;;1
2025-08-03 19:11:08.504;TRF;1;1;205;;1
2025-08-03 19:11:08.504;TRF;1;1;198;;1
2025-08-03 19:11:02.298;TRF;1;0;0;;1
2025-08-03 19:07:48.749;TRF;1;0;0;;1
2025-08-03 19:05:48.334;TRF;1;0;0;;1
2025-08-03 19:05:46.389;TRF;1;0;0;;1
2025-08-03 19:04:42.733;TRF;1;0;0;;1
2025-08-03 19:05:45.453;TRF;1;0;0;;1
2025-08-03 19:04:37.621;TRF;1;0;0;;1
2025-08-03 19:04:37.621;TRF;1;0;0;;1
2025-08-03 19:02:58.735;TRF;1;0;0;;1
2025-08-03 19:00:09.078;TRF;1;0;0;;1
2025-08-03 18:58:51.015;TRF;1;0;0;;1
2025-08-03 18:58:51.015;TRF;1;0;0;;1
2025-08-03 18:57:05.469;TRF;1;0;0;;1
2025-08-03 18:57:02.688;TRF;1;0;0;;1
2025-08-03 18:56:54.716;TRF;1;0;0;;1
2025-08-03 18:56:56.468;TRF;1;0;0;;1
2025-08-03 18:44:12.208;TRF;1;0;0;;1
2025-08-03 18:34:52.674;TRF;1;0;0;;1
2025-08-03 18:33:11.089;TRF;1;0;0;;1
2025-08-03 18:17:32.417;TRF;1;0;0;;1
2025-08-03 17:08:11.742;TRF;1;0;0;;1
2025-08-03 17:07:49.427;TRF;1;0;0;;1
2025-08-03 16:56:31.177;TRF;1;0;0;;1
2025-08-03 16:56:22.015;TRF;1;0;0;;1
2025-08-03 16:55:58.888;TRF;1;0;0;;1
2025-08-03 16:52:36.808;TRF;1;0;0;;1
2025-08-03 16:50:50.690;TRF;1;0;0;;1
2025-08-03 16:45:44.186;TRF;1;0;0;;1
2025-08-03 16:45:11.379;TRF;1;0;0;;1
2025-08-03 16:45:02.139;TRF;1;0;0;;1
2025-08-03 16:42:31.772;TRF;1;0;0;;1
2025-08-03 15:34:38.770;TRF;1;0;0;;1
2025-08-03 15:28:50.746;TRF;1;0;0;;1
2025-08-03 15:11:19.304;TRF;1;0;0;;1
2025-08-03 15:10:56.305;TRF;1;0;0;;1
2025-08-03 13:47:57.347;TRF;1;1;193;;1
2025-08-03 13:26:27.259;TRF;1;0;0;;1
2025-08-03 13:22:28.666;TRF;1;0;0;;1
2025-08-03 12:06:53.604;TRF;1;0;0;;1
2025-08-03 10:47:31.223;TRF;1;0;0;;1
2025-08-03 08:55:24.074;TRF;1;0;0;;1
2025-08-03 06:39:20.559;TRF;1;0;0;;1
2025-08-03 06:39:15.897;TRF;1;0;0;;1
2025-08-03 06:38:09.633;TRF;1;0;0;;1
2025-08-03 06:35:56.840;TRF;1;0;0;;1
2025-08-03 06:31:28.398;TRF;1;0;0;;1
2025-08-03 06:23:59.204;TRF;1;0;0;;1
2025-08-03 05:54:52.992;TRF;1;0;0;;1
2025-08-03 05:53:40.208;TRF;1;0;0;;1
2025-08-03 05:29:49.755;TRF;1;0;0;;1
2025-08-03 05:08:49.203;TRF;1;0;0;;1
2025-08-03 04:40:28.739;TRF;1;0;0;;1
2025-08-03 04:38:37.332;TRF;1;0;0;;1
2025-08-03 04:38:35.905;TRF;1;0;0;;1
2025-08-03 04:36:23.137;TRF;1;0;0;;1
2025-08-03 04:36:21.315;TRF;1;0;0;;1
2025-08-03 04:09:34.948;TRF;1;0;0;;1
2025-08-03 03:59:00.111;TRF;1;0;0;;1
2025-08-03 03:47:21.252;TRF;1;0;0;;1
2025-08-03 03:36:09.593;TRF;1;0;0;;1
2025-08-03 03:34:48.376;TRF;1;0;0;;1
2025-08-03 03:11:34.843;TRF;1;0;0;;1
2025-08-03 03:11:26.124;TRF;1;0;0;;1
2025-08-03 03:11:15.904;TRF;1;0;0;;1
2025-08-03 03:11:06.689;TRF;1;0;0;;1
2025-08-03 03:10:15.010;TRF;1;0;0;;1
2025-08-04 23:39:55.654;TRF;1;1;168;;1
2025-08-04 23:39:29.695;TRF;1;0;0;;1
2025-08-04 23:35:06.668;TRF;1;0;0;;1
2025-08-04 23:34:28.965;TRF;1;0;0;;1
2025-08-04 23:18:27.017;TRF;1;0;0;;1
2025-08-04 23:14:16.551;TRF;1;0;0;;1
2025-08-04 22:36:47.941;TRF;1;0;0;;1
2025-08-04 21:40:07.187;TRF;1;1;225;;1
2025-08-04 21:36:09.660;TRF;1;0;0;;1
2025-08-04 21:33:37.738;TRF;1;0;0;;1
2025-08-04 21:11:17.803;TRF;1;0;0;;1
2025-08-04 21:07:01.281;TRF;1;0;0;;1
2025-08-04 21:04:01.039;TRF;1;1;255;;1
2025-08-04 21:03:52.241;TRF;1;0;0;;1
2025-08-04 19:13:24.562;TRM;1;1;461;;1
2025-08-04 18:50:02.268;TRF;1;1;212;;1
2025-08-04 18:50:03.490;TRF;1;1;223;;1
2025-08-04 18:50:00.077;TRF;1;0;0;;1
2025-08-04 17:46:58.803;TRF;1;1;244;;1
2025-08-04 17:27:43.116;TRF;1;1;229;;1
2025-08-04 17:09:35.827;TRF;1;0;0;;1
2025-08-04 17:04:06.611;TRF;1;0;0;;1
2025-08-04 16:07:36.982;TRF;1;1;212;;1
2025-08-04 15:44:05.439;TRF;1;0;0;;1
2025-08-04 15:40:31.341;TRF;1;0;0;;1
2025-08-04 15:39:29.687;TRF;1;0;0;;1
2025-08-04 15:40:31.587;TRF;1;1;194;;1
2025-08-04 15:10:57.171;TRF;1;0;0;;1
2025-08-04 14:42:49.574;TRF;1;0;0;;1
2025-08-04 14:42:31.418;TRF;1;0;0;;1
2025-08-04 14:07:52.994;TRF;1;0;0;;1
2025-08-04 14:06:50.293;TRF;1;0;0;;1
2025-08-04 13:22:33.141;TRF;1;1;196;;1
2025-08-04 13:22:29.716;TRF;1;0;0;;1
2025-08-04 12:48:41.537;TRF;1;0;0;;1
2025-08-04 12:16:56.911;TRF;1;1;200;;1
2025-08-04 11:22:14.766;TRF;1;0;0;;1
2025-08-04 11:22:05.977;TRF;1;1;237;;1
2025-08-04 11:21:37.657;TRF;1;0;0;;1
2025-08-04 11:18:38.213;TRF;1;0;0;;1
2025-08-04 11:09:32.469;TRF;1;1;316;;1
2025-08-04 09:40:12.294;TRF;1;0;0;;1
2025-08-04 09:36:41.580;TRF;1;0;0;;1
2025-08-04 07:16:05.439;TRF;1;0;0;;1
2025-08-04 07:07:24.832;TRF;1;0;0;;1
2025-08-04 07:07:12.956;TRF;1;0;0;;1
2025-08-04 06:57:45.901;TRF;1;0;0;;1
2025-08-04 06:25:23.843;TRF;1;0;0;;1
2025-08-04 06:16:49.049;TRF;1;0;0;;1
2025-08-04 06:12:29.699;TRF;1;1;206;;1
2025-08-04 06:10:24.043;TRF;1;0;0;;1
2025-08-04 04:42:36.667;TRF;1;0;0;;1
2025-08-04 04:26:15.881;TRF;1;1;211;;1
2025-08-04 04:17:13.279;TRF;1;1;208;;1
2025-08-04 04:16:58.679;TRF;1;0;0;;1
2025-08-04 03:58:44.503;TRF;1;0;0;;1
2025-08-04 03:11:18.639;TRF;1;1;193;;1
2025-08-04 03:09:51.965;TRF;1;0;0;;1
2025-08-04 02:50:20.204;TRF;1;0;0;;1
2025-08-04 02:50:08.759;TRF;1;0;0;;1
2025-08-04 02:11:14.153;TRF;1;0;0;;1
2025-08-04 02:10:30.718;TRF;1;0;0;;1
2025-08-04 01:43:59.941;TRF;1;0;0;;1
2025-08-04 01:41:40.832;TRF;1;0;0;;1
2025-08-04 01:31:04.708;TRF;1;0;0;;1
2025-08-04 01:30:24.041;TRF;1;0;0;;1
2025-08-04 01:11:10.953;TRF;1;0;0;;1
2025-08-05 00:13:20.099;TRF;1;0;0;;1
2025-08-05 00:17:49.940;TRF;1;0;0;;1
2025-08-05 00:26:34.186;TRF;1;0;0;;1
2025-08-05 00:27:35.686;TRF;1;0;0;;1
2025-08-05 00:33:08.472;TRF;1;0;0;;1
2025-08-05 00:33:28.666;TRF;1;0;0;;1
2025-08-05 00:41:50.775;TRF;1;0;0;;1
2025-08-05 00:42:57.463;TRF;1;0;0;;1
2025-08-05 00:47:12.612;TRF;1;0;0;;1
2025-08-05 00:47:28.087;TRF;1;0;0;;1
2025-08-05 00:47:36.613;TRF;1;0;0;;1
2025-08-05 00:48:37.726;TRF;1;0;0;;1
2025-08-05 00:54:52.252;TRF;1;0;0;;1
2025-08-05 00:58:09.613;TRF;1;0;0;;1
2025-08-05 01:00:05.393;TRF;1;0;0;;1
2025-08-05 01:04:15.251;TRF;1;0;0;;1
2025-08-05 01:04:57.882;TRF;1;0;0;;1
2025-08-05 01:19:23.550;TRF;1;0;0;;1
2025-08-05 01:31:26.795;TRF;1;0;0;;1
2025-08-05 01:49:10.841;TRF;1;0;0;;1
2025-08-05 02:27:01.083;TRF;1;0;0;;1
2025-08-05 02:39:00.728;TRF;1;0;0;;1
2025-08-05 02:48:04.834;TRF;1;0;0;;1
2025-08-05 02:50:04.432;TRF;1;0;0;;1
2025-08-05 02:53:01.810;TRF;1;0;0;;1
2025-08-05 02:59:06.724;TRF;1;0;0;;1
2025-08-05 03:04:44.729;TRF;1;0;0;;1
2025-08-05 03:06:23.975;TRF;1;0;0;;1
2025-08-05 03:07:19.806;TRF;1;0;0;;1
2025-08-05 03:10:49.410;TRF;1;0;0;;1
2025-08-05 04:05:20.309;TRF;1;0;0;;1
2025-08-05 23:54:22.367;TRF;1;0;0;;1
2025-08-05 23:49:37.632;TRF;1;0;0;;1
2025-08-05 23:48:52.636;TRF;1;0;0;;1
2025-08-05 23:47:32.542;TRF;1;0;0;;1
2025-08-05 23:41:54.505;TRF;1;0;0;;1
2025-08-05 23:16:40.932;TRF;1;0;0;;1
2025-08-05 23:02:54.939;TRF;1;0;0;;1
2025-08-05 22:53:17.320;TRF;1;0;0;;1
2025-08-05 22:30:13.707;TRF;1;0;0;;1
2025-08-05 22:02:00.835;TRF;1;0;0;;1
2025-08-05 21:34:48.601;TRF;1;0;0;;1
2025-08-05 21:34:40.301;TRF;1;0;0;;1
2025-08-05 21:34:29.750;TRF;1;1;229;;1
2025-08-05 21:34:24.480;TRF;1;0;0;;1
2025-08-05 21:26:22.378;TRF;1;0;0;;1
2025-08-05 21:04:29.018;TRF;1;0;0;;1
2025-08-05 16:32:23.869;TRF;1;0;0;;1
2025-08-05 16:14:25.442;TRF;1;0;0;;1
2025-08-05 15:19:28.573;TRF;1;0;0;;1
2025-08-05 14:10:09.925;TRF;1;1;209;;1
2025-08-05 14:02:36.720;TRF;1;0;0;;1
2025-08-05 13:54:18.687;TRF;1;0;0;;1
2025-08-05 13:52:32.068;TRF;1;0;0;;1
2025-08-05 13:44:41.422;TRF;1;0;0;;1
2025-08-05 13:41:52.291;TRF;1;0;0;;1
2025-08-05 13:40:54.138;TRF;1;0;0;;1
2025-08-05 13:24:19.412;TRF;1;0;0;;1
2025-08-05 13:08:57.195;TRF;1;0;0;;1
2025-08-05 13:06:27.445;TRF;1;0;0;;1
2025-08-05 12:41:55.184;TRF;1;0;0;;1
2025-08-05 11:59:34.461;TRF;1;0;0;;1
2025-08-05 11:53:46.693;TRF;1;0;0;;1
2025-08-05 11:53:18.176;TRF;1;0;0;;1
2025-08-05 11:44:13.197;TRF;1;0;0;;1
2025-08-05 11:44:02.494;TRF;1;0;0;;1
2025-08-05 11:44:04.027;TRF;1;0;0;;1
2025-08-05 11:43:51.136;TRF;1;0;0;;1
2025-08-05 11:43:55.516;TRF;1;0;0;;1
2025-08-05 11:41:55.408;TRF;1;0;0;;1
2025-08-05 11:37:49.320;TRF;1;0;0;;1
2025-08-05 11:23:50.988;TRF;1;0;0;;1
2025-08-05 11:21:13.229;TRF;1;0;0;;1
2025-08-05 10:34:27.276;TRF;1;0;0;;1
2025-08-05 09:39:11.810;TRF;1;0;0;;1
2025-08-05 06:54:35.090;TRF;1;0;0;;1
2025-08-05 06:53:31.140;TRF;1;0;0;;1
2025-08-05 06:53:26.011;TRF;1;0;0;;1
2025-08-05 06:53:26.449;TRF;1;0;0;;1
2025-08-05 06:53:00.810;TRF;1;0;0;;1
2025-08-05 06:52:57.563;TRF;1;0;0;;1
2025-08-05 06:24:18.289;TRF;1;0;0;;1
2025-08-05 06:20:48.162;TRF;1;0;0;;1
2025-08-05 06:13:40.285;TRF;1;0;0;;1
2025-08-05 06:13:09.796;TRF;1;0;0;;1
2025-08-05 06:07:53.716;TRF;1;0;0;;1
2025-08-05 06:04:15.618;TRF;1;0;0;;1
2025-08-05 06:03:11.109;TRF;1;0;0;;1
2025-08-05 05:56:36.337;TRF;1;0;0;;1
2025-08-05 05:55:39.361;TRF;1;0;0;;1
2025-08-05 05:52:10.130;TRF;1;0;0;;1
2025-08-05 05:50:34.026;TRF;1;0;0;;1
2025-08-05 05:46:24.338;TRF;1;0;0;;1
2025-08-05 05:45:52.243;TRF;1;0;0;;1
2025-08-05 05:44:18.448;TRF;1;0;0;;1
2025-08-05 05:43:21.604;TRF;1;0;0;;1
2025-08-05 05:13:59.259;TRF;1;0;0;;1
2025-08-05 05:13:02.725;TRF;1;0;0;;1
2025-08-05 05:01:55.651;TRF;1;0;0;;1
2025-08-05 05:00:53.792;TRF;1;0;0;;1
2025-08-05 04:52:38.414;TRF;1;0;0;;1
2025-08-05 04:51:58.455;TRF;1;0;0;;1
2025-08-05 04:49:32.211;TRF;1;0;0;;1
2025-08-05 04:48:44.175;TRF;1;0;0;;1
2025-08-05 04:15:14.769;TRF;1;0;0;;1
2025-08-06 23:07:45.132;TRF;1;0;0;;1
2025-08-06 22:07:44.874;TRF;1;0;0;;1
2025-08-06 22:06:01.495;TRF;1;0;0;;1
2025-08-06 21:49:51.305;TRF;1;0;0;;1
2025-08-06 21:28:36.550;TRF;1;0;0;;1
2025-08-06 21:13:26.778;TRF;1;0;0;;1
2025-08-06 21:13:10.027;TRF;1;0;0;;1
2025-08-06 20:55:12.161;TRF;1;0;0;;1
2025-08-06 19:40:28.945;TRF;1;1;215;;1
2025-08-06 19:30:42.300;TRF;1;0;0;;1
2025-08-06 19:10:31.269;TRF;1;0;0;;1
2025-08-06 19:09:17.187;TRF;1;0;0;;1
2025-08-06 18:44:39.054;TRF;1;0;0;;1
2025-08-06 18:20:09.800;TRF;1;0;0;;1
2025-08-06 18:19:56.469;TRF;1;0;0;;1
2025-08-06 17:10:38.606;TRF;1;0;0;;1
2025-08-06 16:46:19.075;TRF;1;0;0;;1
2025-08-06 15:38:00.205;TRF;1;0;0;;1
2025-08-06 14:40:04.183;TRF;1;0;0;;1
2025-08-06 14:23:54.579;TRF;1;0;0;;1
2025-08-06 14:10:39.914;TRF;1;0;0;;1
2025-08-06 14:09:12.612;TRF;1;0;0;;1
2025-08-06 13:29:16.743;TRF;1;0;0;;1
2025-08-06 13:12:53.308;TRF;1;0;0;;1
2025-08-06 13:05:12.403;TRF;1;0;0;;1
2025-08-06 12:39:39.330;TRF;1;0;0;;1
2025-08-06 12:01:21.692;TRF;1;0;0;;1
2025-08-06 12:00:56.678;TRF;1;0;0;;1
2025-08-06 11:36:11.603;TRF;1;0;0;;1
2025-08-06 11:22:37.366;TRF;1;0;0;;1
2025-08-06 11:20:27.212;TRF;1;0;0;;1
2025-08-06 11:18:57.191;TRF;1;0;0;;1
2025-08-06 11:19:01.206;TRF;1;0;0;;1
2025-08-06 11:20:27.431;TRF;1;0;0;;1
2025-08-06 11:18:55.731;TRF;1;0;0;;1
2025-08-06 11:18:58.432;TRF;1;0;0;;1
2025-08-06 11:17:21.935;TRF;1;1;260;;1
2025-08-06 11:17:29.655;TRF;1;1;282;;1
2025-08-06 11:06:08.912;TRF;1;0;0;;1
2025-08-06 11:05:44.485;TRF;1;0;0;;1
2025-08-06 10:41:02.684;TRF;1;0;0;;1
2025-08-06 06:46:02.356;TRF;1;0;0;;1
2025-08-06 06:45:57.720;TRF;1;0;0;;1
2025-08-06 06:15:06.564;TRF;1;0;0;;1
2025-08-06 06:13:58.402;TRF;1;0;0;;1
2025-08-06 06:06:22.496;TRF;1;0;0;;1
2025-08-06 06:05:39.812;TRF;1;0;0;;1
2025-08-06 05:57:57.479;TRF;1;0;0;;1
2025-08-06 05:55:28.464;TRF;1;0;0;;1
2025-08-06 05:33:51.758;TRF;1;0;0;;1
2025-08-06 05:31:02.734;TRF;1;0;0;;1
2025-08-06 05:16:04.278;TRF;1;0;0;;1
2025-08-06 05:15:03.477;TRF;1;0;0;;1
2025-08-06 04:59:30.970;TRF;1;0;0;;1
2025-08-06 04:59:22.790;TRF;1;0;0;;1
2025-08-06 04:48:25.421;TRF;1;0;0;;1
2025-08-06 04:48:17.843;TRF;1;0;0;;1
2025-08-06 04:46:08.727;TRF;1;0;0;;1
2025-08-06 04:44:12.942;TRF;1;0;0;;1
2025-08-06 04:38:11.666;TRF;1;0;0;;1
2025-08-06 04:32:10.913;TRF;1;0;0;;1
2025-08-06 04:30:47.488;TRF;1;0;0;;1
2025-08-06 04:23:34.470;TRF;1;0;0;;1
2025-08-06 04:21:48.853;TRF;1;0;0;;1
2025-08-06 04:20:45.421;TRF;1;0;0;;1
2025-08-06 04:20:37.310;TRF;1;0;0;;1
2025-08-06 04:16:46.722;TRF;1;0;0;;1
2025-08-06 04:14:48.476;TRF;1;0;0;;1
2025-08-06 04:13:42.444;TRF;1;0;0;;1
2025-08-06 04:13:02.972;TRF;1;0;0;;1
2025-08-06 04:08:19.917;TRF;1;0;0;;1
2025-08-06 04:06:58.036;TRF;1;0;0;;1
2025-08-06 04:04:41.245;TRF;1;0;0;;1
2025-08-06 04:03:35.419;TRF;1;0;0;;1
2025-08-06 03:58:40.263;TRF;1;0;0;;1
2025-08-06 03:57:01.190;TRF;1;0;0;;1
2025-08-06 03:50:08.534;TRF;1;0;0;;1
2025-08-06 03:43:30.518;TRF;1;0;0;;1
2025-08-06 03:42:01.306;TRF;1;0;0;;1
2025-08-06 03:41:05.797;TRF;1;0;0;;1
2025-08-06 03:36:49.866;TRF;1;0;0;;1
2025-08-06 03:31:59.316;TRF;1;0;0;;1
2025-08-06 03:30:56.085;TRF;1;0;0;;1
2025-08-06 03:25:32.640;TRF;1;0;0;;1
2025-08-06 03:23:39.255;TRF;1;0;0;;1
2025-08-06 03:23:42.029;TRF;1;0;0;;1
2025-08-06 03:22:37.122;TRF;1;0;0;;1
2025-08-06 03:13:43.465;TRF;1;0;0;;1
2025-08-06 03:04:34.730;TRF;1;0;0;;1
2025-08-06 03:02:10.023;TRF;1;0;0;;1
2025-08-06 03:02:13.454;TRF;1;0;0;;1
2025-08-06 03:01:03.235;TRF;1;0;0;;1
2025-08-06 02:55:02.673;TRF;1;0;0;;1
2025-08-06 02:50:42.652;TRF;1;0;0;;1
2025-08-06 02:42:06.530;TRF;1;0;0;;1
2025-08-06 02:41:14.212;TRF;1;0;0;;1
2025-08-06 02:26:51.346;TRF;1;0;0;;1
2025-08-06 02:02:06.102;TRF;1;0;0;;1
2025-08-06 02:01:54.007;TRF;1;0;0;;1
2025-08-06 01:31:51.898;TRF;1;0;0;;1
2025-08-06 01:28:37.688;TRF;1;0;0;;1
2025-08-06 01:26:41.780;TRF;1;0;0;;1
2025-08-06 00:13:20.590;TRF;1;0;0;;1
2025-08-06 00:10:09.389;TRF;1;0;0;;1
2025-08-07 23:21:59.695;TRF;1;0;0;;1
2025-08-07 23:15:29.592;TRF;1;0;0;;1
2025-08-07 23:08:59.714;TRF;1;0;0;;1
2025-08-07 22:46:42.667;TRF;1;0;0;;1
2025-08-07 22:19:07.754;TRF;1;0;0;;1
2025-08-07 22:08:13.327;TRF;1;0;0;;1
2025-08-07 21:26:45.567;TRF;1;0;0;;1
2025-08-07 21:09:58.961;TRF;1;0;0;;1
2025-08-07 19:03:31.257;TRF;1;0;0;;1
2025-08-07 18:50:11.116;TRF;1;1;217;;1
2025-08-07 18:44:44.437;TRF;1;0;0;;1
2025-08-07 18:44:00.910;TRF;1;0;0;;1
2025-08-07 18:23:16.619;TRF;1;0;0;;1
2025-08-07 16:35:20.484;TRF;1;0;0;;1
2025-08-07 16:23:44.960;TRF;1;1;202;;1
2025-08-07 16:20:45.737;TRF;1;0;0;;1
2025-08-07 15:47:06.531;TRF;1;0;0;;1
2025-08-07 13:27:00.985;TRF;1;0;0;;1
2025-08-07 13:03:30.041;TRF;1;0;0;;1
2025-08-07 13:03:00.551;TRF;1;0;0;;1
2025-08-07 13:03:07.851;TRF;1;0;0;;1
2025-08-07 13:00:08.579;TRF;1;0;0;;1
2025-08-07 12:02:28.489;TRF;1;0;0;;1
2025-08-07 11:27:09.954;TRF;1;0;0;;1
2025-08-07 11:24:20.507;TRF;1;0;0;;1
2025-08-07 11:21:54.325;TRF;1;0;0;;1
2025-08-07 11:18:45.730;TRF;1;0;0;;1
2025-08-07 11:18:50.767;TRF;1;0;0;;1
2025-08-07 11:17:24.568;TRF;1;0;0;;1
2025-08-07 11:17:24.124;TRF;1;0;0;;1
2025-08-07 11:13:51.434;TRF;1;0;0;;1
2025-08-07 11:13:09.589;TRF;1;0;0;;1
2025-08-07 11:12:00.415;TRF;1;0;0;;1
2025-08-07 08:53:11.591;TRF;1;0;0;;1
2025-08-07 07:17:58.452;TRF;1;0;0;;1
2025-08-07 07:17:14.145;TRF;1;0;0;;1
2025-08-07 05:50:36.842;TRF;1;0;0;;1
2025-08-07 05:49:43.590;TRF;1;0;0;;1
2025-08-07 05:47:09.179;TRF;1;0;0;;1
2025-08-07 05:47:01.550;TRF;1;0;0;;1
2025-08-07 05:35:03.962;TRF;1;0;0;;1
2025-08-07 05:26:30.584;TRF;1;0;0;;1
2025-08-07 05:25:14.018;TRF;1;0;0;;1
2025-08-07 05:11:09.208;TRF;1;0;0;;1
2025-08-07 05:10:15.361;TRF;1;0;0;;1
2025-08-07 05:05:42.682;TRF;1;0;0;;1
2025-08-07 04:58:04.143;TRF;1;0;0;;1
2025-08-07 04:57:00.846;TRF;1;0;0;;1
2025-08-07 04:55:36.320;TRF;1;0;0;;1
2025-08-07 04:54:48.290;TRF;1;0;0;;1
2025-08-07 04:53:56.874;TRF;1;0;0;;1
2025-08-07 04:41:17.407;TRF;1;0;0;;1
2025-08-07 04:40:23.072;TRF;1;0;0;;1
2025-08-07 04:40:13.523;TRF;1;0;0;;1
2025-08-07 04:39:25.147;TRF;1;0;0;;1
2025-08-07 04:34:57.195;TRF;1;0;0;;1
2025-08-07 04:33:28.033;TRF;1;0;0;;1
2025-08-07 04:28:09.476;TRF;1;0;0;;1
2025-08-07 04:26:51.922;TRF;1;0;0;;1
2025-08-07 04:24:46.051;TRF;1;0;0;;1
2025-08-07 04:17:03.982;TRF;1;0;0;;1
2025-08-07 04:17:00.824;TRF;1;0;0;;1
2025-08-07 04:14:47.203;TRF;1;0;0;;1
2025-08-07 04:11:40.864;TRF;1;0;0;;1
2025-08-07 04:10:34.923;TRF;1;0;0;;1
2025-08-07 04:05:32.892;TRF;1;0;0;;1
2025-08-07 03:47:53.119;TRF;1;0;0;;1
2025-08-07 03:46:33.684;TRF;1;0;0;;1
2025-08-07 03:18:13.674;TRF;1;0;0;;1
2025-08-07 03:16:44.139;TRF;1;0;0;;1
2025-08-07 03:13:28.353;TRF;1;0;0;;1
2025-08-07 03:01:57.576;TRF;1;0;0;;1
2025-08-07 02:19:41.432;TRF;1;0;0;;1
2025-08-07 02:18:10.611;TRF;1;0;0;;1
2025-08-07 01:45:17.493;TRF;1;0;0;;1
2025-08-07 01:31:28.786;TRF;1;0;0;;1
2025-08-07 00:35:43.174;TRF;1;0;0;;1
2025-08-08 23:57:51.583;TRF;1;0;0;;1
2025-08-08 23:44:04.925;TRF;1;0;0;;1
2025-08-08 23:33:34.621;TRF;1;0;0;;1
2025-08-08 21:50:08.142;TRF;1;0;0;;1
2025-08-08 21:43:05.483;TRF;1;0;0;;1
2025-08-08 21:35:24.460;TRF;1;0;0;;1
2025-08-08 21:35:21.202;TRF;1;1;202;;1
2025-08-08 21:35:02.405;TRF;1;0;0;;1
2025-08-08 21:35:02.405;TRF;1;0;0;;1
2025-08-08 20:54:44.617;TRF;1;0;0;;1
2025-08-08 20:52:19.809;TRF;1;0;0;;1
2025-08-08 18:28:12.977;TRF;1;0;0;;1
2025-08-08 18:19:10.582;TRF;1;0;0;;1
2025-08-08 18:14:41.927;TRF;1;0;0;;1
2025-08-08 16:30:57.363;TRF;1;0;0;;1
2025-08-08 16:20:38.651;TRF;1;0;0;;1
2025-08-08 16:06:25.700;TRF;1;0;0;;1
2025-08-08 16:06:14.545;TRF;1;0;0;;1
2025-08-08 15:06:52.957;TRF;1;0;0;;1
2025-08-08 13:28:19.902;TRF;1;0;0;;1
2025-08-08 12:59:31.530;TRF;1;0;0;;1
2025-08-08 12:36:29.765;TRF;1;0;0;;1
2025-08-08 12:29:47.259;TRF;1;0;0;;1
2025-08-08 12:29:35.843;TRF;1;0;0;;1
2025-08-08 11:15:33.203;TRF;1;1;180;;1
2025-08-08 10:31:37.873;TRF;1;0;0;;1
2025-08-08 07:36:45.300;TRF;1;0;0;;1
2025-08-08 07:34:14.130;TRF;1;0;0;;1
2025-08-08 07:34:11.740;TRF;1;0;0;;1
2025-08-08 07:33:30.438;TRF;1;0;0;;1
2025-08-08 07:04:05.050;TRF;1;0;0;;1
2025-08-08 06:24:03.246;TRF;1;0;0;;1
2025-08-08 06:21:54.883;TRF;1;0;0;;1
2025-08-08 06:21:41.939;TRF;1;0;0;;1
2025-08-08 06:17:00.952;TRF;1;0;0;;1
2025-08-08 06:13:27.373;TRF;1;0;0;;1
2025-08-08 06:11:30.254;TRF;1;0;0;;1
2025-08-08 06:10:23.944;TRF;1;0;0;;1
2025-08-08 06:08:50.416;TRF;1;0;0;;1
2025-08-08 06:03:34.614;TRF;1;0;0;;1
2025-08-08 06:02:42.176;TRF;1;0;0;;1
2025-08-08 05:58:36.050;TRF;1;0;0;;1
2025-08-08 05:50:48.417;TRF;1;0;0;;1
2025-08-08 05:50:44.017;TRF;1;0;0;;1
2025-08-08 05:50:26.115;TRF;1;0;0;;1
2025-08-08 05:49:37.837;TRF;1;0;0;;1
2025-08-08 05:40:20.644;TRF;1;0;0;;1
2025-08-08 05:39:09.570;TRF;1;0;0;;1
2025-08-08 05:23:38.232;TRF;1;0;0;;1
2025-08-08 05:21:38.370;TRF;1;0;0;;1
2025-08-08 05:20:56.667;TRF;1;0;0;;1
2025-08-08 05:13:11.058;TRF;1;0;0;;1
2025-08-08 05:13:07.113;TRF;1;0;0;;1
2025-08-08 05:11:30.221;TRF;1;0;0;;1
2025-08-08 05:08:45.829;TRF;1;0;0;;1
2025-08-08 05:05:18.257;TRF;1;0;0;;1
2025-08-08 04:55:01.085;TRF;1;0;0;;1
2025-08-08 04:52:48.703;TRF;1;0;0;;1
2025-08-08 04:49:49.082;TRF;1;0;0;;1
2025-08-08 04:48:49.774;TRF;1;0;0;;1
2025-08-08 04:48:18.032;TRF;1;0;0;;1
2025-08-08 04:47:40.012;TRF;1;0;0;;1
2025-08-08 04:33:15.267;TRF;1;0;0;;1
2025-08-08 04:32:45.560;TRF;1;0;0;;1
2025-08-08 04:21:48.419;TRF;1;0;0;;1
2025-08-08 04:19:03.604;TRF;1;0;0;;1
2025-08-08 04:17:51.921;TRF;1;0;0;;1
2025-08-08 04:16:54.025;TRF;1;0;0;;1
2025-08-08 04:12:29.535;TRF;1;0;0;;1
2025-08-08 04:09:28.097;TRF;1;0;0;;1
2025-08-08 04:02:48.326;TRF;1;0;0;;1
2025-08-08 03:58:01.158;TRF;1;0;0;;1
2025-08-08 03:33:00.166;TRF;1;0;0;;1
2025-08-08 03:19:14.826;TRF;1;0;0;;1
2025-08-08 03:08:18.496;TRF;1;0;0;;1
2025-08-08 02:48:31.735;TRF;1;0;0;;1
2025-08-08 02:34:32.514;TRF;1;0;0;;1
2025-08-08 02:24:36.733;TRF;1;0;0;;1
2025-08-08 02:15:42.800;TRF;1;0;0;;1
2025-08-08 01:45:33.470;TRF;1;0;0;;1
2025-08-08 01:42:42.452;TRF;1;0;0;;1
2025-08-08 01:27:07.414;TRF;1;0;0;;1
2025-08-08 01:22:28.320;TRF;1;0;0;;1
2025-08-08 01:05:45.119;TRF;1;0;0;;1
2025-08-08 00:13:35.896;TRF;1;0;0;;1
2025-08-09 23:09:03.857;TRF;1;0;0;;1
2025-08-09 23:02:21.230;TRF;1;0;0;;1
2025-08-09 23:00:14.864;TRF;1;0;0;;1
2025-08-09 22:52:03.862;TRF;1;0;0;;1
2025-08-09 21:12:42.441;TRF;1;1;186;;1
2025-08-09 21:12:24.912;TRF;1;0;0;;1
2025-08-09 21:12:16.963;TRF;1;0;0;;1
2025-08-09 21:05:51.269;TRF;1;0;0;;1
2025-08-09 21:02:58.177;TRF;1;0;0;;1
2025-08-09 21:02:53.247;TRF;1;1;191;;1
2025-08-09 19:48:15.277;TRF;1;1;265;;1
2025-08-09 19:21:03.888;TRF;1;0;0;;1
2025-08-09 19:17:30.622;TRF;1;0;0;;1
2025-08-09 17:02:57.908;TRF;1;0;0;;1
2025-08-09 16:57:41.854;TRF;1;0;0;;1
2025-08-09 15:32:21.002;TRF;1;1;181;;1
2025-08-09 13:49:21.447;TRM;1;1;412;;1
2025-08-09 13:45:34.149;TRM;1;0;0;;1
2025-08-09 13:29:36.816;TRF;1;0;0;;1
2025-08-09 13:03:47.459;TRF;1;0;0;;1
2025-08-09 13:01:51.828;TRF;1;0;0;;1
2025-08-09 12:16:46.669;TRF;1;1;209;;1
2025-08-09 12:16:38.020;TRF;1;0;0;;1
2025-08-09 11:42:10.376;TRF;1;0;0;;1
2025-08-09 11:41:52.345;TRF;1;0;0;;1
2025-08-09 08:30:53.270;TRF;1;0;0;;1
2025-08-09 06:02:08.366;TRF;1;0;0;;1
2025-08-09 06:01:51.571;TRF;1;0;0;;1
2025-08-09 05:51:22.969;TRF;1;0;0;;1
2025-08-09 05:50:12.412;TRF;1;0;0;;1
2025-08-09 05:32:10.710;TRF;1;0;0;;1
2025-08-09 05:30:07.925;TRF;1;0;0;;1
2025-08-09 05:12:55.008;TRF;1;0;0;;1
2025-08-09 05:12:46.969;TRF;1;0;0;;1
2025-08-09 05:01:32.629;TRF;1;0;0;;1
2025-08-09 05:01:23.573;TRF;1;0;0;;1
2025-08-09 04:57:58.925;TRF;1;0;0;;1
2025-08-09 04:56:05.350;TRF;1;0;0;;1
2025-08-09 04:42:09.072;TRF;1;0;0;;1
2025-08-09 04:34:45.001;TRF;1;0;0;;1
2025-08-09 04:32:33.296;TRF;1;0;0;;1
2025-08-09 04:30:38.246;TRF;1;0;0;;1
2025-08-09 04:20:02.705;TRF;1;0;0;;1
2025-08-09 04:17:12.631;TRF;1;0;0;;1
2025-08-09 04:11:19.508;TRF;1;0;0;;1
2025-08-09 04:10:27.297;TRF;1;0;0;;1
2025-08-09 03:50:38.318;TRF;1;0;0;;1
2025-08-09 03:46:43.282;TRF;1;0;0;;1
2025-08-09 03:29:33.753;TRF;1;0;0;;1
2025-08-09 03:29:27.046;TRF;1;0;0;;1
2025-08-09 03:27:31.168;TRF;1;0;0;;1
2025-08-09 03:25:42.308;TRF;1;0;0;;1
2025-08-09 03:16:40.778;TRF;1;0;0;;1
2025-08-09 03:15:08.062;TRF;1;0;0;;1
2025-08-09 02:59:56.257;TRF;1;0;0;;1
2025-08-09 02:52:11.788;TRF;1;0;0;;1
2025-08-09 02:42:29.514;TRF;1;0;0;;1
2025-08-09 02:35:02.944;TRF;1;0;0;;1
2025-08-09 02:27:44.620;TRF;1;0;0;;1
2025-08-09 01:53:12.072;TRF;1;0;0;;1
2025-08-09 01:33:37.475;TRF;1;0;0;;1
2025-08-09 01:33:02.511;TRF;1;1;258;;1
2025-08-09 01:33:03.752;TRF;1;0;0;;1
2025-08-09 01:32:53.641;TRF;1;0;0;;1
2025-08-09 01:32:36.072;TRF;1;0;0;;1
2025-08-09 01:28:15.659;TRF;1;0;0;;1
2025-08-09 01:26:05.904;TRF;1;0;0;;1
2025-08-09 01:01:32.505;TRF;1;0;0;;1
2025-08-09 00:15:41.583;TRF;1;0;0;;1
2025-08-10 23:40:40.420;TRF;1;1;181;;1
2025-08-10 23:38:32.482;TRF;1;0;0;;1
2025-08-10 23:32:52.066;TRF;1;0;0;;1
2025-08-10 23:31:24.371;TRF;1;0;0;;1
2025-08-10 23:18:29.194;TRF;1;0;0;;1
2025-08-10 23:17:47.040;TRF;1;0;0;;1
2025-08-10 23:17:47.624;TRF;1;0;0;;1
2025-08-10 22:47:17.099;TRF;1;0;0;;1
2025-08-10 20:20:18.326;TRF;1;0;0;;1
2025-08-10 19:26:34.073;TRF;1;0;0;;1
2025-08-10 16:43:31.123;TRF;1;1;172;;1
2025-08-10 16:33:22.399;TRF;1;0;0;;1
2025-08-10 16:26:01.733;TRF;1;0;0;;1
2025-08-10 15:14:04.439;TRF;1;0;0;;1
2025-08-10 14:29:10.278;TRF;1;0;0;;1
2025-08-10 13:33:55.918;TRF;1;0;0;;1
2025-08-10 10:52:04.466;TRF;1;0;0;;2
2025-08-10 10:19:12.374;TRF;1;0;0;;2
2025-08-10 10:02:39.610;TRF;1;0;0;;2
2025-08-10 09:35:07.368;TRF;1;0;0;;1
2025-08-10 09:34:16.106;TRF;1;0;0;;1
2025-08-10 09:34:05.176;TRF;1;0;0;;1
2025-08-10 09:11:59.371;TRF;1;0;0;;1
2025-08-10 09:07:15.013;TRF;1;0;0;;1
2025-08-10 09:05:38.424;TRF;1;0;0;;1
2025-08-10 09:02:15.623;TRF;1;0;0;;2
2025-08-10 07:53:14.715;TRF;1;0;0;;2
2025-08-10 07:27:31.224;TRF;1;0;0;;2
2025-08-10 07:27:14.422;TRF;1;0;0;;2
2025-08-10 07:27:04.220;TRF;1;0;0;;2
2025-08-10 07:26:53.960;TRF;1;0;0;;2
2025-08-10 07:13:50.823;TRF;1;0;0;;2
2025-08-10 07:04:34.168;TRF;1;0;0;;2
2025-08-10 07:00:11.259;TRF;1;0;0;;2
2025-08-10 06:50:20.802;TRF;1;0;0;;2
2025-08-10 06:25:19.663;TRF;1;0;0;;2
2025-08-10 05:42:01.764;TRF;1;0;0;;2
2025-08-10 05:24:27.225;TRF;1;0;0;;2
2025-08-10 05:21:11.854;TRF;1;0;0;;2
2025-08-10 05:05:42.290;TRF;1;0;0;;1
2025-08-10 05:05:30.430;TRF;1;0;0;;1
2025-08-10 05:05:30.214;TRF;1;0;0;;1
2025-08-10 05:04:37.865;TRF;1;0;0;;1
2025-08-10 05:02:46.928;TRF;1;0;0;;1
2025-08-10 03:41:56.909;TRF;1;0;0;;1
2025-08-10 03:41:28.914;TRF;1;0;0;;1
2025-08-10 03:40:46.562;TRF;1;0;0;;1
2025-08-10 03:11:38.705;TRF;1;0;0;;1
2025-08-10 02:24:00.315;TRF;1;0;0;;1
2025-08-10 02:23:59.877;TRF;1;0;0;;1
2025-08-10 02:14:47.835;TRF;1;0;0;;1
2025-08-10 02:10:33.272;TRF;1;0;0;;1
2025-08-10 00:32:34.864;TRF;1;0;0;;1
2025-08-10 00:19:01.451;TRF;1;0;0;;1
2025-08-11 00:14:51.016;TRF;1;0;0;;1
2025-08-11 00:29:36.166;TRF;1;0;0;;1
2025-08-11 01:55:47.264;TRF;1;0;0;;1
2025-08-11 02:03:17.381;TRF;1;0;0;;1
2025-08-11 02:03:24.905;TRF;1;0;0;;1
2025-08-11 02:21:09.345;TRF;1;0;0;;1
2025-08-11 02:54:53.877;TRF;1;0;0;;1
2025-08-11 02:55:23.606;TRF;1;0;0;;1
2025-08-11 04:01:22.481;TRF;1;0;0;;1
2025-08-11 04:01:37.463;TRF;1;0;0;;1
2025-08-11 04:14:13.806;TRF;1;0;0;;1
2025-08-11 04:16:17.158;TRF;1;0;0;;1
2025-08-11 04:41:14.833;TRF;1;0;0;;1
2025-08-11 05:55:17.784;TRF;1;0;0;;1
2025-08-11 05:55:17.712;TRF;1;0;0;;1
2025-08-11 05:56:37.652;TRF;1;0;0;;1
2025-08-11 06:51:30.136;TRF;1;0;0;;1
2025-08-11 10:32:24.290;TRF;1;0;0;;1
2025-08-11 13:13:43.037;TRF;1;0;0;;1
2025-08-11 13:14:01.188;TRF;1;0;0;;1
2025-08-11 13:25:05.052;TRF;1;0;0;;1
2025-08-11 13:25:21.625;TRF;1;0;0;;1
2025-08-11 14:06:52.712;TRF;1;0;0;;1
2025-08-11 14:33:24.418;TRF;1;0;0;;1
2025-08-11 14:34:32.723;TRF;1;0;0;;1
2025-08-11 14:34:55.334;TRF;1;0;0;;1
2025-08-11 15:33:18.276;TRF;1;0;0;;1
2025-08-11 16:08:08.250;TRF;1;0;0;;1
2025-08-11 16:09:06.700;TRF;1;0;0;;1
2025-08-11 16:31:31.312;TRF;1;0;0;;1
2025-08-11 16:35:39.174;TRF;1;1;206;;1
2025-08-11 23:39:04.886;TRF;1;1;163;;1
2025-08-11 23:38:45.424;TRF;1;0;0;;1
2025-08-11 23:25:33.719;TRF;1;0;0;;1
2025-08-11 23:24:33.078;TRF;1;0;0;;1
2025-08-11 23:19:13.812;TRF;1;0;0;;1
2025-08-11 23:18:03.248;TRF;1;0;0;;1
2025-08-11 23:15:37.882;TRF;1;0;0;;1
2025-08-11 23:14:28.140;TRF;1;0;0;;1
2025-08-11 23:05:57.214;TRF;1;0;0;;1
2025-08-11 23:04:54.640;TRF;1;0;0;;1
2025-08-11 22:24:55.451;TRF;1;0;0;;1
2025-08-11 22:21:57.708;TRF;1;0;0;;1
2025-08-11 22:08:45.874;TRF;1;0;0;;1
2025-08-11 18:15:37.440;TRF;1;1;226;;1
2025-08-12 00:17:05.453;TRF;1;0;0;;1
2025-08-12 00:33:57.341;TRF;1;0;0;;1
2025-08-12 01:06:32.908;TRF;1;0;0;;1
2025-08-12 01:55:14.735;TRF;1;0;0;;1
2025-08-12 02:11:10.610;TRF;1;0;0;;1
2025-08-12 02:55:20.853;TRF;1;0;0;;1
2025-08-12 03:56:06.516;TRF;1;0;0;;1
2025-08-12 03:58:51.974;TRF;1;0;0;;1
2025-08-12 05:09:58.293;TRF;1;0;0;;1
2025-08-12 06:07:24.517;TRF;1;0;0;;1
2025-08-12 06:23:00.557;TRF;1;0;0;;1
2025-08-12 10:40:14.177;TRF;1;0;0;;1
2025-08-12 10:42:14.454;TRF;1;0;0;;1
2025-08-12 10:44:05.155;TRF;1;0;0;;1
2025-08-12 10:53:53.456;TRF;1;0;0;;1
2025-08-12 11:30:01.993;TRF;1;0;0;;1
2025-08-12 11:30:07.030;TRF;1;0;0;;1
2025-08-12 11:30:48.745;TRF;1;0;0;;1
2025-08-12 11:32:47.839;TRF;1;0;0;;1
2025-08-12 11:53:22.207;TRF;1;0;0;;1
2025-08-12 11:55:34.432;TRF;1;0;0;;1
2025-08-12 11:55:41.164;TRF;1;0;0;;1
2025-08-12 11:56:28.775;TRF;1;0;0;;1
2025-08-12 12:25:11.301;TRF;1;0;0;;1
2025-08-12 12:43:35.389;TRF;1;0;0;;1
2025-08-12 12:43:50.551;TRF;1;0;0;;1
2025-08-12 13:38:50.643;TRF;1;0;0;;1
2025-08-12 14:29:32.074;TRF;1;0;0;;1
2025-08-12 14:31:11.122;TRF;1;0;0;;1
2025-08-12 15:49:46.515;TRF;1;0;0;;1
2025-08-12 17:59:19.680;TRF;1;0;0;;1
2025-08-12 20:44:12.721;TRF;1;0;0;;1
2025-08-12 20:54:08.656;TRF;1;0;0;;1
2025-08-12 20:58:48.472;TRF;1;0;0;;1
2025-08-12 20:59:15.935;TRF;1;0;0;;1
2025-08-12 21:05:28.805;TRF;1;0;0;;1
2025-08-12 21:05:55.577;TRF;1;0;0;;1
2025-08-12 21:19:41.869;TRF;1;0;0;;1
2025-08-12 22:11:47.788;TRF;1;0;0;;1
2025-08-12 22:16:11.401;TRF;1;0;0;;1
2025-08-12 22:23:43.158;TRF;1;0;0;;1
2025-08-12 22:25:16.821;TRF;1;0;0;;1
2025-08-12 22:59:53.392;TRF;1;0;0;;1
2025-08-12 23:03:15.962;TRF;1;0;0;;1
2025-08-12 23:05:18.689;TRF;1;0;0;;1
2025-08-12 23:27:57.211;TRF;1;0;0;;1
2025-08-13 00:10:54.423;TRF;1;0;0;;1
2025-08-13 00:12:05.566;TRF;1;0;0;;1
2025-08-13 00:27:24.954;TRF;1;0;0;;1
2025-08-13 00:28:09.944;TRF;1;0;0;;1
2025-08-13 01:18:20.047;TRF;1;0;0;;1
2025-08-13 01:58:41.805;TRF;1;0;0;;1
2025-08-13 02:17:14.748;TRF;1;0;0;;1
2025-08-13 03:49:13.063;TRF;1;0;0;;1
2025-08-13 04:02:50.595;TRF;1;0;0;;1
2025-08-13 10:56:26.369;TRF;1;0;0;;1
2025-08-13 12:50:00.716;TRF;1;0;0;;1
2025-08-13 14:47:58.730;TRF;1;0;0;;1
2025-08-13 15:13:57.754;TRF;1;0;0;;1
2025-08-13 15:51:51.923;TRF;1;0;0;;1
2025-08-13 21:17:34.463;TRF;1;0;0;;1
2025-08-13 21:12:11.921;TRF;1;0;0;;1
2025-08-13 21:00:44.851;TRF;1;1;203;;1
2025-08-13 20:56:53.909;TRF;1;0;0;;1
2025-08-13 20:52:19.717;TRF;1;0;0;;1
2025-08-13 20:33:56.325;TRF;1;1;221;;1
2025-08-13 18:56:32.991;TRF;1;1;216;;1
2025-08-13 17:39:06.705;TRF;1;1;209;;1
2025-08-13 17:34:45.122;TRF;1;1;222;;1
2025-08-13 16:43:56.398;TRF;1;1;212;;1
2025-08-13 16:06:07.698;TRF;1;0;0;;1
2025-08-13 15:52:18.969;TRF;1;0;0;;1
2025-08-14 23:49:47.975;TRF;1;1;212;;1
2025-08-14 21:29:54.284;TRF;1;1;198;;1
2025-08-14 21:29:54.284;TRF;1;0;0;;1
2025-08-14 21:17:03.960;TRF;1;0;0;;1
2025-08-14 21:05:14.483;TRF;1;0;0;;1
2025-08-14 20:56:31.838;TRF;1;0;0;;1
2025-08-14 20:55:35.802;TRF;1;0;0;;1
2025-08-14 17:02:35.250;TRF;1;1;231;;1
2025-08-14 14:51:53.946;TRF;1;0;0;;1
2025-08-14 14:50:51.081;TRF;1;0;0;;1
2025-08-14 12:03:39.125;TRF;1;0;0;;1
2025-08-14 12:03:09.837;TRF;1;0;0;;1
2025-08-14 10:12:29.900;TRF;1;0;0;;1
2025-08-14 07:21:43.376;TRF;1;0;0;;1
2025-08-14 07:21:32.193;TRF;1;0;0;;1
2025-08-14 07:14:27.636;TRF;1;0;0;;1
2025-08-14 07:14:10.939;TRF;1;0;0;;1
2025-08-14 06:57:04.368;TRF;1;0;0;;1
2025-08-14 06:17:39.550;TRF;1;0;0;;1
2025-08-14 05:39:26.805;TRF;1;0;0;;1
2025-08-14 05:38:32.194;TRF;1;0;0;;1
2025-08-14 05:26:47.631;TRF;1;0;0;;1
2025-08-14 05:16:55.389;TRF;1;0;0;;1
2025-08-14 04:20:22.805;TRF;1;0;0;;1
2025-08-14 04:16:26.168;TRF;1;0;0;;1
2025-08-14 04:07:04.268;TRF;1;0;0;;1
2025-08-14 04:02:20.317;TRF;1;0;0;;1
2025-08-14 04:00:16.538;TRF;1;0;0;;1
2025-08-14 03:48:51.157;TRF;1;0;0;;1
2025-08-14 03:43:08.560;TRF;1;0;0;;1
2025-08-14 03:42:05.843;TRF;1;0;0;;1
2025-08-14 03:31:59.513;TRF;1;0;0;;1
2025-08-14 03:29:22.579;TRF;1;0;0;;1
2025-08-14 03:24:12.810;TRF;1;0;0;;1
2025-08-14 03:17:47.582;TRF;1;0;0;;1
2025-08-14 03:16:14.663;TRF;1;0;0;;1
2025-08-14 03:00:53.133;TRF;1;0;0;;1
2025-08-14 03:00:48.018;TRF;1;0;0;;1
2025-08-14 02:45:32.181;TRF;1;0;0;;1
2025-08-14 02:39:05.445;TRF;1;0;0;;1
2025-08-14 02:38:08.952;TRF;1;0;0;;1
2025-08-14 02:24:02.842;TRF;1;0;0;;1
2025-08-15 00:51:36.866;TRF;1;0;0;;1
2025-08-15 01:07:30.021;TRF;1;0;0;;1
2025-08-15 01:17:24.796;TRF;1;0;0;;1
2025-08-15 01:44:04.321;TRF;1;0;0;;1
2025-08-15 02:01:52.429;TRF;1;0;0;;1
2025-08-15 02:07:00.288;TRF;1;0;0;;1
2025-08-15 02:08:25.263;TRF;1;0;0;;1
2025-08-15 02:09:29.060;TRF;1;0;0;;1
2025-08-15 02:11:56.042;TRF;1;0;0;;1
2025-08-15 02:12:56.474;TRF;1;0;0;;1
2025-08-15 02:14:47.495;TRF;1;0;0;;1
2025-08-15 02:17:10.249;TRF;1;0;0;;1
2025-08-15 02:20:49.054;TRF;1;0;0;;1
2025-08-15 02:23:27.256;TRF;1;0;0;;1
2025-08-15 02:47:45.011;TRF;1;0;0;;1
2025-08-15 02:48:07.155;TRF;1;0;0;;1
2025-08-15 02:50:25.527;TRF;1;0;0;;1
2025-08-15 02:51:13.111;TRF;1;0;0;;1
2025-08-15 03:11:47.255;TRF;1;0;0;;1
2025-08-15 03:14:27.618;TRF;1;0;0;;1
2025-08-15 03:16:56.389;TRF;1;0;0;;1
2025-08-15 03:20:33.109;TRF;1;0;0;;1
2025-08-15 03:21:12.271;TRF;1;0;0;;1
2025-08-15 04:00:16.504;TRF;1;0;0;;1
2025-08-15 04:03:51.484;TRF;1;0;0;;1
2025-08-15 04:22:04.632;TRF;1;0;0;;1
2025-08-15 04:25:26.360;TRF;1;0;0;;1
2025-08-15 04:30:28.759;TRF;1;0;0;;1
2025-08-15 04:30:44.439;TRF;1;0;0;;1
2025-08-15 06:46:18.137;TRF;1;0;0;;1
2025-08-15 06:50:38.102;TRF;1;0;0;;1
2025-08-15 06:56:13.142;TRF;1;0;0;;1
2025-08-15 07:38:26.490;TRF;1;0;0;;1
2025-08-15 07:48:32.485;TRF;1;0;0;;1
2025-08-15 07:50:07.158;TRF;1;0;0;;1
2025-08-15 07:52:50.389;TRF;1;0;0;;1
2025-08-15 08:07:54.881;TRF;1;0;0;;1
2025-08-15 08:19:44.486;TRF;1;0;0;;1
2025-08-15 08:41:39.118;TRF;1;0;0;;1
2025-08-15 08:41:42.184;TRF;1;0;0;;1
2025-08-15 08:42:18.096;TRF;1;0;0;;1
2025-08-15 09:08:41.130;TRF;1;0;0;;1
2025-08-15 09:11:13.045;TRF;1;0;0;;1
2025-08-15 09:12:15.826;TRF;1;0;0;;1
2025-08-15 09:48:04.725;TRF;1;0;0;;1
2025-08-15 10:14:55.463;TRF;1;0;0;;1
2025-08-15 10:26:19.238;TRF;1;0;0;;1
2025-08-15 10:31:00.359;TRF;1;0;0;;1
2025-08-15 10:31:19.435;TRF;1;0;0;;1
2025-08-15 10:43:45.574;TRF;1;0;0;;1
2025-08-15 10:48:54.480;TRF;1;0;0;;1
2025-08-15 11:46:40.229;TRF;1;0;0;;1
2025-08-15 12:37:07.964;TRF;1;0;0;;1
2025-08-15 12:47:42.661;TRF;1;0;0;;1
2025-08-15 13:26:54.351;TRF;1;0;0;;1
2025-08-15 14:30:09.831;TRF;1;0;0;;1
2025-08-15 14:33:51.174;TRF;1;0;0;;1
2025-08-15 14:45:03.274;TRF;1;0;0;;1
2025-08-15 16:01:04.291;TRF;1;0;0;;1
2025-08-15 22:32:46.325;TRF;1;1;201;;1
2025-08-15 22:30:57.717;TRF;1;0;0;;1
2025-08-15 22:25:52.018;TRF;1;0;0;;1
2025-08-15 22:23:47.617;TRF;1;0;0;;1
2025-08-15 21:43:49.866;TRF;1;0;0;;1
2025-08-15 21:25:31.276;TRF;1;1;204;;1
2025-08-15 21:13:09.923;TRF;1;0;0;;1
2025-08-15 21:09:18.098;TRF;1;0;0;;1
2025-08-15 19:36:06.680;TRF;1;1;242;;1
2025-08-15 19:00:26.758;TRF;1;0;0;;1
2025-08-15 18:56:16.884;TRF;1;0;0;;1
2025-08-15 17:43:43.407;TRF;1;0;0;;1
2025-08-15 17:41:25.177;TRF;1;0;0;;1
2025-08-16 23:50:19.280;TRF;1;0;0;;1
2025-08-16 23:04:08.765;TRF;1;0;0;;1
2025-08-16 23:00:13.967;TRF;1;0;0;;1
2025-08-16 22:37:23.504;TRF;1;0;0;;1
2025-08-16 21:19:56.884;TRF;1;0;0;;1
2025-08-16 21:13:05.176;TRF;1;0;0;;1
2025-08-16 21:07:56.058;TRF;1;1;181;;1
2025-08-16 21:07:45.228;TRF;1;1;179;;1
2025-08-16 21:07:37.420;TRF;1;0;0;;1
2025-08-16 20:47:32.757;TRF;1;0;0;;1
2025-08-16 20:45:33.855;TRF;1;0;0;;1
2025-08-16 19:21:30.086;TRF;1;0;0;;1
2025-08-16 18:20:50.487;TRF;1;1;233;;1
2025-08-16 15:39:05.533;TRF;1;1;200;;1
2025-08-16 15:22:47.416;TRF;1;0;0;;1
2025-08-16 15:18:28.064;TRF;1;0;0;;1
2025-08-16 14:26:58.885;TRF;1;0;0;;1
2025-08-16 14:19:24.400;TRF;1;0;0;;1
2025-08-16 14:19:15.292;TRF;1;1;194;;1
2025-08-16 13:47:17.070;TRF;1;0;0;;1
2025-08-16 13:40:08.085;TRF;1;0;0;;1
2025-08-16 12:34:31.572;TRF;1;0;0;;1
2025-08-16 11:52:56.758;TRF;1;1;212;;1
2025-08-16 11:52:19.798;TRF;1;0;0;;1
2025-08-16 11:52:20.382;TRF;1;0;0;;1
2025-08-16 11:52:40.854;TRF;1;0;0;;1
2025-08-16 10:27:29.992;TRF;1;0;0;;1
2025-08-16 07:51:46.399;TRF;1;0;0;;1
2025-08-16 07:32:01.084;TRF;1;0;0;;1
2025-08-16 07:18:51.457;TRF;1;0;0;;1
2025-08-16 07:18:33.323;TRF;1;0;0;;1
2025-08-16 07:01:14.871;TRF;1;0;0;;1
2025-08-16 07:01:17.645;TRF;1;0;0;;1
2025-08-16 06:35:20.940;TRF;1;0;0;;1
2025-08-16 06:23:37.681;TRF;1;0;0;;1
2025-08-16 06:22:40.069;TRF;1;0;0;;1
2025-08-16 06:18:59.195;TRF;1;0;0;;1
2025-08-16 06:12:30.824;TRF;1;0;0;;1
2025-08-16 06:07:37.280;TRF;1;0;0;;1
2025-08-16 06:05:25.745;TRF;1;0;0;;1
2025-08-16 05:58:59.913;TRF;1;0;0;;1
2025-08-16 05:55:54.953;TRF;1;0;0;;1
2025-08-16 05:21:43.883;TRF;1;0;0;;1
2025-08-16 05:21:42.087;TRF;1;0;0;;1
2025-08-16 04:26:42.280;TRF;1;0;0;;1
2025-08-16 04:23:44.409;TRF;1;0;0;;1
2025-08-16 04:22:16.788;TRF;1;0;0;;1
2025-08-16 04:16:35.148;TRF;1;0;0;;1
2025-08-16 04:08:31.762;TRF;1;0;0;;1
2025-08-16 04:04:16.814;TRF;1;0;0;;1
2025-08-16 03:37:23.419;TRF;1;0;0;;1
2025-08-16 03:16:41.836;TRF;1;0;0;;1
2025-08-16 03:14:51.100;TRF;1;0;0;;1
2025-08-16 03:11:18.061;TRF;1;0;0;;1
2025-08-16 03:04:28.788;TRF;1;0;0;;1
2025-08-16 03:03:37.936;TRF;1;0;0;;1
2025-08-16 02:19:08.659;TRF;1;0;0;;1
2025-08-16 00:57:13.521;TRF;1;0;0;;1
2025-08-17 23:32:44.056;TRF;1;0;0;;1
2025-08-17 23:26:01.056;TRF;1;0;0;;1
2025-08-17 23:24:37.305;TRF;1;1;258;;1
2025-08-17 23:22:23.971;TRF;1;0;0;;1
2025-08-17 23:22:23.971;TRF;1;0;0;;1
2025-08-17 23:21:00.697;TRF;1;0;0;;1
2025-08-17 23:17:53.820;TRF;1;0;0;;1
2025-08-17 23:17:50.539;TRF;1;0;0;;1
2025-08-17 23:17:36.913;TRF;1;0;0;;1
2025-08-17 23:17:40.636;TRF;1;0;0;;1
2025-08-17 23:12:44.841;TRF;1;0;0;;1
2025-08-17 23:03:33.149;TRF;1;0;0;;1
2025-08-17 22:58:59.302;TRF;1;0;0;;1
2025-08-17 22:51:28.606;TRF;1;0;0;;1
2025-08-17 22:45:53.372;TRF;1;0;0;;1
2025-08-17 21:36:27.603;TRF;1;0;0;;1
2025-08-17 21:21:02.439;TRF;1;0;0;;1
2025-08-17 21:20:58.007;TRF;1;0;0;;1
2025-08-17 21:17:19.111;TRF;1;0;0;;1
2025-08-17 21:04:07.188;TRF;1;0;0;;1
2025-08-17 21:01:17.725;TRF;1;0;0;;1
2025-08-17 21:00:48.079;TRF;1;0;0;;1
2025-08-17 18:42:00.751;TRF;1;0;0;;1
2025-08-17 18:39:25.459;TRF;1;0;0;;1
2025-08-17 18:39:07.581;TRF;1;0;0;;1
2025-08-17 17:35:24.894;TRF;1;1;244;;1
2025-08-17 16:16:54.235;TRF;1;0;0;;1
2025-08-17 16:16:16.801;TRF;1;0;0;;1
2025-08-17 16:05:24.735;TRF;1;0;0;;1
2025-08-17 16:05:13.422;TRF;1;0;0;;1
2025-08-17 15:28:54.940;TRF;1;0;0;;1
2025-08-17 15:18:59.783;TRF;1;0;0;;1
2025-08-17 15:01:45.301;TRF;1;0;0;;1
2025-08-17 14:56:42.527;TRF;1;0;0;;1
2025-08-17 14:56:45.957;TRF;1;1;281;;1
2025-08-17 13:45:36.391;TRF;1;0;0;;1
2025-08-17 13:45:28.461;TRF;1;0;0;;1
2025-08-17 13:00:39.784;TRF;1;0;0;;1
2025-08-17 12:56:00.106;TRF;1;0;0;;1
2025-08-17 12:53:21.359;TRF;1;0;0;;1
2025-08-17 12:42:37.203;TRF;1;0;0;;1
2025-08-17 11:57:59.278;TRF;1;0;0;;1
2025-08-17 11:57:38.114;TRF;1;0;0;;1
2025-08-17 11:36:32.400;TRF;1;0;0;;1
2025-08-17 11:29:06.134;TRF;1;0;0;;1
2025-08-17 11:04:14.301;TRF;1;0;0;;1
2025-08-17 07:39:11.652;TRF;1;0;0;;1
2025-08-17 07:37:30.225;TRF;1;0;0;;1
2025-08-17 07:09:01.433;TRF;1;0;0;;1
2025-08-17 07:08:37.471;TRF;1;0;0;;1
2025-08-17 06:06:44.320;TRF;1;0;0;;1
2025-08-17 06:03:31.268;TRF;1;0;0;;1
2025-08-17 06:00:55.251;TRF;1;0;0;;1
2025-08-17 06:00:03.183;TRF;1;0;0;;1
2025-08-17 05:25:27.606;TRF;1;0;0;;1
2025-08-17 05:23:04.721;TRF;1;0;0;;1
2025-08-17 04:56:21.944;TRF;1;0;0;;1
2025-08-17 04:23:29.228;TRF;1;0;0;;1
2025-08-17 04:20:18.122;TRF;1;0;0;;1
2025-08-17 04:07:48.918;TRF;1;0;0;;1
2025-08-17 04:00:47.653;TRF;1;0;0;;1
2025-08-17 03:53:49.424;TRF;1;0;0;;1
2025-08-17 03:51:36.021;TRF;1;0;0;;1
2025-08-17 03:49:53.494;TRF;1;0;0;;1
2025-08-17 02:55:10.638;TRF;1;0;0;;1
2025-08-17 02:34:05.525;TRF;1;0;0;;1
2025-08-17 02:04:55.159;TRF;1;0;0;;1
2025-08-17 02:04:36.508;TRF;1;0;0;;1
2025-08-17 02:00:13.229;TRF;1;0;0;;1
2025-08-17 02:00:06.492;TRF;1;0;0;;1
2025-08-17 01:44:44.755;TRF;1;0;0;;1
2025-08-17 01:43:01.972;TRF;1;0;0;;1
2025-08-17 01:41:33.048;TRF;1;0;0;;1
2025-08-17 01:40:00.604;TRF;1;0;0;;1
2025-08-17 01:38:51.011;TRF;1;0;0;;1
2025-08-17 01:38:15.575;TRF;1;0;0;;1
2025-08-17 01:37:29.279;TRF;1;0;0;;1
2025-08-17 01:26:28.242;TRF;1;0;0;;1
2025-08-17 01:24:31.844;TRF;1;0;0;;1
2025-08-17 00:59:53.732;TRF;1;0;0;;1
2025-08-18 23:29:07.062;TRF;1;0;0;;2
2025-08-18 23:26:03.240;TRF;1;0;0;;2
2025-08-18 22:08:26.216;TRF;1;0;0;;1
2025-08-18 22:08:17.855;TRF;1;1;181;;1
2025-08-18 22:06:48.720;TRF;1;0;0;;1
2025-08-18 22:02:33.047;TRF;1;0;0;;1
2025-08-18 22:02:30.175;TRF;1;0;0;;1
2025-08-18 22:02:20.659;TRF;1;0;0;;1
2025-08-18 22:02:17.515;TRF;1;0;0;;1
2025-08-18 22:02:09.703;TRF;1;0;0;;1
2025-08-18 22:02:07.356;TRF;1;0;0;;1
2025-08-18 22:02:07.356;TRF;1;0;0;;1
2025-08-18 21:54:23.537;TRF;1;0;0;;1
2025-08-18 21:50:46.784;TRF;1;0;0;;1
2025-08-18 21:49:50.773;TRF;1;0;0;;1
2025-08-18 21:49:35.639;TRF;1;0;0;;1
2025-08-18 21:49:32.136;TRF;1;0;0;;1
2025-08-18 21:45:50.827;TRF;1;0;0;;1
2025-08-18 21:45:17.363;TRF;1;0;0;;1
2025-08-18 21:44:29.220;TRF;1;0;0;;1
2025-08-18 21:41:48.134;TRF;1;0;0;;1
2025-08-18 19:49:11.526;TRF;1;1;205;;1
2025-08-18 19:48:10.834;TRF;1;0;0;;1
2025-08-18 19:31:40.888;TRF;1;0;0;;1
2025-08-18 19:31:34.164;TRF;1;0;0;;1
2025-08-18 19:31:16.905;TRF;1;0;0;;1
2025-08-18 19:05:24.773;TRF;1;0;0;;1
2025-08-18 18:57:55.513;TRF;1;0;0;;1
2025-08-18 18:57:39.639;TRF;1;0;0;;1
2025-08-18 16:55:30.732;TRF;1;1;288;;1
2025-08-18 16:42:12.182;TRF;1;0;0;;1
2025-08-18 16:42:12.182;TRF;1;0;0;;1
2025-08-18 14:42:44.710;TRF;1;1;257;;1
2025-08-18 12:49:52.079;TRF;1;0;0;;1
2025-08-18 12:37:34.840;TRF;1;0;0;;1
2025-08-18 12:36:15.097;TRF;1;0;0;;1
2025-08-18 12:35:59.726;TRF;1;0;0;;1
2025-08-18 12:34:27.839;TRF;1;0;0;;1
2025-08-18 12:33:39.475;TRF;1;0;0;;1
2025-08-18 11:00:58.355;TRF;1;1;256;;1
2025-08-18 10:00:22.777;TRF;1;1;188;;1
2025-08-18 09:59:32.122;TRF;1;0;0;;1
2025-08-18 08:36:35.749;TRF;1;0;0;;1
2025-08-18 08:36:33.933;TRF;1;0;0;;1
2025-08-18 08:23:31.284;TRF;1;0;0;;1
2025-08-18 08:13:23.427;TRF;1;0;0;;1
2025-08-18 08:12:30.152;TRF;1;0;0;;1
2025-08-18 07:20:42.202;TRF;1;0;0;;1
2025-08-18 06:31:57.099;TRF;1;0;0;;1
2025-08-18 06:28:30.275;TRF;1;0;0;;1
2025-08-18 06:03:35.448;TRF;1;0;0;;1
2025-08-18 06:00:57.927;TRF;1;0;0;;1
2025-08-18 05:06:05.620;TRF;1;0;0;;1
2025-08-18 05:03:43.044;TRF;1;0;0;;1
2025-08-18 04:39:37.626;TRF;1;0;0;;1
2025-08-18 04:38:07.683;TRF;1;0;0;;1
2025-08-18 04:15:10.360;TRF;1;0;0;;1
2025-08-18 04:14:04.130;TRF;1;0;0;;1
2025-08-18 02:10:38.402;TRF;1;0;0;;1
2025-08-18 02:10:13.752;TRF;1;0;0;;1
2025-08-18 01:54:43.172;TRF;1;0;0;;1
2025-08-18 01:53:57.213;TRF;1;0;0;;1
2025-08-18 01:44:51.903;TRF;1;0;0;;1
2025-08-18 01:42:23.362;TRF;1;0;0;;1
2025-08-18 01:37:04.388;TRF;1;0;0;;1
2025-08-18 01:29:02.723;TRF;1;0;0;;1
2025-08-18 01:28:59.834;TRF;1;0;0;;1
2025-08-18 01:28:35.379;TRF;1;0;0;;1
2025-08-18 01:26:35.706;TRF;1;0;0;;1
2025-08-18 01:15:19.825;TRF;1;0;0;;1
2025-08-18 00:57:02.704;TRF;1;0;0;;1
2025-08-18 00:50:14.823;TRF;1;0;0;;1
2025-08-18 00:20:23.766;TRF;1;1;218;;1
2025-08-18 00:16:47.915;TRF;1;0;0;;1
2025-08-18 00:12:12.349;TRF;1;0;0;;1
2025-08-18 00:06:12.937;TRF;1;0;0;;1
2025-08-19 00:17:45.910;TRF;1;0;0;;2
2025-08-19 01:49:06.680;TRF;1;0;0;;2
2025-08-19 03:19:57.843;TRF;1;0;0;;2
2025-08-19 03:25:33.003;TRF;1;0;0;;2
2025-08-19 03:26:27.428;TRF;1;0;0;;2
2025-08-19 03:30:56.203;TRF;1;0;0;;2
2025-08-19 03:32:00.586;TRF;1;0;0;;2
2025-08-19 03:32:31.762;TRF;1;0;0;;2
2025-08-19 07:00:43.607;TRF;1;0;0;;2
2025-08-19 07:01:35.430;TRF;1;0;0;;2
2025-08-19 07:43:55.105;TRF;1;0;0;;2
2025-08-19 08:01:01.898;TRF;1;0;0;;2
2025-08-19 08:25:31.044;TRF;1;0;0;;2
2025-08-19 09:32:18.625;TRF;1;0;0;;2
2025-08-19 10:17:07.160;TRF;1;0;0;;2
2025-08-19 12:11:49.061;TRF;1;0;0;;2
2025-08-19 22:17:00.717;TRF;1;1;219;;1
2025-08-19 21:24:48.085;TRF;1;0;0;;1
2025-08-19 21:18:20.961;TRF;1;0;0;;1
2025-08-19 21:11:39.533;TRF;1;0;0;;1
2025-08-19 21:06:25.541;TRF;1;0;0;;1
2025-08-19 21:06:21.071;TRF;1;0;0;;1
2025-08-19 21:04:42.363;TRF;1;0;0;;1
2025-08-19 20:37:39.996;TRF;1;0;0;;1
2025-08-19 20:37:20.253;TRF;1;0;0;;1
2025-08-19 19:51:21.316;TRF;1;0;0;;1
2025-08-19 19:49:13.922;TRF;1;0;0;;1
2025-08-19 18:13:20.575;TRF;1;0;0;;1
2025-08-19 18:13:15.763;TRF;1;0;0;;1
2025-08-19 18:13:07.160;TRF;1;0;0;;1
2025-08-19 18:02:52.655;TRF;1;0;0;;1
2025-08-19 17:35:17.963;TRF;1;0;0;;1
2025-08-19 17:34:58.457;TRF;1;0;0;;2
2025-08-19 17:34:58.457;TRF;1;0;0;;2
2025-08-19 17:30:53.999;TRF;1;0;0;;2
2025-08-19 16:35:28.628;TRF;1;0;0;;2
2025-08-19 16:35:30.891;TRF;1;0;0;;2
2025-08-19 16:22:38.509;TRF;1;0;0;;2
2025-08-19 15:43:33.173;TRF;1;1;242;;2
2025-08-20 00:12:36.932;TRF;1;0;0;;1
2025-08-20 02:20:55.979;TRF;1;0;0;;1
2025-08-20 04:13:34.137;TRF;1;0;0;;1
2025-08-20 06:51:45.132;TRF;1;0;0;;1
2025-08-20 06:51:57.352;TRF;1;0;0;;1
2025-08-20 07:06:45.682;TRF;1;0;0;;1
2025-08-20 11:15:59.737;TRF;1;0;0;;1
2025-08-20 13:59:59.582;TRF;1;0;0;;1
2025-08-20 14:00:53.332;TRF;1;0;0;;1
2025-08-20 14:55:44.617;TRF;1;0;0;;1
2025-08-20 17:35:16.299;TRF;1;0;0;;1
2025-08-20 18:22:44.809;TRF;1;0;0;;1
2025-08-20 18:54:40.328;TRF;1;0;0;;1
2025-08-20 18:56:34.987;TRF;1;0;0;;1
2025-08-20 19:04:21.146;TRF;1;0;0;;1
2025-08-20 19:04:44.642;TRF;1;0;0;;1
2025-08-20 19:05:17.234;TRF;1;0;0;;1
2025-08-20 20:54:42.205;TRF;1;0;0;;1
2025-08-20 21:00:11.546;TRF;1;0;0;;1
2025-08-20 22:54:02.547;TRF;1;0;0;;1
2025-08-20 23:05:41.627;TRF;1;0;0;;1
2025-08-20 23:06:50.080;TRF;1;0;0;;1
2025-08-20 23:23:51.520;TRF;1;0;0;;1
2025-08-20 23:26:08.119;TRF;1;0;0;;1
2025-08-20 23:53:30.293;TRF;1;0;0;;1
2025-08-20 23:53:30.180;TRF;1;1;176;;1
2025-08-21 00:33:17.783;TRF;1;0;0;;1
2025-08-21 01:20:15.840;TRF;1;0;0;;1
2025-08-21 01:29:38.434;TRF;1;0;0;;1
2025-08-21 03:45:47.731;TRF;1;0;0;;1
2025-08-21 04:18:42.684;TRF;1;0;0;;1
2025-08-21 04:54:38.521;TRF;1;0;0;;1
2025-08-21 05:03:08.950;TRF;1;0;0;;1
2025-08-21 05:15:12.926;TRF;1;0;0;;1
2025-08-21 07:15:41.393;TRF;1;0;0;;1
2025-08-21 07:16:37.474;TRF;1;0;0;;1
2025-08-21 07:27:38.722;TRF;1;0;0;;1
2025-08-21 07:27:39.298;TRF;1;0;0;;1
2025-08-21 07:28:58.601;TRF;1;0;0;;1
2025-08-21 09:10:15.721;TRF;1;0;0;;1
2025-08-21 09:11:41.094;TRF;1;0;0;;1
2025-08-21 09:51:34.678;TRF;1;1;192;;1
2025-08-21 23:10:22.827;TRF;1;0;0;;1
2025-08-21 23:07:20.837;TRF;1;0;0;;1
2025-08-21 21:04:18.838;TRF;1;0;0;;1
2025-08-21 21:04:16.721;TRF;1;0;0;;1
2025-08-21 20:57:48.545;TRF;1;0;0;;1
2025-08-21 20:57:24.380;TRF;1;0;0;;1
2025-08-21 20:57:24.380;TRF;1;0;0;;1
2025-08-21 20:56:37.443;TRF;1;1;216;;1
2025-08-21 20:21:57.610;TRF;1;1;231;;1
2025-08-21 19:58:18.481;TRF;1;1;236;;1
2025-08-21 18:01:05.083;TRF;1;1;181;;1
2025-08-21 15:08:26.291;TRF;1;1;205;;1
2025-08-21 13:28:58.730;TRF;1;1;235;;1
2025-08-21 12:20:25.092;TRF;1;1;207;;1
2025-08-21 11:24:50.923;TRF;1;1;229;;1
2025-08-22 23:38:49.804;TRF;1;1;217;;1
2025-08-22 23:27:21.790;TRF;1;0;0;;1
2025-08-22 21:52:18.735;TRF;1;1;240;;1
2025-08-22 21:01:30.755;TRF;1;1;251;;1
2025-08-22 21:01:29.012;TRF;1;0;0;;1
2025-08-22 21:01:00.863;TRF;1;1;0;;1
2025-08-22 20:27:58.294;TRF;1;0;0;;1
2025-08-22 16:17:13.158;TRF;1;1;238;;1
2025-08-22 15:21:26.906;TRF;1;1;190;;1
2025-08-22 09:09:57.495;TRF;1;0;0;;1
2025-08-22 08:08:18.334;TRF;1;0;0;;1
2025-08-22 08:08:05.692;TRF;1;0;0;;1
2025-08-22 07:15:59.878;TRF;1;0;0;;1
2025-08-22 07:08:18.991;TRF;1;0;0;;1
2025-08-22 05:45:39.304;TRF;1;0;0;;1
2025-08-22 04:29:11.370;TRF;1;0;0;;1
2025-08-22 01:39:28.966;TRF;1;0;0;;1
2025-08-22 01:09:57.011;TRF;1;0;0;;1
2025-08-22 00:37:37.218;TRF;1;0;0;;1
2025-08-23 03:31:39.176;TRF;1;0;0;;1
2025-08-23 03:40:44.688;TRF;1;0;0;;1
2025-08-23 06:59:51.236;TRF;1;0;0;;1
2025-08-23 06:59:59.257;TRF;1;0;0;;1
2025-08-23 07:51:24.854;TRM;1;1;480;;1
2025-08-23 09:08:46.829;TRF;1;0;0;;1
2025-08-23 13:47:46.398;TRF;1;0;0;;1
2025-08-23 14:17:37.014;TRF;1;0;0;;1
2025-08-23 14:28:43.868;TRF;1;0;0;;1
2025-08-23 14:39:31.476;TRF;1;0;0;;1
2025-08-23 16:32:01.175;TRF;1;0;0;;1
2025-08-23 16:44:38.050;TRF;1;0;0;;1
2025-08-23 20:38:12.401;TRF;1;0;0;;1
2025-08-23 20:48:30.501;TRF;1;0;0;;1
2025-08-23 21:05:29.560;TRF;1;0;0;;1
2025-08-23 21:09:09.590;TRF;1;0;0;;1
2025-08-23 21:12:36.087;TRF;1;0;0;;1
2025-08-23 21:45:59.877;TRF;1;0;0;;1
2025-08-23 22:15:12.777;TRF;1;0;0;;1
2025-08-23 22:16:45.486;TRF;1;0;0;;1
2025-08-23 22:37:27.836;TRF;1;0;0;;1
2025-08-23 22:39:07.713;TRF;1;0;0;;1
2025-08-23 22:40:44.028;TRF;1;0;0;;1
2025-08-23 22:42:28.095;TRF;1;0;0;;1
2025-08-23 22:48:22.980;TRF;1;0;0;;1
2025-08-23 22:50:20.075;TRF;1;0;0;;1
2025-08-23 23:24:35.780;TRF;1;0;0;;1
2025-08-23 23:25:35.311;TRF;1;0;0;;1
2025-08-23 23:28:50.651;TRF;1;0;0;;1
2025-08-23 23:29:49.936;TRF;1;0;0;;1
2025-08-23 23:41:03.437;TRF;1;0;0;;1
2025-08-23 23:41:44.517;TRF;1;0;0;;1
2025-08-24 04:40:06.547;TRF;1;0;0;;1
2025-08-24 05:23:32.282;TRF;1;0;0;;1
2025-08-24 05:52:21.718;TRF;1;0;0;;1
2025-08-24 07:14:04.443;TRF;1;0;0;;1
2025-08-24 07:14:58.343;TRF;1;0;0;;1
2025-08-24 07:48:12.330;TRF;1;0;0;;1
2025-08-24 08:35:04.240;TRF;1;0;0;;1
2025-08-24 08:36:46.190;TRF;1;0;0;;1
2025-08-24 09:42:11.949;TRF;1;0;0;;1
2025-08-24 12:12:26.253;TRF;1;0;0;;1
2025-08-24 12:14:05.039;TRF;1;0;0;;1
2025-08-24 12:49:25.212;TRF;1;0;0;;1
2025-08-24 12:52:46.191;TRF;1;0;0;;1
2025-08-24 13:08:44.610;TRF;1;0;0;;1
2025-08-24 13:10:23.241;TRF;1;0;0;;1
2025-08-24 13:10:38.804;TRF;1;0;0;;1
2025-08-24 13:17:29.897;TRF;1;0;0;;1
2025-08-24 13:22:02.398;TRF;1;0;0;;1
2025-08-24 13:27:11.396;TRF;1;0;0;;1
2025-08-24 13:34:30.240;TRF;1;0;0;;1
2025-08-24 13:48:53.746;TRF;1;0;0;;1
2025-08-24 13:58:31.421;TRF;1;0;0;;1
2025-08-24 14:01:09.323;TRF;1;0;0;;1
2025-08-24 15:31:27.443;TRF;1;0;0;;1
2025-08-24 15:32:16.539;TRF;1;0;0;;1
2025-08-24 15:33:06.188;TRF;1;0;0;;1
2025-08-24 15:43:00.964;TRF;1;0;0;;1
2025-08-24 17:07:03.914;TRF;1;0;0;;1
2025-08-24 17:08:02.658;TRF;1;0;0;;1
2025-08-24 17:51:13.418;TRF;1;0;0;;1
2025-08-24 18:03:13.706;TRF;1;0;0;;1
2025-08-24 18:15:39.695;TRF;1;0;0;;1
2025-08-24 19:40:59.438;TRF;1;1;184;;1
2025-08-24 19:46:00.229;TRF;1;0;0;;1
2025-08-24 20:08:33.748;TRF;1;0;0;;1
2025-08-24 20:42:48.309;TRF;1;0;0;;1
2025-08-24 20:42:59.121;TRF;1;0;0;;1
2025-08-24 22:24:23.669;TRF;1;1;205;;1
2025-08-24 22:23:50.039;TRF;1;0;0;;1
2025-08-24 21:53:29.589;TRF;1;0;0;;1
2025-08-24 21:51:38.152;TRF;1;0;0;;1
2025-08-24 21:14:51.989;TRF;1;0;0;;1
2025-08-24 21:13:23.916;TRF;1;0;0;;1
2025-08-24 21:12:31.765;TRF;1;0;0;;1
2025-08-24 21:10:28.001;TRF;1;0;0;;1
2025-08-24 21:07:30.474;TRF;1;0;0;;1
2025-08-24 20:58:39.932;TRF;1;0;0;;1
2025-08-24 20:53:29.565;TRF;1;0;0;;1
2025-08-24 20:50:15.225;TRF;1;1;194;;1
2025-08-24 20:49:57.212;TRF;1;0;0;;1
2025-08-24 20:43:26.940;TRF;1;0;0;;1
2025-08-24 20:43:02.821;TRF;1;0;0;;1
2025-08-25 21:58:56.415;TRF;1;1;223;;1
2025-08-25 21:01:24.057;TRF;1;0;0;;1
2025-08-25 20:56:09.147;TRF;1;0;0;;1
2025-08-25 20:54:52.819;TRF;1;0;0;;1
2025-08-25 20:45:50.219;TRF;1;0;0;;1
2025-08-25 20:24:03.301;TRF;1;0;0;;1
2025-08-25 20:21:15.747;TRF;1;0;0;;1
2025-08-25 20:11:32.130;TRF;1;1;196;;1
2025-08-25 20:11:04.546;TRF;1;0;0;;1
2025-08-25 19:59:23.086;TRF;1;0;0;;1
2025-08-25 19:34:44.584;TRF;1;1;269;;1
2025-08-25 19:16:56.144;TRF;1;0;0;;1
2025-08-25 19:14:38.333;TRF;1;0;0;;1
2025-08-25 18:58:59.840;TRF;1;0;0;;1
2025-08-25 18:56:07.290;TRF;1;0;0;;1
2025-08-25 17:21:38.549;TRF;1;1;180;;1
2025-08-25 17:21:06.247;TRF;1;0;0;;1
2025-08-25 17:21:07.488;TRF;1;0;0;;1
2025-08-25 17:19:43.809;TRF;1;0;0;;1
2025-08-25 17:19:16.059;TRF;1;0;0;;1
2025-08-25 17:17:27.501;TRF;1;0;0;;1
2025-08-25 12:56:51.595;TRF;1;0;0;;1
2025-08-25 12:28:51.459;TRF;1;0;0;;1
2025-08-25 09:55:01.815;TRF;1;0;0;;1
2025-08-25 09:30:17.846;TRF;1;0;0;;1
2025-08-25 09:17:14.827;TRF;1;0;0;;1
2025-08-25 07:55:10.888;TRF;1;0;0;;1
2025-08-25 07:48:48.917;TRF;1;0;0;;1
2025-08-25 02:36:52.542;TRF;1;1;189;;1
2025-08-25 02:36:27.718;TRF;1;0;0;;1
2025-08-25 00:32:54.101;TRF;1;1;182;;1
2025-08-26 00:56:31.301;TRF;1;0;0;;1
2025-08-26 01:09:53.147;TRF;1;0;0;;1
2025-08-26 02:19:06.387;TRF;1;0;0;;1
2025-08-26 02:19:53.088;TRF;1;0;0;;1
2025-08-26 03:14:08.660;TRF;1;0;0;;1
2025-08-26 03:14:44.308;TRF;1;0;0;;1
2025-08-26 03:36:15.672;TRF;1;0;0;;1
2025-08-26 03:36:32.553;TRF;1;0;0;;1
2025-08-26 23:36:30.731;TRF;1;1;231;;1
2025-08-26 20:40:23.376;TRF;1;0;0;;1
2025-08-26 20:07:54.973;TRF;1;0;0;;1
2025-08-26 20:07:37.850;TRF;1;0;0;;1
2025-08-26 19:57:31.943;TRF;1;0;0;;1
2025-08-26 19:56:25.942;TRF;1;0;0;;1
2025-08-26 19:27:43.373;TRF;1;0;0;;1
2025-08-26 19:23:30.696;TRF;1;0;0;;1
2025-08-26 19:02:09.394;TRF;1;0;0;;1
2025-08-26 18:24:43.633;TRF;1;1;246;;1
2025-08-26 17:32:01.410;TRF;1;0;0;;1
2025-08-26 16:43:45.661;TRF;1;0;0;;1
2025-08-26 15:50:49.550;TRF;1;1;232;;1
2025-08-26 14:09:42.866;TRF;1;0;0;;1
2025-08-26 14:09:27.621;TRF;1;0;0;;1
2025-08-26 14:09:24.620;TRF;1;1;179;;1
2025-08-26 14:09:16.630;TRF;1;0;0;;1
2025-08-26 11:57:23.362;TRF;1;0;0;;1
2025-08-26 11:31:28.407;TRF;1;0;0;;1
2025-08-26 11:08:39.015;TRF;1;1;188;;1
2025-08-26 11:08:10.929;TRF;1;0;0;;1
2025-08-26 11:08:12.900;TRF;1;0;0;;1
2025-08-26 11:07:40.067;TRF;1;0;0;;1
2025-08-26 08:38:52.432;TRF;1;0;0;;1
2025-08-26 08:37:59.027;TRF;1;0;0;;1
2025-08-26 07:14:40.046;TRF;1;0;0;;1
2025-08-26 07:14:09.128;TRF;1;0;0;;1
2025-08-26 07:10:49.913;TRF;1;0;0;;1
2025-08-26 07:09:51.006;TRF;1;0;0;;1
2025-08-26 07:08:02.923;TRF;1;0;0;;1
2025-08-27 01:07:29.528;TRF;1;0;0;;1
2025-08-27 01:50:28.690;TRF;1;0;0;;1
2025-08-27 03:42:38.370;TRF;1;0;0;;1
2025-08-27 07:16:22.495;TRF;1;0;0;;1
2025-08-27 07:35:31.277;TRF;1;0;0;;1
2025-08-27 07:39:46.784;TRF;1;0;0;;1
2025-08-27 08:24:57.002;TRF;1;0;0;;1
2025-08-27 09:30:17.191;TRF;1;0;0;;1
2025-08-27 10:20:03.658;TRF;1;0;0;;1
2025-08-27 14:28:32.753;TRF;1;0;0;;1
2025-08-27 14:42:14.565;TRF;1;0;0;;1
2025-08-27 14:57:29.655;TRF;1;0;0;;1
2025-08-27 16:05:25.562;TRF;1;0;0;;1
2025-08-27 16:07:51.413;TRF;1;0;0;;1
2025-08-27 16:08:26.513;TRF;1;0;0;;1
2025-08-27 16:08:30.371;TRF;1;0;0;;1
2025-08-27 16:09:14.560;TRF;1;0;0;;1
2025-08-27 16:09:20.196;TRF;1;0;0;;1
2025-08-27 16:09:21.072;TRF;1;0;0;;1
2025-08-27 16:40:54.005;TRF;1;0;0;;1
2025-08-27 17:56:45.565;TRF;1;0;0;;1
2025-08-27 17:56:56.888;TRF;1;0;0;;1
2025-08-27 19:16:40.654;TRF;1;0;0;;1
2025-08-27 23:06:27.810;TRF;1;1;216;;2
2025-08-27 20:37:11.164;TRF;1;0;0;;2
2025-08-27 19:34:59.334;TRF;1;0;0;;2
2025-08-27 19:23:39.673;TRF;1;0;0;;2
2025-08-27 19:22:11.168;TRF;1;0;0;;2
2025-08-27 19:20:44.136;TRF;1;0;0;;2
2025-08-27 19:20:35.479;TRF;1;0;0;;2
2025-08-28 00:47:10.891;TRF;1;0;0;;2
2025-08-28 13:46:42.344;TRF;1;0;0;;3
2025-08-28 17:59:45.179;TRF;1;0;0;;3
2025-08-28 17:59:59.824;TRF;1;0;0;;2
2025-08-28 19:12:36.969;TRF;1;0;0;;2
2025-08-29 22:52:55.366;TRF;1;0;0;;3
2025-08-29 22:46:25.455;TRF;1;0;0;;3
2025-08-29 20:48:10.906;TRF;1;0;0;;3
2025-08-29 20:47:31.210;TRF;1;0;0;;3
2025-08-29 16:53:30.769;TRF;1;0;0;;3
2025-08-29 16:53:07.995;TRF;1;0;0;;2
2025-08-29 16:10:37.998;TRF;1;0;0;;2
2025-08-29 15:33:25.689;TRF;1;0;0;;2
2025-08-29 14:21:03.430;TRF;1;0;0;;2
2025-08-29 13:58:18.297;TRF;1;0;0;;2
2025-08-29 10:46:27.212;TRF;1;0;0;;2
2025-08-29 10:14:01.105;TRF;1;0;0;;2
2025-08-29 08:36:45.540;TRF;1;0;0;;2
2025-08-29 07:54:10.169;TRF;1;0;0;;2
2025-08-30 19:08:31.767;TRF;1;0;0;;2
2025-08-30 18:57:15.727;TRF;1;0;0;;2
2025-08-30 18:54:22.624;TRF;1;0;0;;2
2025-08-30 18:06:27.343;TRF;1;0;0;;2
2025-08-30 17:43:08.172;TRF;1;0;0;;2
2025-08-30 17:32:14.097;TRF;1;0;0;;2
2025-08-30 16:26:17.992;TRF;1;0;0;;2
2025-08-30 16:03:24.814;TRF;1;0;0;;2
2025-08-30 15:11:29.155;TRF;1;0;0;;2
2025-08-30 15:00:10.684;TRF;1;0;0;;2
2025-08-30 14:54:51.937;TRF;1;0;0;;2
2025-08-30 14:54:11.430;TRF;1;0;0;;2
2025-08-30 11:06:50.148;TRF;1;0;0;;2
2025-08-30 10:56:34.704;TRF;1;0;0;;2
2025-08-30 09:26:06.134;TRF;1;0;0;;2
2025-08-30 02:15:15.741;TRF;1;0;0;;2
2025-08-30 14:54:11.214;TRF;1;1;260;;2
2025-08-31 10:31:19.803;TRF;1;0;0;;2
2025-08-31 11:26:31.578;TRF;1;0;0;;2
2025-08-31 12:19:18.103;TRF;1;0;0;;2
2025-08-31 12:19:33.497;TRF;1;0;0;;2
2025-08-31 13:05:51.184;TRF;1;0;0;;2
2025-08-31 13:05:52.863;TRF;1;0;0;;2
2025-08-31 19:13:46.441;TRF;1;0;0;;2
2025-08-31 19:14:34.497;TRF;1;0;0;;2
2025-08-31 19:15:44.747;TRF;1;0;0;;2
2025-08-31 19:16:00.486;TRF;1;0;0;;2
2025-08-31 19:19:04.561;TRF;1;0;0;;2
2025-08-31 19:19:09.311;TRF;1;0;0;;2
2025-08-31 20:55:52.068;TRF;1;0;0;;2
2025-08-31 20:34:41.375;TRF;1;0;0;;2
2025-09-01 23:47:46.438;TRF;1;0;0;;2
2025-09-01 20:03:34.470;TRF;1;0;0;;2
2025-09-01 20:03:20.632;TRF;1;0;0;;2
2025-09-01 17:31:40.085;TRF;1;0;0;;2
2025-09-01 17:31:18.199;TRF;1;1;279;;2
2025-09-01 17:28:11.304;TRF;1;0;0;;2
2025-09-01 17:21:31.235;TRF;1;0;0;;2
2025-09-01 17:20:35.931;TRF;1;1;318;;2
2025-09-01 16:51:30.573;TRF;1;1;231;;2
2025-09-01 15:09:01.192;TRF;1;0;0;;2
2025-09-01 15:08:52.218;TRF;1;0;0;;2
2025-09-01 15:08:47.534;TRF;1;0;0;;2
2025-09-01 14:59:36.466;TRF;1;1;241;;2
2025-09-01 13:55:58.267;TRF;1;0;0;;2
2025-09-01 12:12:59.062;TRF;1;0;0;;2
2025-09-01 12:11:29.925;TRF;1;0;0;;2
2025-09-01 11:05:56.525;TRF;1;0;0;;2
2025-09-01 10:45:41.043;TRF;1;1;248;;2
2025-09-01 10:41:55.039;TRF;1;0;0;;2
2025-09-01 09:38:07.057;TRF;1;1;222;;2
2025-09-01 07:55:44.015;TRF;1;1;214;;2
2025-09-01 07:55:31.834;TRF;1;1;271;;2
2025-09-01 03:31:18.200;TRF;1;1;209;;2
2025-09-02 08:45:49.210;TRF;1;0;0;;2
2025-09-02 08:45:51.094;TRF;1;0;0;;2
2025-09-02 08:50:37.363;TRF;1;0;0;;2
2025-09-02 09:35:27.726;TRF;1;0;0;;2
2025-09-02 16:05:25.964;TRF;1;0;0;;2
2025-09-02 20:48:22.252;TRF;1;1;268;;2
2025-09-02 20:48:17.036;TRF;1;0;0;;2
2025-09-02 20:48:01.566;TRF;1;0;0;;2
2025-09-02 20:34:30.308;TRF;1;1;242;;2
2025-09-02 20:22:33.319;TRF;1;0;0;;2
2025-09-02 20:10:00.192;TRF;1;0;0;;2
2025-09-02 20:19:24.177;TRF;1;1;291;;2
2025-09-02 20:08:40.377;TRF;1;0;0;;2
2025-09-02 20:08:35.168;TRF;1;0;0;;2
2025-09-02 20:07:02.012;TRF;1;0;0;;2
2025-09-02 18:20:35.951;TRF;1;0;0;;2
2025-09-02 18:20:15.928;TRF;1;0;0;;2
2025-09-02 16:58:29.971;TRF;1;0;0;;2
2025-09-02 16:11:39.957;TRF;1;1;138;;2
2025-09-02 16:10:59.280;TRF;1;0;0;;2
2025-09-02 16:09:58.467;TRF;1;1;214;;2
2025-09-02 16:05:24.796;TRF;1;0;0;;2
2025-09-03 07:44:36.933;TRF;1;0;0;;2
2025-09-03 08:56:12.595;TRF;1;0;0;;2
2025-09-03 11:21:27.890;TRF;1;0;0;;2
2025-09-03 11:55:49.260;TRF;1;0;0;;1
2025-09-03 13:14:00.526;TRF;1;0;0;;1
2025-09-03 13:27:00.805;TRF;1;0;0;;1
2025-09-03 13:27:02.589;TRF;1;0;0;;1
2025-09-03 13:33:37.941;TRF;1;0;0;;1
2025-09-03 14:01:50.081;TRF;1;0;0;;1
2025-09-03 16:10:34.483;TRF;1;0;0;;1
2025-09-03 17:06:12.231;TRF;1;0;0;;1
2025-09-03 17:07:43.826;TRF;1;0;0;;1
2025-09-03 17:09:50.420;TRF;1;0;0;;1
2025-09-03 17:11:07.774;TRF;1;0;0;;1
2025-09-03 21:04:03.172;TRF;1;1;256;;1
2025-09-03 21:03:50.393;TRF;1;0;0;;1
2025-09-03 21:03:48.536;TRF;1;0;0;;1
2025-09-03 20:46:41.396;TRF;1;0;0;;1
2025-09-03 20:46:19.689;TRF;1;0;0;;1
2025-09-03 20:38:02.811;TRF;1;0;0;;1
2025-09-03 20:37:56.774;TRF;1;0;0;;1
2025-09-03 20:27:14.619;TRF;1;0;0;;1
2025-09-03 20:08:37.038;TRF;1;1;281;;1
2025-09-03 20:08:06.773;TRF;1;0;0;;1
2025-09-03 19:38:46.453;TRF;1;0;0;;1
2025-09-04 23:50:34.227;TRF;1;1;186;;1
2025-09-04 23:44:54.713;TRF;1;0;0;;1
2025-09-04 23:01:28.884;TRF;1;0;0;;1
2025-09-04 20:53:13.447;TRF;1;0;0;;1
2025-09-04 20:50:52.495;TRF;1;0;0;;1
2025-09-04 18:30:31.624;TRF;1;0;0;;1
2025-09-04 18:06:19.452;TRF;1;0;0;;1
2025-09-04 17:54:21.300;TRF;1;0;0;;1
2025-09-04 16:45:52.010;TRF;1;1;231;;1
2025-09-04 14:26:10.448;TRF;1;1;183;;1
2025-09-04 14:09:32.422;TRF;1;0;0;;1
2025-09-04 12:30:08.481;TRF;1;1;194;;1
2025-09-04 12:28:59.253;TRF;1;0;0;;1
2025-09-04 10:53:21.308;TRF;1;0;0;;1
2025-09-04 09:27:32.055;TRF;1;0;0;;1
2025-09-04 09:08:57.979;TRF;1;1;231;;1
2025-09-04 08:59:03.128;TRF;1;0;0;;1
2025-09-04 08:53:48.983;TRF;1;0;0;;1
2025-09-04 08:52:45.527;TRF;1;0;0;;1
2025-09-04 08:52:40.627;TRF;1;0;0;;1
2025-09-04 08:52:38.943;TRF;1;0;0;;1
2025-09-04 07:52:34.630;TRF;1;0;0;;1
2025-09-04 07:52:32.001;TRF;1;0;0;;1
2025-09-04 07:45:03.706;TRF;1;0;0;;1
2025-09-04 07:29:11.474;TRF;1;0;0;;1
2025-09-04 06:07:38.617;TRF;1;1;265;;1
2025-09-05 20:02:04.499;TRF;1;1;195;;1
2025-09-05 19:56:58.934;TRF;1;1;192;;1
2025-09-05 18:38:50.416;TRF;1;1;239;;1
2025-09-05 11:51:50.052;TRF;1;1;131;;1
2025-09-05 11:51:20.750;TRF;1;0;0;;1
2025-09-05 10:39:45.840;TRF;1;0;0;;1
2025-09-05 10:22:30.607;TRF;1;0;0;;1
2025-09-05 09:59:20.088;TRF;1;1;205;;1
2025-09-05 09:25:42.005;TRF;1;0;0;;1
2025-09-05 07:55:32.527;TRF;1;0;0;;1
2025-11-23 08:11:13.658;TRF;1;0;0;;1
2025-11-23 11:27:22.790;TRF;1;0;0;;1
2025-11-23 12:53:40.725;TRF;1;0;0;;1
2025-11-23 12:53:46.967;TRF;1;0;0;;1
2025-11-23 12:54:04.016;TRF;1;0;0;;1
2025-11-23 15:15:36.307;TRF;1;0;0;;1
2025-11-23 15:34:46.438;TRF;1;0;0;;1
2025-11-23 15:45:25.039;TRF;1;0;0;;1
2025-11-23 19:55:59.562;TRF;1;0;0;;1
2025-11-23 21:35:27.947;TRF;1;0;0;;1
2025-11-23 21:38:25.898;TRF;1;0;0;;1
2025-11-23 22:07:22.908;TRF;1;0;0;;1
2025-11-23 22:13:57.662;TRF;1;0;0;;1
2025-11-23 22:14:01.078;TRF;1;0;0;;1
2025-11-23 22:14:05.346;TRF;1;0;0;;1
2025-11-23 22:14:47.073;TRF;1;0;0;;1
2025-11-24 00:01:56.331;TRF;1;0;0;;1
2025-11-24 00:02:08.430;TRF;1;0;0;;1
2025-11-24 17:39:39.312;TRF;1;0;0;;1
2025-11-24 16:35:25.900;TRF;1;1;231;;1
2025-11-24 14:55:37.530;TRF;1;0;0;;1
2025-11-24 14:51:34.498;TRF;1;0;0;;1
2025-11-24 14:51:34.329;TRF;1;1;278;;1
2025-11-24 14:06:28.308;TRF;1;0;0;;1
2025-11-24 14:04:59.450;TRF;1;0;0;;1
2025-11-24 13:36:30.344;TRF;1;0;0;;1
2025-11-24 13:29:40.099;TRF;1;0;0;;1
2025-11-24 13:25:26.593;TRF;1;0;0;;1
2025-11-24 13:22:17.409;TRF;1;0;0;;1
2025-11-24 12:10:53.140;TRF;1;1;179;;1
2025-11-24 09:35:59.663;TRF;1;0;0;;1
2025-11-24 08:18:28.914;TRF;1;0;0;;1
2025-11-24 04:44:22.330;TRF;1;0;0;;1
2025-11-25 08:33:48.508;TRF;1;0;0;;1
2025-11-25 08:41:19.715;TRF;1;0;0;;1
2025-11-25 13:59:18.357;TRF;1;0;0;;1
2025-11-25 14:00:05.917;TRF;1;0;0;;1
2025-11-25 15:55:12.201;TRF;1;0;0;;1
2025-11-25 15:58:24.739;TRF;1;0;0;;1
2025-11-25 17:13:07.375;TRF;1;0;0;;1
2025-11-25 18:32:54.225;TRF;1;0;0;;1
2025-11-25 18:42:07.760;TRF;1;0;0;;1
2025-11-25 18:42:36.794;TRF;1;0;0;;1
2025-11-25 18:42:39.636;TRF;1;0;0;;1
2025-11-25 18:42:44.079;TRF;1;0;0;;1
2025-11-25 18:43:11.764;TRF;1;0;0;;1
2025-11-25 18:43:14.830;TRF;1;0;0;;1
2025-11-25 19:56:53.322;TRF;1;0;0;;1
2025-11-25 19:56:57.929;TRF;1;0;0;;1
2025-11-25 20:44:22.745;TRF;1;0;0;;1
2025-11-25 22:46:56.092;TRF;1;0;0;;1
2025-11-25 22:47:07.375;TRF;1;0;0;;1
2025-11-25 23:12:04.841;TRF;1;0;0;;1
2025-11-27 07:59:18.059;TRF;1;0;0;;1
2025-11-27 08:16:06.246;TRF;1;0;0;;1
2025-11-27 08:22:57.010;TRF;1;0;0;;1
2025-11-27 17:48:58.148;TRF;1;1;266;;1
2025-11-27 17:27:15.435;TRF;1;1;196;;1
2025-11-27 17:13:53.364;TRF;1;0;0;;1
2025-11-27 17:11:08.185;TRF;1;0;0;;1
2025-11-28 17:33:17.137;TRF;1;1;324;;1
2025-11-28 16:59:04.942;TRF;1;0;0;;1
2025-11-28 16:55:48.040;TRF;1;0;0;;1
2025-11-28 08:04:54.389;TRF;1;0;0;;1
2025-11-28 07:48:54.157;TRF;1;0;0;;1
2025-11-29 08:07:58.713;TRF;1;0;0;;1
2025-11-29 08:19:19.180;TRF;1;0;0;;1
2025-11-29 08:25:52.883;TRF;1;0;0;;1
2025-11-29 13:51:11.949;TRF;1;0;0;;1
2025-11-29 17:50:22.409;TRF;1;0;0;;1
2025-11-29 17:47:54.569;TRF;1;0;0;;1
2025-11-29 17:27:37.703;TRF;1;1;267;;1
2025-11-29 16:49:33.678;TRF;1;0;0;;1
2025-11-29 16:48:00.930;TRF;1;0;0;;1
2025-11-29 14:03:00.901;TRF;1;1;177;;1
2025-11-30 08:48:31.497;TRF;1;0;0;;1
2025-11-30 09:41:31.395;TRF;1;0;0;;1
2025-11-30 16:26:13.792;TRF;1;0;0;;1
2025-11-30 16:26:14.704;TRF;1;0;0;;1
2025-11-30 16:26:55.597;TRF;1;0;0;;1
2025-11-30 16:26:56.972;TRF;1;0;0;;1
2025-11-30 16:26:57.903;TRF;1;0;0;;1
2025-11-30 16:27:09.153;TRF;1;0;0;;1
2025-11-30 16:27:11.274;TRF;1;0;0;;1
2025-11-30 16:28:01.863;TRF;1;0;0;;1
2025-11-30 16:43:50.494;TRF;1;0;0;;1
2025-11-30 17:39:46.231;TRF;1;0;0;;1
2025-12-01 08:04:36.398;TRF;1;0;0;;1
2025-12-01 08:29:25.558;TRF;1;0;0;;1
2025-12-01 13:34:30.834;TRF;1;0;0;;1
2025-12-01 13:34:33.039;TRF;1;0;0;;1
2025-12-01 13:34:37.970;TRF;1;0;0;;1
2025-12-01 14:04:35.167;TRF;1;0;0;;1
2025-12-01 14:06:30.450;TRF;1;0;0;;1
2025-12-01 18:22:23.943;TRF;1;0;0;;1
2025-12-01 18:52:41.264;TRF;1;0;0;;1
2025-12-01 18:52:44.958;TRF;1;0;0;;1
2025-12-01 22:23:12.237;TRF;1;0;0;;1
2025-12-02 08:04:58.364;TRF;1;0;0;;1
2025-12-02 08:05:07.330;TRF;1;0;0;;1
2025-12-02 08:17:22.244;TRF;1;0;0;;1
2025-12-02 17:10:36.074;TRF;1;0;0;;1
2025-12-02 17:12:24.381;TRF;1;0;0;;1
2025-12-02 17:12:27.223;TRF;1;0;0;;1
2025-12-02 17:12:56.357;TRF;1;0;0;;1
2025-12-02 17:32:14.612;TRF;1;0;0;;1
2025-12-02 18:01:42.526;TRF;1;1;193;;1
2025-12-03 08:08:00.446;TRF;1;0;0;;1
2025-12-03 23:26:54.321;TRF;1;1;178;;1
2025-12-03 23:21:32.299;TRF;1;0;0;;1
2025-12-03 23:17:49.200;TRF;1;0;0;;1
2025-12-03 23:17:46.222;TRF;1;0;0;;1
2025-12-03 23:17:27.267;TRF;1;0;0;;1
2025-12-03 19:03:10.534;TRF;1;1;245;;1
2025-12-03 19:02:45.471;TRF;1;0;0;;1
2025-12-03 19:00:43.856;TRF;1;0;0;;1
2025-12-03 18:53:42.298;TRF;1;0;0;;1
2025-12-03 18:50:52.207;TRF;1;0;0;;1
2025-12-03 18:50:50.090;TRF;1;0;0;;1
2025-12-03 18:35:06.917;TRF;1;0;0;;1
2025-12-03 18:07:39.535;TRF;1;1;256;;1
2025-12-03 17:26:29.788;TRF;1;1;281;;1
2025-12-03 17:08:22.667;TRF;1;1;180;;1
2025-12-03 17:07:10.589;TRF;1;0;0;;1
2025-12-03 17:07:12.794;TRF;1;0;0;;1
2025-12-03 17:07:06.440;TRF;1;0;0;;1
2025-12-03 17:07:07.077;TRF;1;0;0;;1
2025-12-03 17:07:04.254;TRF;1;1;224;;1
2025-12-03 16:49:42.391;TRF;1;0;0;;1
2025-12-03 16:49:04.192;TRF;1;0;0;;1
2025-12-03 16:49:02.374;TRF;1;1;244;;1
2025-12-03 16:47:51.448;TRF;1;1;228;;1
2025-12-03 16:47:40.395;TRF;1;0;0;;1
2025-12-03 16:44:00.734;TRF;1;0;0;;1
2025-12-03 14:32:04.119;TRF;1;0;0;;1
2025-12-03 14:24:42.123;TRF;1;0;0;;1
2025-12-03 08:08:00.005;TRF;1;0;0;;1
2025-12-04 08:06:02.782;TRF;1;0;0;;1
2025-12-04 08:21:51.571;TRF;1;0;0;;1
2025-12-04 09:02:38.589;TRF;1;0;0;;1
2025-12-04 09:03:38.688;TRF;1;0;0;;1
2025-12-04 09:25:19.356;TRF;1;0;0;;1
2025-12-04 10:58:26.643;TRF;1;0;0;;1
2025-12-04 13:24:20.526;TRF;1;0;0;;1
2025-12-04 13:24:24.845;TRF;1;0;0;;1
2025-12-04 17:48:31.106;TRF;1;1;270;;1
2025-12-04 17:35:51.503;TRF;1;1;203;;1
2025-12-04 14:06:27.437;TRF;1;1;216;;1
2025-12-04 13:45:33.080;TRF;1;1;232;;1
2025-12-04 13:26:27.533;TRF;1;1;213;;1
2025-12-04 13:24:26.262;TRF;1;0;0;;1
2025-12-04 13:24:20.281;TRF;1;0;0;;1
2025-12-04 10:58:26.306;TRF;1;1;212;;1
2025-12-04 09:25:20.414;TRF;1;1;269;;1
2025-12-04 09:03:38.394;TRF;1;0;0;;1
2025-12-04 09:02:36.923;TRF;1;0;0;;1
2025-12-06 05:31:05.875;TRF;1;0;0;;1
2025-12-06 05:42:30.530;TRF;1;0;0;;1
2025-12-06 08:00:33.338;TRF;1;0;0;;1
2025-12-06 08:08:28.743;TRF;1;0;0;;1
2025-12-06 08:36:29.259;TRF;1;0;0;;1
2025-12-06 08:37:20.926;TRF;1;0;0;;1
2025-12-06 09:10:53.895;TRF;1;0;0;;1
2025-12-06 12:35:57.994;TRF;1;0;0;;1
2025-12-06 17:55:42.628;TRF;1;0;0;;1
2025-12-06 17:44:13.174;TRF;1;1;169;;1
2025-12-06 17:36:41.026;TRF;1;0;0;;1
2025-12-06 17:21:08.495;TRF;1;0;0;;1
2025-12-06 17:14:22.632;TRF;1;0;0;;1
2025-12-06 17:13:11.406;TRF;1;0;0;;1
2025-12-06 17:10:31.061;TRF;1;0;0;;1
2025-12-06 17:06:22.774;TRF;1;0;0;;1
2025-12-06 17:05:47.705;TRF;1;0;0;;1
2025-12-06 16:52:54.977;TRF;1;0;0;;1
2025-12-06 16:52:25.424;TRF;1;0;0;;1
2025-12-06 16:50:53.491;TRF;1;0;0;;1
2025-12-06 16:49:51.371;TRF;1;0;0;;1
2025-12-06 16:41:04.213;TRF;1;0;0;;1
2025-12-06 16:36:14.028;TRF;1;0;0;;1
2025-12-06 16:20:59.099;TRF;1;0;0;;1
2025-12-06 16:08:13.764;TRF;1;0;0;;1
2025-12-06 14:50:18.529;TRF;1;0;0;;1
2025-12-06 14:48:42.875;TRF;1;0;0;;1
2025-12-06 14:41:42.269;TRF;1;1;176;;1
2025-12-06 13:48:08.441;TRF;1;1;207;;1
2025-12-07 08:07:02.058;TRF;1;0;0;;1
2025-12-07 08:38:21.756;TRF;1;0;0;;1
2025-12-07 17:20:48.575;TRF;1;0;0;;1
2025-12-07 17:46:13.950;TRF;1;0;0;;1
2025-12-07 18:07:54.511;TRF;1;0;0;;1
2025-12-07 18:09:50.409;TRF;1;0;0;;1
2025-12-07 20:25:17.055;TRF;1;0;0;;1
2025-12-07 20:25:18.997;TRF;1;0;0;;1
2025-12-07 20:25:46.760;TRF;1;0;0;;1
2025-12-07 20:32:01.271;TRF;1;0;0;;1
2025-12-07 20:33:56.103;TRF;1;0;0;;1
2025-12-07 20:33:58.108;TRF;1;0;0;;1
2025-12-08 08:09:51.605;TRF;1;0;0;;1
2025-12-08 08:17:38.941;TRF;1;0;0;;1
2025-12-08 08:25:50.241;TRF;1;0;0;;1
2025-12-08 09:28:00.746;TRF;1;0;0;;1
2025-12-08 09:28:57.200;TRF;1;0;0;;1
2025-12-08 09:58:37.604;TRF;1;0;0;;1
2025-12-08 10:01:58.635;TRF;1;0;0;;1
2025-12-08 12:16:58.924;TRF;1;0;0;;1
2025-12-08 17:49:54.866;TRF;1;1;178;;1
2025-12-08 17:48:49.424;TRF;1;0;0;;1
2025-12-08 17:36:54.214;TRF;1;0;0;;1
2025-12-08 17:22:55.386;TRF;1;0;0;;1
2025-12-08 17:19:52.299;TRF;1;0;0;;1
2025-12-08 16:57:10.105;TRF;1;0;0;;1
2025-12-08 17:36:54.214;TRF;1;1;253;;1
2025-12-08 16:54:44.529;TRF;1;0;0;;1
2025-12-08 16:45:42.578;TRF;1;1;175;;1
2025-12-09 08:14:04.583;TRF;1;0;0;;1
2025-12-09 08:15:07.658;TRF;1;0;0;;1
2025-12-09 08:15:34.350;TRF;1;0;0;;1
2025-12-09 08:26:57.165;TRF;1;0;0;;1
2025-12-09 16:51:35.242;TRF;1;0;0;;1
2025-12-09 18:58:06.601;TRF;1;0;0;;1
2025-12-09 19:04:17.110;TRF;1;0;0;;1
2025-12-09 19:04:31.465;TRF;1;0;0;;1
2025-12-09 19:49:54.303;TRF;1;0;0;;1
2025-12-09 19:50:04.908;TRF;1;0;0;;1
2025-12-10 08:10:06.454;TRF;1;0;0;;1
2025-12-10 08:41:28.244;TRF;1;0;0;;1
2025-12-10 08:44:47.541;TRF;1;0;0;;1
2025-12-10 08:55:39.690;TRF;1;0;0;;1
2025-12-10 16:54:27.660;TRF;1;0;0;;1
2025-12-10 17:01:46.010;TRF;1;0;0;;1
2025-12-10 17:07:44.759;TRF;1;0;0;;1
2025-12-10 17:11:06.507;TRF;1;0;0;;1
2025-12-10 17:18:39.413;TRF;1;0;0;;1
2025-12-10 17:27:50.501;TRF;1;0;0;;1
2025-12-10 18:20:22.360;TRF;1;0;0;;1
2025-12-11 08:01:05.788;TRF;1;0;0;;1
2025-12-11 08:05:09.447;TRF;1;0;0;;1
2025-12-11 08:05:12.436;TRF;1;0;0;;1
2025-12-11 08:06:04.693;TRF;1;0;0;;1
2025-12-11 08:26:02.363;TRF;1;0;0;;1
2025-12-11 08:28:20.250;TRF;1;0;0;;1
2025-12-11 08:35:31.577;TRF;1;0;0;;1
2025-12-11 08:52:31.113;TRF;1;0;0;;1
2025-12-11 08:55:13.768;TRF;1;0;0;;1
2025-12-11 16:19:51.594;TRF;1;0;0;;1
2025-12-11 16:20:52.754;TRF;1;0;0;;1
2025-12-11 16:57:40.735;TRF;1;0;0;;1
2025-12-11 16:59:23.204;TRF;1;0;0;;1
2025-12-11 17:25:03.621;TRF;1;0;0;;1
2025-12-11 17:34:35.865;TRF;1;0;0;;1
2025-12-11 17:35:25.111;TRF;1;1;250;;1
2025-12-12 08:01:34.582;TRF;1;0;0;;1
2025-12-12 08:17:04.490;TRF;1;0;0;;1
2025-12-12 08:28:32.985;TRF;1;0;0;;1
2025-12-12 08:35:25.833;TRF;1;0;0;;1
2025-12-12 17:49:14.444;TRF;1;1;189;;1
2025-12-12 17:18:45.136;TRF;1;1;182;;1
2025-12-12 17:08:22.782;TRF;1;0;0;;1
2025-12-12 17:08:19.182;TRF;1;0;0;;1
2025-12-12 17:05:33.401;TRF;1;0;0;;1
2025-12-13 08:08:24.545;TRF;1;0;0;;1
2025-12-13 08:11:46.107;TRF;1;0;0;;1
2025-12-13 17:26:55.713;TRF;1;0;0;;1
2025-12-13 17:51:38.520;TRF;1;1;237;;1
2025-12-13 17:33:50.174;TRF;1;0;0;;1
2025-12-13 17:33:13.385;TRF;1;0;0;;1
2025-12-14 17:40:18.471;TRF;1;1;302;;1
2025-12-14 17:07:03.242;TRF;1;0;0;;1
2025-12-14 17:02:09.096;TRF;1;0;0;;1
2025-12-14 16:18:30.940;TRF;1;1;216;;1
2025-12-14 15:13:06.091;TRF;1;0;0;;1
2025-12-14 14:13:04.260;TRF;1;0;0;;1
2025-12-14 13:39:16.713;TRF;1;0;0;;1
2025-12-14 13:27:43.181;TRF;1;0;0;;1
2025-12-14 08:14:06.118;TRF;1;0;0;;1
2025-12-14 08:06:58.773;TRF;1;0;0;;1
2025-12-14 07:53:21.318;TRF;1;0;0;;1
2025-12-15 08:29:18.167;TRF;1;0;0;;1
2025-12-15 08:31:02.675;TRF;1;0;0;;1
2025-12-15 08:32:12.023;TRF;1;0;0;;1
2025-12-15 18:43:15.347;TRF;1;0;0;;1
2025-12-15 18:42:25.200;TRF;1;0;0;;1
2025-12-15 17:22:20.926;TRF;1;1;285;;1
2025-12-15 17:18:50.647;TRF;1;1;209;;1
2025-12-15 17:17:35.800;TRF;1;0;0;;1
2025-12-15 17:14:16.694;TRF;1;0;0;;1
2025-12-15 17:14:17.896;TRF;1;1;259;;1
2025-12-15 17:07:01.812;TRF;1;0;0;;1
2025-12-15 17:02:48.797;TRF;1;0;0;;1
2025-12-15 17:01:33.011;TRF;1;0;0;;1
2025-12-15 17:01:34.824;TRF;1;0;0;;1
2025-12-15 16:58:55.057;TRF;1;0;0;;1
2025-12-15 16:48:50.567;TRF;1;0;0;;1
2025-12-15 16:48:52.380;TRF;1;0;0;;1
2025-12-15 16:46:51.820;TRF;1;0;0;;1
2025-12-15 16:45:36.691;TRF;1;0;0;;1
2025-12-15 15:12:37.474;TRF;1;1;205;;1
2025-12-15 14:53:00.359;TRF;1;0;0;;1
2025-12-15 14:50:33.755;TRF;1;0;0;;1
2025-12-15 14:50:36.793;TRF;1;0;0;;1
2025-12-15 14:50:35.619;TRF;1;1;228;;1
2025-12-15 14:50:18.064;TRF;1;0;0;;1
2025-12-15 14:41:07.346;TRF;1;0;0;;1
2025-12-15 14:40:57.462;TRF;1;0;0;;1
2025-12-15 13:49:47.881;TRF;1;0;0;;1
2025-12-15 13:48:42.262;TRF;1;0;0;;1
2025-12-15 13:48:59.160;TRF;1;0;0;;1
2025-12-16 08:18:25.318;TRF;1;0;0;;1
2025-12-16 08:20:17.071;TRF;1;0;0;;1
2025-12-16 08:21:50.331;TRF;1;0;0;;1
2025-12-16 08:21:54.491;TRF;1;0;0;;1
2025-12-16 08:30:04.386;TRF;1;0;0;;1
2025-12-16 08:47:12.513;TRF;1;0;0;;1
2025-12-16 08:48:18.568;TRF;1;0;0;;1
2025-12-16 14:57:17.070;TRF;1;0;0;;1
2025-12-16 14:59:00.911;TRF;1;0;0;;1
2025-12-16 15:07:16.191;TRF;1;0;0;;1
2025-12-16 15:08:42.473;TRF;1;0;0;;1
2025-12-16 17:37:34.777;TRF;1;0;0;;1
2025-12-16 21:13:38.608;TRF;1;0;0;;1
2025-12-16 21:15:28.356;TRF;1;1;185;;1
2025-12-17 08:19:09.341;TRF;1;0;0;;1
2025-12-17 08:22:36.526;TRF;1;0;0;;1
2025-12-17 10:32:08.173;TRF;1;0;0;;1
2025-12-17 10:32:08.663;TRF;1;0;0;;1
2025-12-17 10:32:11.922;TRF;1;1;0;;1
2025-12-17 10:32:11.298;TRF;1;0;0;;1
2025-12-17 10:32:25.999;TRF;1;0;0;;1
2025-12-17 11:12:09.576;TRF;1;0;0;;1
2025-12-17 11:13:57.984;TRF;1;0;0;;1
2025-12-17 12:46:08.540;TRF;1;0;0;;1
2025-12-17 12:52:02.559;TRF;1;0;0;;1
2025-12-17 14:17:58.868;TRF;1;0;0;;1
2025-12-17 14:17:59.848;TRF;1;0;0;;1
2025-12-17 14:20:26.712;TRF;1;0;0;;1
2025-12-17 15:24:56.524;TRF;1;0;0;;1
2025-12-17 15:25:42.861;TRF;1;0;0;;1
2025-12-17 16:14:40.560;TRF;1;0;0;;1
2025-12-17 17:41:56.806;TRF;1;1;179;;1
2025-12-17 16:14:42.961;TRF;1;1;300;;1
2025-12-18 08:35:14.948;TRF;1;0;0;;1
2025-12-18 10:18:32.616;TRF;1;0;0;;1
2025-12-18 10:26:13.516;TRF;1;0;0;;1
2025-12-18 18:54:22.643;TRF;1;1;172;;1
2025-12-19 08:20:19.438;TRF;1;0;0;;1
2025-12-19 17:36:42.938;TRF;1;1;188;;1
2025-12-19 17:12:37.616;TRF;1;1;271;;1
2025-12-19 16:39:40.277;TRF;1;1;191;;1
2025-12-19 16:39:37.539;TRF;1;0;0;;1
2025-12-19 16:32:38.343;TRF;1;0;0;;1
2025-12-19 16:30:16.763;TRF;1;0;0;;1
2025-12-19 16:25:52.165;TRF;1;0;0;;1
2025-12-19 16:22:06.317;TRF;1;0;0;;1
2025-12-19 14:26:01.436;TRF;1;0;0;;1
2025-12-19 13:59:02.365;TRF;1;0;0;;1
2025-12-19 13:57:37.549;TRF;1;0;0;;1
2025-12-19 11:18:08.556;TRF;1;0;0;;1
2025-12-19 11:11:10.603;TRF;1;0;0;;1
2025-12-19 11:07:10.130;TRF;1;0;0;;1
2025-12-19 08:45:22.265;TRF;1;1;313;;1
2025-12-20 08:11:48.613;TRF;1;0;0;;1
2025-12-20 08:37:33.445;TRF;1;0;0;;1
2025-12-20 15:24:01.399;TRF;1;0;0;;1
2025-12-20 18:10:52.328;TRF;1;1;247;;1
2025-12-20 17:31:07.532;TRF;1;1;195;;1
2025-12-20 17:22:03.738;TRF;1;0;0;;1
2025-12-20 17:17:17.615;TRF;1;0;0;;1
2025-12-20 17:08:42.287;TRF;1;0;0;;1
2025-12-20 17:05:34.447;TRF;1;0;0;;1
2025-12-20 16:03:09.382;TRF;1;0;0;;1
2025-12-20 16:00:08.359;TRF;1;0;0;;1
2025-12-20 15:24:01.393;TRF;1;1;275;;1
2025-12-20 08:37:33.935;TRF;1;0;0;;1
2025-12-20 08:11:48.517;TRF;1;0;0;;1
2025-12-21 08:15:04.779;TRF;1;0;0;;1
2025-12-21 08:41:41.249;TRF;1;0;0;;1
2025-12-21 08:57:00.014;TRF;1;0;0;;1
2025-12-21 08:57:42.899;TRF;1;0;0;;1
2025-12-21 09:01:07.412;TRF;1;0;0;;1
2025-12-21 09:01:16.993;TRF;1;0;0;;1
2025-12-21 14:51:59.115;TRF;1;0;0;;1
2025-12-21 14:53:31.881;TRF;1;0;0;;1
2025-12-21 16:27:40.433;TRF;1;0;0;;1
2025-12-21 16:30:51.289;TRF;1;0;0;;1
2025-12-21 16:46:31.296;TRF;1;0;0;;1
2025-12-21 16:55:45.918;TRF;1;0;0;;1
2025-12-21 18:12:01.674;TRF;1;1;304;;1
2025-12-21 17:02:58.651;TRF;1;1;186;;1
2025-12-22 08:18:04.488;TRF;1;0;0;;1
2025-12-22 08:37:35.957;TRF;1;0;0;;1
2025-12-22 08:56:42.746;TRF;1;0;0;;1
2025-12-22 08:57:32.964;TRF;1;0;0;;1
2025-12-23 08:17:02.544;TRF;1;0;0;;1
2025-12-23 08:39:28.545;TRF;1;0;0;;1
2025-12-23 08:39:36.728;TRF;1;0;0;;1
2025-12-23 08:49:58.003;TRF;1;0;0;;1
2025-12-23 10:46:45.256;TRF;1;0;0;;1
2025-12-23 10:47:18.603;TRF;1;0;0;;1
2025-12-23 14:47:04.601;TRF;1;0;0;;1
2025-12-23 18:18:54.792;TRF;1;1;167;;1
2025-12-23 18:13:19.465;TRF;1;0;0;;1
2025-12-23 18:06:28.894;TRF;1;0;0;;1
2025-12-23 17:41:33.214;TRF;1;1;247;;1
2025-12-23 17:40:40.562;TRF;1;0;0;;1
2025-12-23 17:40:33.085;TRF;1;0;0;;1
2025-12-23 17:40:36.907;TRF;1;0;0;;1
2025-12-23 17:39:41.663;TRF;1;0;0;;1
2025-12-23 17:25:39.772;TRF;1;0;0;;1
2025-12-23 17:25:06.618;TRF;1;0;0;;1
2025-12-23 17:19:13.934;TRF;1;0;0;;1
2025-12-23 17:19:04.153;TRF;1;0;0;;1
2025-12-23 17:14:27.821;TRF;1;0;0;;1
2025-12-23 16:37:37.801;TRF;1;0;0;;1
2025-12-23 16:37:12.190;TRF;1;0;0;;1
2025-12-24 08:11:54.673;TRF;1;0;0;;1
2025-12-24 08:35:21.147;TRF;1;0;0;;1
2025-12-24 10:57:17.118;TRF;1;0;0;;1
2025-12-24 10:57:57.035;TRF;1;0;0;;1
2025-12-24 11:45:58.077;TRF;1;0;0;;1
2025-12-24 11:46:30.771;TRF;1;0;0;;1
2025-12-24 11:48:29.561;TRF;1;0;0;;1
2025-12-24 16:24:03.668;TRF;1;0;0;;1
2025-12-24 16:25:30.936;TRF;1;0;0;;1
2025-12-24 17:13:12.602;TRF;1;0;0;;1
2025-12-25 18:37:10.848;TRF;1;1;233;;1
2025-12-25 18:18:45.650;TRF;1;0;0;;1
2025-12-25 17:02:42.374;TRF;1;0;0;;1
2025-12-25 16:57:39.874;TRF;1;0;0;;1
2025-12-25 16:51:31.706;TRF;1;0;0;;1
2025-12-25 16:51:12.548;TRF;1;0;0;;1
2025-12-25 08:37:43.711;TRF;1;0;0;;1
2025-12-25 08:14:00.572;TRF;1;0;0;;1
2025-12-25 05:41:05.640;TRF;1;0;0;;1
2025-12-25 05:36:08.339;TRF;1;0;0;;1
2025-12-25 02:00:54.265;TRF;1;0;0;;1
2025-12-25 01:57:46.008;TRF;1;0;0;;1
2025-12-25 01:49:34.552;TRF;1;0;0;;1
2025-12-25 01:45:47.261;TRF;1;0;0;;1
2025-12-25 01:45:44.880;TRF;1;0;0;;1
2025-12-25 01:01:29.077;TRF;1;0;0;;1
2025-12-25 01:01:14.581;TRF;1;0;0;;1
2025-12-25 01:01:06.696;TRF;1;0;0;;1
2025-12-25 00:44:50.754;TRF;1;0;0;;1
2025-12-26 17:06:06.524;TRF;1;1;250;;1
2025-12-26 16:53:57.320;TRF;1;0;0;;1
2025-12-26 16:46:31.266;TRF;1;0;0;;1
2025-12-26 14:23:20.519;TRF;1;0;0;;1
2025-12-26 14:09:42.437;TRF;1;0;0;;1
2025-12-26 14:09:46.063;TRF;1;1;281;;1
2025-12-26 14:07:23.436;TRF;1;0;0;;1
2025-12-26 13:58:29.077;TRF;1;0;0;;1
2025-12-26 11:43:51.543;TRF;1;1;205;;1
2025-12-26 11:43:52.425;TRF;1;1;214;;1
2025-12-26 10:59:48.693;TRF;1;1;219;;1
2025-12-26 09:30:25.664;TRF;1;0;0;;1
2025-12-26 08:52:56.348;TRF;1;1;294;;1
2025-12-26 03:16:17.831;TRF;1;1;233;;1
2025-12-26 03:15:57.756;TRF;1;0;0;;1
2025-12-26 03:12:19.183;TRF;1;0;0;;1
2025-12-26 03:11:08.183;TRF;1;0;0;;1
2025-12-26 02:58:53.136;TRF;1;0;0;;1
2025-12-27 22:23:52.911;TRF;1;0;0;;1
2025-12-27 18:29:45.024;TRF;1;0;0;;1
2025-12-27 12:03:38.326;TRF;1;1;282;;1
2025-12-27 12:01:31.387;TRF;1;0;0;;1
2025-12-27 11:55:30.026;TRF;1;0;0;;1
2025-12-27 10:04:08.285;TRF;1;0;0;;1
2025-12-27 08:00:19.072;TRF;1;0;0;;1
2025-12-27 00:51:39.249;TRF;1;0;0;;1
2025-12-28 18:17:37.631;TRF;1;1;180;;1
2025-12-28 10:49:17.070;TRF;1;0;0;;1
2025-12-28 05:34:02.916;TRF;1;0;0;;1
2025-12-28 03:45:13.285;TRF;1;0;0;;1
2025-12-29 07:58:38.977;TRF;1;0;0;;1
2025-12-29 11:54:22.781;TRF;1;0;0;;1
2025-12-29 14:04:46.883;TRF;1;0;0;;1
2025-12-29 14:07:18.923;TRF;1;0;0;;1
2025-12-29 15:39:38.136;TRF;1;0;0;;1
2025-12-29 15:42:56.936;TRF;1;0;0;;1
2025-12-29 16:20:09.626;TRF;1;0;0;;1
2025-12-29 16:25:16.962;TRF;1;0;0;;1
2025-12-29 16:55:31.024;TRF;1;0;0;;1
2025-12-29 17:03:55.082;TRF;1;0;0;;1
2025-12-29 17:21:35.383;TRF;1;0;0;;1
2025-12-29 22:50:47.133;TRF;1;0;0;;1
2025-12-29 22:30:28.447;TRF;1;0;0;;1
2025-12-29 22:29:58.743;TRF;1;0;0;;1
2025-12-29 22:12:06.547;TRF;1;0;0;;1
2025-12-29 22:11:12.728;TRF;1;0;0;;1
2025-12-29 19:29:46.021;TRF;1;0;0;;1
2025-12-30 08:02:26.883;TRF;1;0;0;;1
2025-12-31 08:13:44.632;TRF;1;0;0;;1
2025-12-31 06:46:56.050;TRF;1;0;0;;1
2025-12-31 03:59:12.208;TRF;1;0;0;;1
2025-12-31 02:22:18.593;TRF;1;0;0;;1
2025-12-31 02:22:12.693;TRF;1;0;0;;1
2025-12-31 01:58:31.073;TRF;1;0;0;;1
